timestamp ba_x ba_y ba_z bg_x bg_y bg_z
1778556201.791848 -0.00000001 -0.00000001 -0.00000002 -0.00004071 0.00001077 0.00084168
1778556201.858588 -0.00000001 -0.00000001 -0.00000002 -0.00004071 0.00001077 0.00084168
1778556201.925329 0.00002973 0.00001748 0.00244565 0.00012229 -0.00009069 0.00090139
1778556201.992056 0.00002973 0.00001748 0.00244565 0.00012229 -0.00009069 0.00090139
1778556202.058784 0.00003129 0.00001872 0.00256789 0.00014252 -0.00008729 0.00092519
1778556202.125513 0.00004153 0.00002604 0.00336328 0.00022175 -0.00011267 0.00097772
1778556202.192242 0.00004918 0.00003166 0.00386201 0.00036280 -0.00012944 0.00106721
1778556202.258973 0.00005271 0.00003468 0.00407326 0.00034122 -0.00012568 0.00105471
1778556202.325704 0.00005491 0.00003636 0.00407147 0.00031442 -0.00011782 0.00107380
1778556202.392436 0.00005491 0.00003636 0.00407147 0.00031442 -0.00011782 0.00107380
1778556202.459169 0.00006681 0.00004447 0.00453270 0.00024211 -0.00009456 0.00107775
1778556202.525902 0.00008860 0.00005274 0.00429285 0.00010086 -0.00014314 0.00097696
1778556202.592637 0.00010936 0.00006324 0.00486767 0.00018916 -0.00018897 0.00100422
1778556202.659372 0.00012139 0.00006809 0.00481081 0.00017013 -0.00018315 0.00098747
1778556202.726108 0.00013172 0.00007074 0.00441531 0.00014510 -0.00018962 0.00098544
1778556202.792845 0.00014532 0.00007642 0.00469130 0.00015437 -0.00017726 0.00098246
1778556202.859582 0.00015728 0.00008016 0.00452017 0.00011769 -0.00017115 0.00096865
1778556202.926320 0.00016910 0.00008337 0.00438450 0.00010055 -0.00019258 0.00096696
1778556202.993064 0.00018163 0.00008688 0.00426957 0.00010619 -0.00019390 0.00098707
1778556203.059810 0.00018815 0.00008880 0.00422644 0.00009123 -0.00018599 0.00099838
1778556203.126558 0.00020128 0.00009271 0.00418272 0.00010421 -0.00018650 0.00099088
1778556203.193307 0.00021485 0.00009721 0.00409293 0.00007894 -0.00018047 0.00098162
1778556203.260057 0.00022859 0.00010057 0.00400720 0.00003984 -0.00017776 0.00098260
1778556203.326809 0.00024073 0.00010482 0.00369113 0.00006989 -0.00017908 0.00099436
1778556203.393563 0.00025660 0.00010928 0.00372071 0.00009126 -0.00017803 0.00099889
1778556203.460318 0.00026995 0.00011373 0.00372562 0.00009921 -0.00017545 0.00099743
1778556203.527075 0.00028478 0.00011867 0.00359507 0.00008085 -0.00016425 0.00099543
1778556203.593833 0.00030148 0.00012095 0.00386500 0.00006219 -0.00014866 0.00099363
1778556203.660592 0.00031221 0.00012529 0.00359934 0.00003626 -0.00014183 0.00099326
1778556203.727354 0.00032773 0.00012788 0.00377162 0.00004218 -0.00015104 0.00098713
1778556203.794116 0.00034391 0.00013104 0.00359372 0.00005013 -0.00014322 0.00098312
1778556203.860881 0.00035666 0.00013732 0.00343054 0.00005843 -0.00013389 0.00099377
1778556203.927646 0.00036970 0.00014347 0.00337852 0.00003157 -0.00013779 0.00099941
1778556203.994361 0.00038686 0.00014390 0.00356674 -0.00000636 -0.00012783 0.00099340
1778556204.061075 0.00039893 0.00014996 0.00334762 0.00001022 -0.00011843 0.00100012
1778556204.127790 0.00040982 0.00015051 0.00350048 0.00002302 -0.00011194 0.00100879
1778556204.194505 0.00042422 0.00015153 0.00351705 0.00003617 -0.00010924 0.00101818
1778556204.261220 0.00043861 0.00015548 0.00341720 0.00004455 -0.00011048 0.00102994
1778556204.327934 0.00045427 0.00016370 0.00326660 0.00004345 -0.00010984 0.00103402
1778556204.394649 0.00046719 0.00017074 0.00324706 0.00004212 -0.00011072 0.00103369
1778556204.461363 0.00048470 0.00017450 0.00331810 0.00001751 -0.00010947 0.00102942
1778556204.528078 0.00049740 0.00017202 0.00332617 0.00001559 -0.00010369 0.00102776
1778556204.594792 0.00050726 0.00017525 0.00330029 0.00000988 -0.00010109 0.00102565
1778556204.661507 0.00052482 0.00018354 0.00309367 0.00000364 -0.00010110 0.00103034
1778556204.728221 0.00054465 0.00017865 0.00330952 0.00000995 -0.00009936 0.00103879
1778556204.794935 0.00056353 0.00017969 0.00321467 0.00000128 -0.00009236 0.00103844
1778556204.861650 0.00058077 0.00017902 0.00328376 -0.00000396 -0.00008704 0.00103982
1778556204.928364 0.00059726 0.00017786 0.00323069 -0.00000255 -0.00008639 0.00104909
1778556204.995079 0.00061152 0.00018794 0.00309440 -0.00000163 -0.00009932 0.00106133
1778556205.061794 0.00063554 0.00018037 0.00323628 -0.00001777 -0.00010272 0.00106599
1778556205.128509 0.00064396 0.00018248 0.00319895 -0.00002405 -0.00010162 0.00106747
1778556205.195224 0.00065640 0.00018670 0.00310083 -0.00001635 -0.00009718 0.00106916
1778556205.261939 0.00067923 0.00019124 0.00306728 -0.00001080 -0.00009367 0.00107359
1778556205.328653 0.00070096 0.00018310 0.00319575 -0.00002537 -0.00009804 0.00107761
1778556205.395368 0.00071590 0.00018232 0.00308218 -0.00002213 -0.00009565 0.00107765
1778556205.462083 0.00072526 0.00018136 0.00310338 -0.00002022 -0.00010181 0.00108070
1778556205.528798 0.00073509 0.00019711 0.00285113 -0.00002311 -0.00011571 0.00108529
1778556205.595512 0.00077123 0.00018408 0.00310823 -0.00001623 -0.00011194 0.00108219
1778556205.662227 0.00078515 0.00017457 0.00306412 -0.00001265 -0.00010197 0.00108503
1778556205.728942 0.00081178 0.00017992 0.00296849 -0.00002665 -0.00010256 0.00108730
1778556205.795656 0.00080707 0.00019774 0.00284667 -0.00002248 -0.00009997 0.00108516
1778556205.862371 0.00084099 0.00018886 0.00300770 -0.00001428 -0.00009458 0.00108836
1778556205.929086 0.00086125 0.00017290 0.00296516 -0.00001304 -0.00009120 0.00109426
1778556205.995800 0.00087773 0.00016427 0.00301768 -0.00002494 -0.00009105 0.00110052
1778556206.062515 0.00090876 0.00015727 0.00295486 -0.00003777 -0.00009048 0.00110228
1778556206.129229 0.00090723 0.00016598 0.00287796 -0.00003766 -0.00009088 0.00110590
1778556206.195943 0.00094443 0.00016887 0.00281685 -0.00003659 -0.00008912 0.00111463
1778556206.262658 0.00097287 0.00016468 0.00289683 -0.00002970 -0.00008455 0.00112249
1778556206.329372 0.00100739 0.00016388 0.00281769 -0.00004150 -0.00009013 0.00112270
1778556206.396086 0.00102754 0.00014635 0.00291647 -0.00003894 -0.00008784 0.00112703
1778556206.462801 0.00103372 0.00016552 0.00277896 -0.00003250 -0.00008409 0.00113777
1778556206.529515 0.00110760 0.00011626 0.00295341 -0.00003112 -0.00008177 0.00114373
1778556206.596229 0.00111885 0.00012873 0.00279979 -0.00003685 -0.00008018 0.00114538
1778556206.662943 0.00115367 0.00014276 0.00276387 -0.00004765 -0.00008399 0.00114656
1778556206.729657 0.00116661 0.00013746 0.00285133 -0.00003547 -0.00008173 0.00115064
1778556206.796372 0.00119361 0.00011272 0.00281136 -0.00003935 -0.00008274 0.00116099
1778556206.863086 0.00124863 0.00013729 0.00270381 -0.00004844 -0.00008242 0.00116813
1778556206.929800 0.00128624 0.00007007 0.00297531 -0.00004435 -0.00007381 0.00117520
1778556206.996515 0.00131831 0.00006756 0.00274811 -0.00004954 -0.00007158 0.00118110
1778556207.063229 0.00133882 0.00005714 0.00285433 -0.00004624 -0.00007130 0.00118516
1778556207.129944 0.00141361 0.00004426 0.00275089 -0.00005370 -0.00007158 0.00118922
1778556207.196659 0.00142745 0.00002339 0.00280769 -0.00004532 -0.00006987 0.00119979
1778556207.263374 0.00151015 0.00003978 0.00266514 -0.00003812 -0.00006908 0.00120852
1778556207.330088 0.00153663 0.00002360 0.00276129 -0.00003682 -0.00007103 0.00121429
1778556207.396803 0.00156194 -0.00001838 0.00285211 -0.00004867 -0.00006598 0.00121781
1778556207.463517 0.00163833 -0.00003615 0.00272192 -0.00004865 -0.00006246 0.00122058
1778556207.530232 0.00168359 -0.00002307 0.00264687 -0.00002724 -0.00006934 0.00122841
1778556207.596946 0.00178725 -0.00003344 0.00270318 -0.00001925 -0.00007402 0.00123372
1778556207.663661 0.00187982 -0.00010947 0.00280640 -0.00002358 -0.00007022 0.00123607
1778556207.730376 0.00199986 -0.00010683 0.00261321 -0.00003253 -0.00007048 0.00124051
1778556207.797090 0.00200077 -0.00008218 0.00262441 -0.00003374 -0.00007328 0.00124556
1778556207.863804 0.00216293 -0.00019893 0.00282536 -0.00003361 -0.00006569 0.00125211
1778556207.930519 0.00227516 -0.00023731 0.00270086 -0.00001789 -0.00006133 0.00126247
1778556207.997234 0.00235763 -0.00026027 0.00267391 -0.00002004 -0.00006043 0.00126754
1778556208.063950 0.00246413 -0.00026611 0.00263362 -0.00001504 -0.00005969 0.00127406
1778556208.130665 0.00251145 -0.00029341 0.00268882 -0.00001723 -0.00005556 0.00127959
1778556208.197381 0.00263999 -0.00033739 0.00270828 -0.00002994 -0.00005388 0.00128083
1778556208.264096 0.00277311 -0.00034524 0.00260287 -0.00003449 -0.00005543 0.00128645
1778556208.330811 0.00285581 -0.00037641 0.00269308 -0.00002446 -0.00005286 0.00129209
1778556208.397527 0.00298451 -0.00043165 0.00266127 -0.00001688 -0.00005051 0.00129707
1778556208.464242 0.00314959 -0.00051634 0.00271485 -0.00002519 -0.00005758 0.00129842
1778556208.530957 0.00323640 -0.00045519 0.00254776 -0.00003218 -0.00006505 0.00130218
1778556208.597673 0.00329972 -0.00051169 0.00269204 -0.00002835 -0.00006021 0.00130768
1778556208.664388 0.00351618 -0.00058509 0.00263775 -0.00002668 -0.00005852 0.00131237
1778556208.731103 0.00373369 -0.00061249 0.00259385 -0.00003539 -0.00006011 0.00131473
1778556208.797819 0.00374955 -0.00062605 0.00260971 -0.00002815 -0.00005656 0.00131849
1778556208.864534 0.00395709 -0.00071588 0.00264380 -0.00002527 -0.00005497 0.00132385
1778556208.931250 0.00406976 -0.00075435 0.00264113 -0.00002820 -0.00005747 0.00132915
1778556208.997965 0.00424744 -0.00080644 0.00252846 -0.00002828 -0.00005599 0.00133623
1778556209.064681 0.00436369 -0.00084428 0.00264290 -0.00001989 -0.00005679 0.00134429
1778556209.131397 0.00468189 -0.00089033 0.00256037 -0.00001824 -0.00005859 0.00134859
1778556209.198112 0.00482920 -0.00091402 0.00249455 -0.00002277 -0.00006519 0.00135208
1778556209.264828 0.00510346 -0.00116962 0.00271296 -0.00002631 -0.00007020 0.00136033
1778556209.331544 0.00541242 -0.00116295 0.00249084 -0.00002303 -0.00007173 0.00136641
1778556209.398260 0.00564186 -0.00123359 0.00252235 -0.00001520 -0.00007211 0.00137193
1778556209.464975 0.00592506 -0.00144485 0.00259435 -0.00001202 -0.00006674 0.00137894
1778556209.531691 0.00614312 -0.00149470 0.00251575 -0.00001090 -0.00006238 0.00138517
1778556209.598407 0.00641660 -0.00162425 0.00257123 -0.00001910 -0.00006223 0.00138823
1778556209.665123 0.00672430 -0.00179284 0.00258335 -0.00002483 -0.00006197 0.00138989
1778556209.731838 0.00682022 -0.00183254 0.00255643 -0.00002256 -0.00006114 0.00139603
1778556209.798554 0.00697931 -0.00187959 0.00253955 -0.00002527 -0.00006124 0.00140173
1778556209.865270 0.00724431 -0.00194553 0.00244889 -0.00002038 -0.00005961 0.00140720
1778556209.931985 0.00748691 -0.00205871 0.00257798 -0.00001428 -0.00005600 0.00141313
1778556209.998700 0.00788026 -0.00217261 0.00245124 -0.00001381 -0.00005664 0.00141796
1778556210.065416 0.00830725 -0.00227234 0.00248962 -0.00001437 -0.00006339 0.00142452
1778556210.132131 0.00846239 -0.00237176 0.00256752 -0.00001358 -0.00006142 0.00142983
1778556210.198846 0.00882586 -0.00245148 0.00245212 -0.00001947 -0.00006084 0.00143408
1778556210.265561 0.00911425 -0.00264106 0.00252058 -0.00002563 -0.00006071 0.00143920
1778556210.332276 0.00953547 -0.00267721 0.00240231 -0.00002088 -0.00005900 0.00144673
1778556210.398990 0.00969797 -0.00282594 0.00260735 -0.00001723 -0.00006036 0.00145210
1778556210.465705 0.01014079 -0.00292680 0.00247171 -0.00002697 -0.00005974 0.00145473
1778556210.532420 0.01026098 -0.00306777 0.00247820 -0.00002143 -0.00005517 0.00146189
1778556210.599135 0.01063109 -0.00312492 0.00239742 -0.00002161 -0.00005355 0.00146673
1778556210.665850 0.01097553 -0.00321305 0.00238380 -0.00001891 -0.00005487 0.00146948
1778556210.732565 0.01125521 -0.00345815 0.00255776 -0.00001320 -0.00005238 0.00147589
1778556210.799280 0.01176542 -0.00352884 0.00237860 -0.00001225 -0.00004937 0.00148088
1778556210.865995 0.01209499 -0.00358255 0.00237168 -0.00001543 -0.00005272 0.00148632
1778556210.932709 0.01234714 -0.00381912 0.00247012 -0.00001911 -0.00005348 0.00149185
1778556210.999424 0.01278659 -0.00395458 0.00242055 -0.00002264 -0.00005062 0.00149664
1778556211.066139 0.01296422 -0.00400663 0.00242435 -0.00002108 -0.00005031 0.00150260
1778556211.132854 0.01320996 -0.00410160 0.00244345 -0.00002030 -0.00005158 0.00150808
1778556211.199569 0.01358215 -0.00411459 0.00235603 -0.00001348 -0.00005303 0.00151630
1778556211.266284 0.01408116 -0.00444210 0.00244549 -0.00000897 -0.00004780 0.00152314
1778556211.332999 0.01436047 -0.00448861 0.00234053 -0.00001151 -0.00004452 0.00152746
1778556211.399714 0.01470426 -0.00458852 0.00240066 -0.00001706 -0.00004312 0.00153111
1778556211.466429 0.01496879 -0.00470989 0.00244180 -0.00001351 -0.00004247 0.00153760
1778556211.533144 0.01512770 -0.00473844 0.00234790 -0.00001168 -0.00004451 0.00154580
1778556211.599858 0.01543761 -0.00472587 0.00235960 -0.00001650 -0.00004764 0.00155096
1778556211.666573 0.01604065 -0.00511487 0.00242897 -0.00002022 -0.00004581 0.00155546
1778556211.733288 0.01604069 -0.00511488 0.00242897 0.00138953 0.00012480 0.00218747
1778556211.800003 0.01604069 -0.00511488 0.00242897 0.00045339 -0.00003978 0.00260232
1778556211.866718 0.01604070 -0.00511488 0.00242896 0.00057862 -0.00078216 0.00268513
1778556211.933432 0.01604069 -0.00511488 0.00242897 -0.00052903 -0.00013459 0.00236929
1778556212.000147 0.01604069 -0.00511488 0.00242896 0.00181699 0.00079088 0.00252873
1778556212.066863 0.01604069 -0.00511488 0.00242897 -0.00051430 -0.00083349 0.00223552
1778556212.133578 0.01604069 -0.00511488 0.00242896 0.00108637 0.00025026 0.00285886
1778556212.200293 0.01604068 -0.00511488 0.00242896 -0.00008265 0.00052610 0.00210568
1778556212.267008 0.01604067 -0.00511488 0.00242896 -0.00041411 0.00058486 0.00236263
1778556212.333723 0.01604067 -0.00511487 0.00242896 0.00002876 -0.00038716 0.00247913
1778556212.400439 0.01604067 -0.00511487 0.00242896 -0.00027727 0.00013316 0.00211593
1778556212.467154 0.01604067 -0.00511488 0.00242896 -0.00145910 -0.00092141 0.00162532
1778556212.533869 0.01604067 -0.00511488 0.00242897 0.00054389 0.00031257 0.00278495
1778556212.600584 0.01604067 -0.00511488 0.00242897 0.00191234 -0.00077618 0.00230727
1778556212.667299 0.01604068 -0.00511488 0.00242897 -0.00296615 0.00050789 0.00109236
1778556212.734015 0.01604068 -0.00511487 0.00242897 0.00082384 -0.00047078 0.00264396
1778556212.800730 0.01604069 -0.00511487 0.00242898 -0.00011043 -0.00027200 0.00245358
1778556212.867445 0.01604069 -0.00511487 0.00242898 -0.00011654 -0.00003236 0.00243315
1778556212.934160 0.01604069 -0.00511487 0.00242898 0.00038872 0.00079058 0.00280841
1778556213.000877 0.01604069 -0.00511487 0.00242899 0.00022434 -0.00024973 0.00282025
1778556213.067594 0.01604069 -0.00511487 0.00242899 -0.00159088 0.00045326 0.00196767
1778556213.134311 0.01604069 -0.00511487 0.00242899 0.00199210 0.00025517 0.00292967
1778556213.201029 0.01604069 -0.00511487 0.00242899 -0.00142330 0.00012619 0.00251602
1778556213.267746 0.01604069 -0.00511487 0.00242900 0.00111872 -0.00071005 0.00246789
1778556213.334464 0.01604069 -0.00511487 0.00242900 -0.00186656 0.00014088 0.00264569
1778556213.401181 0.01604069 -0.00511487 0.00242900 -0.00157585 0.00028406 0.00210449
1778556213.467899 0.01604069 -0.00511487 0.00242900 -0.00068904 0.00035468 0.00221605
1778556213.534616 0.01604069 -0.00511487 0.00242900 0.00073866 0.00026095 0.00221855
1778556213.601334 0.01604070 -0.00511487 0.00242900 -0.00034749 -0.00040142 0.00240342
1778556213.668052 0.01604069 -0.00511487 0.00242900 0.00181735 -0.00015393 0.00275436
1778556213.734769 0.01604069 -0.00511487 0.00242900 0.00007843 0.00085926 0.00176226
1778556213.801487 0.01604069 -0.00511487 0.00242900 -0.00152551 -0.00065365 0.00228334
1778556213.868205 0.01604069 -0.00511487 0.00242899 -0.00045064 0.00058996 0.00162857
1778556213.934923 0.01604069 -0.00511487 0.00242899 0.00210279 -0.00029406 0.00273698
1778556214.001639 0.01604066 -0.00511487 0.00242899 -0.00126595 -0.00116232 0.00200671
1778556214.068357 0.01604066 -0.00511486 0.00242899 -0.00025778 0.00062764 0.00260889
1778556214.135073 0.01604063 -0.00511485 0.00242897 -0.00145577 0.00004516 0.00207534
1778556214.201790 0.01604063 -0.00511485 0.00242897 0.00096234 0.00026390 0.00230586
1778556214.268507 0.01604063 -0.00511485 0.00242897 0.00036456 -0.00035580 0.00225662
1778556214.335224 0.01604063 -0.00511485 0.00242898 -0.00052400 -0.00059633 0.00238601
1778556214.401941 0.01604063 -0.00511485 0.00242897 0.00173457 0.00003436 0.00257049
1778556214.468658 0.01604063 -0.00511485 0.00242897 -0.00148872 -0.00037967 0.00217777
1778556214.535375 0.01604063 -0.00511485 0.00242898 -0.00131938 -0.00029923 0.00170973
1778556214.602092 0.01604063 -0.00511485 0.00242898 0.00210578 -0.00000324 0.00217083
1778556214.668809 0.01604061 -0.00511484 0.00242898 -0.00170763 -0.00054529 0.00194356
1778556214.735526 0.01604061 -0.00511484 0.00242898 -0.00085686 0.00141570 0.00193834
1778556214.802243 0.01604062 -0.00511484 0.00242899 -0.00064121 -0.00067156 0.00246705
1778556214.868961 0.01604062 -0.00511484 0.00242899 -0.00030704 -0.00028344 0.00221609
1778556214.935678 0.01604062 -0.00511484 0.00242899 0.00036900 0.00041596 0.00244530
1778556215.002393 0.01604062 -0.00511484 0.00242899 0.00199706 -0.00000244 0.00260867
1778556215.069109 0.01604062 -0.00511484 0.00242899 -0.00020070 0.00044563 0.00201905
1778556215.135824 0.01604062 -0.00511484 0.00242899 -0.00011898 -0.00060388 0.00269251
1778556215.202540 0.01604062 -0.00511483 0.00242900 0.00009149 0.00100955 0.00219659
1778556215.269255 0.01604062 -0.00511483 0.00242900 0.00005333 -0.00090109 0.00235588
1778556215.335971 0.01604061 -0.00511483 0.00242900 -0.00219494 0.00149573 0.00233943
1778556215.402687 0.01604062 -0.00511483 0.00242900 -0.00041702 0.00005803 0.00184127
1778556215.469402 0.01604061 -0.00511483 0.00242900 -0.00007778 0.00054799 0.00250767
1778556215.536117 0.01604062 -0.00511483 0.00242900 -0.00031211 0.00018273 0.00277665
1778556215.602833 0.01604062 -0.00511484 0.00242900 0.00196941 -0.00023999 0.00279658
1778556215.669548 0.01604063 -0.00511484 0.00242900 -0.00022361 -0.00064732 0.00221678
1778556215.736264 0.01604065 -0.00511484 0.00242902 -0.00061376 -0.00000632 0.00167550
1778556215.802979 0.01604065 -0.00511484 0.00242902 -0.00017736 0.00070142 0.00178519
1778556215.869694 0.01604064 -0.00511484 0.00242902 0.00120630 -0.00028383 0.00251466
1778556215.936410 0.01604065 -0.00511484 0.00242903 0.00018408 0.00013075 0.00296961
1778556216.003126 0.01604066 -0.00511484 0.00242903 0.00022315 0.00049678 0.00257182
1778556216.069843 0.01604066 -0.00511484 0.00242903 0.00055863 -0.00017997 0.00214153
1778556216.136559 0.01604066 -0.00511484 0.00242902 0.00031555 -0.00008749 0.00223655
1778556216.203275 0.01604066 -0.00511484 0.00242903 -0.00217322 -0.00166972 0.00239348
1778556216.269991 0.01604065 -0.00511484 0.00242902 0.00205297 0.00182136 0.00223807
1778556216.336708 0.01604066 -0.00511484 0.00242902 0.00049443 -0.00028267 0.00205527
1778556216.403424 0.01604065 -0.00511484 0.00242902 -0.00201430 -0.00058243 0.00275878
1778556216.470140 0.01604065 -0.00511484 0.00242902 0.00123619 0.00120700 0.00231223
1778556216.536856 0.01604065 -0.00511484 0.00242903 -0.00189722 -0.00059867 0.00197759
1778556216.603573 0.01604065 -0.00511484 0.00242903 0.00081522 0.00013921 0.00222455
1778556216.670289 0.01604065 -0.00511484 0.00242903 0.00013655 -0.00003527 0.00271602
1778556216.737005 0.01604065 -0.00511485 0.00242902 -0.00111821 0.00013052 0.00227862
1778556216.803721 0.01604065 -0.00511485 0.00242902 0.00259512 0.00090767 0.00318638
1778556216.870438 0.01604066 -0.00511485 0.00242903 -0.00135263 -0.00038557 0.00258701
1778556216.937154 0.01604065 -0.00511485 0.00242903 -0.00117013 -0.00089894 0.00155744
1778556217.003871 0.01604066 -0.00511486 0.00242903 0.00030922 -0.00042034 0.00264426
1778556217.070588 0.01604066 -0.00511486 0.00242903 0.00004605 0.00009499 0.00243096
1778556217.137306 0.01604066 -0.00511486 0.00242903 -0.00075096 -0.00003127 0.00271294
1778556217.204023 0.01604065 -0.00511485 0.00242902 0.00060651 -0.00032241 0.00253969
1778556217.270740 0.01604064 -0.00511485 0.00242900 0.00013795 0.00040783 0.00195728
1778556217.337457 0.01604063 -0.00511486 0.00242900 -0.00126415 0.00141880 0.00246982
1778556217.404175 0.01604063 -0.00511486 0.00242900 0.00260989 -0.00015468 0.00226321
1778556217.470892 0.01604063 -0.00511485 0.00242899 -0.00189758 0.00079142 0.00210925
1778556217.537610 0.01604063 -0.00511485 0.00242899 -0.00112738 -0.00040619 0.00255568
1778556217.604327 0.01604060 -0.00511485 0.00242898 0.00046367 0.00069315 0.00305159
1778556217.671044 0.01604061 -0.00511485 0.00242899 -0.00051794 -0.00068693 0.00205547
1778556217.737762 0.01604061 -0.00511485 0.00242899 0.00013310 0.00061666 0.00195327
1778556217.804480 0.01604061 -0.00511485 0.00242899 -0.00175752 0.00022991 0.00164152
1778556217.871197 0.01604058 -0.00511484 0.00242898 0.00313797 0.00008263 0.00264852
1778556217.937915 0.01604058 -0.00511484 0.00242898 -0.00171532 -0.00031773 0.00230685
1778556218.004632 0.01604059 -0.00511484 0.00242898 -0.00051494 0.00042862 0.00195753
1778556218.071350 0.01604059 -0.00511484 0.00242898 0.00151321 0.00092890 0.00251235
1778556218.138068 0.01604059 -0.00511484 0.00242898 -0.00140859 -0.00067203 0.00204803
1778556218.204785 0.01604059 -0.00511484 0.00242898 0.00045120 -0.00068459 0.00277610
1778556218.271503 0.01604060 -0.00511484 0.00242898 0.00067986 0.00074461 0.00216231
1778556218.338221 0.01604059 -0.00511484 0.00242898 0.00000136 0.00032275 0.00206833
1778556218.404939 0.01604060 -0.00511484 0.00242898 0.00035949 -0.00054386 0.00232055
1778556218.471657 0.01604060 -0.00511484 0.00242898 -0.00134221 -0.00031851 0.00220862
1778556218.538375 0.01604060 -0.00511484 0.00242898 -0.00084167 0.00010572 0.00230843
1778556218.605093 0.01604060 -0.00511484 0.00242898 -0.00047861 0.00050855 0.00210676
1778556218.671811 0.01604060 -0.00511484 0.00242898 0.00020599 -0.00043843 0.00169401
1778556218.738529 0.01604060 -0.00511484 0.00242898 -0.00011971 -0.00036158 0.00267965
1778556218.805247 0.01604060 -0.00511484 0.00242898 0.00058371 -0.00061595 0.00262784
1778556218.871965 0.01604060 -0.00511483 0.00242900 0.00192489 0.00137099 0.00224640
1778556218.938683 0.01604060 -0.00511483 0.00242900 -0.00186651 -0.00064556 0.00219120
1778556219.005399 0.01604059 -0.00511483 0.00242899 0.00294970 0.00028057 0.00289226
1778556219.072115 0.01604060 -0.00511483 0.00242900 -0.00006612 0.00033809 0.00207988
1778556219.138832 0.01604060 -0.00511483 0.00242900 -0.00026072 -0.00050032 0.00230441
1778556219.205548 0.01604060 -0.00511483 0.00242899 -0.00208830 0.00029375 0.00175551
1778556219.272264 0.01604059 -0.00511483 0.00242899 0.00173113 0.00071152 0.00302463
1778556219.338980 0.01604059 -0.00511483 0.00242899 -0.00016564 -0.00024681 0.00176178
1778556219.405696 0.01604059 -0.00511483 0.00242899 0.00023531 -0.00000134 0.00245823
1778556219.472412 0.01604058 -0.00511483 0.00242898 0.00030876 -0.00061127 0.00213263
1778556219.539129 0.01604058 -0.00511483 0.00242898 -0.00232425 0.00079864 0.00144914
1778556219.605845 0.01604058 -0.00511483 0.00242899 0.00086906 0.00026287 0.00254009
1778556219.672561 0.01604058 -0.00511483 0.00242899 0.00085844 -0.00013672 0.00262800
1778556219.739277 0.01604058 -0.00511483 0.00242899 0.00013021 0.00015239 0.00225600
1778556219.805993 0.01604058 -0.00511483 0.00242897 0.00097375 -0.00091585 0.00216136
1778556219.872710 0.01604059 -0.00511483 0.00242898 0.00048480 -0.00065381 0.00184586
1778556219.939426 0.01604059 -0.00511483 0.00242898 -0.00235085 0.00047894 0.00272179
1778556220.006143 0.01604058 -0.00511483 0.00242898 0.00146591 0.00095480 0.00250837
1778556220.072860 0.01604059 -0.00511483 0.00242898 -0.00217594 -0.00107268 0.00224393
1778556220.139578 0.01604058 -0.00511483 0.00242898 0.00160160 0.00116736 0.00179861
1778556220.206295 0.01604058 -0.00511483 0.00242898 -0.00009898 0.00080898 0.00269912
1778556220.273012 0.01604059 -0.00511482 0.00242897 -0.00060810 -0.00018252 0.00146273
1778556220.339729 0.01604059 -0.00511482 0.00242897 -0.00142691 0.00020786 0.00193699
1778556220.406446 0.01604059 -0.00511482 0.00242897 -0.00061505 -0.00029018 0.00196750
1778556220.473164 0.01604060 -0.00511482 0.00242897 -0.00067586 0.00061900 0.00206639
1778556220.539881 0.01604059 -0.00511482 0.00242897 -0.00038949 0.00026021 0.00229186
1778556220.606598 0.01604060 -0.00511482 0.00242897 -0.00075009 0.00006638 0.00192945
1778556220.673316 0.01604060 -0.00511482 0.00242897 0.00242909 0.00005306 0.00335087
1778556220.740033 0.01604060 -0.00511483 0.00242897 0.00085444 0.00034146 0.00173571
1778556220.806750 0.01604061 -0.00511482 0.00242898 -0.00064395 0.00028638 0.00178202
1778556220.873467 0.01604061 -0.00511483 0.00242898 -0.00064660 0.00006784 0.00297784
1778556220.940184 0.01604061 -0.00511483 0.00242898 0.00022546 -0.00079369 0.00229496
1778556221.006901 0.01604061 -0.00511483 0.00242899 -0.00091765 0.00153788 0.00155747
1778556221.073618 0.01604061 -0.00511483 0.00242899 0.00020366 -0.00048560 0.00275660
1778556221.140335 0.01604062 -0.00511483 0.00242899 0.00000157 0.00020268 0.00143753
1778556221.207052 0.01604062 -0.00511483 0.00242899 -0.00066495 -0.00030784 0.00243462
1778556221.273769 0.01604062 -0.00511483 0.00242899 0.00017747 0.00026375 0.00264809
1778556221.340486 0.01604062 -0.00511483 0.00242898 0.00129415 0.00104404 0.00200893
1778556221.407203 0.01604061 -0.00511483 0.00242898 -0.00155879 -0.00046168 0.00251494
1778556221.473920 0.01604063 -0.00511483 0.00242899 -0.00010919 -0.00050319 0.00286428
1778556221.540637 0.01604063 -0.00511483 0.00242899 0.00118121 0.00052801 0.00233505
1778556221.607353 0.01604062 -0.00511482 0.00242899 -0.00011136 -0.00117402 0.00237022
1778556221.674071 0.01604062 -0.00511483 0.00242898 -0.00292789 -0.00001863 0.00157121
1778556221.740788 0.01604062 -0.00511483 0.00242898 0.00443158 -0.00053616 0.00271778
1778556221.807504 0.01604062 -0.00511483 0.00242898 -0.00138696 0.00056341 0.00175842
1778556221.874221 0.01604062 -0.00511483 0.00242898 -0.00010174 -0.00034396 0.00201265
1778556221.940938 0.01604062 -0.00511483 0.00242898 -0.00140301 -0.00031609 0.00173679
1778556222.007654 0.01604062 -0.00511483 0.00242898 -0.00096831 -0.00035046 0.00174461
1778556222.074370 0.01604061 -0.00511482 0.00242898 0.00159579 0.00027032 0.00270154
1778556222.141086 0.01604061 -0.00511482 0.00242898 -0.00019647 0.00057565 0.00226690
1778556222.207803 0.01604061 -0.00511483 0.00242897 -0.00159565 -0.00021195 0.00226749
1778556222.274518 0.01604061 -0.00511483 0.00242898 0.00083706 0.00001002 0.00230227
1778556222.341235 0.01604061 -0.00511483 0.00242898 -0.00032241 -0.00007455 0.00176722
1778556222.407951 0.01604061 -0.00511483 0.00242898 0.00105771 -0.00061577 0.00255703
1778556222.474667 0.01604062 -0.00511484 0.00242899 0.00078199 -0.00001990 0.00229517
1778556222.541383 0.01604062 -0.00511484 0.00242899 0.00073229 0.00028686 0.00232271
1778556222.608099 0.01604062 -0.00511484 0.00242899 -0.00234536 -0.00037723 0.00177710
1778556222.674815 0.01604063 -0.00511484 0.00242899 -0.00152848 -0.00044816 0.00176861
1778556222.741532 0.01604063 -0.00511484 0.00242899 -0.00006455 -0.00107745 0.00198041
1778556222.808248 0.01604063 -0.00511484 0.00242898 0.00124793 0.00042790 0.00234604
1778556222.874964 0.01604062 -0.00511484 0.00242899 -0.00137257 -0.00017829 0.00190885
1778556222.941680 0.01604063 -0.00511484 0.00242899 0.00134432 0.00006768 0.00264763
1778556223.008396 0.01604062 -0.00511484 0.00242899 -0.00129592 -0.00020312 0.00187440
1778556223.075112 0.01604062 -0.00511484 0.00242899 0.00148953 0.00041435 0.00256848
1778556223.141828 0.01604062 -0.00511484 0.00242898 -0.00149167 0.00032043 0.00115482
1778556223.208544 0.01604062 -0.00511484 0.00242898 -0.00101319 -0.00052413 0.00235608
1778556223.275260 0.01604063 -0.00511484 0.00242899 0.00215297 0.00041303 0.00243195
1778556223.341976 0.01604062 -0.00511484 0.00242899 -0.00176352 0.00006269 0.00128379
1778556223.408692 0.01604060 -0.00511482 0.00242898 0.00092311 0.00046673 0.00241646
1778556223.475409 0.01604060 -0.00511482 0.00242898 -0.00058721 -0.00092515 0.00200108
1778556223.542125 0.01604060 -0.00511482 0.00242898 0.00024510 -0.00021054 0.00252821
1778556223.608841 0.01604060 -0.00511482 0.00242898 0.00107156 0.00053686 0.00188953
1778556223.675557 0.01604060 -0.00511482 0.00242898 0.00057017 0.00020471 0.00241303
1778556223.742273 0.01604060 -0.00511482 0.00242898 0.00057246 -0.00018620 0.00225132
1778556223.808989 0.01604060 -0.00511483 0.00242898 -0.00105456 -0.00062760 0.00232272
1778556223.875705 0.01604060 -0.00511483 0.00242898 0.00110581 0.00019401 0.00220382
1778556223.942422 0.01604061 -0.00511483 0.00242898 -0.00004054 -0.00018613 0.00178673
1778556224.009139 0.01604061 -0.00511483 0.00242898 -0.00092344 -0.00066242 0.00225778
1778556224.075856 0.01604061 -0.00511483 0.00242898 0.00034144 0.00005661 0.00218930
1778556224.142573 0.01604061 -0.00511483 0.00242898 -0.00117135 0.00022251 0.00195122
1778556224.209290 0.01604061 -0.00511483 0.00242898 -0.00058834 -0.00105519 0.00268042
1778556224.276007 0.01604061 -0.00511483 0.00242898 0.00063392 -0.00076034 0.00218528
1778556224.342724 0.01604060 -0.00511483 0.00242898 -0.00067861 -0.00031478 0.00233357
1778556224.409441 0.01604060 -0.00511483 0.00242898 -0.00058603 0.00004688 0.00198701
1778556224.476158 0.01604061 -0.00511483 0.00242898 0.00074662 0.00001503 0.00300607
1778556224.542875 0.01604061 -0.00511483 0.00242898 -0.00084289 0.00098537 0.00180086
1778556224.609592 0.01604060 -0.00511482 0.00242899 -0.00040159 -0.00029102 0.00208348
1778556224.676310 0.01604060 -0.00511482 0.00242899 0.00087619 -0.00073042 0.00344006
1778556224.743026 0.01604059 -0.00511482 0.00242898 -0.00038878 -0.00001197 0.00163817
1778556224.809744 0.01604060 -0.00511482 0.00242899 0.00026940 0.00012948 0.00230172
1778556224.876461 0.01604060 -0.00511482 0.00242899 -0.00061709 0.00038736 0.00234326
1778556224.943178 0.01604060 -0.00511482 0.00242899 0.00080841 0.00015098 0.00289054
1778556225.009894 0.01604060 -0.00511482 0.00242900 -0.00155958 -0.00121429 0.00160866
1778556225.076611 0.01604060 -0.00511482 0.00242900 -0.00005549 0.00021513 0.00212921
1778556225.143327 0.01604060 -0.00511482 0.00242900 0.00167908 0.00007059 0.00254558
1778556225.210043 0.01604062 -0.00511483 0.00242900 -0.00047339 -0.00016477 0.00302740
1778556225.276760 0.01604062 -0.00511483 0.00242900 -0.00257935 0.00042215 0.00185542
1778556225.343477 0.01604061 -0.00511483 0.00242900 0.00117687 0.00053578 0.00197008
1778556225.410193 0.01604062 -0.00511482 0.00242900 -0.00088921 -0.00031451 0.00200867
1778556225.476909 0.01604061 -0.00511482 0.00242901 0.00048841 -0.00036733 0.00265300
1778556225.543626 0.01604061 -0.00511482 0.00242901 -0.00022976 0.00027839 0.00272787
1778556225.610342 0.01604060 -0.00511482 0.00242900 -0.00007937 -0.00017531 0.00191365
1778556225.677059 0.01604059 -0.00511481 0.00242900 0.00190998 0.00023856 0.00269594
1778556225.743775 0.01604059 -0.00511481 0.00242900 -0.00092467 -0.00055584 0.00206569
1778556225.810492 0.01604058 -0.00511482 0.00242899 -0.00025770 0.00015119 0.00267610
1778556225.877208 0.01604060 -0.00511481 0.00242900 0.00105682 0.00018398 0.00181185
1778556225.943925 0.01604060 -0.00511482 0.00242900 -0.00203856 -0.00071020 0.00206618
1778556226.010643 0.01604061 -0.00511482 0.00242901 0.00095917 0.00104301 0.00250481
1778556226.077362 0.01604061 -0.00511482 0.00242901 0.00076645 0.00020208 0.00244017
1778556226.144080 0.01604061 -0.00511482 0.00242901 -0.00079552 -0.00016393 0.00170545
1778556226.210799 0.01604061 -0.00511482 0.00242901 0.00099370 0.00033184 0.00245711
1778556226.277517 0.01604060 -0.00511482 0.00242901 0.00054272 0.00031534 0.00218021
1778556226.344235 0.01604058 -0.00511481 0.00242900 0.00034783 -0.00020229 0.00229160
1778556226.410954 0.01604060 -0.00511482 0.00242900 -0.00212465 -0.00026906 0.00229911
1778556226.477672 0.01604060 -0.00511482 0.00242900 -0.00045501 0.00093226 0.00178915
1778556226.544391 0.01604060 -0.00511482 0.00242900 0.00032518 -0.00007817 0.00094096
1778556226.611109 0.01604060 -0.00511482 0.00242900 0.00023857 0.00048947 0.00292788
1778556226.677827 0.01604060 -0.00511482 0.00242900 0.00072880 -0.00059312 0.00267639
1778556226.744546 0.01604059 -0.00511482 0.00242899 0.00019575 0.00054154 0.00208227
1778556226.811265 0.01604059 -0.00511482 0.00242899 -0.00029036 -0.00041110 0.00232947
1778556226.877983 0.01604059 -0.00511482 0.00242899 -0.00017224 -0.00011752 0.00226097
1778556226.944700 0.01604059 -0.00511482 0.00242899 0.00042687 -0.00051146 0.00294465
1778556227.011416 0.01604060 -0.00511482 0.00242899 -0.00113759 0.00076561 0.00165212
1778556227.078132 0.01604059 -0.00511482 0.00242899 0.00139989 -0.00019268 0.00285365
1778556227.144847 0.01604060 -0.00511482 0.00242899 -0.00183847 0.00035617 0.00229919
1778556227.211563 0.01604060 -0.00511482 0.00242899 0.00142756 0.00017954 0.00211132
1778556227.278279 0.01604060 -0.00511481 0.00242898 -0.00085406 -0.00023127 0.00211065
1778556227.344995 0.01604058 -0.00511481 0.00242896 0.00222129 -0.00011771 0.00282431
1778556227.411710 0.01604059 -0.00511481 0.00242897 -0.00111572 -0.00023266 0.00187649
1778556227.478426 0.01604060 -0.00511481 0.00242898 0.00082253 -0.00063314 0.00222159
1778556227.545142 0.01604065 -0.00511480 0.00242902 -0.00093308 0.00004596 0.00253269
1778556227.611857 0.01604066 -0.00511480 0.00242902 0.00145755 0.00029785 0.00177766
1778556227.678573 0.01604066 -0.00511480 0.00242902 0.00068492 0.00057953 0.00237312
1778556227.745289 0.01604065 -0.00511480 0.00242902 -0.00227622 0.00029280 0.00156290
1778556227.812004 0.01604065 -0.00511480 0.00242902 -0.00203046 -0.00002970 0.00144982
1778556227.878720 0.01604065 -0.00511480 0.00242902 0.00067650 0.00084917 0.00275335
1778556227.945435 0.01604064 -0.00511480 0.00242902 0.00062455 -0.00005991 0.00219836
1778556228.012151 0.01604065 -0.00511480 0.00242902 0.00206996 0.00085482 0.00246768
1778556228.078866 0.01604064 -0.00511480 0.00242902 -0.00277450 -0.00009830 0.00220494
1778556228.145582 0.01604066 -0.00511481 0.00242902 0.00100512 -0.00017434 0.00296330
1778556228.212297 0.01604066 -0.00511481 0.00242902 0.00081161 0.00038499 0.00224827
1778556228.279013 0.01604066 -0.00511481 0.00242902 -0.00107213 0.00015104 0.00170495
1778556228.345728 0.01604064 -0.00511480 0.00242902 -0.00000680 -0.00055670 0.00321907
1778556228.412444 0.01604064 -0.00511480 0.00242902 -0.00068667 -0.00030398 0.00186271
1778556228.479159 0.01604065 -0.00511480 0.00242902 -0.00037227 0.00090667 0.00180113
1778556228.545875 0.01604064 -0.00511480 0.00242901 0.00084970 -0.00032527 0.00296677
1778556228.612590 0.01604064 -0.00511480 0.00242901 0.00101521 0.00069265 0.00244080
1778556228.679305 0.01604064 -0.00511480 0.00242902 0.00075537 -0.00050941 0.00206436
1778556228.746021 0.01604064 -0.00511480 0.00242901 -0.00007733 0.00058463 0.00204143
1778556228.812736 0.01604064 -0.00511480 0.00242901 -0.00215241 -0.00032308 0.00199057
1778556228.879452 0.01604064 -0.00511480 0.00242901 0.00125270 -0.00085096 0.00274905
1778556228.946167 0.01604063 -0.00511480 0.00242900 0.00106068 0.00131310 0.00244170
1778556229.012882 0.01604063 -0.00511479 0.00242901 0.00056106 -0.00086150 0.00279370
1778556229.079598 0.01604062 -0.00511480 0.00242901 -0.00020108 0.00061121 0.00210246
1778556229.146313 0.01604062 -0.00511480 0.00242900 -0.00168309 -0.00062712 0.00254242
1778556229.213028 0.01604062 -0.00511481 0.00242900 0.00048582 0.00017414 0.00278963
1778556229.279744 0.01604062 -0.00511480 0.00242900 0.00139831 -0.00043824 0.00241672
1778556229.346459 0.01604061 -0.00511480 0.00242899 -0.00087619 0.00062441 0.00263526
1778556229.413174 0.01604062 -0.00511481 0.00242900 -0.00051033 -0.00099841 0.00183452
1778556229.479890 0.01604062 -0.00511481 0.00242900 -0.00032276 0.00068238 0.00222828
1778556229.546605 0.01604063 -0.00511481 0.00242901 -0.00072215 0.00049519 0.00261621
1778556229.613320 0.01604063 -0.00511481 0.00242901 0.00172304 -0.00100750 0.00257285
1778556229.680035 0.01604063 -0.00511481 0.00242901 -0.00143444 0.00042848 0.00187867
1778556229.746751 0.01604062 -0.00511481 0.00242900 -0.00132942 0.00023873 0.00195136
1778556229.813466 0.01604063 -0.00511481 0.00242901 -0.00062410 0.00092144 0.00173775
1778556229.880181 0.01604062 -0.00511480 0.00242901 0.00164768 0.00056136 0.00268877
1778556229.946897 0.01604062 -0.00511481 0.00242901 0.00023748 -0.00061906 0.00263128
1778556230.013612 0.01604063 -0.00511480 0.00242901 -0.00033583 -0.00004196 0.00179667
1778556230.080327 0.01604063 -0.00511480 0.00242901 0.00048350 -0.00060661 0.00252571
1778556230.147043 0.01604062 -0.00511480 0.00242900 -0.00090885 0.00030851 0.00169986
1778556230.213758 0.01604062 -0.00511480 0.00242900 -0.00163175 0.00007951 0.00190075
1778556230.280473 0.01604062 -0.00511481 0.00242900 0.00293336 -0.00051638 0.00273009
1778556230.347189 0.01604062 -0.00511481 0.00242900 0.00025303 0.00001053 0.00235595
1778556230.413904 0.01604062 -0.00511481 0.00242900 -0.00167919 -0.00026536 0.00203392
1778556230.480619 0.01604062 -0.00511481 0.00242899 0.00211960 -0.00048905 0.00266907
1778556230.547334 0.01604062 -0.00511481 0.00242900 0.00046262 0.00005891 0.00291471
1778556230.614050 0.01604061 -0.00511481 0.00242899 -0.00017140 -0.00044632 0.00207619
1778556230.680765 0.01604062 -0.00511481 0.00242899 -0.00097065 0.00060769 0.00202364
1778556230.747480 0.01604062 -0.00511481 0.00242899 0.00063238 0.00001416 0.00242442
1778556230.814196 0.01604062 -0.00511481 0.00242899 0.00124841 -0.00056176 0.00252530
1778556230.880911 0.01604063 -0.00511481 0.00242900 -0.00031357 0.00012233 0.00268549
1778556230.947627 0.01604062 -0.00511481 0.00242899 -0.00155765 -0.00097846 0.00230027
1778556231.014344 0.01604062 -0.00511481 0.00242899 0.00138025 0.00119002 0.00248352
1778556231.081061 0.01604062 -0.00511481 0.00242899 -0.00148764 -0.00084069 0.00214471
1778556231.147779 0.01604063 -0.00511481 0.00242899 -0.00019739 -0.00030009 0.00252015
1778556231.214496 0.01604063 -0.00511481 0.00242899 0.00050035 0.00065636 0.00163279
1778556231.281213 0.01604063 -0.00511481 0.00242899 0.00059182 0.00027606 0.00198455
1778556231.347930 0.01604063 -0.00511480 0.00242900 -0.00178014 -0.00110469 0.00205420
1778556231.414647 0.01604063 -0.00511480 0.00242901 0.00076913 0.00013448 0.00230215
1778556231.481364 0.01604063 -0.00511480 0.00242901 0.00079923 -0.00018335 0.00270694
1778556231.548082 0.01604063 -0.00511481 0.00242901 -0.00128727 -0.00036494 0.00189943
1778556231.614799 0.01604062 -0.00511480 0.00242901 -0.00092855 0.00032778 0.00232788
1778556231.681516 0.01604061 -0.00511480 0.00242901 -0.00082506 0.00035367 0.00215982
1778556231.748233 0.01604059 -0.00511479 0.00242901 0.00129539 0.00005666 0.00240346
1778556231.814950 0.01604062 -0.00511480 0.00242902 -0.00113753 -0.00012468 0.00246825
1778556231.881668 0.01604062 -0.00511480 0.00242902 0.00063743 0.00000936 0.00141110
1778556231.948385 0.01604062 -0.00511480 0.00242902 0.00095413 0.00110398 0.00310164
1778556232.015101 0.01604062 -0.00511480 0.00242902 -0.00096394 -0.00019355 0.00225352
1778556232.081818 0.01604062 -0.00511480 0.00242902 0.00029636 -0.00101475 0.00232125
1778556232.148535 0.01604062 -0.00511480 0.00242903 0.00059709 0.00047528 0.00215383
1778556232.215251 0.01604062 -0.00511480 0.00242902 -0.00007591 0.00080373 0.00213653
1778556232.281968 0.01604063 -0.00511480 0.00242904 -0.00076311 -0.00076433 0.00200466
1778556232.348685 0.01604064 -0.00511481 0.00242904 -0.00063253 0.00014281 0.00230635
1778556232.415401 0.01604062 -0.00511480 0.00242904 -0.00024848 -0.00042835 0.00203599
1778556232.482118 0.01604061 -0.00511480 0.00242904 0.00123347 0.00028688 0.00202265
1778556232.548835 0.01604061 -0.00511480 0.00242904 0.00088390 0.00053491 0.00253773
1778556232.615551 0.01604061 -0.00511480 0.00242904 -0.00186912 -0.00026344 0.00197142
1778556232.682268 0.01604061 -0.00511480 0.00242904 0.00266082 -0.00030299 0.00218900
1778556232.748985 0.01604060 -0.00511480 0.00242903 -0.00147942 0.00062649 0.00199160
1778556232.815702 0.01604058 -0.00511479 0.00242903 0.00212691 -0.00075133 0.00268513
1778556232.882418 0.01604058 -0.00511479 0.00242903 -0.00285422 0.00116079 0.00193419
1778556232.949134 0.01604058 -0.00511479 0.00242904 -0.00012670 -0.00039501 0.00248349
1778556233.015850 0.01604058 -0.00511479 0.00242904 0.00192677 -0.00029181 0.00261380
1778556233.082565 0.01604059 -0.00511480 0.00242904 -0.00149293 0.00069378 0.00147199
1778556233.149280 0.01604058 -0.00511480 0.00242904 -0.00170743 -0.00037422 0.00152234
1778556233.215995 0.01604057 -0.00511479 0.00242904 0.00093265 -0.00095559 0.00235274
1778556233.282711 0.01604058 -0.00511479 0.00242904 0.00096281 0.00112101 0.00206486
1778556233.349426 0.01604058 -0.00511480 0.00242903 -0.00217337 -0.00028340 0.00200907
1778556233.416141 0.01604058 -0.00511479 0.00242903 0.00072797 -0.00025304 0.00217597
1778556233.482856 0.01604058 -0.00511479 0.00242903 -0.00007775 -0.00023347 0.00247286
1778556233.549571 0.01604058 -0.00511480 0.00242903 0.00010832 0.00087356 0.00193734
1778556233.616286 0.01604058 -0.00511479 0.00242903 -0.00005165 -0.00051670 0.00253467
1778556233.683002 0.01604059 -0.00511479 0.00242904 -0.00019072 0.00059773 0.00237973
1778556233.749717 0.01604059 -0.00511479 0.00242904 -0.00072182 -0.00000330 0.00197476
1778556233.816432 0.01604059 -0.00511479 0.00242904 0.00084596 -0.00042097 0.00190444
1778556233.883147 0.01604059 -0.00511479 0.00242903 -0.00044349 -0.00132214 0.00202486
1778556233.949862 0.01604059 -0.00511479 0.00242904 0.00181627 -0.00011632 0.00158332
1778556234.016578 0.01604059 -0.00511479 0.00242904 -0.00177370 0.00106447 0.00223968
1778556234.083294 0.01604059 -0.00511479 0.00242904 -0.00020470 0.00026653 0.00110567
1778556234.150010 0.01604059 -0.00511479 0.00242903 -0.00067118 -0.00038691 0.00229462
1778556234.216726 0.01604065 -0.00511480 0.00242907 -0.00025611 0.00013377 0.00197438
1778556234.283441 0.01604064 -0.00511480 0.00242907 -0.00021085 -0.00032293 0.00170062
1778556234.350157 0.01604065 -0.00511480 0.00242907 0.00005344 -0.00166430 0.00211919
1778556234.416873 0.01604065 -0.00511480 0.00242907 -0.00058904 0.00016469 0.00293639
1778556234.483589 0.01604065 -0.00511481 0.00242908 -0.00025020 0.00098803 0.00174140
1778556234.550305 0.01604065 -0.00511481 0.00242908 0.00057838 0.00023123 0.00233940
1778556234.617021 0.01604066 -0.00511481 0.00242907 -0.00123959 -0.00066220 0.00163999
1778556234.683736 0.01604066 -0.00511481 0.00242907 0.00168474 0.00027693 0.00248583
1778556234.750452 0.01604065 -0.00511481 0.00242907 -0.00094609 -0.00076640 0.00180752
1778556234.817168 0.01604065 -0.00511481 0.00242907 0.00129657 0.00061415 0.00258459
1778556234.883884 0.01604064 -0.00511481 0.00242907 0.00116457 -0.00022112 0.00246300
1778556234.950600 0.01604065 -0.00511481 0.00242907 -0.00152678 -0.00019089 0.00147455
1778556235.017316 0.01604064 -0.00511480 0.00242906 0.00111319 -0.00179507 0.00173007
1778556235.084032 0.01604065 -0.00511481 0.00242908 0.00015207 0.00154622 0.00193264
1778556235.150748 0.01604065 -0.00511481 0.00242906 -0.00027159 0.00030080 0.00156824
1778556235.217463 0.01604065 -0.00511482 0.00242907 -0.00171205 -0.00028296 0.00167311
1778556235.284179 0.01604066 -0.00511483 0.00242908 0.00184116 0.00058660 0.00169095
1778556235.350895 0.01604066 -0.00511483 0.00242908 0.00100005 0.00073271 0.00206091
1778556235.417611 0.01604069 -0.00511482 0.00242907 0.00005201 -0.00022824 0.00179772
1778556235.484327 0.01604069 -0.00511482 0.00242907 -0.00006575 0.00008131 0.00189532
1778556235.551043 0.01604069 -0.00511482 0.00242907 -0.00126392 0.00039604 0.00163796
1778556235.617759 0.01604068 -0.00511482 0.00242907 0.00139247 0.00085511 0.00182781
1778556235.684474 0.01604069 -0.00511482 0.00242907 -0.00169241 -0.00083834 0.00160608
1778556235.751190 0.01604069 -0.00511482 0.00242907 -0.00012671 0.00023306 0.00241214
1778556235.817906 0.01604068 -0.00511482 0.00242907 -0.00086759 -0.00006040 0.00177835
1778556235.884622 0.01604068 -0.00511482 0.00242907 0.00124398 0.00044876 0.00184430
1778556235.951338 0.01604066 -0.00511481 0.00242906 0.00024452 0.00038631 0.00170854
1778556236.018054 0.01604066 -0.00511481 0.00242906 0.00074239 -0.00037421 0.00207200
1778556236.084769 0.01604065 -0.00511481 0.00242906 -0.00017597 -0.00073257 0.00168995
1778556236.151486 0.01604067 -0.00511481 0.00242905 -0.00031381 0.00077618 0.00203159
1778556236.218201 0.01604068 -0.00511481 0.00242906 -0.00010882 0.00069888 0.00154500
1778556236.284918 0.01604068 -0.00511481 0.00242905 -0.00066401 -0.00070703 0.00189948
1778556236.351633 0.01604068 -0.00511481 0.00242906 0.00113895 0.00104672 0.00190117
1778556236.418349 0.01604069 -0.00511481 0.00242907 0.00037685 0.00060015 0.00157538
1778556236.485065 0.01604069 -0.00511482 0.00242908 0.00011991 -0.00104978 0.00216654
1778556236.551781 0.01604068 -0.00511481 0.00242907 0.00023772 -0.00065714 0.00209126
1778556236.618497 0.01604068 -0.00511481 0.00242907 -0.00042285 0.00014806 0.00129736
1778556236.685213 0.01604068 -0.00511481 0.00242907 -0.00006002 0.00029013 0.00166596
1778556236.751929 0.01604067 -0.00511481 0.00242906 -0.00092757 0.00023464 0.00181779
1778556236.818645 0.01604067 -0.00511481 0.00242907 -0.00138570 -0.00033651 0.00198774
1778556236.885360 0.01604067 -0.00511481 0.00242907 0.00116205 -0.00007701 0.00161590
1778556236.952077 0.01604067 -0.00511481 0.00242907 -0.00098349 0.00009718 0.00127223
1778556237.018795 0.01604068 -0.00511481 0.00242908 0.00042293 0.00099374 0.00141173
1778556237.085512 0.01604068 -0.00511481 0.00242909 0.00071810 0.00037290 0.00168977
1778556237.152229 0.01604068 -0.00511481 0.00242908 -0.00054225 0.00020664 0.00114567
1778556237.218947 0.01604068 -0.00511481 0.00242908 -0.00051057 -0.00118107 0.00168667
1778556237.285664 0.01604066 -0.00511480 0.00242907 0.00075140 0.00023358 0.00206059
1778556237.352382 0.01604066 -0.00511480 0.00242906 0.00108739 0.00008826 0.00110648
1778556237.419099 0.01604063 -0.00511479 0.00242906 -0.00118179 -0.00077245 0.00176943
1778556237.485817 0.01604064 -0.00511479 0.00242906 0.00172312 -0.00085940 0.00184503
1778556237.552534 0.01604065 -0.00511480 0.00242906 -0.00154219 0.00098318 0.00073306
1778556237.619252 0.01604064 -0.00511479 0.00242905 -0.00086955 0.00127005 0.00154435
1778556237.685970 0.01604067 -0.00511480 0.00242907 0.00155070 0.00017306 0.00164378
1778556237.752687 0.01604067 -0.00511480 0.00242907 -0.00057716 -0.00007756 0.00089701
1778556237.819405 0.01604066 -0.00511480 0.00242907 0.00119637 -0.00033231 0.00172400
1778556237.886122 0.01604066 -0.00511481 0.00242907 -0.00168896 -0.00034261 0.00116716
1778556237.952840 0.01604066 -0.00511481 0.00242907 -0.00024430 0.00005756 0.00206428
1778556238.019556 0.01604066 -0.00511480 0.00242907 0.00073528 0.00043125 0.00170152
1778556238.086273 0.01604066 -0.00511480 0.00242907 0.00080466 -0.00044287 0.00137011
1778556238.152990 0.01604066 -0.00511480 0.00242907 -0.00051900 0.00046287 0.00174541
1778556238.219707 0.01604066 -0.00511480 0.00242907 0.00041017 0.00012973 0.00089890
1778556238.286424 0.01604066 -0.00511480 0.00242907 0.00161853 -0.00170782 0.00194290
1778556238.353141 0.01604066 -0.00511481 0.00242907 -0.00261658 0.00067447 0.00110605
1778556238.419858 0.01604065 -0.00511480 0.00242906 0.00009431 0.00135056 0.00145358
1778556238.486575 0.01604066 -0.00511480 0.00242906 -0.00059717 -0.00022779 0.00123532
1778556238.553292 0.01604065 -0.00511480 0.00242905 0.00006394 0.00050033 0.00166988
1778556238.620008 0.01604065 -0.00511480 0.00242905 0.00001152 0.00036774 0.00189889
1778556238.686725 0.01604065 -0.00511480 0.00242906 -0.00078747 -0.00090402 0.00134274
1778556238.753442 0.01604065 -0.00511480 0.00242905 0.00137161 0.00117255 0.00150149
1778556238.820159 0.01604065 -0.00511480 0.00242905 -0.00185647 -0.00090075 0.00127711
1778556238.886876 0.01604065 -0.00511480 0.00242905 0.00108127 0.00045874 0.00191683
1778556238.953594 0.01604064 -0.00511480 0.00242905 -0.00008291 0.00143943 0.00159562
1778556239.020314 0.01604064 -0.00511480 0.00242905 0.00019539 -0.00012773 0.00165484
1778556239.087033 0.01604065 -0.00511480 0.00242905 -0.00004545 -0.00007088 0.00133258
1778556239.153752 0.01604064 -0.00511480 0.00242905 -0.00046788 -0.00024963 0.00165414
1778556239.220471 0.01604065 -0.00511480 0.00242905 -0.00181324 0.00074562 0.00114199
1778556239.287191 0.01604065 -0.00511480 0.00242905 0.00333130 -0.00035057 0.00177537
1778556239.353910 0.01604066 -0.00511481 0.00242905 -0.00134959 0.00056038 0.00175260
1778556239.420630 0.01604066 -0.00511481 0.00242905 0.00048258 -0.00054519 0.00137203
1778556239.487349 0.01604066 -0.00511481 0.00242904 0.00041902 0.00107626 0.00134314
1778556239.554069 0.01604066 -0.00511481 0.00242904 -0.00079138 -0.00029436 0.00180920
1778556239.620788 0.01604066 -0.00511481 0.00242904 0.00021186 0.00033916 0.00085704
1778556239.687508 0.01604066 -0.00511480 0.00242904 0.00172086 0.00030586 0.00197914
1778556239.754228 0.01604067 -0.00511480 0.00242904 -0.00037872 -0.00029741 0.00110010
1778556239.820947 0.01604067 -0.00511480 0.00242905 -0.00073567 -0.00045588 0.00181961
1778556239.887667 0.01604068 -0.00511481 0.00242904 -0.00144392 -0.00075976 0.00152109
1778556239.954385 0.01604068 -0.00511481 0.00242904 0.00146387 -0.00007600 0.00191537
1778556240.021100 0.01604068 -0.00511481 0.00242904 -0.00080199 0.00069116 0.00137280
1778556240.087816 0.01604068 -0.00511481 0.00242904 0.00012414 0.00054991 0.00191404
1778556240.154531 0.01604068 -0.00511481 0.00242904 0.00007189 -0.00005199 0.00126898
1778556240.221247 0.01604068 -0.00511481 0.00242904 0.00000924 0.00033319 0.00171771
1778556240.287962 0.01604070 -0.00511482 0.00242905 -0.00027279 -0.00004689 0.00196392
1778556240.354678 0.01604069 -0.00511481 0.00242904 -0.00002526 -0.00071397 0.00147776
1778556240.421394 0.01604069 -0.00511482 0.00242903 -0.00000443 0.00069675 0.00119400
1778556240.488109 0.01604069 -0.00511482 0.00242903 -0.00075503 -0.00115634 0.00148969
1778556240.554825 0.01604069 -0.00511482 0.00242903 0.00142284 -0.00068512 0.00242274
1778556240.621540 0.01604069 -0.00511482 0.00242904 -0.00078411 0.00156874 0.00086195
1778556240.688256 0.01604069 -0.00511481 0.00242904 0.00187736 0.00022197 0.00197462
1778556240.754972 0.01604068 -0.00511481 0.00242904 0.00053462 -0.00007137 0.00184344
1778556240.821687 0.01604070 -0.00511482 0.00242905 -0.00105477 -0.00015013 0.00166972
1778556240.888403 0.01604069 -0.00511482 0.00242905 0.00008166 -0.00016988 0.00152901
1778556240.955118 0.01604069 -0.00511481 0.00242905 0.00054892 0.00010243 0.00185724
1778556241.021833 0.01604070 -0.00511482 0.00242906 0.00061323 0.00038932 0.00123857
1778556241.088548 0.01604071 -0.00511482 0.00242906 -0.00061752 -0.00001852 0.00097812
1778556241.155262 0.01604071 -0.00511482 0.00242906 0.00005328 0.00144116 0.00133661
1778556241.221977 0.01604071 -0.00511482 0.00242905 -0.00156300 -0.00038442 0.00140084
1778556241.288692 0.01604071 -0.00511482 0.00242906 0.00213208 -0.00036720 0.00152852
1778556241.355407 0.01604072 -0.00511483 0.00242906 0.00036367 0.00003992 0.00142477
1778556241.422122 0.01604073 -0.00511483 0.00242906 0.00024738 -0.00053820 0.00178498
1778556241.488837 0.01604072 -0.00511483 0.00242905 0.00230924 0.00002022 0.00185159
1778556241.555551 0.01604073 -0.00511483 0.00242906 -0.00173323 -0.00057057 0.00094307
1778556241.622266 0.01604071 -0.00511482 0.00242905 -0.00148277 -0.00016286 0.00169599
1778556241.688981 0.01604072 -0.00511482 0.00242905 -0.00061503 0.00097271 0.00133978
1778556241.755695 0.01604072 -0.00511482 0.00242907 -0.00120040 -0.00034584 0.00131239
1778556241.822410 0.01604071 -0.00511482 0.00242906 0.00161623 0.00050256 0.00158519
1778556241.889124 0.01604071 -0.00511482 0.00242905 0.00155487 0.00001255 0.00138071
1778556241.955841 0.01604070 -0.00511483 0.00242906 -0.00275328 -0.00094158 0.00103840
1778556242.022558 0.01604070 -0.00511483 0.00242906 0.00092363 0.00039770 0.00198117
1778556242.089276 0.01604070 -0.00511483 0.00242906 -0.00015507 0.00012613 0.00098488
1778556242.155993 0.01604070 -0.00511483 0.00242906 -0.00149391 0.00023416 0.00140401
1778556242.222711 0.01604070 -0.00511483 0.00242907 0.00049660 0.00017796 0.00139683
1778556242.289428 0.01604070 -0.00511483 0.00242907 0.00066284 0.00013859 0.00125130
1778556242.356146 0.01604070 -0.00511482 0.00242907 -0.00017507 -0.00025447 0.00128464
1778556242.422864 0.01604070 -0.00511483 0.00242907 -0.00041924 -0.00029455 0.00093561
1778556242.489582 0.01604071 -0.00511483 0.00242908 0.00023340 0.00036726 0.00112555
1778556242.556299 0.01604071 -0.00511483 0.00242908 -0.00100079 -0.00067687 0.00086171
1778556242.623017 0.01604071 -0.00511483 0.00242908 0.00081837 0.00056492 0.00152810
1778556242.689735 0.01604071 -0.00511483 0.00242907 0.00045986 0.00063248 0.00129261
1778556242.756453 0.01604071 -0.00511483 0.00242908 -0.00129670 -0.00061114 0.00062559
1778556242.823171 0.01604071 -0.00511483 0.00242908 0.00056995 0.00046829 0.00156875
1778556242.889889 0.01604071 -0.00511483 0.00242907 -0.00098866 -0.00065609 0.00101112
1778556242.956605 0.01604070 -0.00511483 0.00242907 0.00107294 0.00041372 0.00218964
1778556243.023320 0.01604070 -0.00511483 0.00242907 -0.00091020 -0.00096540 0.00058905
1778556243.090035 0.01604071 -0.00511483 0.00242909 -0.00051233 0.00081510 0.00031086
1778556243.156750 0.01604070 -0.00511483 0.00242907 0.00172311 -0.00010160 0.00143790
1778556243.223465 0.01604072 -0.00511483 0.00242908 0.00014534 -0.00039825 0.00120595
1778556243.290180 0.01604075 -0.00511484 0.00242910 0.00072022 0.00069838 0.00169786
1778556243.356895 0.01604077 -0.00511484 0.00242910 -0.00066597 -0.00098299 0.00128998
1778556243.423610 0.01604076 -0.00511484 0.00242910 -0.00097833 0.00056924 0.00095230
1778556243.490325 0.01604076 -0.00511484 0.00242910 -0.00077945 0.00027912 0.00098875
1778556243.557040 0.01604077 -0.00511484 0.00242910 0.00124433 -0.00024093 0.00158694
1778556243.623755 0.01604077 -0.00511484 0.00242910 0.00079071 -0.00028490 0.00194767
1778556243.690470 0.01604076 -0.00511484 0.00242910 -0.00055027 0.00073247 0.00078423
1778556243.757185 0.01604077 -0.00511484 0.00242910 -0.00011190 0.00039824 0.00168360
1778556243.823900 0.01604077 -0.00511484 0.00242910 -0.00029009 -0.00082057 0.00085246
1778556243.890614 0.01604076 -0.00511484 0.00242910 -0.00107895 0.00018927 0.00090329
1778556243.957329 0.01604077 -0.00511484 0.00242910 -0.00017566 0.00048653 0.00081504
1778556244.024045 0.01604075 -0.00511484 0.00242909 0.00095100 0.00107629 0.00144892
1778556244.090760 0.01604075 -0.00511484 0.00242908 -0.00075784 -0.00062573 0.00131158
1778556244.157476 0.01604074 -0.00511484 0.00242908 0.00118671 -0.00013496 0.00142640
1778556244.224191 0.01604074 -0.00511484 0.00242908 -0.00156668 0.00055228 0.00095305
1778556244.290907 0.01604074 -0.00511484 0.00242908 -0.00033290 -0.00019322 0.00132086
1778556244.357622 0.01604073 -0.00511484 0.00242908 -0.00005644 0.00034612 0.00111085
1778556244.424338 0.01604074 -0.00511483 0.00242908 0.00107098 0.00116474 0.00141084
1778556244.491053 0.01604073 -0.00511483 0.00242908 -0.00052378 -0.00007137 0.00172983
1778556244.557769 0.01604074 -0.00511484 0.00242909 -0.00018034 -0.00048190 0.00101279
1778556244.624484 0.01604073 -0.00511484 0.00242909 -0.00097074 0.00020347 0.00128596
1778556244.691199 0.01604073 -0.00511484 0.00242909 0.00128449 0.00057287 0.00119682
1778556244.757915 0.01604073 -0.00511484 0.00242908 -0.00045214 0.00125533 0.00101282
1778556244.824630 0.01604073 -0.00511484 0.00242908 -0.00060000 -0.00037375 0.00164138
1778556244.891345 0.01604074 -0.00511484 0.00242908 0.00178082 -0.00102500 0.00171891
1778556244.958061 0.01604073 -0.00511484 0.00242907 -0.00273939 -0.00001147 0.00050121
1778556245.024777 0.01604073 -0.00511483 0.00242908 0.00044518 -0.00011154 0.00136410
1778556245.091493 0.01604073 -0.00511483 0.00242908 0.00062477 -0.00016425 0.00160302
1778556245.158209 0.01604073 -0.00511483 0.00242907 0.00031985 0.00016521 0.00089255
1778556245.224925 0.01604073 -0.00511483 0.00242908 0.00032243 0.00101000 0.00147971
1778556245.291641 0.01604074 -0.00511484 0.00242907 -0.00152733 -0.00034679 0.00071837
1778556245.358357 0.01604074 -0.00511484 0.00242907 0.00002253 -0.00012637 0.00116581
1778556245.425072 0.01604075 -0.00511484 0.00242907 0.00001750 -0.00076178 0.00139861
1778556245.491789 0.01604076 -0.00511484 0.00242907 0.00124884 0.00017231 0.00157198
1778556245.558504 0.01604075 -0.00511484 0.00242907 -0.00187356 0.00012410 0.00118763
1778556245.625220 0.01604075 -0.00511484 0.00242907 0.00130248 0.00037064 0.00116189
1778556245.691936 0.01604073 -0.00511483 0.00242906 0.00019919 0.00021476 0.00197514
1778556245.758652 0.01604074 -0.00511484 0.00242907 -0.00047533 -0.00058998 0.00060037
1778556245.825368 0.01604075 -0.00511484 0.00242907 0.00200016 -0.00035151 0.00107509
1778556245.892084 0.01604071 -0.00511483 0.00242904 -0.00280697 0.00025123 0.00098425
1778556245.958800 0.01604071 -0.00511483 0.00242904 0.00101612 0.00015606 0.00086439
1778556246.025517 0.01604071 -0.00511483 0.00242904 0.00145749 0.00050696 0.00163319
1778556246.092233 0.01604072 -0.00511484 0.00242904 -0.00106916 -0.00084709 0.00115260
1778556246.158950 0.01604072 -0.00511484 0.00242904 -0.00066313 0.00018509 0.00046664
1778556246.225667 0.01604072 -0.00511483 0.00242904 -0.00002819 0.00001367 0.00061554
1778556246.292383 0.01604072 -0.00511484 0.00242904 0.00232104 0.00143292 0.00223237
1778556246.359100 0.01604072 -0.00511484 0.00242904 -0.00235076 -0.00111028 0.00120361
1778556246.425817 0.01604068 -0.00511482 0.00242906 0.00141146 0.00020873 0.00145641
1778556246.492534 0.01604068 -0.00511482 0.00242907 -0.00120798 -0.00105600 0.00128989
1778556246.559251 0.01604068 -0.00511482 0.00242907 -0.00083637 -0.00004221 0.00062436
1778556246.625967 0.01604068 -0.00511482 0.00242907 0.00163520 0.00112765 0.00191457
1778556246.692684 0.01604068 -0.00511482 0.00242907 0.00031844 0.00033870 0.00071083
1778556246.759401 0.01604068 -0.00511482 0.00242907 -0.00028626 -0.00040959 0.00146405
1778556246.826118 0.01604068 -0.00511482 0.00242907 0.00071263 -0.00096391 0.00118683
1778556246.892834 0.01604068 -0.00511482 0.00242906 -0.00014420 0.00019964 0.00131199
1778556246.959551 0.01604067 -0.00511481 0.00242906 0.00063581 0.00166661 0.00127537
1778556247.026269 0.01604066 -0.00511481 0.00242905 -0.00146776 -0.00116274 0.00105996
1778556247.092986 0.01604066 -0.00511481 0.00242905 0.00168118 -0.00017858 0.00150290
1778556247.159704 0.01604066 -0.00511481 0.00242905 -0.00044424 0.00036620 0.00067635
1778556247.226422 0.01604067 -0.00511481 0.00242905 0.00075955 0.00076565 0.00098275
1778556247.293139 0.01604067 -0.00511482 0.00242905 -0.00033604 -0.00115728 0.00088261
1778556247.359857 0.01604067 -0.00511481 0.00242905 -0.00056878 0.00095185 0.00161509
1778556247.426575 0.01604067 -0.00511481 0.00242905 -0.00013166 -0.00047554 0.00095109
1778556247.493292 0.01604068 -0.00511481 0.00242905 0.00117103 0.00078255 0.00119687
1778556247.560010 0.01604068 -0.00511482 0.00242905 -0.00162927 -0.00075962 0.00081879
1778556247.626728 0.01604068 -0.00511482 0.00242906 0.00019083 0.00003085 0.00129076
1778556247.693445 0.01604068 -0.00511482 0.00242906 0.00198577 0.00001492 0.00166536
1778556247.760163 0.01604068 -0.00511482 0.00242906 -0.00189462 0.00066374 0.00091914
1778556247.826881 0.01604069 -0.00511482 0.00242907 0.00103138 -0.00016264 0.00163704
1778556247.893599 0.01604069 -0.00511482 0.00242907 -0.00128328 0.00008061 0.00066863
1778556247.960316 0.01604069 -0.00511482 0.00242908 0.00108567 -0.00084561 0.00110930
1778556248.027031 0.01604069 -0.00511482 0.00242908 0.00104418 0.00095503 0.00148971
1778556248.093746 0.01604069 -0.00511482 0.00242908 -0.00096332 -0.00091782 0.00057865
1778556248.160461 0.01604069 -0.00511482 0.00242908 0.00143194 0.00096800 0.00148152
1778556248.227176 0.01604069 -0.00511482 0.00242907 -0.00162930 -0.00061109 0.00080997
1778556248.293891 0.01604069 -0.00511482 0.00242907 0.00505906 0.00004757 0.00159468
1778556248.360607 0.01604069 -0.00511482 0.00242907 -0.00400174 0.00038972 0.00058676
1778556248.427322 0.01604069 -0.00511482 0.00242908 0.00148003 -0.00012074 0.00141387
1778556248.494037 0.01604069 -0.00511482 0.00242908 -0.00105244 -0.00046992 0.00113537
1778556248.560752 0.01604070 -0.00511482 0.00242908 -0.00029378 0.00054331 0.00107553
1778556248.627467 0.01604070 -0.00511482 0.00242908 0.00005275 -0.00001925 0.00035916
1778556248.694182 0.01604070 -0.00511482 0.00242908 -0.00023045 0.00016452 0.00090800
1778556248.760897 0.01604070 -0.00511482 0.00242908 0.00039228 0.00057958 0.00084348
1778556248.827612 0.01604070 -0.00511483 0.00242908 0.00089766 -0.00018113 0.00161200
1778556248.894327 0.01604069 -0.00511482 0.00242907 0.00019742 -0.00023341 0.00149871
1778556248.961042 0.01604068 -0.00511482 0.00242908 0.00253257 0.00026901 0.00104531
1778556249.027757 0.01604067 -0.00511481 0.00242908 -0.00269859 -0.00054977 0.00061926
1778556249.094472 0.01604066 -0.00511481 0.00242908 -0.00041255 -0.00006363 0.00060091
1778556249.161187 0.01604066 -0.00511480 0.00242907 0.00110956 0.00088872 0.00136892
1778556249.227902 0.01604066 -0.00511480 0.00242907 -0.00152510 -0.00091387 0.00031719
1778556249.294617 0.01604066 -0.00511480 0.00242907 0.00136733 0.00016187 0.00121031
1778556249.361332 0.01604068 -0.00511481 0.00242906 -0.00166315 0.00173141 0.00134982
1778556249.428047 0.01604068 -0.00511481 0.00242906 0.00007950 0.00022081 0.00095052
1778556249.494761 0.01604070 -0.00511481 0.00242903 0.00233598 -0.00180811 0.00106934
1778556249.561476 0.01604069 -0.00511481 0.00242904 -0.00254654 0.00112241 0.00153320
1778556249.628191 0.01604069 -0.00511481 0.00242905 0.00028028 -0.00098358 0.00119215
1778556249.694906 0.01604069 -0.00511482 0.00242906 0.00233413 0.00005022 0.00135686
1778556249.761620 0.01604069 -0.00511482 0.00242905 -0.00065101 0.00085179 0.00092215
1778556249.828335 0.01604073 -0.00511484 0.00242904 -0.00014040 -0.00075337 0.00090364
1778556249.895050 0.01604073 -0.00511485 0.00242904 -0.00063078 0.00057957 0.00099267
1778556249.961766 0.01604077 -0.00511487 0.00242903 0.00094387 0.00004520 0.00174053
1778556250.028483 0.01604077 -0.00511487 0.00242903 -0.00037945 -0.00123383 0.00079629
1778556250.095201 0.01604078 -0.00511487 0.00242904 -0.00030461 0.00084343 0.00096126
1778556250.161918 0.01604078 -0.00511487 0.00242903 0.00200395 -0.00080110 0.00143860
1778556250.228636 0.01604079 -0.00511488 0.00242903 0.00071316 0.00056361 0.00095504
1778556250.295354 0.01604080 -0.00511488 0.00242903 -0.00132164 -0.00075634 0.00143277
1778556250.362071 0.01604081 -0.00511488 0.00242903 -0.00016108 -0.00019428 0.00013881
1778556250.428789 0.01604081 -0.00511488 0.00242903 0.00087355 0.00119756 0.00177910
1778556250.495507 0.01604082 -0.00511488 0.00242903 0.00000656 -0.00082213 0.00070696
1778556250.562224 0.01604082 -0.00511488 0.00242903 -0.00287698 0.00017761 0.00059173
1778556250.628942 0.01604082 -0.00511488 0.00242903 0.00198975 -0.00057055 0.00159638
1778556250.695660 0.01604082 -0.00511488 0.00242903 -0.00051623 -0.00080453 0.00112558
1778556250.762378 0.01604082 -0.00511488 0.00242904 0.00063286 0.00088411 0.00081300
1778556250.829095 0.01604082 -0.00511488 0.00242904 -0.00019040 -0.00015027 0.00095528
1778556250.895813 0.01604083 -0.00511489 0.00242904 0.00052468 -0.00036896 0.00095752
1778556250.962529 0.01604082 -0.00511489 0.00242903 -0.00069958 0.00057350 0.00115020
1778556251.029244 0.01604082 -0.00511489 0.00242903 -0.00004535 0.00004264 0.00105371
1778556251.095960 0.01604082 -0.00511489 0.00242903 -0.00063942 -0.00062002 0.00079274
1778556251.162675 0.01604082 -0.00511489 0.00242903 0.00115468 0.00038889 0.00103801
1778556251.229390 0.01604082 -0.00511488 0.00242903 -0.00054798 -0.00036666 0.00121274
1778556251.296105 0.01604082 -0.00511488 0.00242903 0.00102091 -0.00007403 0.00068230
1778556251.362820 0.01604082 -0.00511488 0.00242903 0.00009162 -0.00069034 0.00092679
1778556251.429535 0.01604080 -0.00511488 0.00242903 -0.00028739 0.00185878 0.00120017
1778556251.496250 -0.00069201 -0.01681828 0.02106153 -0.00013118 0.00153977 0.00117987
1778556251.562965 -0.30125477 -0.02431227 0.03523656 0.00164287 -0.00139510 -0.00096341
1778556251.629680 -0.20195268 0.02595487 0.03975997 0.00081585 0.00027137 0.00086123
1778556251.696395 -0.15607735 0.01243851 0.02336945 0.00079122 0.00036894 0.00091179
1778556251.763110 -0.12259153 0.00586622 0.02210542 0.00052905 0.00000191 0.00071664
1778556251.829825 -0.08182446 0.00683234 0.02712429 0.00042902 0.00018159 0.00100126
1778556251.896540 -0.06645871 0.00266988 0.01504492 0.00041551 0.00030061 0.00092958
1778556251.963256 -0.04848182 0.00283634 0.01525249 0.00035603 0.00022446 0.00094253
1778556252.029972 -0.03575726 0.00206340 0.01903258 0.00030442 0.00018788 0.00094974
1778556252.096689 -0.02636104 -0.00041928 0.01258743 0.00030941 0.00022312 0.00092746
1778556252.163405 -0.02185745 -0.00046452 0.01115704 0.00030890 0.00019523 0.00093702
1778556252.230122 -0.01252390 -0.00114374 0.01030273 0.00030098 0.00017864 0.00091955
1778556252.296838 -0.00591110 -0.00185746 0.01079280 0.00025463 0.00014002 0.00090026
1778556252.363554 -0.00250327 -0.00155662 0.01277598 0.00020176 0.00009868 0.00089617
1778556252.430271 0.00275918 -0.00287727 0.00858164 0.00019678 0.00012405 0.00089233
1778556252.496987 0.00751303 -0.00358392 0.00836595 0.00019521 0.00011740 0.00090259
1778556252.563704 0.00857167 -0.00360284 0.00809789 0.00017998 0.00010243 0.00090226
1778556252.630420 0.01247920 -0.00378558 0.00875936 0.00015533 0.00008087 0.00091422
1778556252.697136 0.01540573 -0.00361811 0.00797289 0.00014076 0.00006005 0.00090695
1778556252.763853 0.01635738 -0.00411034 0.00770059 0.00012728 0.00006009 0.00090649
1778556252.830569 0.02004410 -0.00480451 0.00730753 0.00012168 0.00005909 0.00090093
1778556252.897286 0.02156618 -0.00449131 0.00693363 0.00010931 0.00004315 0.00090914
1778556252.964003 0.02272869 -0.00450700 0.00712252 0.00010115 0.00003759 0.00091238
1778556253.030720 0.02608999 -0.00491345 0.00717282 0.00008724 0.00004889 0.00090654
1778556253.097438 0.02775541 -0.00472596 0.00834231 0.00007622 0.00003181 0.00089301
1778556253.164156 0.05365509 -0.00665829 0.00352396 0.00010047 0.00004523 0.00087668
1778556253.230874 0.03216937 -0.00493794 0.00796577 0.00006455 0.00004597 0.00088585
1778556253.297592 0.03133594 -0.00510882 0.00791997 0.00006098 0.00003707 0.00088473
1778556253.364310 0.03255137 -0.00557776 0.00568115 0.00005760 0.00006100 0.00087660
1778556253.431028 0.03418832 -0.00572290 0.00554933 0.00005235 0.00006477 0.00087198
1778556253.497745 0.03403484 -0.00532579 0.00530818 0.00005129 0.00007102 0.00087023
1778556253.564463 0.03571405 -0.00538271 0.00614410 0.00004075 0.00006217 0.00087631
1778556253.631181 0.03769750 -0.00543585 0.00708575 0.00002630 0.00005149 0.00087931
1778556253.697899 0.03821443 -0.00537483 0.00740997 0.00002926 0.00004724 0.00088833
1778556253.764617 0.04002709 -0.00546073 0.00700337 0.00002822 0.00003892 0.00088742
1778556253.831335 0.03978317 -0.00535704 0.00691354 0.00002270 0.00002648 0.00088190
1778556253.898053 0.04045376 -0.00541069 0.00673051 0.00002141 0.00002852 0.00088424
1778556253.964770 0.04138522 -0.00541944 0.00548288 0.00003221 0.00003517 0.00088320
1778556254.031486 0.04180522 -0.00515422 0.00515058 0.00003215 0.00004129 0.00088098
1778556254.098201 0.04296453 -0.00533299 0.00489254 0.00002757 0.00005320 0.00087722
1778556254.164916 0.04374681 -0.00520316 0.00533252 0.00002620 0.00005241 0.00088003
1778556254.231632 0.04527078 -0.00508167 0.00586929 0.00001985 0.00004522 0.00088192
1778556254.298347 0.04519710 -0.00520832 0.00457012 0.00002296 0.00005210 0.00087405
1778556254.365062 0.04620009 -0.00507399 0.00425398 0.00002644 0.00005181 0.00087366
1778556254.431778 0.04666691 -0.00482064 0.00423988 0.00002296 0.00004999 0.00087436
1778556254.498493 0.04738491 -0.00486420 0.00455458 0.00001415 0.00004439 0.00087544
1778556254.565208 0.04807745 -0.00454651 0.00538615 -0.00000237 0.00004419 0.00087842
1778556254.631924 0.04965863 -0.00480841 0.00530935 -0.00000472 0.00005098 0.00088245
1778556254.698639 0.04948481 -0.00455790 0.00539285 -0.00000834 0.00004704 0.00087628
1778556254.765354 0.05049657 -0.00470800 0.00402527 -0.00000590 0.00005521 0.00087009
1778556254.832070 0.05053768 -0.00411876 0.00433305 -0.00001865 0.00004762 0.00087124
1778556254.898785 0.05219166 -0.00413338 0.00490921 -0.00002221 0.00004229 0.00087115
1778556254.965502 0.05279541 -0.00405748 0.00425401 -0.00002060 0.00004234 0.00086709
1778556255.032219 0.05435594 -0.00367330 0.00475524 -0.00003178 0.00004142 0.00086932
1778556255.098937 0.05426706 -0.00348362 0.00443735 -0.00003188 0.00004015 0.00086739
1778556255.165655 0.05592606 -0.00320194 0.00490046 -0.00004102 0.00002749 0.00086689
1778556255.232372 0.05644980 -0.00295108 0.00421278 -0.00004023 0.00002944 0.00086085
1778556255.299090 0.05773003 -0.00253260 0.00468394 -0.00004461 0.00002625 0.00086235
1778556255.365808 0.05808746 -0.00229301 0.00467194 -0.00004535 0.00002538 0.00086031
1778556255.432526 0.05872014 -0.00212863 0.00458571 -0.00004357 0.00002713 0.00086223
1778556255.499244 0.05910323 -0.00194315 0.00446930 -0.00003861 0.00002796 0.00086998
1778556255.565962 0.05993141 -0.00169932 0.00438276 -0.00004066 0.00003082 0.00087063
1778556255.632680 0.05979867 -0.00132647 0.00419213 -0.00003708 0.00003291 0.00086651
1778556255.699398 0.05991114 -0.00120277 0.00319024 -0.00002601 0.00004744 0.00086014
1778556255.766116 0.06047894 -0.00111969 0.00313336 -0.00002947 0.00005140 0.00085983
1778556255.832834 0.06049495 -0.00087460 0.00305635 -0.00003508 0.00005425 0.00085608
1778556255.899552 0.06109944 -0.00090924 0.00298150 -0.00003124 0.00005664 0.00085515
1778556255.966268 0.06070844 -0.00036847 0.00305983 -0.00003109 0.00005615 0.00085203
1778556256.032983 0.06192929 -0.00012227 0.00334318 -0.00003447 0.00004729 0.00085286
1778556256.099698 0.06254858 0.00038185 0.00395609 -0.00003996 0.00004438 0.00085482
1778556256.166413 0.06308238 0.00063333 0.00390920 -0.00003686 0.00003830 0.00085471
1778556256.233127 0.06344830 0.00098515 0.00367736 -0.00003247 0.00003373 0.00085142
1778556256.299842 0.06369126 0.00117476 0.00287926 -0.00002849 0.00005152 0.00084517
1778556256.366557 0.06413307 0.00151716 0.00291126 -0.00003343 0.00005424 0.00084479
1778556256.433271 0.06469483 0.00189327 0.00294423 -0.00003772 0.00004421 0.00084462
1778556256.499986 0.06569390 0.00243672 0.00364351 -0.00003752 0.00004023 0.00084573
1778556256.566701 0.06620677 0.00293031 0.00370007 -0.00003542 0.00003790 0.00084253
1778556256.633415 0.06642890 0.00332906 0.00352752 -0.00003533 0.00003543 0.00083864
1778556256.700130 0.06652433 0.00368711 0.00297633 -0.00003067 0.00003739 0.00083562
1778556256.766845 0.06801497 0.00412709 0.00322665 -0.00003153 0.00003753 0.00083863
1778556256.833559 0.06797705 0.00466212 0.00288563 -0.00003076 0.00003811 0.00083928
1778556256.900274 0.06924887 0.00533807 0.00333583 -0.00003388 0.00003168 0.00084406
1778556256.966988 0.07007061 0.00606112 0.00271327 -0.00002243 0.00003882 0.00084176
1778556257.033703 0.07014538 0.00661787 0.00265784 -0.00002154 0.00003813 0.00084171
1778556257.100419 0.07139938 0.00714313 0.00290760 -0.00002147 0.00003292 0.00084595
1778556257.167133 0.07162064 0.00766668 0.00305522 -0.00002552 0.00003211 0.00084624
1778556257.233848 0.07182041 0.00804969 0.00293498 -0.00002642 0.00003506 0.00084300
1778556257.300563 0.07179066 0.00851255 0.00291374 -0.00002612 0.00003523 0.00084352
1778556257.367278 0.07295656 0.00882061 0.00300169 -0.00002743 0.00003606 0.00084647
1778556257.433993 0.07263450 0.00961721 0.00256746 -0.00002177 0.00004701 0.00084643
1778556257.500708 0.07340526 0.01012490 0.00245143 -0.00002057 0.00005154 0.00084619
1778556257.567423 0.07356082 0.01056463 0.00241769 -0.00002240 0.00005692 0.00084785
1778556257.634138 0.07379674 0.01088810 0.00246572 -0.00002085 0.00005833 0.00084882
1778556257.700852 0.07405043 0.01149637 0.00244090 -0.00002502 0.00005461 0.00084578
1778556257.767567 0.07511246 0.01221730 0.00292509 -0.00002909 0.00005233 0.00084539
1778556257.834282 0.07530462 0.01290762 0.00236054 -0.00002211 0.00006504 0.00084594
1778556257.900997 0.07557033 0.01356922 0.00235313 -0.00001841 0.00006530 0.00084947
1778556257.967713 0.07583564 0.01421184 0.00252644 -0.00002099 0.00005752 0.00085396
1778556258.034430 0.07744800 0.01492230 0.00264114 -0.00002329 0.00005493 0.00085472
1778556258.101147 0.07686351 0.01553510 0.00244608 -0.00002282 0.00005574 0.00085564
1778556258.167865 0.07841460 0.01624736 0.00279408 -0.00001914 0.00005524 0.00085956
1778556258.234582 0.07849059 0.01709914 0.00242013 -0.00001180 0.00005939 0.00086167
1778556258.301300 0.07881211 0.01797512 0.00291035 -0.00001406 0.00005757 0.00086397
1778556258.368017 0.07948610 0.01865060 0.00260800 -0.00001150 0.00005898 0.00086578
1778556258.434735 0.07944348 0.01928680 0.00262189 -0.00001478 0.00006092 0.00086740
1778556258.501452 0.08008247 0.01981063 0.00275340 -0.00001651 0.00006063 0.00086855
1778556258.568170 0.08055189 0.02071607 0.00215525 -0.00001258 0.00007020 0.00086966
1778556258.634887 0.08087743 0.02162082 0.00245144 -0.00001260 0.00006685 0.00087014
1778556258.701605 0.08213826 0.02269611 0.00261679 -0.00001003 0.00006660 0.00086647
1778556258.768323 0.08279749 0.02384264 0.00215370 -0.00000177 0.00007224 0.00086536
1778556258.835040 0.08335287 0.02479543 0.00225735 -0.00000287 0.00007013 0.00086448
1778556258.901758 0.08377706 0.02575046 0.00259208 -0.00000261 0.00007058 0.00086442
1778556258.968475 0.08534596 0.02712605 0.00213259 0.00000352 0.00008236 0.00086303
1778556259.035190 0.08545075 0.02804724 0.00215067 -0.00000052 0.00007626 0.00086346
1778556259.101906 0.08647692 0.02906520 0.00253185 -0.00000338 0.00007446 0.00086394
1778556259.168622 0.08693578 0.02997726 0.00239639 -0.00000188 0.00007398 0.00086268
1778556259.235338 0.08789310 0.03079135 0.00247788 -0.00000115 0.00007222 0.00086121
1778556259.302053 0.08729467 0.03166511 0.00244308 0.00000001 0.00007243 0.00086124
1778556259.368769 0.08834063 0.03230936 0.00243957 0.00000326 0.00007464 0.00086253
1778556259.435485 0.08855390 0.03325769 0.00238890 0.00000501 0.00007792 0.00086173
1778556259.502201 0.08861251 0.03404039 0.00257823 0.00000364 0.00007636 0.00085909
1778556259.568916 0.08964155 0.03507297 0.00244663 0.00000330 0.00007448 0.00085733
1778556259.635632 0.09068376 0.03635900 0.00194900 0.00000872 0.00008423 0.00085692
1778556259.702348 0.09108196 0.03752957 0.00209894 0.00000424 0.00007764 0.00085473
1778556259.769063 0.09149507 0.03850969 0.00248692 0.00000033 0.00007561 0.00085492
1778556259.835779 0.09174481 0.03930466 0.00239882 -0.00000135 0.00007766 0.00085425
1778556259.902495 0.09320022 0.04102401 0.00190455 0.00000522 0.00008486 0.00085186
1778556259.969210 0.09417431 0.04259858 0.00217657 0.00000528 0.00007972 0.00085127
1778556260.035925 0.09549203 0.04388263 0.00239728 0.00000449 0.00007824 0.00085272
1778556260.102640 0.09813990 0.04609012 0.00185103 0.00000987 0.00008385 0.00085124
1778556260.169355 0.09889641 0.04781324 0.00210634 0.00000682 0.00007919 0.00084946
1778556260.236070 0.09975653 0.04888341 0.00223544 0.00000546 0.00007737 0.00085256
1778556260.302785 0.10219353 0.05108022 0.00185637 0.00001266 0.00008141 0.00085337
1778556260.369500 0.10352643 0.05271171 0.00176919 0.00001490 0.00008386 0.00085327
1778556260.436215 0.10378851 0.05393336 0.00177912 0.00001552 0.00008234 0.00085131
1778556260.502930 0.10498672 0.05515538 0.00178437 0.00001550 0.00008127 0.00085001
1778556260.569645 0.10620062 0.05642071 0.00179209 0.00001859 0.00007831 0.00084884
1778556260.636360 0.10649173 0.05750448 0.00164682 0.00001832 0.00007375 0.00084798
1778556260.703074 0.10849002 0.05941627 0.00211269 0.00001548 0.00007022 0.00084780
1778556260.769789 0.10992054 0.06146198 0.00161943 0.00002351 0.00007916 0.00084530
1778556260.836504 0.10990307 0.06290246 0.00161500 0.00002342 0.00008024 0.00084438
1778556260.903219 0.11044125 0.06396969 0.00170862 0.00002194 0.00007668 0.00084704
1778556260.969934 0.11104723 0.06545245 0.00201946 0.00001910 0.00007297 0.00084658
1778556261.036649 0.11183582 0.06689594 0.00197456 0.00002100 0.00007125 0.00084458
1778556261.103364 0.11426809 0.06887161 0.00158411 0.00002896 0.00008262 0.00084279
1778556261.170080 0.11520485 0.07061078 0.00160309 0.00002311 0.00007908 0.00084171
1778556261.236795 0.11459067 0.07187463 0.00177042 0.00001743 0.00007525 0.00083856
1778556261.303510 0.11377771 0.07268090 0.00191104 0.00001614 0.00007763 0.00083809
1778556261.370225 0.11385143 0.07361136 0.00185357 0.00001935 0.00007781 0.00083612
1778556261.436940 0.11585863 0.07613449 0.00162693 0.00002299 0.00008001 0.00083392
1778556261.503655 0.11585864 0.07613449 0.00162693 -0.00043426 -0.00017428 0.00077095
1778556261.570370 0.11585864 0.07613449 0.00162693 -0.00006937 -0.00017199 0.00029350
1778556261.637085 0.11585864 0.07613449 0.00162693 -0.00015672 0.00001270 0.00043203
1778556261.703800 0.11585864 0.07613449 0.00162693 -0.00007906 -0.00020019 0.00073019
1778556261.770516 0.11585863 0.07613449 0.00162693 0.00045882 0.00060769 0.00079647
1778556261.837230 0.11585863 0.07613450 0.00162692 -0.00008522 0.00046296 0.00069580
1778556261.903945 0.11585863 0.07613450 0.00162692 0.00041976 -0.00000741 0.00031382
1778556261.970661 0.11585864 0.07613450 0.00162692 0.00011157 0.00005142 0.00028632
1778556262.037377 0.11585864 0.07613450 0.00162692 -0.00007122 -0.00034454 0.00061143
1778556262.104093 0.11585864 0.07613450 0.00162692 0.00003329 0.00039383 0.00108790
1778556262.170808 0.11585863 0.07613450 0.00162692 0.00003600 -0.00052595 0.00044331
1778556262.237524 0.11585863 0.07613450 0.00162692 0.00032375 0.00000373 0.00085259
1778556262.304240 0.11585863 0.07613450 0.00162692 0.00031413 0.00006266 0.00095687
1778556262.370955 0.11585864 0.07613450 0.00162692 -0.00028569 0.00033852 0.00074808
1778556262.437671 0.11585863 0.07613450 0.00162692 -0.00018267 0.00015396 0.00040878
1778556262.504387 0.11585863 0.07613450 0.00162692 -0.00064709 0.00017984 0.00045766
1778556262.571103 0.11585863 0.07613450 0.00162692 0.00041218 -0.00003067 0.00147294
1778556262.637819 0.11585864 0.07613449 0.00162692 -0.00038109 -0.00028964 0.00078180
1778556262.704535 0.11585864 0.07613449 0.00162692 -0.00013877 0.00064828 0.00042025
1778556262.771250 0.11585864 0.07613449 0.00162691 0.00013076 -0.00017589 0.00104206
1778556262.837966 0.11585864 0.07613449 0.00162691 0.00001751 -0.00013979 0.00064543
1778556262.904682 0.11585865 0.07613449 0.00162692 0.00063976 -0.00031575 0.00091160
1778556262.971398 0.11585865 0.07613449 0.00162692 -0.00013361 0.00040189 0.00048571
1778556263.038114 0.11585865 0.07613449 0.00162692 -0.00014762 -0.00010175 0.00051827
1778556263.104830 0.11585864 0.07613449 0.00162692 0.00060926 0.00009151 0.00085379
1778556263.171547 0.11585864 0.07613449 0.00162692 -0.00002445 -0.00006741 0.00068428
1778556263.238263 0.11585864 0.07613449 0.00162692 -0.00024989 0.00001090 0.00046904
1778556263.304980 0.11585864 0.07613449 0.00162692 0.00019140 0.00022945 0.00116229
1778556263.371696 0.11585864 0.07613449 0.00162692 0.00003020 -0.00019022 0.00023011
1778556263.438412 0.11585864 0.07613449 0.00162692 -0.00022737 0.00010977 0.00055194
1778556263.505129 0.11585864 0.07613449 0.00162692 -0.00006236 0.00015118 0.00100288
1778556263.571845 0.11585864 0.07613449 0.00162692 0.00001989 0.00029844 0.00034382
1778556263.638561 0.11585865 0.07613449 0.00162692 0.00013968 0.00009902 0.00044835
1778556263.705278 0.11585865 0.07613449 0.00162692 -0.00004411 -0.00001237 0.00047524
1778556263.771994 0.11585865 0.07613449 0.00162692 -0.00000020 -0.00030987 0.00063014
1778556263.838711 0.11585869 0.07613449 0.00162692 -0.00002865 -0.00015382 0.00050486
1778556263.905427 0.11585869 0.07613449 0.00162692 -0.00013770 -0.00009461 0.00064309
1778556263.972143 0.11585869 0.07613449 0.00162692 0.00003611 0.00030505 0.00061409
1778556264.038858 0.11585868 0.07613449 0.00162692 0.00008037 0.00026996 0.00036003
1778556264.105573 0.11585868 0.07613449 0.00162693 -0.00015629 -0.00021503 0.00056934
1778556264.172288 0.11585868 0.07613449 0.00162693 -0.00023733 -0.00012435 0.00069068
1778556264.239003 0.11585868 0.07613450 0.00162693 0.00013773 -0.00009247 0.00058670
1778556264.305717 0.11585868 0.07613450 0.00162693 -0.00024009 0.00004745 0.00050053
1778556264.372432 0.11585867 0.07613450 0.00162693 0.00025748 -0.00010600 0.00045909
1778556264.439147 0.11585866 0.07613450 0.00162693 0.00021377 0.00024510 0.00038802
1778556264.505862 0.11585866 0.07613450 0.00162693 0.00025735 0.00004552 0.00051660
1778556264.572577 0.11585866 0.07613450 0.00162693 -0.00027777 0.00029694 0.00055845
1778556264.639292 0.11585866 0.07613450 0.00162693 0.00005172 -0.00030128 0.00050124
1778556264.706006 0.11585866 0.07613450 0.00162693 -0.00070620 0.00054974 0.00068375
1778556264.772721 0.11585866 0.07613450 0.00162693 -0.00010505 0.00030367 0.00039187
1778556264.839436 0.11585867 0.07613450 0.00162693 -0.00070442 -0.00014675 0.00016151
1778556264.906150 0.11585866 0.07613450 0.00162693 0.00027966 -0.00011262 0.00063110
1778556264.972866 0.11585866 0.07613450 0.00162693 0.00001855 0.00008829 0.00056269
1778556265.039583 0.11585866 0.07613450 0.00162693 -0.00021578 0.00023442 -0.00009730
1778556265.106301 0.11585866 0.07613450 0.00162693 -0.00008333 0.00048572 0.00056614
1778556265.173018 0.11585865 0.07613451 0.00162693 -0.00013714 -0.00020503 0.00024327
1778556265.239736 0.11585865 0.07613451 0.00162693 0.00009806 0.00051211 0.00044791
1778556265.306453 0.11585865 0.07613451 0.00162693 -0.00029182 0.00060618 0.00041843
1778556265.373170 0.11585865 0.07613451 0.00162693 0.00024526 0.00000695 0.00058296
1778556265.439888 0.11585865 0.07613450 0.00162693 -0.00017459 0.00054747 0.00039954
1778556265.506605 0.11585865 0.07613450 0.00162693 0.00015125 -0.00009711 0.00102814
1778556265.573323 0.11585865 0.07613450 0.00162693 -0.00010962 0.00029815 0.00031421
1778556265.640040 0.11585865 0.07613450 0.00162693 0.00026042 0.00000855 0.00054289
1778556265.706758 0.11585862 0.07613450 0.00162693 -0.00025521 -0.00033960 0.00078557
1778556265.773475 0.11585863 0.07613450 0.00162693 0.00000353 0.00018324 0.00049590
1778556265.840192 0.11585863 0.07613450 0.00162693 -0.00026404 -0.00026379 0.00066940
1778556265.906910 0.11585863 0.07613450 0.00162693 -0.00034817 0.00036163 0.00012363
1778556265.973627 0.11585863 0.07613450 0.00162693 -0.00022075 -0.00021871 0.00036039
1778556266.040344 0.11585863 0.07613450 0.00162693 0.00009726 0.00008476 0.00023149
1778556266.107060 0.11585864 0.07613449 0.00162693 0.00018575 -0.00013160 0.00021805
1778556266.173777 0.11585864 0.07613449 0.00162693 -0.00007957 -0.00024785 0.00085562
1778556266.240494 0.11585863 0.07613450 0.00162693 -0.00053578 -0.00010791 0.00047904
1778556266.307211 0.11585863 0.07613450 0.00162693 -0.00001518 0.00021049 0.00049917
1778556266.373928 0.11585863 0.07613450 0.00162693 -0.00004112 0.00034677 0.00013943
1778556266.440644 0.11585863 0.07613450 0.00162693 0.00021472 -0.00012278 0.00006112
1778556266.507361 0.11585863 0.07613450 0.00162693 0.00000600 0.00005133 0.00089099
1778556266.574078 0.11585863 0.07613450 0.00162693 -0.00028842 0.00054242 0.00089329
1778556266.640795 0.11585863 0.07613450 0.00162693 0.00000844 -0.00000645 0.00018100
1778556266.707512 0.11585863 0.07613450 0.00162693 -0.00011410 0.00000775 0.00072148
1778556266.774229 0.11585863 0.07613450 0.00162693 0.00047162 -0.00008421 0.00036268
1778556266.840945 0.11585863 0.07613450 0.00162693 0.00022721 -0.00027491 0.00026208
1778556266.907662 0.11585866 0.07613449 0.00162693 0.00023425 0.00030784 0.00031190
1778556266.974378 0.11585869 0.07613449 0.00162694 0.00009047 0.00060773 0.00047801
1778556267.041094 0.11585869 0.07613449 0.00162694 0.00011786 -0.00002521 0.00085630
1778556267.107809 0.11585869 0.07613449 0.00162694 0.00035885 0.00008266 0.00017303
1778556267.174524 0.11585869 0.07613449 0.00162694 0.00001656 0.00042329 0.00039314
1778556267.241240 0.11585869 0.07613450 0.00162694 0.00022736 0.00005269 0.00058310
1778556267.307955 0.11585869 0.07613450 0.00162694 -0.00011184 0.00014887 0.00055835
1778556267.374670 0.11585869 0.07613450 0.00162694 -0.00008347 -0.00036014 0.00056340
1778556267.441385 0.11585869 0.07613450 0.00162694 -0.00020881 -0.00047678 0.00028164
1778556267.508100 0.11585869 0.07613450 0.00162694 0.00054023 0.00021026 0.00042493
1778556267.574816 0.11585869 0.07613450 0.00162695 0.00015490 0.00005723 0.00060027
1778556267.641531 0.11585869 0.07613450 0.00162694 0.00006250 0.00011104 0.00050385
1778556267.708246 0.11585869 0.07613450 0.00162694 0.00022627 -0.00011016 0.00051483
1778556267.774961 0.11585869 0.07613450 0.00162694 -0.00025109 -0.00042963 0.00024909
1778556267.841676 0.11585869 0.07613450 0.00162694 -0.00037559 -0.00033876 0.00046071
1778556267.908391 0.11585869 0.07613450 0.00162694 -0.00005466 0.00023772 0.00056349
1778556267.975108 0.11585869 0.07613450 0.00162694 0.00025964 0.00019134 0.00048305
1778556268.041828 0.11585869 0.07613450 0.00162694 -0.00008496 -0.00016226 0.00038002
1778556268.108548 0.11585868 0.07613450 0.00162694 -0.00006688 -0.00060612 0.00053969
1778556268.175267 0.11585868 0.07613450 0.00162694 -0.00032437 0.00013688 -0.00010669
1778556268.241987 0.11585868 0.07613450 0.00162694 0.00041743 0.00005679 0.00043311
1778556268.308707 0.11585868 0.07613450 0.00162694 0.00023875 -0.00006865 0.00045405
1778556268.375426 0.11585869 0.07613450 0.00162694 0.00020466 0.00010326 0.00014900
1778556268.442146 0.11585869 0.07613450 0.00162694 -0.00055441 -0.00005506 0.00038818
1778556268.508866 0.11585869 0.07613450 0.00162694 -0.00034521 -0.00018059 0.00040577
1778556268.575586 0.11585869 0.07613450 0.00162694 0.00001424 0.00005251 0.00049018
1778556268.642306 0.11585869 0.07613450 0.00162694 -0.00036342 0.00006301 0.00016074
1778556268.709026 0.11585869 0.07613450 0.00162694 -0.00028619 -0.00005189 0.00005379
1778556268.775746 0.11585868 0.07613450 0.00162694 -0.00005200 -0.00010799 0.00038124
1778556268.842466 0.11585868 0.07613450 0.00162694 0.00034793 0.00039221 0.00049086
1778556268.909186 0.11585868 0.07613450 0.00162694 -0.00011238 -0.00040706 0.00042497
1778556268.975905 0.11585868 0.07613450 0.00162694 -0.00155945 -0.00016656 0.00001084
1778556269.042624 0.11585868 0.07613450 0.00162694 -0.00052609 0.00059958 0.00048056
1778556269.109343 0.11585868 0.07613450 0.00162694 -0.00032145 0.00054329 0.00029044
1778556269.176062 0.11585866 0.07613451 0.00162695 0.00007742 0.00058084 0.00051070
1778556269.242780 0.11585866 0.07613451 0.00162695 0.00024225 -0.00009841 0.00026232
1778556269.309499 0.11585867 0.07613451 0.00162694 0.00014301 0.00030680 0.00015488
1778556269.376218 0.11585867 0.07613451 0.00162694 0.00020469 -0.00023478 0.00049714
1778556269.442937 0.11585867 0.07613451 0.00162695 -0.00004702 -0.00026401 0.00019736
1778556269.509656 0.11585867 0.07613451 0.00162695 -0.00008135 0.00038024 0.00034612
1778556269.576375 0.11585867 0.07613451 0.00162695 0.00012914 0.00022165 0.00055611
1778556269.643094 0.11585867 0.07613451 0.00162695 0.00013787 0.00027402 0.00038873
1778556269.709813 0.11585867 0.07613451 0.00162695 -0.00012697 -0.00003939 0.00021739
1778556269.776532 0.11585867 0.07613451 0.00162695 0.00020870 -0.00034155 0.00026350
1778556269.843251 0.11585867 0.07613451 0.00162695 0.00041762 0.00039607 0.00076860
1778556269.909971 0.11585866 0.07613451 0.00162695 -0.00027658 0.00031449 0.00007349
1778556269.976688 0.11585866 0.07613451 0.00162695 0.00028642 0.00021150 0.00053441
1778556270.043403 0.11585868 0.07613451 0.00162695 -0.00008832 0.00014601 0.00052132
1778556270.110119 0.11585868 0.07613451 0.00162695 0.00039440 -0.00017832 0.00048901
1778556270.176835 0.11585868 0.07613451 0.00162695 0.00053518 0.00003781 0.00064259
1778556270.243550 0.11585868 0.07613451 0.00162695 0.00052152 0.00040776 0.00011439
1778556270.310266 0.11585868 0.07613451 0.00162695 -0.00001711 -0.00012309 0.00031954
1778556270.376981 0.11585868 0.07613451 0.00162695 0.00013590 -0.00011996 0.00059212
1778556270.443697 0.11585868 0.07613451 0.00162695 -0.00041147 -0.00030132 0.00069778
1778556270.510412 0.11585868 0.07613451 0.00162695 0.00000689 -0.00008949 0.00006753
1778556270.577128 0.11585867 0.07613452 0.00162696 -0.00001623 0.00006326 0.00013957
1778556270.643843 0.11585867 0.07613451 0.00162696 -0.00018700 -0.00007528 0.00002777
1778556270.710559 0.11585868 0.07613451 0.00162696 -0.00029227 -0.00000690 0.00007563
1778556270.777274 0.11585869 0.07613450 0.00162697 -0.00026410 -0.00025404 -0.00025361
1778556270.843990 0.11585869 0.07613450 0.00162697 0.00038054 0.00024234 0.00070652
1778556270.910705 0.11585869 0.07613450 0.00162697 0.00035856 -0.00006125 0.00050006
1778556270.977420 0.11585869 0.07613450 0.00162697 0.00009824 0.00049565 0.00025008
1778556271.044136 0.11585869 0.07613450 0.00162697 -0.00009197 0.00014131 0.00013967
1778556271.110852 0.11585869 0.07613450 0.00162697 -0.00033213 -0.00032291 0.00067115
1778556271.177567 0.11585869 0.07613450 0.00162697 0.00023791 0.00007555 0.00094621
1778556271.244282 0.11585868 0.07613450 0.00162697 -0.00019355 -0.00019035 0.00006257
1778556271.310998 0.11585868 0.07613450 0.00162697 -0.00025805 0.00028655 0.00035769
1778556271.377713 0.11585868 0.07613450 0.00162697 0.00025652 0.00000492 0.00016088
1778556271.444429 0.11585868 0.07613450 0.00162697 0.00087304 0.00013376 0.00046935
1778556271.511144 0.11585868 0.07613450 0.00162697 -0.00002751 -0.00039278 0.00001347
1778556271.577860 0.11585868 0.07613450 0.00162697 0.00040199 0.00009822 0.00049114
1778556271.644575 0.11585868 0.07613450 0.00162697 0.00033673 0.00023864 0.00068269
1778556271.711291 0.11585868 0.07613450 0.00162697 0.00048130 -0.00044437 0.00006121
1778556271.778006 0.11585868 0.07613450 0.00162697 -0.00038612 0.00000503 0.00017458
1778556271.844721 0.11585868 0.07613450 0.00162697 0.00002944 0.00009915 0.00017209
1778556271.911437 0.11585869 0.07613449 0.00162697 0.00056485 0.00060909 0.00054929
1778556271.978152 0.11585870 0.07613448 0.00162697 0.00047386 -0.00016452 -0.00011463
1778556272.044868 0.11585870 0.07613448 0.00162697 0.00023412 -0.00038879 0.00034619
1778556272.111583 0.11585870 0.07613448 0.00162697 0.00006890 0.00032755 0.00012204
1778556272.178299 0.11585870 0.07613448 0.00162697 0.00003737 -0.00006942 0.00029556
1778556272.245015 0.11585870 0.07613448 0.00162697 -0.00041209 -0.00016696 0.00058444
1778556272.311730 0.11585870 0.07613448 0.00162697 -0.00030135 0.00009607 0.00052054
1778556272.378446 0.11585870 0.07613448 0.00162697 0.00042346 0.00012916 0.00043065
1778556272.445161 0.11585870 0.07613448 0.00162697 0.00021755 0.00026680 0.00013788
1778556272.511877 0.11585869 0.07613448 0.00162697 0.00004940 -0.00020188 0.00059926
1778556272.578593 0.11585869 0.07613448 0.00162697 -0.00014346 -0.00011258 0.00015755
1778556272.645308 0.11585869 0.07613448 0.00162697 -0.00002969 -0.00023099 -0.00006336
1778556272.712023 0.11585869 0.07613448 0.00162697 0.00016454 -0.00012598 0.00003498
1778556272.778739 0.11585869 0.07613448 0.00162697 0.00042059 0.00004636 0.00034987
1778556272.845454 0.11585869 0.07613448 0.00162697 0.00006794 -0.00025968 0.00012932
1778556272.912170 0.11585869 0.07613448 0.00162697 0.00007618 -0.00023012 0.00002420
1778556272.978886 0.11585869 0.07613448 0.00162697 0.00033466 0.00001797 0.00033717
1778556273.045603 0.11585870 0.07613448 0.00162697 0.00032321 0.00002275 0.00052376
1778556273.112319 0.11585870 0.07613448 0.00162697 -0.00016519 0.00058261 0.00026978
1778556273.179036 0.11585870 0.07613448 0.00162697 0.00002530 0.00015508 0.00020674
1778556273.245752 0.11585870 0.07613448 0.00162697 0.00000383 0.00035736 0.00048242
1778556273.312469 0.11585870 0.07613448 0.00162697 -0.00003266 -0.00009443 0.00018671
1778556273.379185 0.11585870 0.07613448 0.00162697 0.00004657 -0.00028334 0.00033506
1778556273.445902 0.11585870 0.07613448 0.00162697 -0.00019743 -0.00004795 0.00049721
1778556273.512619 0.11585871 0.07613447 0.00162697 -0.00019686 -0.00004549 0.00021595
1778556273.579335 0.11585871 0.07613447 0.00162697 -0.00002875 -0.00016192 0.00000747
1778556273.646052 0.11585871 0.07613447 0.00162697 0.00045739 -0.00013265 0.00031277
1778556273.712769 0.11585871 0.07613447 0.00162697 0.00035457 0.00018799 0.00045994
1778556273.779485 0.11585871 0.07613447 0.00162698 -0.00019427 0.00008377 0.00067859
1778556273.846202 0.11585871 0.07613447 0.00162698 0.00000501 0.00016291 -0.00000947
1778556273.912919 0.11585871 0.07613447 0.00162698 -0.00037401 -0.00005134 0.00012718
1778556273.979635 0.11585871 0.07613447 0.00162698 -0.00013226 0.00007624 0.00053112
1778556274.046351 0.11585871 0.07613447 0.00162698 -0.00044305 -0.00019459 0.00006416
1778556274.113067 0.11585871 0.07613447 0.00162698 0.00069648 0.00001224 0.00014367
1778556274.179783 0.11585870 0.07613448 0.00162699 0.00081297 -0.00029937 0.00037503
1778556274.246499 0.11585870 0.07613448 0.00162699 0.00007459 0.00026297 0.00018129
1778556274.313215 0.11585870 0.07613448 0.00162699 -0.00012982 0.00016992 0.00023871
1778556274.379931 0.11585870 0.07613448 0.00162699 -0.00063713 -0.00003971 -0.00016358
1778556274.446647 0.11585870 0.07613448 0.00162699 0.00022965 -0.00033046 0.00032869
1778556274.513363 0.11585870 0.07613448 0.00162699 0.00046812 -0.00006653 0.00060244
1778556274.580079 0.11585871 0.07613448 0.00162699 -0.00017908 -0.00005473 -0.00016120
1778556274.646796 0.11585870 0.07613448 0.00162699 -0.00003889 0.00050769 0.00020214
1778556274.713511 0.11585870 0.07613448 0.00162699 -0.00031834 -0.00012024 0.00031053
1778556274.780227 0.11585870 0.07613448 0.00162699 -0.00049405 0.00053435 -0.00005422
1778556274.846944 0.11585870 0.07613448 0.00162699 -0.00012447 0.00014116 -0.00014374
1778556274.913660 0.11585870 0.07613448 0.00162699 0.00016934 -0.00013761 0.00017949
1778556274.980376 0.11585870 0.07613448 0.00162699 0.00017098 -0.00045266 0.00036132
1778556275.047092 0.11585870 0.07613448 0.00162699 0.00015722 0.00023309 0.00036618
1778556275.113808 0.11585870 0.07613448 0.00162699 -0.00032256 0.00015753 0.00008992
1778556275.180524 0.11585870 0.07613448 0.00162699 -0.00036361 0.00086326 -0.00007388
1778556275.247240 0.11585870 0.07613448 0.00162699 -0.00011073 -0.00029337 0.00070226
1778556275.313956 0.11585870 0.07613448 0.00162699 -0.00015952 0.00047071 -0.00011057
1778556275.380673 0.11585870 0.07613448 0.00162699 -0.00002752 0.00042348 0.00063183
1778556275.447389 0.11585870 0.07613448 0.00162699 -0.00037967 0.00028350 0.00012363
1778556275.514105 0.11585870 0.07613449 0.00162699 -0.00031999 0.00032772 0.00045284
1778556275.580821 0.11585870 0.07613449 0.00162699 0.00008254 0.00008040 0.00055473
1778556275.647537 0.11585870 0.07613449 0.00162699 -0.00034417 0.00002348 0.00009418
1778556275.714253 0.11585870 0.07613449 0.00162699 0.00043265 0.00001518 0.00069709
1778556275.780969 0.11585870 0.07613448 0.00162699 0.00040337 -0.00063173 0.00057328
1778556275.847686 0.11585869 0.07613448 0.00162699 -0.00019624 0.00032098 -0.00000187
1778556275.914402 0.11585869 0.07613448 0.00162699 0.00009383 0.00005117 0.00002442
1778556275.981118 0.11585869 0.07613448 0.00162699 -0.00039302 0.00000075 -0.00020040
1778556276.047833 0.11585869 0.07613448 0.00162699 -0.00000665 -0.00036762 0.00026565
1778556276.114549 0.11585869 0.07613448 0.00162699 0.00028136 0.00026186 -0.00001096
1778556276.181265 0.11585869 0.07613448 0.00162699 0.00050694 0.00000265 0.00058848
1778556276.247980 0.11585870 0.07613448 0.00162698 -0.00009755 0.00025941 0.00066951
1778556276.314696 0.11585870 0.07613447 0.00162698 -0.00062427 -0.00019087 -0.00014383
1778556276.381412 0.11585871 0.07613447 0.00162698 -0.00014802 -0.00001747 0.00037794
1778556276.448128 0.11585871 0.07613447 0.00162698 0.00006517 0.00003491 0.00046556
1778556276.514843 0.11585871 0.07613447 0.00162698 -0.00058532 0.00017460 0.00026517
1778556276.581559 0.11585871 0.07613447 0.00162698 -0.00001933 0.00002011 0.00044539
1778556276.648275 0.11585871 0.07613447 0.00162698 -0.00060692 0.00045854 0.00027777
1778556276.714990 0.11585871 0.07613447 0.00162698 0.00020036 -0.00012831 0.00021600
1778556276.781706 0.11585870 0.07613447 0.00162697 -0.00003082 0.00030397 0.00024440
1778556276.848422 0.11585871 0.07613448 0.00162699 0.00015747 -0.00001267 -0.00016062
1778556276.915137 0.11585872 0.07613448 0.00162699 -0.00018856 -0.00006294 0.00047262
1778556276.981854 0.11585871 0.07613448 0.00162699 -0.00022117 0.00023977 0.00025476
1778556277.048573 0.11585871 0.07613448 0.00162699 -0.00041569 -0.00007355 0.00046755
1778556277.115291 0.11585871 0.07613448 0.00162699 -0.00010107 -0.00021374 0.00009700
1778556277.182009 0.11585871 0.07613448 0.00162699 -0.00001961 -0.00037084 0.00029029
1778556277.248728 0.11585871 0.07613448 0.00162699 0.00009581 0.00019448 0.00031980
1778556277.315446 0.11585871 0.07613448 0.00162699 0.00043625 0.00009027 0.00037498
1778556277.382164 0.11585871 0.07613448 0.00162699 -0.00020960 -0.00067947 0.00030769
1778556277.448883 0.11585871 0.07613448 0.00162699 0.00068575 0.00013404 0.00001936
1778556277.515602 0.11585871 0.07613448 0.00162699 0.00020551 0.00002931 0.00085971
1778556277.582320 0.11585871 0.07613448 0.00162699 -0.00049260 -0.00021520 0.00059087
1778556277.649039 0.11585871 0.07613448 0.00162699 0.00028139 0.00045341 0.00011826
1778556277.715757 0.11585871 0.07613448 0.00162699 0.00015473 0.00041923 0.00020907
1778556277.782476 0.11585871 0.07613448 0.00162700 -0.00011840 -0.00026889 0.00004435
1778556277.849194 0.11585871 0.07613448 0.00162700 -0.00040425 0.00072988 0.00021928
1778556277.915913 0.11585871 0.07613448 0.00162700 -0.00012903 0.00029053 -0.00008863
1778556277.982630 0.11585871 0.07613448 0.00162700 -0.00038374 -0.00085633 -0.00047093
1778556278.049345 0.11585871 0.07613448 0.00162700 -0.00022470 0.00009130 -0.00007748
1778556278.116060 0.11585871 0.07613448 0.00162700 -0.00009934 0.00014317 0.00022609
1778556278.182775 0.11585870 0.07613448 0.00162699 -0.00037441 0.00001936 0.00051926
1778556278.249490 0.11585870 0.07613448 0.00162700 -0.00018731 -0.00057627 0.00020689
1778556278.316205 0.11585870 0.07613448 0.00162700 -0.00053309 0.00016463 0.00007749
1778556278.382920 0.11585870 0.07613448 0.00162700 0.00010145 0.00009695 -0.00015454
1778556278.449635 0.11585870 0.07613448 0.00162699 0.00005307 -0.00022885 0.00017994
1778556278.516350 0.11585870 0.07613448 0.00162698 0.00054753 0.00006642 0.00060525
1778556278.583065 0.11585870 0.07613448 0.00162698 -0.00028131 -0.00032036 -0.00065653
1778556278.649780 0.11585870 0.07613448 0.00162698 -0.00034172 -0.00042333 -0.00009083
1778556278.716495 0.11585870 0.07613448 0.00162697 0.00037807 -0.00058099 0.00046547
1778556278.783210 0.11585870 0.07613448 0.00162697 0.00010697 -0.00031537 0.00004057
1778556278.849924 0.11585870 0.07613448 0.00162698 -0.00035180 -0.00019744 0.00030193
1778556278.916639 0.11585870 0.07613448 0.00162698 0.00018306 -0.00002746 0.00055319
1778556278.983354 0.11585870 0.07613448 0.00162697 -0.00010657 0.00029392 0.00010874
1778556279.050070 0.11585871 0.07613448 0.00162698 -0.00005925 0.00071669 0.00031918
1778556279.116785 0.11585871 0.07613448 0.00162698 -0.00045075 -0.00057466 -0.00020162
1778556279.183501 0.11585870 0.07613448 0.00162698 0.00001012 0.00046154 0.00028872
1778556279.250216 0.11585870 0.07613448 0.00162699 0.00001468 -0.00076418 0.00055542
1778556279.316932 0.11585870 0.07613448 0.00162699 -0.00040034 0.00068780 0.00008775
1778556279.383648 0.11585870 0.07613448 0.00162699 0.00007566 0.00023720 0.00007415
1778556279.450363 0.11585870 0.07613448 0.00162699 -0.00036337 -0.00018680 0.00023361
1778556279.517079 0.11585871 0.07613448 0.00162700 -0.00031839 0.00027196 0.00009606
1778556279.583794 0.11585871 0.07613448 0.00162700 -0.00035337 -0.00007433 -0.00007361
1778556279.650510 0.11585871 0.07613448 0.00162700 -0.00035440 0.00053892 0.00068262
1778556279.717225 0.11585871 0.07613448 0.00162700 -0.00013530 -0.00045276 -0.00003986
1778556279.783941 0.11585871 0.07613448 0.00162700 -0.00003669 0.00024493 0.00025174
1778556279.850656 0.11585871 0.07613448 0.00162701 -0.00032369 -0.00032514 0.00083149
1778556279.917372 0.11585871 0.07613448 0.00162701 0.00029835 0.00066455 0.00007894
1778556279.984087 0.11585871 0.07613448 0.00162701 -0.00056338 -0.00073720 0.00005492
1778556280.050802 0.11585871 0.07613448 0.00162700 -0.00056902 0.00006050 -0.00013566
1778556280.117517 0.11585871 0.07613448 0.00162701 0.00001307 0.00036100 0.00013772
1778556280.184232 0.11585870 0.07613449 0.00162701 -0.00032943 0.00052059 0.00008431
1778556280.250946 0.11585870 0.07613449 0.00162701 0.00002621 0.00043072 0.00035554
1778556280.317661 0.11585870 0.07613448 0.00162701 0.00065999 -0.00060972 -0.00052889
1778556280.384376 0.11585870 0.07613449 0.00162701 0.00057325 -0.00020455 -0.00002819
1778556280.451091 0.11585870 0.07613449 0.00162701 0.00008810 -0.00013756 0.00048979
1778556280.517805 0.11585869 0.07613450 0.00162702 -0.00006403 0.00011898 0.00014000
1778556280.584520 0.11585869 0.07613450 0.00162702 -0.00055450 -0.00137727 -0.00029248
1778556280.651235 0.11585868 0.07613451 0.00162700 0.00056992 -0.00025032 0.00063489
1778556280.717949 0.11585868 0.07613451 0.00162701 0.00048862 0.00091805 0.00000829
1778556280.784664 0.11585869 0.07613453 0.00162699 0.00006979 -0.00028406 -0.00033264
1778556280.851378 0.11585869 0.07613453 0.00162698 -0.00038982 -0.00082299 -0.00005399
1778556280.918093 0.11585868 0.07613453 0.00162698 0.00008664 -0.00030168 0.00019052
1778556280.984808 0.11585868 0.07613453 0.00162698 -0.00006087 0.00019505 0.00011016
1778556281.051524 0.11585868 0.07613453 0.00162698 0.00020339 -0.00054330 -0.00072279
1778556281.118241 0.11585868 0.07613453 0.00162698 -0.00027323 -0.00001323 0.00061803
1778556281.184957 0.11585868 0.07613453 0.00162698 -0.00017396 0.00058042 0.00025311
1778556281.251673 0.11585868 0.07613453 0.00162698 0.00010992 -0.00086078 0.00018726
1778556281.318389 0.11585867 0.07613453 0.00162698 0.00064651 0.00015012 0.00018608
1778556281.385105 0.11585867 0.07613453 0.00162698 0.00037881 0.00030634 -0.00020908
1778556281.451821 0.11585867 0.07613453 0.00162697 -0.00006277 -0.00020170 -0.00030378
1778556281.518537 0.11585867 0.07613452 0.00162697 0.00007330 0.00063909 -0.00030273
1778556281.585253 0.11585867 0.07613453 0.00162697 0.00053932 0.00026364 -0.00074791
1778556281.651969 0.11585866 0.07613453 0.00162697 0.00003512 -0.00050290 -0.00072082
1778556281.718686 0.11585866 0.07613453 0.00162697 0.00031591 -0.00035961 -0.00015206
1778556281.785402 0.11585866 0.07613453 0.00162697 0.00036590 -0.00003270 0.00046489
1778556281.852118 0.11585866 0.07613453 0.00162697 -0.00038057 -0.00018574 -0.00193805
1778556281.918834 0.11585866 0.07613453 0.00162697 -0.00004020 -0.00012437 -0.00024830
1778556281.985550 0.11585866 0.07613453 0.00162697 -0.00108780 -0.00068326 0.00024500
1778556282.052265 0.11585866 0.07613453 0.00162697 -0.00044972 -0.00034367 -0.00084785
1778556282.118981 0.11585865 0.07613454 0.00162697 -0.00004917 0.00172549 0.00033043
1778556282.185697 0.11585864 0.07613454 0.00162696 -0.00047987 -0.00091512 -0.00020933
1778556282.252412 0.11585863 0.07613454 0.00162692 0.00020960 0.00154909 0.00001986
1778556282.319128 0.11585863 0.07613454 0.00162691 -0.00005860 0.00017533 0.00042406
1778556282.385844 0.11585863 0.07613454 0.00162691 0.00061803 0.00030803 0.00046758
1778556282.452559 0.11585863 0.07613455 0.00162691 0.00012605 -0.00029356 -0.00018096
1778556282.519275 0.11585863 0.07613455 0.00162691 -0.00011036 0.00021775 0.00029090
1778556282.585990 0.11585863 0.07613454 0.00162691 -0.00012799 -0.00037288 -0.00044423
1778556282.652706 0.11585863 0.07613454 0.00162691 -0.00062953 -0.00103381 -0.00008419
1778556282.719422 0.11585863 0.07613454 0.00162690 0.00028649 0.00090787 0.00007817
1778556282.786137 0.11585863 0.07613454 0.00162692 0.00004462 -0.00019504 0.00041056
1778556282.852853 0.11585863 0.07613454 0.00162692 -0.00011430 0.00011788 -0.00005921
1778556282.919568 0.11585864 0.07613454 0.00162692 0.00007992 0.00013792 0.00039739
1778556282.986284 0.11585862 0.07613455 0.00162691 -0.00001658 -0.00010199 0.00028594
1778556283.052999 0.11585862 0.07613455 0.00162691 -0.00018607 -0.00117744 0.00013819
1778556283.119714 0.11585862 0.07613455 0.00162691 -0.00070446 0.00065229 -0.00013610
1778556283.186429 0.11585862 0.07613455 0.00162691 -0.00008414 0.00148788 -0.00019790
1778556283.253144 0.11585862 0.07613455 0.00162691 -0.00025080 0.00017392 0.00045342
1778556283.319858 0.11585862 0.07613455 0.00162691 -0.00029057 0.00017906 0.00011020
1778556283.386574 0.11585862 0.07613454 0.00162691 -0.00005570 -0.00013850 0.00059894
1778556283.453288 0.11585863 0.07613454 0.00162691 -0.00020380 0.00022570 0.00006361
1778556283.520003 0.11585863 0.07613454 0.00162691 0.00033415 0.00094968 -0.00001202
1778556283.586718 0.11585863 0.07613454 0.00162692 -0.00007014 -0.00114308 0.00026240
1778556283.653433 0.11585863 0.07613454 0.00162692 0.00076140 0.00094290 0.00019187
1778556283.720148 0.11585863 0.07613454 0.00162692 -0.00047288 -0.00050717 -0.00028143
1778556283.786863 0.11585863 0.07613454 0.00162692 0.00066231 0.00067810 -0.00027425
1778556283.853577 0.11585863 0.07613454 0.00162692 -0.00045957 -0.00090719 0.00047752
1778556283.920292 0.11585863 0.07613454 0.00162691 -0.00015937 0.00004192 -0.00032093
1778556283.987008 0.11585863 0.07613454 0.00162692 0.00038067 0.00128584 -0.00009128
1778556284.053725 0.11585863 0.07613454 0.00162692 -0.00001315 0.00011473 0.00062831
1778556284.120442 0.11585862 0.07613454 0.00162693 -0.00015373 0.00076922 -0.00118521
1778556284.187159 0.11585862 0.07613455 0.00162693 0.00042526 -0.00057040 0.00047462
1778556284.253875 0.11585862 0.07613455 0.00162692 -0.00039592 -0.00078549 -0.00001035
1778556284.320593 0.11585862 0.07613455 0.00162692 0.00045871 -0.00034101 0.00007427
1778556284.387310 0.11585862 0.07613457 0.00162696 0.00036484 0.00101073 -0.00061109
1778556284.454027 0.11585862 0.07613457 0.00162696 -0.00015223 -0.00009830 0.00090427
1778556284.520744 0.11585863 0.07613460 0.00162696 -0.00004225 -0.00011815 -0.00040424
1778556284.587461 0.11585862 0.07613460 0.00162695 -0.00080479 -0.00079738 -0.00022733
1778556284.654178 0.11585861 0.07613461 0.00162694 0.00017919 -0.00053334 0.00047626
1778556284.720895 0.11585861 0.07613462 0.00162695 0.00004207 0.00000410 -0.00004026
1778556284.787612 0.11585861 0.07613462 0.00162695 0.00004725 0.00046446 0.00012731
1778556284.854329 0.11585861 0.07613462 0.00162695 0.00011357 0.00091754 0.00031666
1778556284.921046 0.11585861 0.07613462 0.00162695 -0.00056666 -0.00052602 -0.00008024
1778556284.987764 0.11585861 0.07613462 0.00162695 -0.00035757 -0.00133958 0.00026612
1778556285.054481 0.11585861 0.07613462 0.00162695 0.00019714 0.00069485 -0.00041606
1778556285.121198 0.11585861 0.07613462 0.00162696 -0.00018642 -0.00011705 0.00054836
1778556285.187916 0.11585861 0.07613462 0.00162695 -0.00032067 -0.00094704 0.00036128
1778556285.254633 0.11585861 0.07613462 0.00162695 0.00000219 -0.00019965 -0.00011743
1778556285.321351 0.11585861 0.07613463 0.00162695 0.00054391 0.00080169 -0.00037694
1778556285.388068 0.11585860 0.07613463 0.00162696 0.00002272 -0.00011913 0.00079166
1778556285.454786 0.11585860 0.07613463 0.00162696 -0.00012051 -0.00084261 0.00045431
1778556285.521503 0.11585861 0.07613465 0.00162700 -0.00002900 0.00071513 -0.00033230
1778556285.588221 0.11585861 0.07613466 0.00162700 -0.00019921 -0.00005596 0.00025464
1778556285.654939 0.11585862 0.07613469 0.00162698 -0.00002906 -0.00026874 -0.00039037
1778556285.721657 0.11585862 0.07613469 0.00162698 0.00033860 0.00028929 -0.00003286
1778556285.788374 0.11585863 0.07613468 0.00162698 -0.00022763 0.00023247 0.00050737
1778556285.855092 0.11585863 0.07613468 0.00162699 -0.00037529 -0.00133967 0.00037224
1778556285.921810 0.11585863 0.07613468 0.00162700 0.00043108 0.00113503 -0.00050906
1778556285.988527 0.11585862 0.07613469 0.00162708 -0.00026034 -0.00137937 -0.00004576
1778556286.055244 0.11585862 0.07613469 0.00162708 0.00047796 0.00009466 0.00050779
1778556286.121960 0.11585862 0.07613469 0.00162708 -0.00007208 0.00004188 -0.00024328
1778556286.188677 0.11585863 0.07613468 0.00162710 -0.00009202 0.00098180 0.00012792
1778556286.255394 0.11585863 0.07613468 0.00162710 -0.00003979 -0.00125604 0.00041269
1778556286.322111 0.11585863 0.07613468 0.00162710 0.00051758 0.00078592 -0.00013328
1778556286.388828 0.11585863 0.07613469 0.00162710 -0.00014021 -0.00017551 -0.00021674
1778556286.455545 0.11585863 0.07613468 0.00162710 -0.00024623 0.00044863 -0.00040456
1778556286.522261 0.11585863 0.07613469 0.00162710 -0.00031432 -0.00128856 -0.00015427
1778556286.588979 0.11585863 0.07613468 0.00162709 -0.00024818 0.00172204 -0.00087908
1778556286.655695 0.11585863 0.07613468 0.00162708 0.00054811 0.00005237 0.00080158
1778556286.722412 0.11585863 0.07613468 0.00162708 0.00028338 0.00002750 0.00021553
1778556286.789129 0.11585863 0.07613468 0.00162708 -0.00009505 -0.00135623 -0.00011882
1778556286.855846 0.11585863 0.07613468 0.00162707 -0.00053682 -0.00007642 0.00056284
1778556286.922563 0.11585865 0.07613470 0.00162711 0.00023633 0.00127228 -0.00039872
1778556286.989279 0.11585865 0.07613470 0.00162711 -0.00020679 -0.00117197 -0.00026720
1778556287.055995 0.11585864 0.07613470 0.00162710 -0.00028364 0.00180696 -0.00083944
1778556287.122710 0.11585864 0.07613470 0.00162710 -0.00020660 0.00055431 -0.00029512
1778556287.189425 0.11585865 0.07613470 0.00162710 0.00005615 0.00007790 0.00160402
1778556287.256141 0.11585864 0.07613470 0.00162710 0.00027918 0.00008890 0.00042356
1778556287.322856 0.11585865 0.07613470 0.00162709 -0.00047190 -0.00130253 0.00065750
1778556287.389572 0.11585865 0.07613470 0.00162710 0.00073191 0.00150191 0.00015170
1778556287.456287 0.11585864 0.07613470 0.00162710 -0.00010233 -0.00007724 -0.00050955
1778556287.523003 0.11585864 0.07613470 0.00162710 -0.00086588 -0.00102711 0.00000294
1778556287.589718 0.11585864 0.07613470 0.00162713 0.00043385 0.00165492 0.00062725
1778556287.656434 0.11585864 0.07613470 0.00162713 -0.00021090 -0.00152557 -0.00073594
1778556287.723149 0.11585864 0.07613470 0.00162714 -0.00000042 0.00185822 0.00004367
1778556287.789864 0.11585864 0.07613470 0.00162714 -0.00005847 0.00082829 0.00038582
1778556287.856580 0.11585864 0.07613471 0.00162714 0.00038194 0.00033180 0.00039071
1778556287.923295 0.11585863 0.07613471 0.00162714 0.00030803 0.00032459 0.00006337
1778556287.990010 0.11585863 0.07613471 0.00162714 -0.00051070 -0.00126830 0.00064014
1778556288.056726 0.11585863 0.07613470 0.00162713 -0.00049616 0.00027752 -0.00056890
1778556288.123442 0.11585863 0.07613470 0.00162713 0.00060076 0.00115713 -0.00001519
1778556288.190158 0.11585863 0.07613471 0.00162714 0.00121517 -0.00198689 -0.00037131
1778556288.256874 0.11585863 0.07613471 0.00162713 0.00050574 0.00134464 -0.00029056
1778556288.323590 0.11585863 0.07613471 0.00162713 -0.00014234 0.00059192 0.00009240
1778556288.390306 0.11585863 0.07613470 0.00162714 -0.00075196 -0.00124051 0.00023273
1778556288.457022 0.11585862 0.07613473 0.00162716 -0.00008408 -0.00044119 -0.00004910
1778556288.523738 0.11585861 0.07613473 0.00162716 0.00003238 0.00004209 0.00058385
1778556288.590454 0.11585861 0.07613473 0.00162716 -0.00058245 0.00016740 -0.00030718
1778556288.657170 0.11585861 0.07613473 0.00162716 0.00022357 0.00040009 -0.00028413
1778556288.723886 0.11585861 0.07613473 0.00162716 -0.00017122 -0.00004087 0.00037467
1778556288.790602 0.11585861 0.07613473 0.00162716 0.00016620 0.00064562 -0.00021669
1778556288.857318 0.11585861 0.07613472 0.00162718 -0.00014802 -0.00068494 0.00012498
1778556288.924034 0.11585861 0.07613472 0.00162718 0.00009738 0.00002361 0.00103009
1778556288.990750 0.11585862 0.07613470 0.00162716 0.00034567 0.00148332 -0.00044414
1778556289.057466 0.11585863 0.07613469 0.00162716 0.00003026 -0.00167831 0.00035335
1778556289.124182 0.11585863 0.07613469 0.00162715 0.00073341 0.00114645 0.00033406
1778556289.190899 0.11585863 0.07613470 0.00162714 -0.00072301 0.00030108 0.00011099
1778556289.257615 0.11585862 0.07613470 0.00162714 0.00062903 0.00029631 0.00117286
1778556289.324331 0.11585862 0.07613470 0.00162714 0.00025880 0.00014346 -0.00025434
1778556289.391048 0.11585862 0.07613470 0.00162715 -0.00009236 -0.00094922 0.00021039
1778556289.457764 0.11585862 0.07613470 0.00162715 -0.00035866 -0.00015720 -0.00003932
1778556289.524480 0.11585862 0.07613471 0.00162715 -0.00028111 0.00102013 -0.00029558
1778556289.591197 0.11585862 0.07613471 0.00162715 0.00004936 0.00014207 0.00059164
1778556289.657913 0.11585861 0.07613471 0.00162715 0.00009152 0.00023089 0.00037744
1778556289.724629 0.11585861 0.07613471 0.00162715 -0.00077012 -0.00120644 0.00010390
1778556289.791346 0.11585861 0.07613471 0.00162716 0.00034484 0.00118630 -0.00015073
1778556289.858062 0.11585861 0.07613471 0.00162716 0.00028382 -0.00015499 0.00023032
1778556289.924778 0.11585861 0.07613471 0.00162716 -0.00033828 -0.00064624 0.00061696
1778556289.991495 0.11585861 0.07613471 0.00162716 0.00071410 0.00065482 -0.00001432
1778556290.058211 0.11585861 0.07613471 0.00162716 -0.00046990 -0.00022020 -0.00052582
1778556290.124927 0.11585861 0.07613471 0.00162716 -0.00009807 -0.00073618 0.00012123
1778556290.191643 0.11585861 0.07613471 0.00162715 -0.00020675 -0.00014665 0.00034655
1778556290.258359 0.11585861 0.07613471 0.00162716 -0.00017879 -0.00003469 -0.00007531
1778556290.325075 0.11585861 0.07613471 0.00162715 0.00014077 0.00118863 -0.00008202
1778556290.391791 0.11585861 0.07613471 0.00162714 -0.00048890 -0.00094295 0.00027579
1778556290.458507 0.11585861 0.07613469 0.00162712 -0.00054215 -0.00005696 0.00004132
1778556290.525223 0.11585861 0.07613468 0.00162711 0.00038491 0.00114551 0.00000201
1778556290.591939 0.11585861 0.07613468 0.00162711 -0.00012059 0.00012482 -0.00022534
1778556290.658655 0.11585860 0.07613468 0.00162711 -0.00018274 -0.00067833 0.00022870
1778556290.725371 0.11585860 0.07613468 0.00162711 0.00026403 0.00109278 0.00039275
1778556290.792087 0.11585860 0.07613468 0.00162711 0.00012632 0.00035240 -0.00012858
1778556290.858804 0.11585862 0.07613470 0.00162710 -0.00011715 -0.00024014 -0.00035529
1778556290.925519 0.11585862 0.07613469 0.00162710 -0.00015540 -0.00027929 0.00003283
1778556290.992236 0.11585862 0.07613470 0.00162710 0.00078326 0.00022264 0.00072166
1778556291.058952 0.11585862 0.07613469 0.00162710 -0.00003891 0.00027993 -0.00064976
1778556291.125668 0.11585863 0.07613468 0.00162710 -0.00058211 -0.00092639 0.00031908
1778556291.192384 0.11585863 0.07613468 0.00162709 0.00027777 0.00086030 -0.00006753
1778556291.259100 0.11585863 0.07613468 0.00162709 -0.00042674 0.00043958 -0.00053689
1778556291.325816 0.11585863 0.07613468 0.00162709 0.00006404 -0.00077214 -0.00006384
1778556291.392532 0.11585863 0.07613468 0.00162709 0.00071400 0.00072696 0.00026641
1778556291.459248 0.11585863 0.07613468 0.00162709 -0.00022775 -0.00083590 0.00039957
1778556291.525964 0.11585863 0.07613468 0.00162708 0.00027921 0.00116851 -0.00050227
1778556291.592680 0.11585863 0.07613468 0.00162708 -0.00090937 -0.00088983 0.00018605
1778556291.659396 0.11585863 0.07613468 0.00162707 0.00013638 -0.00015777 0.00042999
1778556291.726113 0.11585862 0.07613469 0.00162708 0.00035508 0.00113731 -0.00023528
1778556291.792829 0.11585862 0.07613469 0.00162708 0.00002308 0.00019841 -0.00013611
1778556291.859545 0.11585862 0.07613468 0.00162708 -0.00043168 0.00060902 0.00029416
1778556291.926261 0.11585862 0.07613468 0.00162709 -0.00041056 -0.00070360 -0.00030555
1778556291.992977 0.11585862 0.07613468 0.00162709 0.00023214 0.00018771 0.00019190
1778556292.059693 0.11585862 0.07613468 0.00162709 0.00016183 -0.00013302 0.00038682
1778556292.126409 0.11585862 0.07613468 0.00162709 -0.00097990 0.00041909 -0.00092864
1778556292.193125 0.11585861 0.07613468 0.00162707 0.00020108 0.00099285 0.00043248
1778556292.259840 0.11585862 0.07613470 0.00162705 -0.00062817 0.00046662 0.00003943
1778556292.326557 0.11585862 0.07613470 0.00162705 -0.00035793 0.00008588 -0.00041907
1778556292.393272 0.11585862 0.07613470 0.00162706 -0.00057458 -0.00087970 0.00082688
1778556292.459989 0.11585862 0.07613470 0.00162706 -0.00056260 0.00008157 -0.00069811
1778556292.526704 0.11585861 0.07613471 0.00162706 -0.00008203 0.00021141 0.00018573
1778556292.593420 0.11585861 0.07613471 0.00162706 0.00006804 0.00192043 0.00013869
1778556292.660136 0.11585862 0.07613471 0.00162704 -0.00097334 -0.00083506 -0.00010996
1778556292.726852 0.11585862 0.07613469 0.00162699 0.00039208 0.00107855 -0.00041615
1778556292.793568 0.11585862 0.07613469 0.00162699 0.00001042 0.00009327 0.00009479
1778556292.860284 0.11585862 0.07613469 0.00162699 -0.00007915 -0.00017235 -0.00012131
1778556292.927000 0.11585862 0.07613469 0.00162699 -0.00042800 0.00023796 -0.00006684
1778556292.993716 0.11585862 0.07613469 0.00162699 -0.00008459 0.00030710 0.00014870
1778556293.060435 0.11585862 0.07613469 0.00162699 -0.00027641 -0.00065310 -0.00041606
1778556293.127153 0.11585862 0.07613469 0.00162699 -0.00017993 -0.00009056 -0.00013869
1778556293.193871 0.11585861 0.07613469 0.00162699 0.00001669 0.00026453 -0.00025661
1778556293.260589 0.11585861 0.07613469 0.00162699 -0.00020454 -0.00027867 -0.00026417
1778556293.327307 0.11585861 0.07613469 0.00162699 0.00004410 -0.00020520 -0.00023807
1778556293.394025 0.11585861 0.07613470 0.00162699 0.00043242 -0.00023408 0.00029000
1778556293.460743 0.11585861 0.07613469 0.00162699 0.00002913 0.00013415 -0.00022916
1778556293.527461 0.11585861 0.07613469 0.00162699 -0.00019403 -0.00061241 0.00027871
1778556293.594179 0.11585861 0.07613469 0.00162699 -0.00070854 -0.00034168 -0.00085662
1778556293.660898 0.11585861 0.07613469 0.00162699 -0.00018623 -0.00064286 -0.00013792
1778556293.727616 0.11585861 0.07613469 0.00162699 -0.00020983 -0.00012383 -0.00002132
1778556293.794335 0.11585861 0.07613469 0.00162699 0.00023494 -0.00043635 -0.00054164
1778556293.861053 0.11585861 0.07613469 0.00162699 -0.00011891 -0.00159525 0.00070588
1778556293.927772 0.11585861 0.07613469 0.00162699 0.00065837 0.00126059 -0.00007081
1778556293.994488 0.11585861 0.07613469 0.00162699 -0.00001649 0.00039527 0.00017007
1778556294.061204 0.11585861 0.07613469 0.00162699 0.00017367 -0.00011112 0.00068473
1778556294.127920 0.11585860 0.07613470 0.00162699 0.00056108 -0.00030737 0.00030655
1778556294.194635 0.11585861 0.07613472 0.00162699 -0.00056071 0.00041497 -0.00048719
1778556294.261352 0.11585861 0.07613472 0.00162699 -0.00025239 -0.00015219 0.00015793
1778556294.328068 0.11585861 0.07613472 0.00162699 -0.00025017 -0.00038513 -0.00036681
1778556294.394784 0.11585861 0.07613471 0.00162699 0.00016116 0.00021926 0.00064618
1778556294.461500 0.11585861 0.07613471 0.00162699 -0.00045152 -0.00031971 0.00029720
1778556294.528216 0.11585861 0.07613471 0.00162699 0.00011965 0.00003002 -0.00015120
1778556294.594932 0.11585861 0.07613471 0.00162699 0.00073577 -0.00070964 0.00016498
1778556294.661648 0.11585861 0.07613471 0.00162699 0.00035354 -0.00012316 0.00027289
1778556294.728364 0.11585860 0.07613472 0.00162699 0.00016313 -0.00024586 0.00015647
1778556294.795080 0.11585860 0.07613472 0.00162699 -0.00031246 0.00023349 -0.00003230
1778556294.861796 0.11585860 0.07613472 0.00162699 -0.00011329 0.00006059 -0.00063540
1778556294.928512 0.11585860 0.07613472 0.00162698 -0.00004220 -0.00014640 0.00019479
1778556294.995229 0.11585860 0.07613472 0.00162698 0.00006220 0.00009130 0.00062879
1778556295.061946 0.11585861 0.07613471 0.00162698 -0.00033032 -0.00022227 -0.00034510
1778556295.128663 0.11585861 0.07613471 0.00162698 0.00023325 0.00025582 0.00055701
1778556295.195380 0.11585861 0.07613471 0.00162698 -0.00001222 -0.00050567 -0.00060749
1778556295.262098 0.11585861 0.07613471 0.00162698 0.00059719 -0.00007960 0.00057020
1778556295.328815 0.11585860 0.07613472 0.00162698 -0.00015624 0.00052492 -0.00051169
1778556295.395532 0.11585860 0.07613472 0.00162698 -0.00035017 0.00021596 -0.00000693
1778556295.462249 0.11585860 0.07613472 0.00162699 0.00021076 -0.00009288 0.00003759
1778556295.528967 0.11585860 0.07613472 0.00162699 -0.00009013 0.00005731 -0.00028414
1778556295.595684 0.11585860 0.07613472 0.00162699 0.00053548 -0.00022014 0.00020509
1778556295.662401 0.11585860 0.07613471 0.00162699 -0.00015730 0.00003315 -0.00013668
1778556295.729118 0.11585860 0.07613471 0.00162699 -0.00019413 0.00002807 -0.00060384
1778556295.795836 0.11585860 0.07613471 0.00162699 -0.00042002 0.00026005 0.00005348
1778556295.862553 0.11585860 0.07613472 0.00162699 -0.00001616 -0.00324177 -0.00008426
1778556295.929270 0.11585860 0.07613472 0.00162699 -0.00032204 -0.00044269 -0.00023216
1778556295.995987 0.11585860 0.07613472 0.00162699 -0.00066219 -0.00080512 -0.00008385
1778556296.062704 0.11585860 0.07613472 0.00162700 0.00060427 0.00133307 -0.00016992
1778556296.129421 0.11585859 0.07613473 0.00162703 0.00011572 0.00016593 0.00037707
1778556296.196137 0.11585859 0.07613473 0.00162703 -0.00033784 -0.00001511 0.00021681
1778556296.262854 0.11585860 0.07613473 0.00162702 -0.00000184 -0.00048876 -0.00078739
1778556296.329570 0.11585860 0.07613473 0.00162702 -0.00012342 0.00044960 0.00012317
1778556296.396287 0.11585859 0.07613473 0.00162702 0.00012835 0.00072136 0.00019885
1778556296.463004 0.11585859 0.07613473 0.00162702 0.00001687 -0.00022038 -0.00059059
1778556296.529720 0.11585859 0.07613473 0.00162702 -0.00023161 -0.00014077 -0.00010758
1778556296.596437 0.11585859 0.07613473 0.00162702 0.00001187 -0.00002836 -0.00019333
1778556296.663154 0.11585859 0.07613474 0.00162702 0.00017023 0.00002673 -0.00015044
1778556296.729870 0.11585859 0.07613473 0.00162702 -0.00096212 -0.00108671 0.00005608
1778556296.796587 0.11585860 0.07613474 0.00162704 0.00035449 0.00070912 -0.00005866
1778556296.863304 0.11585859 0.07613474 0.00162704 0.00025333 0.00001954 -0.00053665
1778556296.930020 0.11585859 0.07613474 0.00162704 0.00035748 -0.00001068 0.00065495
1778556296.996737 0.11585859 0.07613473 0.00162704 -0.00004943 0.00088959 -0.00004689
1778556297.063453 0.11585859 0.07613474 0.00162704 0.00026259 -0.00023216 0.00043373
1778556297.130169 0.11585859 0.07613474 0.00162704 0.00001042 0.00011329 -0.00034189
1778556297.196885 0.11585859 0.07613474 0.00162704 -0.00023363 0.00007427 -0.00006783
1778556297.263601 0.11585859 0.07613474 0.00162704 -0.00002511 0.00015936 -0.00018167
1778556297.330317 0.11585859 0.07613474 0.00162704 -0.00024899 -0.00020873 -0.00053938
1778556297.397033 0.11585859 0.07613473 0.00162704 -0.00051859 0.00011402 0.00050007
1778556297.463749 0.11585859 0.07613473 0.00162704 -0.00022232 0.00006658 -0.00003410
1778556297.530466 0.11585859 0.07613473 0.00162704 0.00007245 -0.00042425 0.00053395
1778556297.597182 0.11585859 0.07613473 0.00162703 0.00018817 0.00048869 -0.00037044
1778556297.663898 0.11585859 0.07613473 0.00162703 0.00010682 0.00006134 0.00010691
1778556297.730614 0.11585859 0.07613473 0.00162704 -0.00096828 -0.00137220 0.00007341
1778556297.797330 0.11585856 0.07613472 0.00162698 0.00038544 0.00154027 0.00023891
1778556297.864046 0.11585856 0.07613472 0.00162698 -0.00038412 0.00026151 -0.00049665
1778556297.930763 0.11585856 0.07613472 0.00162698 -0.00024465 -0.00026347 -0.00023333
1778556297.997480 0.11585855 0.07613472 0.00162698 -0.00020868 0.00024064 0.00033567
1778556298.064199 0.11585855 0.07613472 0.00162698 0.00020587 -0.00015145 0.00025707
1778556298.130917 0.11585855 0.07613472 0.00162698 -0.00012689 0.00023921 0.00010814
1778556298.197635 0.11585855 0.07613472 0.00162698 -0.00042503 0.00034639 -0.00016081
1778556298.264354 0.11585854 0.07613473 0.00162699 -0.00005244 0.00011870 0.00021257
1778556298.331072 0.11585854 0.07613473 0.00162699 0.00019770 -0.00045649 -0.00004304
1778556298.397790 0.11585854 0.07613472 0.00162699 0.00022198 -0.00033573 0.00025356
1778556298.464508 0.11585854 0.07613472 0.00162699 0.00016872 -0.00013571 0.00034370
1778556298.531227 0.11585853 0.07613472 0.00162699 0.00000928 -0.00008615 0.00020384
1778556298.597945 0.11585853 0.07613472 0.00162699 -0.00006691 0.00051030 0.00015632
1778556298.664664 0.11585852 0.07613470 0.00162700 -0.00003664 0.00004616 0.00008042
1778556298.731382 0.11585852 0.07613471 0.00162700 0.00002661 0.00000987 -0.00018172
1778556298.798100 0.11585852 0.07613471 0.00162699 0.00029052 0.00004415 0.00056327
1778556298.864819 0.11585852 0.07613472 0.00162699 0.00065295 0.00009053 0.00007319
1778556298.931537 0.11585852 0.07613471 0.00162699 0.00041944 -0.00013462 0.00009857
1778556298.998254 0.11585852 0.07613471 0.00162699 0.00012044 0.00057754 0.00060452
1778556299.064970 0.11585852 0.07613471 0.00162699 0.00001797 0.00036586 -0.00010841
1778556299.131687 0.11585852 0.07613471 0.00162699 -0.00006456 0.00080537 -0.00019549
1778556299.198404 0.11585852 0.07613471 0.00162699 -0.00050403 -0.00009526 -0.00037419
1778556299.265120 0.11585851 0.07613471 0.00162699 -0.00030110 -0.00001512 -0.00035233
1778556299.331836 0.11585852 0.07613471 0.00162700 0.00020046 0.00020547 0.00060903
1778556299.398553 0.11585852 0.07613471 0.00162700 -0.00000183 0.00028509 -0.00017337
1778556299.465270 0.11585852 0.07613471 0.00162700 -0.00014887 -0.00001679 0.00017249
1778556299.531986 0.11585850 0.07613471 0.00162700 -0.00033669 -0.00031090 0.00011941
1778556299.598703 0.11585850 0.07613471 0.00162700 -0.00010220 -0.00000659 -0.00035286
1778556299.665419 0.11585850 0.07613471 0.00162700 0.00021727 0.00033547 0.00008786
1778556299.732136 0.11585850 0.07613471 0.00162700 0.00011526 0.00004209 -0.00002730
1778556299.798852 0.11585850 0.07613471 0.00162700 -0.00014241 0.00016766 0.00001905
1778556299.865569 0.11585850 0.07613471 0.00162700 0.00005156 0.00011131 0.00023532
1778556299.932285 0.11585850 0.07613471 0.00162699 -0.00064382 -0.00135804 0.00028554
1778556299.999002 0.11585849 0.07613471 0.00162698 0.00024254 0.00143638 0.00016097
1778556300.065719 0.11585850 0.07613471 0.00162698 0.00046375 0.00039217 0.00069292
1778556300.132436 0.11585850 0.07613471 0.00162698 0.00022759 0.00006408 -0.00048500
1778556300.199154 0.11585850 0.07613471 0.00162698 -0.00010566 -0.00054731 0.00012711
1778556300.265871 0.11585850 0.07613471 0.00162698 -0.00023583 -0.00016099 -0.00022888
1778556300.332588 0.11585849 0.07613471 0.00162698 -0.00016869 0.00034069 0.00036059
1778556300.399305 0.11585849 0.07613471 0.00162697 -0.00128524 -0.00142770 -0.00109137
1778556300.466022 0.11585850 0.07613470 0.00162701 0.00064720 0.00161885 0.00014125
1778556300.532739 0.11585850 0.07613470 0.00162700 -0.00013978 -0.00139317 0.00044196
1778556300.599456 0.11585850 0.07613470 0.00162699 0.00016623 0.00130042 -0.00059528
1778556300.666173 0.11585850 0.07613470 0.00162699 -0.00001834 -0.00016667 0.00013285
1778556300.732890 0.11585850 0.07613470 0.00162699 -0.00005253 0.00033351 0.00029458
1778556300.799608 0.11585850 0.07613470 0.00162699 0.00021327 0.00024652 0.00038136
1778556300.866325 0.11585850 0.07613470 0.00162698 -0.00049857 0.00039030 -0.00036705
1778556300.933042 0.11585850 0.07613470 0.00162698 -0.00010094 -0.00024085 -0.00023262
1778556300.999758 0.11585850 0.07613470 0.00162698 0.00001387 0.00017452 0.00056908
1778556301.066473 0.11585849 0.07613470 0.00162698 -0.00011925 -0.00006924 -0.00045545
1778556301.133189 0.11585849 0.07613470 0.00162698 -0.00047102 -0.00003796 -0.00042224
1778556301.199905 0.11585849 0.07613470 0.00162698 -0.00000821 0.00058448 0.00011872
1778556301.266621 0.11585849 0.07613471 0.00162699 -0.00006440 0.00063882 0.00002503
1778556301.333337 0.11585849 0.07613470 0.00162699 0.00076057 -0.00025164 0.00030914
1778556301.400052 0.11585848 0.07613471 0.00162699 0.00010897 -0.00031070 0.00017683
1778556301.466768 0.11585848 0.07613471 0.00162699 0.00002701 -0.00030280 0.00031022
1778556301.533484 0.11585848 0.07613474 0.00162698 -0.00020403 -0.00011468 0.00003010
1778556301.600200 0.11585848 0.07613474 0.00162698 -0.00070832 -0.00120613 0.00009189
1778556301.666915 0.11585847 0.07613474 0.00162698 0.00003346 0.00064710 -0.00009279
1778556301.733631 0.11585847 0.07613475 0.00162700 -0.00014445 0.00049609 0.00041027
1778556301.800347 0.11585847 0.07613474 0.00162700 0.00003393 -0.00005688 0.00008988
1778556301.867063 0.11585846 0.07613475 0.00162700 0.00023893 -0.00011898 -0.00002438
1778556301.933778 0.11585846 0.07613475 0.00162700 -0.00008116 -0.00001285 0.00039048
1778556302.000495 0.11585846 0.07613475 0.00162700 -0.00043239 0.00027093 0.00018339
1778556302.067212 0.11585846 0.07613475 0.00162700 0.00019890 0.00000335 0.00039373
1778556302.133929 0.11585846 0.07613476 0.00162700 -0.00016683 0.00010688 0.00010151
1778556302.200646 0.11585846 0.07613476 0.00162700 -0.00003850 -0.00032457 0.00015070
1778556302.267363 0.11585845 0.07613476 0.00162700 0.00000913 0.00014658 0.00028740
1778556302.334079 0.11585845 0.07613476 0.00162700 -0.00012844 -0.00019683 0.00028578
1778556302.400796 0.11585845 0.07613476 0.00162700 -0.00056961 0.00044556 0.00007321
1778556302.467513 0.11585844 0.07613474 0.00162700 -0.00064154 -0.00021860 -0.00045171
1778556302.534230 0.11585844 0.07613474 0.00162700 -0.00024152 0.00008486 -0.00003392
1778556302.600947 0.11585844 0.07613474 0.00162700 -0.00057238 0.00010429 -0.00005646
1778556302.667664 0.11585844 0.07613474 0.00162700 -0.00020900 0.00010214 0.00005424
1778556302.734381 0.11585844 0.07613474 0.00162699 0.00017964 0.00019325 0.00091929
1778556302.801098 0.11585844 0.07613473 0.00162699 -0.00002476 0.00023581 -0.00040029
1778556302.867815 0.11585843 0.07613474 0.00162699 0.00051036 0.00026931 0.00022259
1778556302.934532 0.11585843 0.07613474 0.00162699 -0.00023516 0.00001433 -0.00026555
1778556303.001249 0.11585843 0.07613474 0.00162699 -0.00013763 -0.00027151 0.00021380
1778556303.067967 0.11585843 0.07613474 0.00162699 -0.00010523 -0.00006301 0.00012293
1778556303.134684 0.11585843 0.07613474 0.00162699 -0.00012648 -0.00018459 -0.00033142
1778556303.201402 0.11585845 0.07613473 0.00162699 -0.00009945 0.00034940 0.00047083
1778556303.268119 0.11585844 0.07613473 0.00162699 -0.00012019 -0.00001978 0.00027752
1778556303.334837 0.11585844 0.07613473 0.00162699 -0.00006076 -0.00012472 0.00047616
1778556303.401554 0.11585844 0.07613473 0.00162699 -0.00022671 -0.00020964 0.00012583
1778556303.468272 0.11585844 0.07613473 0.00162699 -0.00022191 -0.00047390 0.00006710
1778556303.534989 0.11585844 0.07613473 0.00162699 0.00012689 0.00026526 -0.00064737
1778556303.601707 0.11585842 0.07613475 0.00162700 -0.00033146 0.00014245 0.00079520
1778556303.668424 0.11585842 0.07613476 0.00162700 -0.00005275 -0.00023652 0.00006017
1778556303.735142 0.11585842 0.07613476 0.00162700 -0.00005897 0.00007393 0.00018321
1778556303.801859 0.11585841 0.07613476 0.00162699 -0.00071026 -0.00150407 -0.00036989
1778556303.868577 0.11585841 0.07613476 0.00162698 0.00059586 0.00137750 -0.00008289
1778556303.935295 0.11585840 0.07613476 0.00162698 0.00092933 0.00015901 0.00055851
1778556304.002010 0.11585840 0.07613476 0.00162698 -0.00027214 -0.00027670 0.00008284
1778556304.068725 0.11585840 0.07613476 0.00162698 0.00018369 -0.00087899 0.00004423
1778556304.135441 0.11585840 0.07613476 0.00162698 -0.00067615 -0.00030100 -0.00055790
1778556304.202156 0.11585840 0.07613476 0.00162698 -0.00004410 0.00001617 0.00034168
1778556304.268871 0.11585839 0.07613477 0.00162698 0.00007086 0.00006190 -0.00048371
1778556304.335587 0.11585839 0.07613477 0.00162698 -0.00008872 0.00033790 0.00003797
1778556304.402302 0.11585839 0.07613477 0.00162698 -0.00015656 0.00008735 0.00010971
1778556304.469017 0.11585839 0.07613477 0.00162698 0.00014390 -0.00002157 0.00035061
1778556304.535733 0.11585839 0.07613478 0.00162697 -0.00062674 -0.00188303 0.00019012
1778556304.602448 0.11585838 0.07613478 0.00162696 0.00056382 0.00117566 -0.00033315
1778556304.669163 0.11585838 0.07613478 0.00162696 0.00003118 0.00029846 0.00036157
1778556304.735878 0.11585839 0.07613480 0.00162697 0.00013804 0.00043317 0.00022746
1778556304.802593 0.11585838 0.07613480 0.00162697 0.00024229 -0.00019480 0.00000636
1778556304.869308 0.11585838 0.07613480 0.00162697 -0.00011441 -0.00113290 0.00051547
1778556304.936023 0.11585838 0.07613480 0.00162696 0.00044982 0.00087707 -0.00065172
1778556305.002740 0.11585839 0.07613480 0.00162696 0.00063537 -0.00050015 0.00054367
1778556305.069456 0.11585839 0.07613479 0.00162696 -0.00011344 0.00019322 -0.00073138
1778556305.136173 0.11585839 0.07613479 0.00162696 0.00014374 -0.00016678 -0.00033529
1778556305.202889 0.11585838 0.07613479 0.00162696 0.00063494 0.00020604 0.00018029
1778556305.269605 0.11585838 0.07613480 0.00162696 -0.00038529 -0.00050442 -0.00040529
1778556305.336322 0.11585838 0.07613480 0.00162696 -0.00001000 -0.00052909 -0.00034883
1778556305.403038 0.11585838 0.07613480 0.00162696 -0.00007310 -0.00012350 0.00009044
1778556305.469755 0.11585837 0.07613480 0.00162696 -0.00008433 -0.00008543 -0.00049720
1778556305.536471 0.11585837 0.07613480 0.00162696 0.00035618 -0.00008606 0.00042406
1778556305.603188 0.11585837 0.07613480 0.00162696 0.00019049 -0.00033828 0.00029184
1778556305.669904 0.11585836 0.07613477 0.00162695 0.00002135 0.00000004 -0.00007412
1778556305.736620 0.11585836 0.07613477 0.00162695 0.00017236 0.00005864 -0.00007045
1778556305.803337 0.11585835 0.07613477 0.00162695 0.00035929 -0.00006098 0.00016594
1778556305.870053 0.11585835 0.07613477 0.00162695 0.00067653 -0.00013133 0.00046767
1778556305.936769 0.11585835 0.07613477 0.00162695 0.00036827 0.00014647 0.00010751
1778556306.003486 0.11585835 0.07613477 0.00162695 -0.00011432 -0.00029907 -0.00045797
1778556306.070203 0.11585834 0.07613477 0.00162695 0.00026940 -0.00014466 0.00031709
1778556306.136920 0.11585834 0.07613477 0.00162695 0.00003741 -0.00028780 0.00056374
1778556306.203637 0.11585834 0.07613478 0.00162695 -0.00031550 0.00024427 0.00001228
1778556306.270354 0.11585833 0.07613478 0.00162695 0.00023829 -0.00041440 -0.00011034
1778556306.337071 0.11585833 0.07613478 0.00162695 -0.00036304 0.00013851 0.00041223
1778556306.403788 0.11585833 0.07613478 0.00162695 0.00029803 -0.00022956 0.00001245
1778556306.470505 0.11585833 0.07613478 0.00162695 -0.00011963 0.00007852 0.00040737
1778556306.537222 0.11585833 0.07613478 0.00162695 0.00012900 -0.00005502 0.00019580
1778556306.603939 0.11585833 0.07613478 0.00162695 -0.00072878 0.00012064 -0.00082238
1778556306.670656 0.11585829 0.07613480 0.00162696 0.00047685 -0.00013554 0.00116779
1778556306.737373 0.11585829 0.07613480 0.00162696 0.00000994 0.00009382 -0.00041375
1778556306.804090 0.11585828 0.07613480 0.00162696 0.00063510 0.00008097 0.00067073
1778556306.870807 0.11585828 0.07613480 0.00162696 -0.00030346 0.00026556 -0.00066276
1778556306.937524 0.11585828 0.07613480 0.00162695 -0.00097334 -0.00059252 0.00013429
1778556307.004242 0.11585829 0.07613481 0.00162699 -0.00001323 0.00140472 -0.00007683
1778556307.070960 0.11585830 0.07613478 0.00162701 -0.00033625 -0.00026909 -0.00028448
1778556307.137678 0.11585830 0.07613478 0.00162701 -0.00043053 0.00034363 0.00022588
1778556307.204396 0.11585830 0.07613479 0.00162701 -0.00042576 0.00010654 -0.00019431
1778556307.271115 0.11585829 0.07613479 0.00162701 -0.00015595 0.00078835 -0.00001295
1778556307.337833 0.11585829 0.07613477 0.00162702 -0.00018726 0.00020367 0.00006408
1778556307.404551 0.11585828 0.07613477 0.00162702 -0.00054375 -0.00038886 0.00029940
1778556307.471269 0.11585828 0.07613477 0.00162701 0.00042722 0.00103374 -0.00032398
1778556307.537987 0.11585828 0.07613478 0.00162701 0.00009255 -0.00017346 -0.00012437
1778556307.604705 0.11585828 0.07613478 0.00162701 -0.00010961 -0.00011379 0.00000778
1778556307.671424 0.11585827 0.07613478 0.00162701 0.00018164 0.00011225 0.00035840
1778556307.738142 0.11585827 0.07613478 0.00162701 -0.00012011 0.00042396 -0.00026147
1778556307.804860 0.11585827 0.07613478 0.00162701 0.00014782 0.00008800 0.00014498
1778556307.871578 0.11585827 0.07613478 0.00162701 -0.00067481 -0.00005717 -0.00036158
1778556307.938297 0.11585826 0.07613478 0.00162701 -0.00017257 -0.00016153 0.00017372
1778556308.005013 0.11585826 0.07613478 0.00162701 0.00071292 -0.00015024 0.00017691
1778556308.071730 0.11585826 0.07613476 0.00162701 -0.00048964 0.00027891 -0.00014124
1778556308.138447 0.11585825 0.07613478 0.00162701 -0.00001928 0.00001446 -0.00032994
1778556308.205163 0.11585825 0.07613479 0.00162701 0.00003609 0.00012697 0.00033686
1778556308.271880 0.11585824 0.07613479 0.00162701 -0.00001910 -0.00013160 0.00027681
1778556308.338596 0.11585824 0.07613479 0.00162701 -0.00034740 0.00021544 -0.00018811
1778556308.405313 0.11585824 0.07613479 0.00162702 -0.00005359 0.00006166 -0.00015504
1778556308.472029 0.11585824 0.07613479 0.00162702 -0.00010720 -0.00143514 0.00020336
1778556308.538746 0.11585823 0.07613479 0.00162702 0.00018838 0.00132679 0.00020171
1778556308.605463 0.11585823 0.07613480 0.00162702 0.00031006 0.00046297 0.00007936
1778556308.672179 0.11585823 0.07613480 0.00162702 -0.00061720 -0.00144952 -0.00009210
1778556308.738896 0.11585822 0.07613480 0.00162703 0.00118460 0.00083298 0.00043967
1778556308.805612 0.11585822 0.07613479 0.00162703 -0.00018932 -0.00019146 -0.00018767
1778556308.872329 0.11585822 0.07613480 0.00162703 -0.00114519 -0.00113996 -0.00025403
1778556308.939046 0.11585821 0.07613480 0.00162702 -0.00008703 0.00068681 -0.00014046
1778556309.005764 0.11585821 0.07613480 0.00162701 -0.00056636 -0.00066991 -0.00014790
1778556309.072482 0.11585820 0.07613480 0.00162700 0.00013682 0.00075074 0.00002342
1778556309.139200 0.11585820 0.07613480 0.00162700 -0.00060463 -0.00038296 0.00020862
1778556309.205918 0.11585820 0.07613480 0.00162700 0.00013718 0.00145163 -0.00045601
1778556309.272636 0.11585820 0.07613480 0.00162700 -0.00022558 -0.00020388 0.00027096
1778556309.339355 0.11585819 0.07613481 0.00162700 -0.00059546 0.00013791 -0.00023137
1778556309.406073 0.11585819 0.07613481 0.00162700 -0.00026158 -0.00028561 -0.00057622
1778556309.472791 0.11585819 0.07613481 0.00162700 0.00035558 -0.00043336 0.00004662
1778556309.539510 0.11585819 0.07613480 0.00162700 -0.00006766 0.00008614 -0.00016579
1778556309.606228 0.11585820 0.07613483 0.00162697 -0.00078822 -0.00122962 -0.00026780
1778556309.672946 0.11585820 0.07613483 0.00162696 0.00002181 0.00023610 -0.00007558
1778556309.739665 0.11585819 0.07613483 0.00162696 0.00008580 0.00006658 -0.00021908
1778556309.806383 0.11585819 0.07613483 0.00162697 -0.00056462 -0.00118670 0.00011037
1778556309.873101 0.11585819 0.07613483 0.00162697 0.00033723 0.00066879 -0.00024621
1778556309.939820 0.11585818 0.07613484 0.00162697 -0.00037866 0.00017239 0.00045175
1778556310.006537 0.11585818 0.07613483 0.00162697 -0.00002727 -0.00035958 -0.00039429
1778556310.073254 0.11585818 0.07613484 0.00162697 0.00027229 -0.00022669 0.00051290
1778556310.139971 0.11585817 0.07613483 0.00162697 0.00021900 -0.00023229 -0.00068004
1778556310.206688 0.11585818 0.07613483 0.00162697 -0.00018539 -0.00045174 0.00014499
1778556310.273405 0.11585817 0.07613483 0.00162697 -0.00023538 -0.00053237 0.00051796
1778556310.340122 0.11585817 0.07613483 0.00162697 -0.00053375 -0.00053811 0.00019633
1778556310.406839 0.11585817 0.07613483 0.00162696 0.00036986 0.00079756 -0.00049008
1778556310.473556 0.11585817 0.07613483 0.00162696 -0.00005044 -0.00005572 0.00027531
1778556310.540273 0.11585816 0.07613483 0.00162696 -0.00031940 0.00009217 -0.00000376
1778556310.606991 0.11585816 0.07613483 0.00162696 -0.00044326 -0.00007364 -0.00013763
1778556310.673707 0.11585816 0.07613484 0.00162696 -0.00031696 0.00020139 -0.00012297
1778556310.740425 0.11585815 0.07613484 0.00162696 0.00053290 0.00012873 0.00023968
1778556310.807142 0.11585815 0.07613484 0.00162696 0.00026546 -0.00042872 0.00030974
1778556310.873859 0.11585815 0.07613484 0.00162696 -0.00031496 -0.00010762 -0.00069367
1778556310.940576 0.11585814 0.07613484 0.00162696 -0.00038691 0.00006359 0.00004336
1778556311.007292 0.11585814 0.07613484 0.00162696 -0.00025093 0.00047377 -0.00042764
1778556311.074008 0.11585814 0.07613484 0.00162696 0.00020102 -0.00037798 -0.00034419
1778556311.140724 0.11585814 0.07613484 0.00162696 0.00011289 -0.00019740 -0.00000370
1778556311.207440 0.11585813 0.07613484 0.00162696 -0.00064845 -0.00009495 -0.00042719
1778556311.274157 0.11585813 0.07613485 0.00162696 0.00015334 -0.00057009 0.00010240
1778556311.340873 0.11585813 0.07613484 0.00162696 0.00007895 -0.00001381 -0.00035502
1778556311.407589 0.11585812 0.07613485 0.00162696 -0.00037103 -0.00018306 0.00036911
1778556311.474305 0.11585812 0.07613485 0.00162696 -0.00085794 -0.00095321 -0.00032414
1778556311.541021 0.11585811 0.07613485 0.00162697 -0.00014367 0.00106242 0.00010564
1778556311.607737 0.11585811 0.07613485 0.00162697 0.00032028 0.00021402 -0.00031583
1778556311.674453 0.11585811 0.07613485 0.00162697 -0.00046526 -0.00075962 0.00027309
1778556311.741169 0.11585810 0.07613485 0.00162697 -0.00038136 0.00087224 -0.00061763
1778556311.807885 0.11585808 0.07613485 0.00162699 0.00034010 -0.00035900 0.00037056
1778556311.874601 0.11585808 0.07613482 0.00162699 -0.00007487 -0.00008562 -0.00009331
1778556311.941317 0.11585808 0.07613482 0.00162699 0.00029523 0.00019884 0.00051705
1778556312.008033 0.11585807 0.07613481 0.00162699 0.00025681 0.00049359 -0.00032342
1778556312.074748 0.11585807 0.07613481 0.00162699 -0.00015789 -0.00017649 0.00007480
1778556312.141464 0.11585806 0.07613481 0.00162699 -0.00047348 0.00014386 0.00000351
1778556312.208179 0.11585807 0.07613483 0.00162700 0.00017624 0.00006150 0.00024311
1778556312.274895 0.11585807 0.07613484 0.00162700 0.00034214 -0.00052475 0.00072370
1778556312.341610 0.11585807 0.07613483 0.00162700 -0.00030326 0.00007389 -0.00022566
1778556312.408326 0.11585806 0.07613482 0.00162699 0.00040582 -0.00027199 -0.00034219
1778556312.475041 0.11585805 0.07613482 0.00162699 -0.00007708 0.00012233 0.00005603
1778556312.541757 0.11585805 0.07613482 0.00162699 -0.00017621 -0.00083595 0.00023359
1778556312.608472 0.11585804 0.07613482 0.00162700 0.00047944 0.00035155 -0.00039296
1778556312.675188 0.11585804 0.07613482 0.00162700 0.00084165 -0.00000189 0.00009772
1778556312.741904 0.11585804 0.07613483 0.00162700 0.00038012 -0.00038894 -0.00027873
1778556312.808619 0.11585803 0.07613482 0.00162700 -0.00025633 -0.00034585 -0.00069779
1778556312.875334 0.11585803 0.07613483 0.00162700 0.00046649 -0.00050446 -0.00016096
1778556312.942050 0.11585803 0.07613483 0.00162700 -0.00015853 0.00054425 0.00014400
1778556313.008767 0.11585802 0.07613483 0.00162700 -0.00005261 -0.00042773 -0.00032598
1778556313.075485 0.11585802 0.07613483 0.00162700 0.00027329 -0.00000872 -0.00024255
1778556313.142202 0.11585802 0.07613483 0.00162699 0.00002543 0.00007599 -0.00045937
1778556313.208920 0.11585802 0.07613483 0.00162699 -0.00075943 -0.00103447 -0.00021187
1778556313.275637 0.11585800 0.07613483 0.00162696 0.00160569 0.00076953 0.00048495
1778556313.342355 0.11585800 0.07613484 0.00162696 0.00014789 0.00012028 -0.00091708
1778556313.409072 0.11585800 0.07613484 0.00162696 -0.00014826 0.00032296 -0.00003503
1778556313.475790 0.11585799 0.07613483 0.00162697 -0.00034808 -0.00107015 0.00029199
1778556313.542507 0.11585797 0.07613481 0.00162693 0.00046263 0.00097353 -0.00010758
1778556313.609225 0.11585796 0.07613482 0.00162693 0.00042757 -0.00005300 -0.00009776
1778556313.675942 0.11585797 0.07613483 0.00162693 -0.00037874 0.00027870 -0.00049035
1778556313.742660 0.11585797 0.07613483 0.00162693 -0.00025125 0.00008975 -0.00068030
1778556313.809377 0.11585797 0.07613484 0.00162693 -0.00032339 -0.00033170 -0.00012883
1778556313.876095 0.11585796 0.07613485 0.00162693 -0.00002162 0.00000918 0.00036953
1778556313.942812 0.11585796 0.07613485 0.00162692 -0.00078634 -0.00009910 -0.00039438
1778556314.009528 0.11585796 0.07613485 0.00162692 0.00010199 0.00035015 0.00014079
1778556314.076244 0.11585796 0.07613485 0.00162692 0.00000647 -0.00007315 -0.00074372
1778556314.142960 0.11585795 0.07613485 0.00162692 0.00011681 -0.00013070 0.00057566
1778556314.209675 0.11585795 0.07613486 0.00162692 0.00017764 -0.00022352 -0.00035642
1778556314.276391 0.11585795 0.07613486 0.00162692 -0.00037738 -0.00008995 0.00023915
1778556314.343107 0.11585794 0.07613486 0.00162692 -0.00039941 -0.00013778 -0.00064470
1778556314.409822 0.11585794 0.07613486 0.00162692 -0.00081623 -0.00102441 0.00006555
1778556314.476538 0.11585794 0.07613486 0.00162692 0.00021901 0.00055112 -0.00005391
1778556314.543254 0.11585793 0.07613487 0.00162692 -0.00087470 -0.00073173 -0.00038428
1778556314.609969 0.11585792 0.07613486 0.00162691 0.00028918 0.00030966 -0.00003383
1778556314.676685 0.11585792 0.07613487 0.00162691 0.00025177 0.00022007 -0.00045693
1778556314.743401 0.11585792 0.07613487 0.00162691 -0.00071263 0.00019752 -0.00045860
1778556314.810117 0.11585791 0.07613487 0.00162691 0.00033092 0.00038130 0.00027524
1778556314.876832 0.11585791 0.07613487 0.00162691 -0.00060296 0.00032973 -0.00011175
1778556314.943548 0.11585791 0.07613487 0.00162691 -0.00081300 0.00011988 -0.00025418
1778556315.010262 0.11585790 0.07613487 0.00162691 -0.00027813 0.00035114 0.00037583
1778556315.076977 0.11585790 0.07613487 0.00162691 -0.00084781 -0.00053424 -0.00053183
1778556315.143692 0.11585790 0.07613488 0.00162692 0.00128409 0.00043512 0.00054160
1778556315.210406 0.11585789 0.07613487 0.00162692 -0.00023200 0.00005593 -0.00008571
1778556315.277121 0.11585791 0.07613488 0.00162692 0.00091194 -0.00090841 -0.00007153
1778556315.343835 0.11585793 0.07613487 0.00162692 0.00073443 -0.00007085 -0.00010909
1778556315.410550 0.11585793 0.07613488 0.00162692 0.00047492 -0.00012833 0.00011708
1778556315.477264 0.11585792 0.07613487 0.00162692 -0.00010803 -0.00015198 -0.00022194
1778556315.543979 0.11585792 0.07613487 0.00162692 0.00058511 -0.00020028 -0.00005414
1778556315.610693 0.11585791 0.07613486 0.00162692 0.00044933 0.00028498 0.00034369
1778556315.677408 0.11585791 0.07613486 0.00162692 0.00028503 0.00001674 -0.00009755
1778556315.744122 0.11585791 0.07613487 0.00162692 -0.00011461 -0.00010093 -0.00025792
1778556315.810836 0.11585791 0.07613486 0.00162692 -0.00029753 -0.00008074 -0.00022283
1778556315.877551 0.11585791 0.07613486 0.00162691 0.00004088 -0.00049517 0.00003933
1778556315.944265 0.11585791 0.07613486 0.00162691 0.00022383 -0.00000304 -0.00037888
1778556316.010982 0.11585790 0.07613486 0.00162691 -0.00028206 -0.00031182 -0.00021684
1778556316.077699 0.11585790 0.07613486 0.00162691 -0.00031560 0.00033333 -0.00014696
1778556316.144416 0.11585791 0.07613489 0.00162689 -0.00033732 -0.00062474 -0.00022705
1778556316.211133 0.11585790 0.07613489 0.00162689 0.00033526 0.00083635 -0.00016856
1778556316.277850 0.11585790 0.07613489 0.00162689 0.00002772 0.00009641 -0.00016336
1778556316.344567 0.11585790 0.07613489 0.00162689 -0.00035160 -0.00074118 0.00006958
1778556316.411284 0.11585789 0.07613489 0.00162689 -0.00057470 0.00013186 -0.00002025
1778556316.478001 0.11585789 0.07613489 0.00162689 -0.00013496 0.00003590 0.00000577
1778556316.544718 0.11585789 0.07613489 0.00162689 -0.00006080 0.00055852 0.00001194
1778556316.611435 0.11585789 0.07613490 0.00162689 -0.00014572 0.00070317 -0.00043257
1778556316.678152 0.11585790 0.07613491 0.00162688 0.00003470 0.00053525 0.00011280
1778556316.744869 0.11585789 0.07613491 0.00162689 0.00019832 0.00040281 -0.00038857
1778556316.811586 0.11585789 0.07613492 0.00162688 -0.00023776 -0.00101405 0.00009384
1778556316.878304 0.11585789 0.07613492 0.00162688 0.00075313 0.00117630 0.00015730
1778556316.945021 0.11585789 0.07613492 0.00162688 -0.00038497 -0.00050261 -0.00019100
1778556317.011735 0.11585790 0.07613490 0.00162686 -0.00026810 -0.00103086 -0.00002932
1778556317.078449 0.11585789 0.07613490 0.00162686 0.00029972 0.00000739 -0.00087559
1778556317.145163 0.11585789 0.07613490 0.00162687 -0.00042857 0.00061453 -0.00009872
1778556317.211877 0.11585789 0.07613491 0.00162687 0.00002406 -0.00068911 0.00014691
1778556317.278591 0.11585789 0.07613490 0.00162687 -0.00046957 -0.00036027 -0.00004224
1778556317.345305 0.11585789 0.07613491 0.00162687 0.00008948 0.00044362 -0.00057520
1778556317.412019 0.11585789 0.07613491 0.00162687 0.00021502 -0.00006103 0.00006238
1778556317.478733 0.11585789 0.07613491 0.00162687 -0.00068446 -0.00024451 -0.00069025
1778556317.545447 0.11585788 0.07613491 0.00162687 0.00082209 0.00087808 -0.00012776
1778556317.612161 0.11585788 0.07613491 0.00162687 -0.00016114 0.00040675 0.00019356
1778556317.678875 0.11585786 0.07613490 0.00162689 -0.00041107 -0.00044557 0.00032282
1778556317.745589 0.11585786 0.07613490 0.00162689 0.00039884 0.00013139 -0.00009168
1778556317.812302 0.11585786 0.07613491 0.00162688 -0.00035006 0.00015456 -0.00033427
1778556317.879016 0.11585785 0.07613490 0.00162689 -0.00017651 -0.00042740 0.00005976
1778556317.945730 0.11585785 0.07613489 0.00162688 0.00017429 -0.00002872 0.00002533
1778556318.012445 0.11585785 0.07613489 0.00162687 -0.00032432 0.00077080 -0.00077032
1778556318.079160 0.11585784 0.07613489 0.00162687 0.00019727 -0.00009509 0.00039750
1778556318.145875 0.11585784 0.07613489 0.00162687 0.00032107 -0.00000617 -0.00012093
1778556318.212590 0.11585784 0.07613489 0.00162687 0.00003099 -0.00010143 0.00024446
1778556318.279305 0.11585783 0.07613490 0.00162688 -0.00000581 0.00100122 -0.00026407
1778556318.346020 0.11585783 0.07613489 0.00162688 -0.00029483 -0.00091327 -0.00021100
1778556318.412735 0.11585783 0.07613490 0.00162689 0.00049926 0.00055668 0.00023199
1778556318.479450 0.11585782 0.07613490 0.00162689 -0.00010791 -0.00136231 -0.00019488
1778556318.546165 0.11585781 0.07613490 0.00162690 0.00003746 -0.00004576 -0.00016030
1778556318.612879 0.11585781 0.07613490 0.00162689 0.00047236 0.00093538 0.00001342
1778556318.679594 0.11585780 0.07613491 0.00162689 -0.00002582 -0.00055958 -0.00032323
1778556318.746309 0.11585780 0.07613491 0.00162689 -0.00008316 -0.00004250 -0.00030926
1778556318.813024 0.11585780 0.07613491 0.00162689 0.00000447 -0.00020245 0.00003157
1778556318.879739 0.11585780 0.07613491 0.00162689 0.00005200 0.00022586 -0.00014768
1778556318.946454 0.11585779 0.07613491 0.00162689 -0.00031929 -0.00022406 -0.00038490
1778556319.013170 0.11585778 0.07613491 0.00162690 -0.00070287 -0.00110222 -0.00018813
1778556319.079887 0.11585778 0.07613491 0.00162689 0.00079393 0.00074592 0.00035812
1778556319.146604 0.11585778 0.07613488 0.00162691 -0.00031281 0.00004927 0.00027916
1778556319.213320 0.11585777 0.07613487 0.00162691 -0.00009758 -0.00003120 -0.00079309
1778556319.280037 0.11585777 0.07613488 0.00162691 -0.00023071 -0.00072947 0.00034834
1778556319.346754 0.11585777 0.07613488 0.00162691 0.00043579 0.00087487 -0.00044620
1778556319.413471 0.11585777 0.07613488 0.00162691 0.00009901 0.00020988 0.00044914
1778556319.480188 0.11585776 0.07613489 0.00162691 -0.00012143 0.00014180 -0.00047267
1778556319.546905 0.11585776 0.07613489 0.00162691 -0.00019204 -0.00036182 0.00048778
1778556319.613621 0.11585776 0.07613489 0.00162691 0.00015929 -0.00019182 -0.00000527
1778556319.680338 0.11585775 0.07613489 0.00162691 0.00028078 -0.00040936 0.00008203
1778556319.747055 0.11585775 0.07613490 0.00162691 0.00016862 0.00012905 0.00001121
1778556319.813772 0.11585774 0.07613489 0.00162691 -0.00034870 -0.00078121 0.00003805
1778556319.880489 0.11585773 0.07613486 0.00162688 0.00011979 0.00032859 0.00022552
1778556319.947205 0.11585773 0.07613486 0.00162688 0.00009206 0.00010141 0.00015599
1778556320.013921 0.11585773 0.07613486 0.00162688 0.00012648 0.00015457 0.00000853
1778556320.080637 0.11585773 0.07613486 0.00162688 0.00016392 -0.00069285 0.00033935
1778556320.147352 0.11585772 0.07613486 0.00162688 -0.00040573 0.00043160 -0.00077853
1778556320.214068 0.11585772 0.07613486 0.00162688 -0.00000710 0.00053535 0.00078437
1778556320.280783 0.11585772 0.07613486 0.00162688 0.00037411 -0.00030636 -0.00012649
1778556320.347499 0.11585771 0.07613487 0.00162687 -0.00011889 -0.00043087 -0.00012375
1778556320.414215 0.11585770 0.07613487 0.00162687 0.00082190 0.00061106 -0.00036405
1778556320.480930 0.11585770 0.07613487 0.00162686 -0.00037552 -0.00020335 0.00039254
1778556320.547646 0.11585769 0.07613487 0.00162686 0.00048134 -0.00030044 0.00002438
1778556320.614361 0.11585771 0.07613489 0.00162688 0.00102984 0.00060073 0.00045293
1778556320.681077 0.11585771 0.07613489 0.00162688 0.00000665 0.00004397 -0.00013459
1778556320.747792 0.11585771 0.07613489 0.00162688 -0.00036731 -0.00018762 0.00058377
1778556320.814507 0.11585770 0.07613489 0.00162688 -0.00007297 -0.00005169 -0.00009879
1778556320.881223 0.11585770 0.07613489 0.00162688 0.00013122 0.00012946 -0.00013121
1778556320.947938 0.11585770 0.07613489 0.00162688 0.00009162 0.00004402 0.00010186
1778556321.014654 0.11585770 0.07613489 0.00162688 -0.00015050 -0.00012167 -0.00002267
1778556321.081370 0.11585770 0.07613490 0.00162688 -0.00076994 0.00040929 -0.00056282
1778556321.148086 0.11585769 0.07613490 0.00162688 -0.00018743 0.00010715 0.00023507
1778556321.214802 0.11585769 0.07613490 0.00162688 -0.00005183 -0.00009532 -0.00036168
1778556321.281518 0.11585769 0.07613490 0.00162688 -0.00060703 -0.00058710 -0.00028673
1778556321.348234 0.11585768 0.07613490 0.00162688 -0.00064205 0.00050982 0.00014711
1778556321.414950 0.11585768 0.07613490 0.00162688 0.00027871 0.00050961 -0.00005392
1778556321.481666 0.11585768 0.07613490 0.00162688 -0.00029334 -0.00037464 0.00028100
1778556321.548382 0.11585767 0.07613491 0.00162688 0.00025911 -0.00029593 0.00011763
1778556321.615098 0.11585767 0.07613490 0.00162688 -0.00044906 -0.00002662 -0.00068452
1778556321.681814 0.11585767 0.07613491 0.00162688 0.00071753 0.00046761 0.00047903
1778556321.748529 0.11585766 0.07613490 0.00162688 0.00015150 0.00057466 -0.00006523
1778556321.815246 0.11585766 0.07613490 0.00162688 0.00013383 -0.00056682 -0.00005559
1778556321.881961 0.11585766 0.07613490 0.00162688 0.00027736 -0.00007585 0.00023076
1778556321.948677 0.11585765 0.07613490 0.00162688 0.00050814 0.00039076 -0.00065138
1778556322.015392 0.11585765 0.07613491 0.00162688 0.00056332 -0.00038530 0.00000798
1778556322.082107 0.11585765 0.07613491 0.00162688 -0.00023968 0.00034652 0.00031813
1778556322.148822 0.11585764 0.07613491 0.00162687 -0.00037194 -0.00032228 0.00011738
1778556322.215537 0.11585764 0.07613491 0.00162687 0.00033075 0.00038106 -0.00009316
1778556322.282252 0.11585764 0.07613491 0.00162687 -0.00058124 -0.00040325 -0.00022838
1778556322.348967 0.11585763 0.07613491 0.00162686 0.00026684 0.00086627 -0.00020771
1778556322.415682 0.11585763 0.07613491 0.00162686 -0.00050316 -0.00021150 0.00035969
1778556322.482397 0.11585762 0.07613491 0.00162686 0.00042927 0.00035694 -0.00015947
1778556322.549111 0.11585762 0.07613492 0.00162685 -0.00058329 -0.00001773 -0.00061715
1778556322.615826 0.11585762 0.07613492 0.00162685 0.00048364 0.00034631 -0.00008601
1778556322.682541 0.11585761 0.07613492 0.00162686 0.00014274 -0.00014375 -0.00019708
1778556322.749256 0.11585761 0.07613492 0.00162686 -0.00028372 0.00019968 -0.00004081
1778556322.815970 0.11585760 0.07613492 0.00162686 -0.00066450 -0.00056647 0.00011861
1778556322.882685 0.11585760 0.07613493 0.00162686 0.00094649 0.00060845 -0.00005880
1778556322.949400 0.11585759 0.07613493 0.00162687 0.00008137 0.00004546 -0.00005202
1778556323.016118 0.11585759 0.07613494 0.00162687 0.00001846 -0.00040689 0.00013941
1778556323.082835 0.11585758 0.07613494 0.00162686 0.00031995 0.00026768 -0.00062352
1778556323.149553 0.11585758 0.07613494 0.00162686 -0.00041360 -0.00029753 -0.00008238
1778556323.216271 0.11585757 0.07613494 0.00162686 0.00035337 0.00042824 0.00024018
1778556323.282989 0.11585757 0.07613494 0.00162686 -0.00010346 -0.00059158 0.00033894
1778556323.349707 0.11585756 0.07613494 0.00162686 0.00009709 0.00066452 -0.00011765
1778556323.416425 0.11585756 0.07613494 0.00162686 -0.00044713 0.00008287 -0.00007760
1778556323.483143 0.11585755 0.07613495 0.00162687 0.00017727 -0.00025236 -0.00024678
1778556323.549861 0.11585755 0.07613495 0.00162687 -0.00007813 -0.00065016 0.00010347
1778556323.616579 0.11585754 0.07613496 0.00162687 0.00037285 0.00076587 -0.00030650
1778556323.683297 0.11585753 0.07613496 0.00162688 0.00014520 0.00003892 0.00015802
1778556323.750015 0.11585753 0.07613496 0.00162688 0.00015509 0.00012387 0.00032610
1778556323.816733 0.11585753 0.07613496 0.00162688 0.00030999 -0.00013482 -0.00016455
1778556323.883451 0.11585753 0.07613496 0.00162688 0.00030058 0.00046239 0.00004423
1778556323.950169 0.11585752 0.07613496 0.00162688 -0.00017441 0.00032584 -0.00025672
1778556324.016885 0.11585752 0.07613496 0.00162688 0.00000524 -0.00056718 -0.00074661
1778556324.083601 0.11585752 0.07613496 0.00162687 -0.00020146 -0.00085577 0.00031764
1778556324.150317 0.11585751 0.07613496 0.00162687 0.00066705 0.00041643 0.00018254
1778556324.217033 0.11585751 0.07613497 0.00162686 -0.00100797 -0.00081094 -0.00003160
1778556324.283749 0.11585750 0.07613496 0.00162686 0.00026348 0.00023127 -0.00031418
1778556324.350465 0.11585750 0.07613497 0.00162685 -0.00057552 -0.00060757 -0.00008304
1778556324.417181 0.11585749 0.07613497 0.00162685 0.00030360 0.00009905 -0.00007640
1778556324.483896 0.11585749 0.07613497 0.00162685 0.00005791 -0.00033571 0.00004082
1778556324.550612 0.11585749 0.07613501 0.00162683 -0.00037121 0.00003415 -0.00005342
1778556324.617328 0.11585748 0.07613501 0.00162683 0.00043696 0.00124292 -0.00031637
1778556324.684044 0.11585748 0.07613501 0.00162683 -0.00032508 -0.00050470 -0.00021397
1778556324.750759 0.11585747 0.07613501 0.00162683 -0.00060362 -0.00047315 -0.00020429
1778556324.817475 0.11585747 0.07613502 0.00162684 -0.00053226 -0.00044215 -0.00044858
1778556324.884191 0.11585748 0.07613503 0.00162684 0.00001397 -0.00008914 0.00009268
1778556324.950907 0.11585743 0.07613514 0.00162680 0.00434655 -0.00996499 -0.01274221
1778556325.017627 0.11585745 0.07613511 0.00162684 0.00048145 0.00103931 -0.01612282
1778556325.084347 0.11585743 0.07613511 0.00162685 0.00496724 -0.00699832 0.01143398
1778556325.151066 0.11585742 0.07613511 0.00162685 0.00417242 -0.00200840 -0.01387670
1778556325.217786 0.11585741 0.07613511 0.00162685 0.00089185 0.00151948 0.01144906
1778556325.284506 0.11585740 0.07613512 0.00162685 0.00319555 -0.00363284 -0.01306377
1778556325.351226 0.11585738 0.07613512 0.00162685 -0.00343522 0.00402452 0.00843062
1778556325.417947 0.11585738 0.07613514 0.00162685 0.00166530 -0.00218377 0.00414641
1778556325.484667 0.11585738 0.07613512 0.00162684 0.00747659 -0.00148510 -0.00975910
1778556325.551387 0.11585737 0.07613512 0.00162684 -0.00805817 0.00402996 -0.00289171
1778556325.618107 0.11585736 0.07613512 0.00162685 0.00799749 -0.00074112 0.00419550
1778556325.684827 0.11585735 0.07613512 0.00162685 -0.01034093 -0.00275588 0.00423173
1778556325.751548 0.11585734 0.07613513 0.00162685 0.00192719 0.00076965 0.00025710
1778556325.818268 0.11585733 0.07613513 0.00162685 0.01004196 -0.00199808 0.00064128
1778556325.884989 0.11585732 0.07613514 0.00162685 0.00057912 0.00010573 -0.00082155
1778556325.951710 0.11585732 0.07613514 0.00162685 -0.00178437 0.00212920 -0.00593668
1778556326.018427 0.11585731 0.07613514 0.00162685 0.00042098 0.00123994 -0.00106522
1778556326.085145 0.11585731 0.07613514 0.00162685 0.00216791 -0.00467913 0.00233231
1778556326.151862 0.11585730 0.07613515 0.00162685 -0.00040087 -0.00185513 0.00722806
1778556326.218580 0.11585730 0.07613519 0.00162685 0.00110021 0.00150829 -0.00280400
1778556326.285297 0.11585729 0.07613519 0.00162685 -0.00151653 0.00292616 -0.00453157
1778556326.352015 0.11585728 0.07613520 0.00162685 0.00426168 -0.00787960 0.00829982
1778556326.418733 0.11585727 0.07613520 0.00162685 0.00029004 0.01198642 -0.01205773
1778556326.485451 0.11585727 0.07613520 0.00162685 0.00085108 -0.01324160 0.00871548
1778556326.552168 0.11585725 0.07613520 0.00162685 0.00286916 0.00122093 -0.00160569
1778556326.618886 0.11585724 0.07613521 0.00162685 -0.01471019 -0.00112293 -0.00378324
1778556326.685604 0.11585723 0.07613522 0.00162685 0.02199885 -0.00673752 0.00977947
1778556326.752321 0.11585718 0.07613527 0.00162686 -0.00623003 0.00666821 -0.00506702
1778556326.819039 0.11585719 0.07613529 0.00162686 -0.00881015 0.00516571 -0.00483154
1778556326.885757 0.11585719 0.07613531 0.00162685 0.00783099 -0.00901290 -0.00077671
1778556326.952475 0.11585718 0.07613531 0.00162685 0.01240582 0.00054403 0.00713530
1778556327.019191 0.11585717 0.07613531 0.00162685 0.00371798 0.00147649 0.00204590
1778556327.085906 0.11585716 0.07613531 0.00162685 -0.00614777 -0.00258616 -0.00444787
1778556327.152622 0.11585715 0.07613532 0.00162685 -0.00029832 0.00819693 -0.00235680
1778556327.219337 0.11585714 0.07613532 0.00162685 -0.00499888 -0.00103648 -0.00338769
1778556327.286053 0.11585713 0.07613533 0.00162686 0.00047215 -0.00259030 -0.00191722
1778556327.352768 0.11585712 0.07613534 0.00162686 0.01784025 -0.00505937 0.00817908
1778556327.419484 0.11585713 0.07613533 0.00162686 -0.01447179 -0.00332212 -0.01308480
1778556327.486199 0.11585711 0.07613535 0.00162685 0.01266820 0.00027452 0.00225837
1778556327.552915 0.11585711 0.07613534 0.00162685 -0.00264172 -0.00967736 0.00693140
1778556327.619630 0.11585710 0.07613535 0.00162686 0.00098603 -0.00351731 -0.00771332
1778556327.686346 0.11585709 0.07613536 0.00162686 0.01139585 -0.00514328 -0.00191354
1778556327.753061 0.11585709 0.07613536 0.00162686 0.00633018 -0.02422983 -0.00191187
1778556327.819776 0.11585708 0.07613537 0.00162686 -0.01179707 -0.02915342 -0.00638069
1778556327.886492 0.11585712 0.07613538 0.00162679 -0.06284981 -0.07464184 -0.00682462
1778556327.953207 0.11585707 0.07613539 0.00162686 -0.03061745 0.04030158 0.00320871
1778556328.019925 0.11585708 0.07613538 0.00162687 -0.00595850 -0.02822293 -0.03848373
1778556328.086642 0.11585706 0.07613539 0.00162687 0.00523314 0.02038244 -0.03766084
1778556328.153359 0.11585708 0.07613538 0.00162688 -0.01025579 -0.03986836 -0.03039486
1778556328.220076 0.22207971 0.39211529 -0.43037626 -0.00411714 -0.01401452 -0.02540857
1778556328.286794 0.16678574 0.58383652 0.17121618 0.01507177 -0.01622870 -0.00434464
1778556328.353511 0.27007018 0.54533327 0.00903283 0.01759766 -0.01263006 0.00497863
1778556328.420228 0.21213960 0.49015156 0.24186274 0.02166016 -0.00933904 0.00570753
1778556328.486946 0.22961605 0.34679303 -0.00759598 0.02115067 -0.00208773 0.00574294
1778556328.553663 0.17417194 0.32168647 -0.02238083 0.01701237 -0.00260166 0.00895137
1778556328.620380 -0.00281689 0.23803872 0.06537490 0.00958192 -0.00372462 0.01115555
1778556328.687098 -0.03859044 0.25752281 -0.01524784 0.01135008 0.00233268 0.00940241
1778556328.753815 -0.02524823 0.14056229 0.01912593 0.01285852 0.00003017 0.00628568
1778556328.820533 -0.04049804 0.01451557 0.00850946 0.01194861 -0.00265238 0.00327784
1778556328.887250 -0.02796581 -0.07921358 0.00677745 0.00845764 -0.00158216 0.00180906
1778556328.953967 0.06717830 -0.18003622 0.01076200 0.00673618 -0.00128905 0.00004237
1778556329.020687 0.15237524 -0.26532820 0.01294407 0.00507059 -0.00099249 -0.00082022
1778556329.087406 0.27178125 -0.36820998 0.01942468 0.00411049 -0.00106609 -0.00114800
1778556329.154126 0.32590460 -0.47692510 0.02857789 0.00403072 -0.00212671 -0.00087917
1778556329.220846 0.31352049 -0.58657295 0.03623769 0.00560816 -0.00270772 0.00078619
1778556329.287566 0.32054978 -0.60428155 0.03030580 0.00384124 -0.00182054 0.00017173
1778556329.354286 0.28919389 -0.63607280 0.03487462 0.00140674 -0.00122384 0.00012401
1778556329.421006 0.25247792 -0.68170122 0.03903102 0.00184513 -0.00123533 0.00080031
1778556329.487726 0.18566510 -0.81702418 0.05303563 0.00229824 -0.00145236 0.00178698
1778556329.554446 0.11021641 -1.05814143 0.08301347 0.00158858 -0.00176814 0.00292901
1778556329.621166 0.04764989 -1.17410183 0.09371469 0.00120028 -0.00145573 0.00336062
1778556329.687886 -0.04918621 -1.23617850 0.10384482 0.00086344 -0.00178238 0.00351665
1778556329.754606 -0.11928730 -0.92269173 0.07824873 -0.00298259 -0.00020157 -0.00031290
1778556329.821327 -0.09930667 -0.82401478 0.06902391 -0.00287777 -0.00039941 -0.00058140
1778556329.888047 -0.09958317 -0.74045097 0.06234580 -0.00263803 -0.00049247 -0.00058920
1778556329.954767 -0.12198074 -0.67036341 0.05903706 -0.00295202 -0.00052046 -0.00055361
1778556330.021483 -0.03662604 -0.48546096 0.04323461 -0.00290889 -0.00007344 -0.00035717
1778556330.088198 -0.07110114 -0.40429651 0.04293733 -0.00275653 -0.00127469 -0.00054436
1778556330.154914 -0.06116953 -0.43632035 0.04454275 -0.00254798 -0.00100767 -0.00045702
1778556330.221629 -0.05471668 -0.47149719 0.04692867 -0.00207262 -0.00060796 -0.00029856
1778556330.288345 0.04222158 -0.52258315 0.04735015 -0.00185532 -0.00072984 -0.00024849
1778556330.355061 0.09581286 -0.53454831 0.04712736 -0.00168314 -0.00053375 -0.00020172
1778556330.421776 0.02964742 -0.48890982 0.04881287 -0.00155868 -0.00045856 -0.00034538
1778556330.488492 0.01899952 -0.51271531 0.04895541 -0.00121019 -0.00051044 -0.00063036
1778556330.555207 -0.06350365 -0.54446482 0.05152843 -0.00112749 -0.00034155 -0.00069869
1778556330.621922 -0.19223793 -0.61693098 0.05554335 -0.00136072 -0.00051434 -0.00099346
1778556330.688638 -0.46155727 -0.60408442 0.06554657 -0.00132071 -0.00074127 -0.00097013
1778556330.755353 -0.71605189 -0.53972226 0.07180161 -0.00128117 -0.00068863 -0.00118129
1778556330.822068 -0.92067611 -0.51923785 0.07915164 -0.00118648 -0.00076231 -0.00121574
1778556330.888784 -1.01939183 -0.56719440 0.08430707 -0.00128111 -0.00079252 -0.00136862
1778556330.955499 -1.04461115 -0.56369918 0.08532707 -0.00089514 -0.00060582 -0.00120879
1778556331.022216 -1.02194434 -0.58534878 0.08555757 -0.00054052 -0.00072928 -0.00114113
1778556331.088932 -0.95899736 -0.61077998 0.08693767 -0.00049281 -0.00080806 -0.00099355
1778556331.155648 -0.92437948 -0.61461814 0.08864721 -0.00041904 -0.00112670 -0.00077626
1778556331.222364 -0.90534977 -0.61071480 0.08960381 -0.00043954 -0.00151225 -0.00066801
1778556331.289081 -0.90871761 -0.60945541 0.09076069 -0.00034612 -0.00190766 -0.00018380
1778556331.355797 -0.90457734 -0.60747785 0.08968465 -0.00059452 -0.00185230 -0.00029113
1778556331.422514 -0.87865433 -0.66126668 0.08940710 -0.00081103 -0.00184427 -0.00017395
1778556331.489230 -0.79746879 -0.68788332 0.08489897 -0.00131114 -0.00174279 -0.00038669
1778556331.555946 -0.72208974 -0.68171958 0.07800865 -0.00147774 -0.00191204 -0.00071743
1778556331.622663 -0.65195511 -0.68040030 0.07183761 -0.00156050 -0.00197193 -0.00109335
1778556331.689379 -0.58385693 -0.68200071 0.06681817 -0.00182119 -0.00208814 -0.00128612
1778556331.756095 -0.55402895 -0.68378836 0.06425642 -0.00187531 -0.00229149 -0.00149918
1778556331.822811 -0.52895040 -0.68700920 0.06138010 -0.00192820 -0.00239420 -0.00167483
1778556331.889528 -0.49088534 -0.69145010 0.05788043 -0.00210122 -0.00236403 -0.00176948
1778556331.956244 -0.40575190 -0.68732707 0.05231227 -0.00228364 -0.00225824 -0.00184473
1778556332.022960 -0.34352528 -0.71093028 0.04839066 -0.00234794 -0.00224174 -0.00188877
1778556332.089677 -0.28686245 -0.73723951 0.04537705 -0.00244628 -0.00216861 -0.00186532
1778556332.156393 -0.18404145 -0.79425520 0.04056290 -0.00266976 -0.00217252 -0.00180919
1778556332.223110 -0.22067243 -0.74601782 0.04455866 -0.00222562 -0.00209998 -0.00138378
1778556332.289826 -0.21640913 -0.80319355 0.04497201 -0.00250952 -0.00245884 -0.00150116
1778556332.356543 -0.17696849 -0.79834660 0.04299966 -0.00289079 -0.00249814 -0.00148549
1778556332.423259 -0.15560385 -0.82632196 0.03534408 -0.00266510 -0.00259124 -0.00126957
1778556332.489976 -0.18122074 -0.84586818 0.04090672 -0.00246228 -0.00252018 -0.00102159
1778556332.556692 -0.14858134 -0.87782991 0.03472569 -0.00269512 -0.00247942 -0.00111857
1778556332.623409 -0.17931794 -0.88331876 0.04196766 -0.00237828 -0.00228036 -0.00080634
1778556332.690125 -0.25787189 -0.92705019 0.03940812 -0.00274406 -0.00222568 -0.00091866
1778556332.756842 -0.43779979 -1.00662148 0.04807309 -0.00251713 -0.00223143 -0.00065793
1778556332.823559 -0.36500087 -0.96024030 0.04944561 -0.00232368 -0.00226805 -0.00049366
1778556332.890275 -0.30593892 -0.93239097 0.04702574 -0.00231290 -0.00234077 -0.00053714
1778556332.956992 -0.40032517 -1.01794979 0.04573638 -0.00256227 -0.00244213 -0.00057418
1778556333.023707 -0.33863709 -0.94835750 0.03974758 -0.00215997 -0.00251454 -0.00044694
1778556333.090422 -0.32825443 -0.94876191 0.04007434 -0.00220893 -0.00264364 -0.00035520
1778556333.157136 -0.30180460 -0.92346198 0.03825651 -0.00225344 -0.00281386 -0.00033810
1778556333.223851 -0.29949311 -0.94799499 0.03947235 -0.00234328 -0.00281423 -0.00032029
1778556333.290566 -0.26041321 -0.97002290 0.03793428 -0.00238884 -0.00267126 -0.00026330
1778556333.357280 -0.25722799 -0.99112208 0.03935691 -0.00243240 -0.00263042 -0.00022139
1778556333.423995 -0.21273758 -0.97656277 0.03626778 -0.00241513 -0.00258413 -0.00010798
1778556333.490710 -0.20144800 -0.97074598 0.03654153 -0.00245950 -0.00265074 -0.00018116
1778556333.557425 -0.19567111 -0.95653790 0.03629368 -0.00251107 -0.00268359 -0.00018099
1778556333.624139 -0.16697945 -0.89169182 0.03310802 -0.00254250 -0.00256757 -0.00038933
1778556333.690854 -0.17477205 -0.88668598 0.03277535 -0.00251855 -0.00266142 -0.00033182
1778556333.757568 -0.17230160 -0.88082168 0.03257004 -0.00257353 -0.00273102 -0.00033322
1778556333.824283 -0.15894705 -0.79016242 0.02993354 -0.00253368 -0.00260519 -0.00045957
1778556333.890997 -0.16360795 -0.80166741 0.02998389 -0.00259361 -0.00268632 -0.00053030
1778556333.957712 -0.16701984 -0.79044411 0.03000733 -0.00263874 -0.00277752 -0.00059074
1778556334.024427 -0.16869749 -0.78410597 0.02999664 -0.00267939 -0.00284450 -0.00071359
1778556334.091142 -0.17030137 -0.75403099 0.02942465 -0.00251046 -0.00280467 -0.00086017
1778556334.157856 -0.17341163 -0.75292747 0.02931606 -0.00255488 -0.00283869 -0.00092923
1778556334.224571 -0.18605862 -0.72926344 0.02888695 -0.00247892 -0.00283521 -0.00104651
1778556334.291286 -0.20102330 -0.72202099 0.02934108 -0.00241009 -0.00282962 -0.00102015
1778556334.358001 -0.20578631 -0.70921333 0.02934091 -0.00236841 -0.00280028 -0.00102788
1778556334.424715 -0.20457975 -0.71409285 0.02885352 -0.00239303 -0.00270813 -0.00102495
1778556334.491430 -0.20162949 -0.71366253 0.02851689 -0.00237346 -0.00268256 -0.00108461
1778556334.558145 -0.20689575 -0.71030765 0.02926661 -0.00236776 -0.00270537 -0.00113780
1778556334.624859 -0.21082607 -0.70976202 0.02980590 -0.00231676 -0.00276529 -0.00114296
1778556334.691574 -0.21306348 -0.70802770 0.03015037 -0.00230532 -0.00277463 -0.00114829
1778556334.758288 -0.21772944 -0.71021764 0.03127914 -0.00221950 -0.00273500 -0.00122125
1778556334.825003 -0.22003654 -0.70945695 0.03180763 -0.00210206 -0.00268514 -0.00123092
1778556334.891717 -0.22799134 -0.70911785 0.03291145 -0.00206981 -0.00272927 -0.00120726
1778556334.958432 -0.24833705 -0.70504411 0.03462526 -0.00195431 -0.00282890 -0.00115552
1778556335.025147 -0.24793684 -0.70527681 0.03471013 -0.00195122 -0.00283381 -0.00113070
1778556335.091861 -0.25199333 -0.70355316 0.03387196 -0.00185017 -0.00283411 -0.00114717
1778556335.158576 -0.24649064 -0.70629816 0.03292968 -0.00181103 -0.00276881 -0.00124471
1778556335.225291 -0.23909213 -0.71166767 0.03197504 -0.00179036 -0.00278041 -0.00126740
1778556335.292006 -0.22190173 -0.70218036 0.02991859 -0.00180580 -0.00284937 -0.00127647
1778556335.358721 -0.20004575 -0.69838570 0.02774918 -0.00179449 -0.00289444 -0.00130937
1778556335.425436 -0.18975690 -0.69618660 0.02661408 -0.00183485 -0.00295651 -0.00130039
1778556335.492150 -0.17181067 -0.67277083 0.02309187 -0.00177956 -0.00300474 -0.00127021
1778556335.558865 -0.15417635 -0.65855014 0.02045147 -0.00176879 -0.00297162 -0.00125304
1778556335.625580 -0.12551164 -0.64104903 0.01717859 -0.00171935 -0.00302541 -0.00123379
1778556335.692294 -0.11839769 -0.63013921 0.01567660 -0.00171550 -0.00301029 -0.00121434
1778556335.759009 -0.09809326 -0.62244817 0.01344313 -0.00172844 -0.00298781 -0.00120585
1778556335.825724 -0.09583017 -0.61709759 0.01247475 -0.00174121 -0.00298593 -0.00118934
1778556335.892438 -0.08844600 -0.61914997 0.01193627 -0.00178391 -0.00299287 -0.00118717
1778556335.959153 -0.07230345 -0.62262091 0.01101854 -0.00179864 -0.00300237 -0.00119016
1778556336.025868 -0.06913025 -0.62948473 0.01063199 -0.00181357 -0.00293565 -0.00122965
1778556336.092584 -0.07881276 -0.62657170 0.01103315 -0.00179843 -0.00295050 -0.00122763
1778556336.159299 -0.06961389 -0.63000674 0.01055861 -0.00181514 -0.00296053 -0.00123871
1778556336.226015 -0.07407929 -0.63079632 0.01089567 -0.00182235 -0.00292817 -0.00121828
1778556336.292730 -0.07750746 -0.62796471 0.01091490 -0.00181366 -0.00292283 -0.00120220
1778556336.359445 -0.08224475 -0.62389105 0.01097775 -0.00179808 -0.00296625 -0.00122360
1778556336.426161 -0.09098276 -0.62084295 0.01112560 -0.00177697 -0.00295535 -0.00125938
1778556336.492876 -0.10007132 -0.60236770 0.01012151 -0.00169393 -0.00294461 -0.00122486
1778556336.559591 -0.10681069 -0.60405935 0.01069633 -0.00170090 -0.00297127 -0.00121071
1778556336.626306 -0.10267264 -0.60420649 0.01045012 -0.00169151 -0.00298441 -0.00120741
1778556336.693022 -0.09672431 -0.60537139 0.01011171 -0.00167284 -0.00300297 -0.00120301
1778556336.759737 -0.08660438 -0.60755071 0.00951501 -0.00166329 -0.00300709 -0.00122913
1778556336.826452 -0.08854620 -0.60273915 0.00869291 -0.00159843 -0.00300590 -0.00123708
1778556336.893167 -0.08355555 -0.60704107 0.00847176 -0.00160400 -0.00301445 -0.00124181
1778556336.959882 -0.08165595 -0.60825318 0.00833712 -0.00162064 -0.00302093 -0.00124627
1778556337.026598 -0.08088869 -0.61070592 0.00836049 -0.00163091 -0.00301013 -0.00124839
1778556337.093314 -0.07994362 -0.61347398 0.00848171 -0.00164931 -0.00299166 -0.00124687
1778556337.160030 -0.08174362 -0.61840190 0.00902543 -0.00166526 -0.00299574 -0.00126410
1778556337.226745 -0.08259989 -0.62368451 0.00948119 -0.00168327 -0.00300955 -0.00127608
1778556337.293461 -0.09091759 -0.63681322 0.01083752 -0.00166708 -0.00299358 -0.00124407
1778556337.360177 -0.09737502 -0.63599075 0.01126434 -0.00168004 -0.00300471 -0.00123854
1778556337.426893 -0.09922598 -0.63716140 0.01143483 -0.00167613 -0.00298167 -0.00124046
1778556337.493608 -0.09787472 -0.63874762 0.01155895 -0.00166944 -0.00295716 -0.00125445
1778556337.560324 -0.10021107 -0.64196031 0.01192867 -0.00167705 -0.00295266 -0.00127754
1778556337.627039 -0.10200480 -0.64519017 0.01226595 -0.00167147 -0.00297259 -0.00135030
1778556337.693755 -0.10067174 -0.64804829 0.01246839 -0.00165494 -0.00295343 -0.00138059
1778556337.760471 -0.09667260 -0.65529515 0.01261339 -0.00164040 -0.00294366 -0.00138326
1778556337.827186 -0.08563113 -0.66838901 0.01283655 -0.00167353 -0.00296978 -0.00141214
1778556337.893902 -0.07980667 -0.67852067 0.01315257 -0.00169113 -0.00300994 -0.00144750
1778556337.960618 -0.07603721 -0.68650034 0.01349675 -0.00172492 -0.00302379 -0.00145761
1778556338.027332 -0.07313297 -0.69053019 0.01366786 -0.00175238 -0.00304796 -0.00145230
1778556338.094046 -0.08896732 -0.69816783 0.01506540 -0.00177906 -0.00309341 -0.00150411
1778556338.160761 -0.07935239 -0.69371581 0.01404960 -0.00179676 -0.00306312 -0.00151100
1778556338.227475 -0.07209808 -0.69652625 0.01394984 -0.00180943 -0.00305961 -0.00152185
1778556338.294189 -0.06698300 -0.69803441 0.01372377 -0.00181661 -0.00307370 -0.00155535
1778556338.360903 -0.04362705 -0.70031628 0.01207999 -0.00178944 -0.00305072 -0.00154623
1778556338.427618 -0.02552370 -0.70305427 0.01128666 -0.00177955 -0.00305184 -0.00158107
1778556338.494332 -0.00069166 -0.70482272 0.00978471 -0.00170433 -0.00306068 -0.00158926
1778556338.561046 0.01371247 -0.70293782 0.00863135 -0.00167532 -0.00307787 -0.00158533
1778556338.627760 0.02882784 -0.69926050 0.00741794 -0.00163572 -0.00307206 -0.00156170
1778556338.694474 0.03885540 -0.69365343 0.00640120 -0.00160078 -0.00309275 -0.00154689
1778556338.761188 0.04758261 -0.68361910 0.00518213 -0.00161255 -0.00313716 -0.00155183
1778556338.827902 0.04776670 -0.68148706 0.00482580 -0.00158177 -0.00314788 -0.00154306
1778556338.894616 0.05218523 -0.68007597 0.00435809 -0.00155815 -0.00314474 -0.00152942
1778556338.961330 0.06143431 -0.66652222 0.00330034 -0.00162143 -0.00313614 -0.00150801
1778556339.028045 0.05931535 -0.66631367 0.00286874 -0.00156187 -0.00315089 -0.00151864
1778556339.094761 0.06546273 -0.66805434 0.00254298 -0.00154441 -0.00312765 -0.00152613
1778556339.161477 0.06987630 -0.66742374 0.00233038 -0.00152442 -0.00312153 -0.00153102
1778556339.228192 0.07231803 -0.66656050 0.00220031 -0.00151112 -0.00311933 -0.00151865
1778556339.294908 0.07603788 -0.66612835 0.00197609 -0.00149778 -0.00308572 -0.00151205
1778556339.361623 0.07552156 -0.64339085 0.00029419 -0.00155287 -0.00309899 -0.00152030
1778556339.428339 0.07154934 -0.64086158 0.00037254 -0.00153996 -0.00308481 -0.00152268
1778556339.495054 0.06990640 -0.63483254 0.00016989 -0.00152981 -0.00304143 -0.00151403
1778556339.561770 0.06617941 -0.62800989 0.00000094 -0.00150811 -0.00300572 -0.00150304
1778556339.628485 0.06158897 -0.62045085 -0.00018293 -0.00150437 -0.00296831 -0.00149653
1778556339.695201 0.05965909 -0.61460784 -0.00045879 -0.00148760 -0.00292935 -0.00148808
1778556339.761916 0.06145636 -0.61215592 -0.00080728 -0.00147707 -0.00287123 -0.00148700
1778556339.828632 0.07985931 -0.61114800 -0.00224277 -0.00146568 -0.00281551 -0.00150187
1778556339.895347 0.06966066 -0.60241382 -0.00207534 -0.00149347 -0.00286212 -0.00149821
1778556339.962063 0.06996855 -0.60225734 -0.00224709 -0.00149140 -0.00283130 -0.00150339
1778556340.028778 0.07498209 -0.62526030 -0.00121946 -0.00147505 -0.00278787 -0.00154686
1778556340.095494 0.07771895 -0.63091785 -0.00086178 -0.00148506 -0.00276595 -0.00155788
1778556340.162209 0.07999908 -0.63478624 -0.00061065 -0.00149421 -0.00274577 -0.00156514
1778556340.228925 0.08379471 -0.63948744 -0.00043305 -0.00150065 -0.00272662 -0.00157260
1778556340.295640 0.08608249 -0.64334696 -0.00019447 -0.00149731 -0.00271879 -0.00158541
1778556340.362355 0.09140243 -0.63184066 -0.00115824 -0.00143779 -0.00270297 -0.00159085
1778556340.429070 0.08722425 -0.63516186 -0.00072962 -0.00147447 -0.00268357 -0.00157508
1778556340.495786 0.08171119 -0.63636138 -0.00039298 -0.00146089 -0.00265565 -0.00157429
1778556340.562501 0.07693222 -0.64160584 0.00021948 -0.00146058 -0.00263213 -0.00156317
1778556340.629216 0.06760431 -0.64498227 0.00096686 -0.00145168 -0.00261357 -0.00156854
1778556340.695932 0.05769443 -0.64784341 0.00170935 -0.00144611 -0.00257745 -0.00157321
1778556340.762647 0.04714486 -0.65070282 0.00247337 -0.00143992 -0.00255307 -0.00157437
1778556340.829362 0.04366633 -0.65435529 0.00287768 -0.00141503 -0.00251647 -0.00158857
1778556340.896077 0.03148488 -0.65655801 0.00373940 -0.00140835 -0.00250350 -0.00160557
1778556340.962792 0.01831076 -0.65817705 0.00465916 -0.00139509 -0.00252012 -0.00161430
1778556341.029510 0.00792566 -0.65609137 0.00513977 -0.00138088 -0.00252559 -0.00160414
1778556341.096226 -0.00704990 -0.67810701 0.00763440 -0.00129487 -0.00253554 -0.00158887
1778556341.162943 -0.01693149 -0.67819763 0.00839670 -0.00128286 -0.00254146 -0.00158838
1778556341.229661 -0.02843354 -0.67598430 0.00913644 -0.00127705 -0.00251751 -0.00157821
1778556341.296377 -0.03628528 -0.67696177 0.00979749 -0.00124907 -0.00250267 -0.00157759
1778556341.363094 -0.04299746 -0.67964503 0.01048973 -0.00123137 -0.00249699 -0.00157421
1778556341.429811 -0.04659915 -0.68009746 0.01069525 -0.00121659 -0.00247602 -0.00156103
1778556341.496529 -0.04793887 -0.68291155 0.01103072 -0.00119535 -0.00246876 -0.00156140
1778556341.563246 -0.04947392 -0.68466238 0.01128920 -0.00118861 -0.00246578 -0.00155360
1778556341.629963 -0.05570842 -0.68564129 0.01187799 -0.00117502 -0.00249159 -0.00153337
1778556341.696680 -0.06188763 -0.68759593 0.01256626 -0.00116677 -0.00249791 -0.00152154
1778556341.763397 -0.06719722 -0.68914785 0.01315782 -0.00115522 -0.00246762 -0.00153245
1778556341.830114 -0.07243721 -0.69083132 0.01377176 -0.00115534 -0.00245412 -0.00153986
1778556341.896831 -0.07694865 -0.69194880 0.01427435 -0.00114626 -0.00243162 -0.00153444
1778556341.963549 -0.08210097 -0.69254719 0.01479688 -0.00112068 -0.00242063 -0.00154268
1778556342.030266 -0.08530894 -0.69304111 0.01511825 -0.00109973 -0.00241327 -0.00155779
1778556342.096983 -0.08967497 -0.69294583 0.01550076 -0.00108338 -0.00241935 -0.00157033
1778556342.163700 -0.09129603 -0.69297799 0.01567395 -0.00107006 -0.00241737 -0.00157071
1778556342.230417 -0.09397664 -0.69302088 0.01609450 -0.00094982 -0.00243679 -0.00153666
1778556342.297134 -0.09785389 -0.69299601 0.01640869 -0.00097679 -0.00245360 -0.00154111
1778556342.363851 -0.10208262 -0.69027910 0.01644603 -0.00096499 -0.00244177 -0.00153666
1778556342.430568 -0.10222426 -0.69110718 0.01667037 -0.00094956 -0.00243477 -0.00154914
1778556342.497285 -0.10443757 -0.68878022 0.01654715 -0.00094707 -0.00240491 -0.00154255
1778556342.564002 -0.10762788 -0.68672705 0.01661994 -0.00093522 -0.00239998 -0.00153883
1778556342.630719 -0.10814636 -0.68655547 0.01666582 -0.00092066 -0.00240812 -0.00154646
1778556342.697436 -0.10896940 -0.68583556 0.01669722 -0.00090851 -0.00239453 -0.00154569
1778556342.764153 -0.10943209 -0.68557273 0.01673564 -0.00090121 -0.00237797 -0.00153561
1778556342.830871 -0.10833111 -0.68460895 0.01706073 -0.00087810 -0.00233536 -0.00150704
1778556342.897588 -0.10877400 -0.68487133 0.01714716 -0.00087210 -0.00232927 -0.00151293
1778556342.964305 -0.11278772 -0.68314252 0.01712870 -0.00086784 -0.00232561 -0.00151421
1778556343.031020 -0.11101207 -0.68346573 0.01705586 -0.00086551 -0.00230788 -0.00152017
1778556343.097735 -0.11116721 -0.68337978 0.01708641 -0.00086142 -0.00229890 -0.00152642
1778556343.164450 -0.11011556 -0.68357362 0.01703711 -0.00089110 -0.00225838 -0.00150837
1778556343.231166 -0.11286405 -0.68478132 0.01762499 -0.00085714 -0.00227663 -0.00151835
1778556343.297881 -0.11438603 -0.68574799 0.01814288 -0.00083440 -0.00226981 -0.00152475
1778556343.364596 -0.11586823 -0.68545561 0.01836723 -0.00082065 -0.00225565 -0.00151815
1778556343.431311 -0.11636721 -0.68585939 0.01860333 -0.00079979 -0.00224572 -0.00151021
1778556343.498026 -0.11700542 -0.68646240 0.01877784 -0.00078551 -0.00223808 -0.00150318
1778556343.564741 -0.11738268 -0.68945001 0.01878600 -0.00079594 -0.00220472 -0.00149111
1778556343.631456 -0.11745634 -0.68946174 0.01810312 -0.00077876 -0.00219933 -0.00152001
1778556343.698171 -0.11694652 -0.68946528 0.01781116 -0.00077654 -0.00221352 -0.00153541
1778556343.764886 -0.11854755 -0.68691244 0.01751668 -0.00077166 -0.00222017 -0.00153806
1778556343.831602 -0.11747841 -0.68668358 0.01738820 -0.00077642 -0.00220983 -0.00152715
1778556343.898316 -0.11740438 -0.68605114 0.01732282 -0.00078054 -0.00220903 -0.00152255
1778556343.965031 -0.11531729 -0.68856917 0.01751159 -0.00078278 -0.00220922 -0.00152194
1778556344.031748 -0.11543966 -0.68824379 0.01760275 -0.00085924 -0.00218763 -0.00153105
1778556344.098464 -0.11560594 -0.68833488 0.01764557 -0.00082729 -0.00219729 -0.00152593
1778556344.165180 -0.11558277 -0.68843116 0.01771841 -0.00083721 -0.00219364 -0.00151755
1778556344.231897 -0.11562900 -0.68782790 0.01764234 -0.00084632 -0.00217501 -0.00151789
1778556344.298613 -0.11928079 -0.68599541 0.01775000 -0.00088143 -0.00214147 -0.00150676
1778556344.365330 -0.11937868 -0.68523335 0.01786856 -0.00087689 -0.00214692 -0.00149828
1778556344.432046 -0.11890301 -0.68467328 0.01774151 -0.00088152 -0.00213160 -0.00149609
1778556344.498762 -0.11864448 -0.68405054 0.01777718 -0.00088195 -0.00213126 -0.00150362
1778556344.565479 -0.11834652 -0.68386425 0.01775113 -0.00088723 -0.00212255 -0.00150868
1778556344.632195 -0.11798516 -0.68385187 0.01770887 -0.00089414 -0.00210659 -0.00151392
1778556344.698912 -0.11786625 -0.68387227 0.01759777 -0.00089856 -0.00209005 -0.00150666
1778556344.765628 -0.11787020 -0.68430590 0.01742256 -0.00090372 -0.00207252 -0.00149746
1778556344.832345 -0.11759735 -0.68495013 0.01724261 -0.00090809 -0.00205793 -0.00150061
1778556344.899061 -0.11742843 -0.68520647 0.01709229 -0.00090845 -0.00204404 -0.00151332
1778556344.965777 -0.11720224 -0.68547974 0.01701103 -0.00091573 -0.00204225 -0.00151637
1778556345.032495 -0.11707335 -0.68612710 0.01683722 -0.00091908 -0.00202448 -0.00151833
1778556345.099212 -0.11680222 -0.68663203 0.01669220 -0.00092164 -0.00200692 -0.00153832
1778556345.165929 -0.11877443 -0.68755419 0.01660125 -0.00092005 -0.00195762 -0.00155646
1778556345.232646 -0.11757757 -0.69038879 0.01625721 -0.00089676 -0.00194938 -0.00154672
1778556345.299364 -0.11635578 -0.69265756 0.01587985 -0.00089729 -0.00195111 -0.00154896
1778556345.366081 -0.11487037 -0.69491322 0.01550313 -0.00089870 -0.00195297 -0.00155191
1778556345.432799 -0.11351997 -0.69668398 0.01514638 -0.00090010 -0.00194270 -0.00154735
1778556345.499516 -0.11216617 -0.69854249 0.01483031 -0.00089995 -0.00195083 -0.00155410
1778556345.566234 -0.11066339 -0.70130908 0.01446322 -0.00090610 -0.00195821 -0.00156090
1778556345.632951 -0.10827214 -0.70471028 0.01414074 -0.00091390 -0.00194251 -0.00156542
1778556345.699669 -0.10710198 -0.70638596 0.01392311 -0.00092027 -0.00195180 -0.00158293
1778556345.766387 -0.10416140 -0.70971757 0.01374611 -0.00093072 -0.00194582 -0.00158388
1778556345.833104 -0.10215116 -0.71190391 0.01361275 -0.00093492 -0.00193621 -0.00158244
1778556345.899822 -0.10133408 -0.71273810 0.01357689 -0.00093575 -0.00195456 -0.00158396
1778556345.966540 -0.09713978 -0.71680788 0.01340445 -0.00093493 -0.00195426 -0.00158294
1778556346.033256 -0.09430959 -0.71957320 0.01326588 -0.00093317 -0.00194651 -0.00158057
1778556346.099972 -0.09121049 -0.72244942 0.01316968 -0.00093325 -0.00195565 -0.00158179
1778556346.166688 -0.08899328 -0.72495670 0.01311587 -0.00093124 -0.00196516 -0.00158579
1778556346.233404 -0.08575187 -0.72859823 0.01304804 -0.00093362 -0.00196552 -0.00158393
1778556346.300121 -0.08188655 -0.73318079 0.01296673 -0.00093052 -0.00195593 -0.00158347
1778556346.366837 -0.07761413 -0.73821536 0.01289196 -0.00092248 -0.00194438 -0.00159307
1778556346.433553 -0.06951116 -0.74072660 0.01264998 -0.00093803 -0.00192517 -0.00160388
1778556346.500269 -0.05880488 -0.73274676 0.01149299 -0.00095850 -0.00190224 -0.00158680
1778556346.566986 -0.05770390 -0.73345023 0.01155435 -0.00094419 -0.00192916 -0.00156236
1778556346.633702 -0.07453769 -0.74248259 0.01266907 -0.00088799 -0.00193602 -0.00157109
1778556346.700418 -0.09970301 -0.76665029 0.01520867 -0.00086387 -0.00199440 -0.00156057
1778556346.767134 -0.09997811 -0.81898345 0.01960651 -0.00083378 -0.00206407 -0.00154636
1778556346.833851 0.02447650 -0.86363420 0.02077687 -0.00082257 -0.00213279 -0.00151791
1778556346.900567 0.05487532 -0.86134592 0.01980519 -0.00083450 -0.00209789 -0.00152259
1778556346.967283 0.11714129 -0.84908978 0.01721557 -0.00083103 -0.00211837 -0.00148469
1778556347.034000 0.19767618 -0.82832872 0.01376035 -0.00083278 -0.00210619 -0.00144256
1778556347.100718 0.27948603 -0.77560784 0.00779912 -0.00082175 -0.00207558 -0.00141133
1778556347.167435 0.30927795 -0.73532726 0.00367571 -0.00081786 -0.00204502 -0.00140020
1778556347.234152 0.34087584 -0.68447304 -0.00121847 -0.00080456 -0.00201196 -0.00139040
1778556347.300869 0.31122091 -0.73354369 0.00403804 -0.00068085 -0.00193486 -0.00132810
1778556347.367587 0.37914844 -0.66031740 -0.00420739 -0.00078648 -0.00189645 -0.00141108
1778556347.434304 0.38022414 -0.65221520 -0.00495495 -0.00081662 -0.00185280 -0.00142486
1778556347.501021 0.38355026 -0.64271073 -0.00587987 -0.00084710 -0.00183073 -0.00146320
1778556347.567739 0.38985570 -0.63408555 -0.00676235 -0.00086827 -0.00183911 -0.00149332
1778556347.634457 0.39138156 -0.62936037 -0.00717362 -0.00087840 -0.00184764 -0.00152301
1778556347.701174 0.39539542 -0.62311796 -0.00774133 -0.00088859 -0.00187378 -0.00154225
1778556347.767891 0.40139344 -0.61337205 -0.00869585 -0.00089111 -0.00189252 -0.00155711
1778556347.834609 0.39870704 -0.60458470 -0.00931697 -0.00089018 -0.00191582 -0.00154407
1778556347.901326 0.39828669 -0.59311650 -0.01039116 -0.00087950 -0.00192787 -0.00154632
1778556347.968044 0.40300033 -0.58759505 -0.01108563 -0.00087772 -0.00193595 -0.00155580
1778556348.034762 0.39830865 -0.57691598 -0.01196039 -0.00087656 -0.00193791 -0.00157807
1778556348.101480 0.39833314 -0.54176454 -0.01492768 -0.00088565 -0.00194527 -0.00159371
1778556348.168198 0.39165765 -0.50891043 -0.01759981 -0.00089439 -0.00194486 -0.00161258
1778556348.234916 0.37783323 -0.47718275 -0.02008439 -0.00089663 -0.00195122 -0.00163057
1778556348.301635 0.36920011 -0.46479286 -0.02108374 -0.00089626 -0.00195877 -0.00164180
1778556348.368353 0.31023478 -0.62424211 -0.01055894 -0.00077782 -0.00201565 -0.00155595
1778556348.435071 0.33434149 -0.42182524 -0.02422399 -0.00089299 -0.00198292 -0.00165760
1778556348.501789 0.31170329 -0.34893904 -0.02989170 -0.00090002 -0.00198569 -0.00166177
1778556348.568507 0.30142942 -0.34760292 -0.02952762 -0.00090557 -0.00200226 -0.00166262
1778556348.635226 0.23659890 -0.95342008 0.01445544 -0.00070431 -0.00214253 -0.00144227
1778556348.701944 0.24030495 -0.33551250 -0.02947422 -0.00088323 -0.00206272 -0.00166643
1778556348.768662 0.22187162 -0.29775150 -0.03240809 -0.00089294 -0.00205794 -0.00166901
1778556348.835381 0.19910662 -0.27885411 -0.03344320 -0.00090210 -0.00206481 -0.00167037
1778556348.902099 0.18825702 -0.28357656 -0.03278374 -0.00089383 -0.00208865 -0.00167635
1778556348.968818 0.13069487 -0.29275629 -0.03254542 -0.00084020 -0.00209728 -0.00164276
1778556349.035584 0.13482846 -0.28897023 -0.03211993 -0.00086797 -0.00205549 -0.00170404
1778556349.102401 0.09142156 -0.29539527 -0.03115802 -0.00083831 -0.00203777 -0.00171380
1778556349.169219 0.06069348 -0.29610075 -0.03071190 -0.00082256 -0.00201412 -0.00171759
1778556349.236039 0.04592954 -0.29400712 -0.03088878 -0.00081552 -0.00200191 -0.00171793
1778556349.302859 -0.11836736 -0.09471465 -0.04835569 -0.00057256 -0.00210787 -0.00152587
1778556349.369681 0.01434605 -0.29175833 -0.03058650 -0.00078883 -0.00198607 -0.00170226
1778556349.436505 -0.00431251 -0.28848159 -0.03035673 -0.00076226 -0.00197512 -0.00167811
1778556349.503329 -0.01328727 -0.28341919 -0.03061462 -0.00076976 -0.00198458 -0.00168096
1778556349.570155 -0.02729722 -0.27646889 -0.03087213 -0.00075207 -0.00194436 -0.00165383
1778556349.636982 -0.03330327 -0.26468106 -0.03180522 -0.00075130 -0.00193532 -0.00165770
1778556349.703811 -0.04715121 -0.25251675 -0.03250387 -0.00074454 -0.00190712 -0.00163828
1778556349.770641 -0.05290990 -0.24443647 -0.03298846 -0.00073899 -0.00192167 -0.00163790
1778556349.837472 -0.06145653 -0.23371725 -0.03355949 -0.00071632 -0.00191431 -0.00163370
1778556349.904304 -0.06156717 -0.22677097 -0.03416840 -0.00070266 -0.00190770 -0.00164526
1778556349.971138 -0.06834885 -0.21580117 -0.03477769 -0.00067130 -0.00191228 -0.00164204
1778556350.037907 -0.07238482 -0.21796848 -0.03455594 -0.00066715 -0.00193073 -0.00164560
1778556350.104614 -0.07684891 -0.21175081 -0.03495926 -0.00066563 -0.00192224 -0.00162833
1778556350.171320 -0.08321337 -0.19647634 -0.03624451 -0.00067348 -0.00191599 -0.00162168
1778556350.238026 -0.08564041 -0.19475697 -0.03644052 -0.00068687 -0.00191278 -0.00162330
1778556350.304732 -0.08779857 -0.18957922 -0.03689447 -0.00069585 -0.00190805 -0.00162007
1778556350.371438 -0.09282314 -0.18760380 -0.03699498 -0.00073114 -0.00189985 -0.00160943
1778556350.438144 -0.09630355 -0.18406605 -0.03704987 -0.00074504 -0.00190150 -0.00161149
1778556350.504850 -0.10092085 -0.18049972 -0.03707781 -0.00075787 -0.00190233 -0.00161308
1778556350.571555 -0.10464662 -0.17838248 -0.03709907 -0.00076796 -0.00189749 -0.00160330
1778556350.638260 -0.10871340 -0.17802520 -0.03695912 -0.00078005 -0.00190196 -0.00158465
1778556350.704965 -0.11144341 -0.17485385 -0.03713022 -0.00078813 -0.00189943 -0.00156859
1778556350.771670 -0.11277804 -0.17345339 -0.03731372 -0.00079261 -0.00189215 -0.00154637
1778556350.838375 -0.11393596 -0.17169621 -0.03753824 -0.00079785 -0.00188539 -0.00153035
1778556350.905080 -0.11487993 -0.17150070 -0.03756376 -0.00080348 -0.00187834 -0.00150654
1778556350.971784 -0.11450700 -0.17237426 -0.03741407 -0.00080194 -0.00188073 -0.00149034
1778556351.038490 -0.11188322 -0.17561454 -0.03705882 -0.00079709 -0.00188703 -0.00146884
1778556351.105196 -0.10840944 -0.17630400 -0.03688998 -0.00078559 -0.00189023 -0.00145908
1778556351.171902 -0.10340123 -0.17941855 -0.03647835 -0.00077647 -0.00189938 -0.00144266
1778556351.238608 -0.10143636 -0.18218934 -0.03612995 -0.00077447 -0.00191286 -0.00143589
1778556351.305314 -0.09678565 -0.18362006 -0.03583623 -0.00076855 -0.00191534 -0.00141090
1778556351.372020 -0.09060632 -0.18137678 -0.03586951 -0.00075739 -0.00189531 -0.00139322
1778556351.438725 -0.08209563 -0.18128638 -0.03568748 -0.00074221 -0.00187447 -0.00138367
1778556351.505430 -0.07422491 -0.17883501 -0.03560266 -0.00072001 -0.00185604 -0.00137836
1778556351.572135 -0.07343930 -0.17973011 -0.03548653 -0.00071295 -0.00187259 -0.00137308
1778556351.638840 -0.06350314 -0.17752506 -0.03527433 -0.00068598 -0.00185873 -0.00135873
1778556351.705545 -0.06055405 -0.18274567 -0.03477518 -0.00067358 -0.00187929 -0.00135957
1778556351.772249 -0.04760653 -0.17931789 -0.03444181 -0.00063137 -0.00187521 -0.00133733
1778556351.838954 -0.04645739 -0.18396342 -0.03409913 -0.00062394 -0.00189058 -0.00133911
1778556351.905658 -0.03901106 -0.18014141 -0.03425619 -0.00059201 -0.00188163 -0.00132077
1778556351.972362 -0.04089566 -0.17814931 -0.03444241 -0.00060176 -0.00187730 -0.00132220
1778556352.039068 -0.03689584 -0.17319483 -0.03474611 -0.00057558 -0.00185788 -0.00129915
1778556352.105774 -0.03991902 -0.17193735 -0.03488906 -0.00058434 -0.00185677 -0.00129914
1778556352.172481 -0.04147340 -0.16336762 -0.03548925 -0.00057675 -0.00182370 -0.00127898
1778556352.239187 -0.04629267 -0.16433669 -0.03536645 -0.00059069 -0.00183043 -0.00127808
1778556352.305894 -0.04801803 -0.16231609 -0.03554060 -0.00059033 -0.00183873 -0.00126767
1778556352.372600 -0.05359603 -0.15354716 -0.03612942 -0.00058322 -0.00181896 -0.00124327
1778556352.439305 -0.05521890 -0.15063287 -0.03643960 -0.00058591 -0.00182590 -0.00124679
1778556352.506011 -0.05872081 -0.14680526 -0.03667110 -0.00059798 -0.00182204 -0.00125200
1778556352.572717 -0.05266144 -0.13834586 -0.03767105 -0.00055396 -0.00182247 -0.00121667
1778556352.639422 -0.06655761 -0.13353286 -0.03770739 -0.00059555 -0.00180082 -0.00125413
1778556352.706127 -0.06712094 -0.13189743 -0.03768528 -0.00059377 -0.00180382 -0.00125939
1778556352.772832 -0.06791970 -0.12197485 -0.03842351 -0.00058005 -0.00179508 -0.00126840
1778556352.839537 -0.06641398 -0.12601475 -0.03796643 -0.00058383 -0.00179482 -0.00126805
1778556352.906242 -0.06248550 -0.12507814 -0.03796093 -0.00057523 -0.00179527 -0.00125255
1778556352.972947 -0.05039940 -0.11504234 -0.03879936 -0.00052694 -0.00180126 -0.00122198
1778556353.039652 -0.06167053 -0.11117533 -0.03864973 -0.00056874 -0.00178229 -0.00125513
1778556353.106359 -0.05653051 -0.09717996 -0.03966161 -0.00055498 -0.00176183 -0.00125009
1778556353.173065 -0.05401285 -0.10034798 -0.03939489 -0.00054883 -0.00175210 -0.00125033
1778556353.239771 -0.04966230 -0.08970028 -0.04013647 -0.00053285 -0.00172449 -0.00125419
1778556353.306477 -0.04920335 -0.08836800 -0.04029878 -0.00053205 -0.00172645 -0.00125761
1778556353.373183 -0.04453543 -0.07332963 -0.04156387 -0.00052503 -0.00171674 -0.00126178
1778556353.439889 -0.04484484 -0.07878969 -0.04119009 -0.00053026 -0.00172969 -0.00127904
1778556353.506594 -0.03868043 -0.07349829 -0.04166575 -0.00052638 -0.00173414 -0.00128485
1778556353.573299 -0.03808504 -0.07783122 -0.04135157 -0.00052517 -0.00173840 -0.00128633
1778556353.640005 -0.03289203 -0.07770679 -0.04147248 -0.00052054 -0.00175461 -0.00128914
1778556353.706709 -0.03077596 -0.07714536 -0.04155828 -0.00052146 -0.00175684 -0.00129287
1778556353.773414 0.02754413 -0.03311246 -0.04582141 -0.00033246 -0.00172891 -0.00117963
1778556353.840119 -0.02507738 -0.07516793 -0.04189066 -0.00052150 -0.00177057 -0.00130541
1778556353.906823 -0.02195083 -0.07176251 -0.04234766 -0.00052564 -0.00177255 -0.00130926
1778556353.973528 -0.02330966 -0.07467699 -0.04201152 -0.00053561 -0.00178173 -0.00131265
1778556354.040234 -0.02141454 -0.07271216 -0.04206124 -0.00054586 -0.00180413 -0.00131508
1778556354.106941 -0.01990884 -0.07438638 -0.04182293 -0.00053513 -0.00181669 -0.00132237
1778556354.173648 -0.01928250 -0.07457556 -0.04166399 -0.00053065 -0.00183133 -0.00132907
1778556354.240355 -0.01811155 -0.07110087 -0.04173674 -0.00053728 -0.00185738 -0.00134302
1778556354.307062 -0.01611784 -0.07131613 -0.04152985 -0.00053096 -0.00185613 -0.00133765
1778556354.373769 -0.01334167 -0.06494692 -0.04157981 -0.00053419 -0.00186529 -0.00134595
1778556354.440476 -0.01362011 -0.06743147 -0.04117177 -0.00053254 -0.00188129 -0.00134141
1778556354.507182 -0.01220335 -0.06123052 -0.04109320 -0.00054223 -0.00189135 -0.00134293
1778556354.573889 -0.01222785 -0.06247639 -0.04079167 -0.00054095 -0.00189900 -0.00134072
1778556354.640594 -0.01057390 -0.05450456 -0.04082932 -0.00054229 -0.00189478 -0.00133975
1778556354.707300 -0.01036973 -0.05644407 -0.04056416 -0.00054382 -0.00189965 -0.00134735
1778556354.774006 -0.00767183 -0.04900826 -0.04049248 -0.00054636 -0.00189182 -0.00133959
1778556354.840712 -0.00779950 -0.05244098 -0.04015830 -0.00054166 -0.00190754 -0.00133459
1778556354.907417 -0.00511140 -0.04555835 -0.04014751 -0.00054113 -0.00189153 -0.00132561
1778556354.974123 -0.00466503 -0.04606878 -0.04002325 -0.00053776 -0.00190338 -0.00132415
1778556355.040829 -0.00139458 -0.03681164 -0.04031671 -0.00053278 -0.00189538 -0.00131648
1778556355.107535 -0.00170804 -0.03631329 -0.04028999 -0.00052956 -0.00190409 -0.00131786
1778556355.174242 0.00159153 -0.02768997 -0.04076375 -0.00052064 -0.00189456 -0.00130275
1778556355.240947 0.00076844 -0.02927493 -0.04071688 -0.00052711 -0.00187711 -0.00130541
1778556355.307654 0.00213525 -0.02225872 -0.04118047 -0.00052178 -0.00184405 -0.00128814
1778556355.374359 0.00041256 -0.02499248 -0.04085278 -0.00052262 -0.00184779 -0.00128653
1778556355.441065 0.00143834 -0.01860189 -0.04118717 -0.00051901 -0.00182772 -0.00126596
1778556355.507771 0.00014804 -0.01825726 -0.04117073 -0.00052431 -0.00183272 -0.00127286
1778556355.574476 0.00284740 -0.01049601 -0.04178107 -0.00051406 -0.00182872 -0.00126044
1778556355.641181 0.00391534 -0.01078849 -0.04186889 -0.00051138 -0.00182534 -0.00125822
1778556355.707886 0.00833348 -0.00232334 -0.04266780 -0.00050093 -0.00181854 -0.00124981
1778556355.774590 0.00848131 -0.00556425 -0.04236471 -0.00049668 -0.00181439 -0.00125255
1778556355.841295 0.02644408 -0.03847636 -0.04123378 -0.00044476 -0.00188911 -0.00114615
1778556355.908000 0.01639854 0.00034922 -0.04317378 -0.00047701 -0.00180486 -0.00123558
1778556355.974704 0.02186020 0.00641545 -0.04387314 -0.00046088 -0.00180747 -0.00122313
1778556356.041409 0.02190420 0.00577575 -0.04399068 -0.00046725 -0.00180092 -0.00122337
1778556356.108116 0.02672476 0.01127781 -0.04471718 -0.00045970 -0.00180690 -0.00120625
1778556356.174822 0.02740033 0.01043645 -0.04479048 -0.00046134 -0.00180667 -0.00120657
1778556356.241528 0.03229596 0.01748100 -0.04562643 -0.00046216 -0.00181246 -0.00117597
1778556356.308234 0.03114733 0.01500562 -0.04542226 -0.00046657 -0.00182081 -0.00117347
1778556356.374940 0.03484397 0.01885928 -0.04586972 -0.00046595 -0.00184029 -0.00114454
1778556356.441646 0.03532399 0.02003545 -0.04584369 -0.00047011 -0.00182842 -0.00115539
1778556356.508351 0.03783476 0.02319363 -0.04617459 -0.00047205 -0.00184017 -0.00113759
1778556356.575056 0.03898141 0.02770435 -0.04649136 -0.00046522 -0.00183911 -0.00111814
1778556356.641762 0.04098091 0.03073545 -0.04657320 -0.00046016 -0.00185242 -0.00110375
1778556356.708467 0.04224948 0.03557851 -0.04684823 -0.00045509 -0.00186654 -0.00110393
1778556356.775171 0.04282435 0.04163689 -0.04721307 -0.00045207 -0.00188392 -0.00110860
1778556356.841876 0.04224421 0.04740323 -0.04752031 -0.00045506 -0.00188012 -0.00111810
1778556356.908581 0.05258952 0.03357032 -0.04624899 -0.00046384 -0.00183146 -0.00112537
1778556356.975285 0.03917374 0.05346146 -0.04817641 -0.00046362 -0.00178649 -0.00113386
1778556357.041990 0.03734263 0.05846393 -0.04896348 -0.00047462 -0.00169652 -0.00113552
1778556357.108696 0.03594735 0.06031816 -0.04922926 -0.00048293 -0.00167014 -0.00113522
1778556357.175403 0.03693995 0.05505227 -0.04842577 -0.00049225 -0.00165587 -0.00113183
1778556357.242108 0.03283478 0.06217119 -0.04887117 -0.00050299 -0.00168833 -0.00112188
1778556357.308814 0.02792160 0.06104800 -0.04844229 -0.00050044 -0.00173293 -0.00112115
1778556357.375520 0.02275660 0.06048458 -0.04829441 -0.00049755 -0.00177216 -0.00112067
1778556357.442225 0.01710340 0.05510399 -0.04802670 -0.00051562 -0.00179940 -0.00114146
1778556357.508930 0.01600991 0.05635443 -0.04847366 -0.00052632 -0.00177962 -0.00113626
1778556357.575635 0.01567644 0.05511608 -0.04836724 -0.00053367 -0.00178225 -0.00113886
1778556357.642340 0.01661829 0.05478600 -0.04807654 -0.00053552 -0.00180550 -0.00113892
1778556357.709045 0.01603264 0.04917214 -0.04746807 -0.00055589 -0.00183744 -0.00115101
1778556357.775749 0.01470656 0.04137604 -0.04676513 -0.00055003 -0.00186701 -0.00116061
1778556357.842453 0.01329997 0.03407508 -0.04623465 -0.00055975 -0.00188316 -0.00116866
1778556357.909158 0.01366209 0.03145443 -0.04621113 -0.00055009 -0.00191094 -0.00115984
1778556357.975862 0.01501145 0.03180900 -0.04630262 -0.00053678 -0.00190045 -0.00115138
1778556358.042567 0.01556885 0.03121381 -0.04632092 -0.00053112 -0.00189504 -0.00115579
1778556358.109274 0.01526006 0.03134295 -0.04627332 -0.00052866 -0.00189420 -0.00115413
1778556358.175981 0.01578878 0.02964690 -0.04600424 -0.00051789 -0.00189342 -0.00114954
1778556358.242688 0.01508194 0.03032152 -0.04575683 -0.00051112 -0.00187820 -0.00115830
1778556358.309394 0.01563018 0.02998976 -0.04570273 -0.00049741 -0.00187705 -0.00115606
1778556358.376101 0.01548607 0.02916942 -0.04558588 -0.00049263 -0.00187388 -0.00115767
1778556358.442807 0.01538422 0.02855603 -0.04549885 -0.00048666 -0.00187011 -0.00116016
1778556358.509513 0.01529669 0.02816762 -0.04545758 -0.00048207 -0.00186336 -0.00116403
1778556358.576219 0.01536928 0.02815944 -0.04556799 -0.00048055 -0.00185401 -0.00116540
1778556358.642925 0.01487807 0.02829088 -0.04556132 -0.00046804 -0.00183462 -0.00118215
1778556358.709630 0.01487830 0.02864087 -0.04567987 -0.00046608 -0.00183142 -0.00118637
1778556358.776336 0.01462126 0.02849929 -0.04572068 -0.00046918 -0.00182467 -0.00119375
1778556358.843041 0.01428601 0.02878165 -0.04577411 -0.00047439 -0.00182246 -0.00120018
1778556358.909746 0.01422068 0.02907228 -0.04580908 -0.00048217 -0.00182147 -0.00120697
1778556358.976451 0.01418406 0.02936658 -0.04580561 -0.00049169 -0.00182035 -0.00121138
1778556359.043157 0.01432954 0.03008531 -0.04584505 -0.00049186 -0.00181973 -0.00121686
1778556359.109863 0.01451470 0.03101353 -0.04593150 -0.00049361 -0.00181771 -0.00122675
1778556359.176569 0.01479721 0.03384684 -0.04614716 -0.00049087 -0.00180185 -0.00124956
1778556359.243275 0.01456358 0.03298729 -0.04592768 -0.00048852 -0.00179835 -0.00123721
1778556359.309981 0.01504381 0.03359106 -0.04587017 -0.00049227 -0.00179445 -0.00123486
1778556359.376687 0.01530566 0.03416290 -0.04582247 -0.00049385 -0.00178545 -0.00123511
1778556359.443392 0.01627817 0.03562402 -0.04576502 -0.00047145 -0.00173805 -0.00123277
1778556359.510097 0.01576022 0.03570896 -0.04577938 -0.00047890 -0.00174299 -0.00125115
1778556359.576802 0.01725647 0.03760060 -0.04579957 -0.00047322 -0.00168092 -0.00125695
1778556359.643507 0.01619513 0.03650765 -0.04570055 -0.00046899 -0.00168956 -0.00125816
1778556359.710212 0.01700463 0.03749401 -0.04566919 -0.00046603 -0.00162983 -0.00126090
1778556359.776916 0.01772024 0.03851519 -0.04575004 -0.00045720 -0.00158239 -0.00126695
1778556359.843621 0.01830381 0.03904206 -0.04580936 -0.00045261 -0.00155116 -0.00126724
1778556359.910325 0.01828973 0.03957276 -0.04594907 -0.00045600 -0.00153143 -0.00126271
1778556359.977029 0.01861356 0.03986617 -0.04600492 -0.00045221 -0.00150643 -0.00126321
1778556360.043734 0.01897331 0.04041161 -0.04607806 -0.00044586 -0.00147927 -0.00125641
1778556360.110440 0.01787733 0.03786565 -0.04571404 -0.00044485 -0.00147837 -0.00123100
1778556360.177146 0.01659229 0.03679800 -0.04626329 -0.00043920 -0.00143782 -0.00121248
1778556360.243852 0.01644561 0.03344811 -0.04616541 -0.00043158 -0.00142193 -0.00118890
1778556360.310558 0.01643692 0.03139613 -0.04633952 -0.00039153 -0.00136884 -0.00118237
1778556360.377263 0.01512019 0.03113803 -0.04576957 -0.00043479 -0.00133022 -0.00121264
1778556360.443969 0.01430452 0.02938550 -0.04548377 -0.00041393 -0.00129702 -0.00124982
1778556360.510674 0.01182593 0.03001200 -0.04579413 -0.00040218 -0.00127899 -0.00122664
1778556360.577379 0.01316824 0.02808255 -0.04520218 -0.00034885 -0.00124003 -0.00123784
1778556360.644083 0.01339399 0.02791424 -0.04514928 -0.00036086 -0.00124417 -0.00125387
1778556360.710788 0.01260229 0.02817206 -0.04543792 -0.00037133 -0.00125235 -0.00126203
1778556360.777493 0.01144767 0.02863071 -0.04567645 -0.00037514 -0.00126892 -0.00127252
1778556360.844197 0.01135351 0.02859135 -0.04557387 -0.00036686 -0.00127350 -0.00127751
1778556360.910901 0.01143745 0.02845592 -0.04543271 -0.00035945 -0.00127813 -0.00128197
1778556360.977605 0.01145877 0.02831725 -0.04528754 -0.00034991 -0.00128157 -0.00128755
1778556361.044310 0.01132810 0.02819951 -0.04518737 -0.00033758 -0.00128170 -0.00129354
1778556361.111017 0.01124031 0.02806455 -0.04508479 -0.00032813 -0.00127878 -0.00129947
1778556361.177723 0.01117419 0.02784071 -0.04496599 -0.00031848 -0.00127066 -0.00130387
1778556361.244430 0.01102717 0.02766121 -0.04486309 -0.00030615 -0.00126522 -0.00130898
1778556361.311136 0.01052364 0.02784339 -0.04493385 -0.00029203 -0.00126493 -0.00131301
1778556361.377842 0.01037630 0.02757924 -0.04480190 -0.00027877 -0.00125403 -0.00131711
1778556361.444548 0.01032307 0.02716983 -0.04461000 -0.00026657 -0.00123897 -0.00132123
1778556361.511253 0.01018122 0.02682502 -0.04446484 -0.00025260 -0.00122489 -0.00132434
1778556361.577959 0.00997357 0.02656959 -0.04436756 -0.00023859 -0.00121281 -0.00132613
1778556361.644664 0.00973990 0.02628406 -0.04426023 -0.00022404 -0.00119891 -0.00132611
1778556361.711369 0.00939217 0.02614549 -0.04421983 -0.00020784 -0.00119069 -0.00132418
1778556361.778074 0.00918532 0.02584321 -0.04411415 -0.00019369 -0.00117647 -0.00132302
1778556361.844779 0.00909386 0.02525283 -0.04391414 -0.00017768 -0.00115466 -0.00132125
1778556361.911483 0.00891094 0.02486434 -0.04379296 -0.00016220 -0.00113919 -0.00131888
1778556361.978188 0.00865073 0.02465289 -0.04374062 -0.00014813 -0.00112854 -0.00131576
1778556362.044894 0.00850948 0.02428298 -0.04363386 -0.00013562 -0.00111328 -0.00131209
1778556362.111600 0.00836529 0.02387031 -0.04352000 -0.00012271 -0.00109625 -0.00130766
1778556362.178306 0.00819623 0.02354196 -0.04343914 -0.00011012 -0.00108211 -0.00130490
1778556362.245013 0.00810299 0.02320879 -0.04335458 -0.00009962 -0.00106777 -0.00130278
1778556362.311719 0.00798232 0.02289236 -0.04327740 -0.00008877 -0.00105519 -0.00129897
1778556362.378425 0.00784693 0.02265898 -0.04322081 -0.00007885 -0.00104597 -0.00129587
1778556362.445130 0.00775793 0.02241437 -0.04316028 -0.00006989 -0.00103639 -0.00129260
1778556362.511836 0.00762488 0.02220310 -0.04311621 -0.00006058 -0.00102700 -0.00129005
1778556362.578541 0.00759536 0.02194855 -0.04305384 -0.00005307 -0.00101684 -0.00128775
1778556362.645247 0.00753399 0.02169748 -0.04299819 -0.00004573 -0.00100650 -0.00128497
1778556362.711951 0.00751916 0.02144301 -0.04294148 -0.00004014 -0.00099626 -0.00128256
1778556362.778656 0.00750574 0.02118762 -0.04288210 -0.00003388 -0.00098659 -0.00128020
1778556362.845361 0.00747590 0.02098747 -0.04283286 -0.00002700 -0.00097947 -0.00127833
1778556362.912066 0.00744204 0.02078347 -0.04278481 -0.00002091 -0.00097279 -0.00127558
1778556362.978770 0.00742322 0.02062370 -0.04274865 -0.00001619 -0.00096604 -0.00127281
1778556363.045476 0.00742389 0.02043104 -0.04270204 -0.00001093 -0.00095971 -0.00127314
1778556363.112183 0.00737374 0.01802083 -0.04246353 -0.00004190 -0.00093615 -0.00117953
1778556363.178889 0.00776025 0.01807193 -0.04244456 -0.00003202 -0.00094088 -0.00117734
1778556363.245595 0.00786468 0.01787699 -0.04239979 -0.00002254 -0.00092979 -0.00117733
1778556363.312301 0.00808984 0.01777118 -0.04237213 -0.00001918 -0.00092296 -0.00117578
1778556363.379006 0.00827545 0.01768629 -0.04236122 -0.00001506 -0.00091590 -0.00117533
1778556363.445712 0.00850626 0.01762481 -0.04234779 -0.00001222 -0.00090879 -0.00117446
1778556363.512417 0.00869514 0.01763569 -0.04234829 -0.00000962 -0.00090181 -0.00117176
1778556363.579122 0.00880086 0.01770468 -0.04237123 -0.00000646 -0.00089680 -0.00117028
1778556363.645827 0.00896509 0.01769925 -0.04237206 -0.00000386 -0.00089221 -0.00117084
1778556363.712532 0.00919156 0.01767754 -0.04236145 -0.00000275 -0.00088735 -0.00116986
1778556363.779237 0.00939386 0.01763457 -0.04234932 -0.00000188 -0.00088158 -0.00116953
1778556363.845941 0.00974762 0.01760420 -0.04232952 0.00000091 -0.00087799 -0.00116660
1778556363.912645 0.00981085 0.01756997 -0.04231802 0.00000034 -0.00087265 -0.00116699
1778556363.979349 0.00988596 0.01765867 -0.04234693 0.00000167 -0.00087239 -0.00116373
1778556364.046057 0.00992755 0.01761776 -0.04234203 0.00000203 -0.00086689 -0.00116613
1778556364.112765 0.01009175 0.01753374 -0.04231975 0.00000289 -0.00086119 -0.00116638
1778556364.179473 0.01020360 0.01749273 -0.04231347 0.00000294 -0.00085712 -0.00116592
1778556364.246181 0.01028348 0.01747403 -0.04231238 0.00000160 -0.00085498 -0.00116647
1778556364.312888 0.01043683 0.01736842 -0.04227957 0.00000247 -0.00085067 -0.00116792
1778556364.379595 0.01049190 0.01732973 -0.04227610 0.00000227 -0.00084719 -0.00116866
1778556364.446302 0.01064339 0.01723932 -0.04224549 0.00000205 -0.00084437 -0.00116921
1778556364.513009 0.01073826 0.01717805 -0.04222794 0.00000276 -0.00084021 -0.00116764
1778556364.579716 0.01083607 0.01711315 -0.04220887 0.00000192 -0.00083842 -0.00116576
1778556364.646423 0.01089666 0.01707846 -0.04219935 0.00000177 -0.00083772 -0.00116447
1778556364.713129 0.01097250 0.01700044 -0.04217915 0.00000275 -0.00083555 -0.00116392
1778556364.779836 0.01109698 0.01687504 -0.04214229 0.00000292 -0.00083304 -0.00116465
1778556364.846542 0.01128004 0.01674614 -0.04209678 0.00000003 -0.00083001 -0.00116603
1778556364.913248 0.01124548 0.01677229 -0.04210633 0.00000090 -0.00082768 -0.00116515
1778556364.979954 0.01132941 0.01666099 -0.04207670 0.00000165 -0.00082564 -0.00116329
1778556365.046715 0.01141880 0.01657409 -0.04205473 0.00000040 -0.00082457 -0.00116333
1778556365.113478 0.01151734 0.01646846 -0.04202320 -0.00000088 -0.00082216 -0.00116398
1778556365.180243 0.01145658 0.01643088 -0.04201915 0.00000252 -0.00081655 -0.00116735
1778556365.247008 0.01149371 0.01631755 -0.04198783 0.00000571 -0.00081306 -0.00116871
1778556365.313774 0.01150768 0.01622998 -0.04196662 0.00000781 -0.00081001 -0.00116790
1778556365.380542 0.01155794 0.01610857 -0.04193626 0.00000851 -0.00080666 -0.00116543
1778556365.447311 0.01159142 0.01602679 -0.04191461 0.00000826 -0.00080478 -0.00116498
1778556365.514082 0.01163425 0.01591816 -0.04188820 0.00000911 -0.00080220 -0.00116500
1778556365.580853 0.01171016 0.01578272 -0.04185000 0.00000928 -0.00080062 -0.00116483
1778556365.647626 0.01175346 0.01565543 -0.04181723 0.00000994 -0.00079797 -0.00116447
1778556365.714401 0.01187439 0.01549519 -0.04177226 0.00000931 -0.00079600 -0.00116526
1778556365.781176 0.01198695 0.01535540 -0.04173086 0.00000826 -0.00079528 -0.00116503
1778556365.847953 0.01203645 0.01525528 -0.04170226 0.00000720 -0.00079495 -0.00116419
1778556365.914731 0.01219934 0.01503771 -0.04163758 0.00000773 -0.00079339 -0.00116208
1778556365.981510 0.01223754 0.01492977 -0.04160481 0.00000903 -0.00079207 -0.00116209
1778556366.048226 0.01243929 0.01472622 -0.04154497 0.00000460 -0.00079153 -0.00116509
1778556366.114942 0.01244502 0.01459556 -0.04151465 0.00000728 -0.00078748 -0.00116309
1778556366.181658 0.01229774 0.01469266 -0.04154420 0.00000520 -0.00079141 -0.00116757
1778556366.248374 0.01183556 0.01470627 -0.04159113 0.00000828 -0.00078191 -0.00118119
1778556366.315090 0.01156098 0.01456659 -0.04157681 0.00001592 -0.00077188 -0.00120392
1778556366.381806 0.01145062 0.01429597 -0.04151731 0.00002536 -0.00076112 -0.00121283
1778556366.448522 0.01157739 0.01410917 -0.04146285 0.00002539 -0.00076067 -0.00121178
1778556366.515238 0.01172022 0.01391774 -0.04140541 0.00002430 -0.00075982 -0.00121103
1778556366.581954 0.01187849 0.01373686 -0.04134820 0.00002459 -0.00076009 -0.00121113
1778556366.648670 0.01200407 0.01353655 -0.04129388 0.00002338 -0.00075776 -0.00121063
1778556366.715386 0.01211065 0.01331396 -0.04123304 0.00002416 -0.00075525 -0.00121066
1778556366.782102 0.01221854 0.01312862 -0.04117864 0.00002455 -0.00075410 -0.00121179
1778556366.848818 0.01235540 0.01293499 -0.04112027 0.00002431 -0.00075286 -0.00121186
1778556366.915534 0.01250944 0.01271531 -0.04105437 0.00002485 -0.00075190 -0.00121228
1778556366.982250 0.01265216 0.01254435 -0.04100263 0.00002340 -0.00075139 -0.00121226
1778556367.048967 0.01273670 0.01230145 -0.04094018 0.00002437 -0.00074833 -0.00120967
1778556367.115683 0.01291276 0.01212483 -0.04088520 0.00002163 -0.00074819 -0.00120937
1778556367.182400 0.01306151 0.01188991 -0.04081630 0.00002204 -0.00074672 -0.00120954
1778556367.249116 0.01323062 0.01169518 -0.04075604 0.00002015 -0.00074648 -0.00120958
1778556367.315833 0.01336463 0.01148359 -0.04069526 0.00002028 -0.00074549 -0.00120949
1778556367.382549 0.01349711 0.01128420 -0.04063858 0.00001848 -0.00074424 -0.00120837
1778556367.449266 0.01363177 0.01106708 -0.04057474 0.00001691 -0.00074229 -0.00120696
1778556367.515982 0.01374945 0.01085624 -0.04051187 0.00001731 -0.00074063 -0.00120623
1778556367.582699 0.01391515 0.01066768 -0.04045232 0.00001843 -0.00074080 -0.00120718
1778556367.649415 0.01406344 0.01047887 -0.04039351 0.00001928 -0.00074148 -0.00120768
1778556367.716132 0.01419548 0.01027154 -0.04033238 0.00001833 -0.00074013 -0.00120657
1778556367.782848 0.01434765 0.01003770 -0.04026560 0.00001638 -0.00073797 -0.00120599
1778556367.849565 0.01450471 0.00983778 -0.04020855 0.00001387 -0.00073657 -0.00120572
1778556367.916281 0.01466939 0.00962442 -0.04014575 0.00001335 -0.00073587 -0.00120748
1778556367.982998 0.01485577 0.00940428 -0.04007991 0.00001072 -0.00073520 -0.00120727
1778556368.049714 0.01497616 0.00922366 -0.04002749 0.00001009 -0.00073418 -0.00120607
1778556368.116430 0.01509701 0.00900275 -0.03996224 0.00001052 -0.00073261 -0.00120602
1778556368.183146 0.01524201 0.00881905 -0.03990623 0.00000837 -0.00073171 -0.00120480
1778556368.249862 0.01539543 0.00861153 -0.03984342 0.00000890 -0.00073143 -0.00120518
1778556368.316578 0.01553021 0.00842078 -0.03979053 0.00000654 -0.00072987 -0.00120448
1778556368.383294 0.01566678 0.00820533 -0.03972834 0.00000513 -0.00072806 -0.00120345
1778556368.450010 0.01583201 0.00798789 -0.03966060 0.00000478 -0.00072732 -0.00120512
1778556368.516726 0.01596071 0.00780643 -0.03960495 0.00000472 -0.00072677 -0.00120621
1778556368.583442 0.01610134 0.00759943 -0.03954245 0.00000428 -0.00072554 -0.00120704
1778556368.650158 0.01622318 0.00741530 -0.03948822 0.00000372 -0.00072434 -0.00120705
1778556368.716875 0.01636948 0.00721648 -0.03942822 0.00000260 -0.00072347 -0.00120654
1778556368.783591 0.01652758 0.00699568 -0.03936057 0.00000133 -0.00072259 -0.00120635
1778556368.850307 0.01667930 0.00681000 -0.03930075 0.00000006 -0.00072291 -0.00120456
1778556368.917023 0.01677595 0.00664124 -0.03924918 0.00000178 -0.00072287 -0.00120490
1778556368.983739 0.01692891 0.00644189 -0.03918868 0.00000006 -0.00072183 -0.00120539
1778556369.050456 0.01706843 0.00624620 -0.03912850 -0.00000044 -0.00072076 -0.00120524
1778556369.117172 0.01717488 0.00605515 -0.03906928 0.00000099 -0.00071985 -0.00120533
1778556369.183889 0.01725230 0.00590464 -0.03902554 0.00000166 -0.00071858 -0.00120591
1778556369.250606 0.01740890 0.00567750 -0.03895714 0.00000090 -0.00071706 -0.00120598
1778556369.317323 0.01751428 0.00547569 -0.03889659 0.00000192 -0.00071534 -0.00120691
1778556369.384040 0.01768910 0.00526570 -0.03883237 -0.00000076 -0.00071434 -0.00120835
1778556369.450757 0.01781381 0.00508891 -0.03877984 -0.00000229 -0.00071300 -0.00120812
1778556369.517474 0.01792947 0.00488645 -0.03871749 -0.00000109 -0.00071241 -0.00120807
1778556369.584191 0.01805397 0.00471057 -0.03866350 -0.00000195 -0.00071129 -0.00120720
1778556369.650908 0.01814620 0.00451114 -0.03860453 -0.00000061 -0.00070924 -0.00120688
1778556369.717624 0.01829011 0.00430324 -0.03854055 -0.00000164 -0.00070829 -0.00120610
1778556369.784341 0.01841872 0.00410203 -0.03847912 -0.00000147 -0.00070739 -0.00120573
1778556369.851058 0.01854070 0.00392416 -0.03842517 -0.00000269 -0.00070638 -0.00120623
1778556369.917775 0.01868540 0.00372655 -0.03836207 -0.00000300 -0.00070604 -0.00120682
1778556369.984492 0.01881798 0.00354243 -0.03830436 -0.00000308 -0.00070594 -0.00120694
1778556370.051209 0.01891230 0.00338269 -0.03825849 -0.00000389 -0.00070456 -0.00120761
1778556370.117927 0.01908338 0.00314578 -0.03818550 -0.00000590 -0.00070316 -0.00120809
1778556370.184644 0.01924305 0.00296597 -0.03812990 -0.00000792 -0.00070303 -0.00121013
1778556370.251362 0.01935488 0.00277949 -0.03807170 -0.00000830 -0.00070239 -0.00121037
1778556370.318079 0.01948073 0.00259891 -0.03801491 -0.00000884 -0.00070171 -0.00120928
1778556370.384796 0.01959617 0.00242212 -0.03795955 -0.00000876 -0.00070114 -0.00120762
1778556370.451514 0.01973685 0.00223395 -0.03790174 -0.00001013 -0.00070093 -0.00120760
1778556370.518231 0.01987730 0.00204293 -0.03784256 -0.00001203 -0.00070010 -0.00120762
1778556370.584949 0.01998448 0.00185598 -0.03778578 -0.00001180 -0.00069896 -0.00120728
1778556370.651666 0.02011404 0.00167081 -0.03772886 -0.00001298 -0.00069827 -0.00120765
1778556370.718384 0.02025607 0.00149069 -0.03767040 -0.00001452 -0.00069805 -0.00120635
1778556370.785101 0.02032157 0.00133752 -0.03762335 -0.00001246 -0.00069689 -0.00120660
1778556370.851819 0.02045272 0.00112270 -0.03755669 -0.00001282 -0.00069479 -0.00120953
1778556370.918537 0.02055300 0.00094794 -0.03750141 -0.00001199 -0.00069413 -0.00121102
1778556370.985254 0.02063513 0.00078297 -0.03745138 -0.00001160 -0.00069270 -0.00121023
1778556371.051970 0.02077990 0.00059679 -0.03739433 -0.00001444 -0.00069145 -0.00121151
1778556371.118686 0.02090915 0.00037427 -0.03733196 -0.00001679 -0.00068804 -0.00121175
1778556371.185403 0.02107757 0.00017454 -0.03726228 -0.00001615 -0.00068942 -0.00121297
1778556371.252119 0.02116941 0.00001047 -0.03720984 -0.00001487 -0.00068954 -0.00121154
1778556371.318835 0.02131528 -0.00013850 -0.03716152 -0.00001864 -0.00069017 -0.00121155
1778556371.385551 0.02142388 -0.00035753 -0.03709903 -0.00001866 -0.00068727 -0.00121037
1778556371.452268 0.02158220 -0.00050970 -0.03704716 -0.00002160 -0.00068824 -0.00121173
1778556371.518984 0.02167434 -0.00069982 -0.03699030 -0.00002233 -0.00068601 -0.00121145
1778556371.585700 0.02177388 -0.00090063 -0.03693166 -0.00002236 -0.00068355 -0.00121091
1778556371.652416 0.02194294 -0.00108865 -0.03686784 -0.00002394 -0.00068489 -0.00121067
1778556371.719133 0.02203071 -0.00125693 -0.03681538 -0.00002248 -0.00068412 -0.00121091
1778556371.785849 0.02211889 -0.00143578 -0.03676609 -0.00002414 -0.00068137 -0.00121105
1778556371.852565 0.02227314 -0.00162914 -0.03670432 -0.00002608 -0.00068091 -0.00121347
1778556371.919281 0.02242479 -0.00182986 -0.03663841 -0.00002714 -0.00068106 -0.00121554
1778556371.985997 0.02253760 -0.00198859 -0.03659063 -0.00002937 -0.00068034 -0.00121557
1778556372.052714 0.02264062 -0.00215427 -0.03653844 -0.00002976 -0.00067963 -0.00121559
1778556372.119430 0.02273097 -0.00231527 -0.03649114 -0.00003102 -0.00067764 -0.00121558
1778556372.186146 0.02285361 -0.00251585 -0.03642431 -0.00003028 -0.00067731 -0.00121649
1778556372.252863 0.02293075 -0.00266653 -0.03637582 -0.00002873 -0.00067652 -0.00121751
1778556372.319579 0.02307727 -0.00280781 -0.03632753 -0.00003173 -0.00067750 -0.00121861
1778556372.386296 0.02317373 -0.00298230 -0.03627590 -0.00003333 -0.00067578 -0.00121737
1778556372.453012 0.02326024 -0.00318387 -0.03621819 -0.00003302 -0.00067295 -0.00121712
1778556372.519728 0.02341487 -0.00340526 -0.03614806 -0.00003530 -0.00067212 -0.00121708
1778556372.586445 0.02351442 -0.00356304 -0.03609698 -0.00003576 -0.00067190 -0.00121615
1778556372.653161 0.02364538 -0.00369435 -0.03605273 -0.00003844 -0.00067244 -0.00121651
1778556372.719877 0.02371858 -0.00390878 -0.03599185 -0.00003712 -0.00066868 -0.00121637
1778556372.786593 0.02384050 -0.00403303 -0.03594903 -0.00003977 -0.00066934 -0.00121799
1778556372.853310 0.02391807 -0.00425165 -0.03588539 -0.00003862 -0.00066635 -0.00121609
1778556372.920026 0.02405595 -0.00442879 -0.03582471 -0.00003942 -0.00066709 -0.00121775
1778556372.986743 0.02416361 -0.00457597 -0.03577747 -0.00004087 -0.00066668 -0.00121980
1778556373.053458 0.02416352 -0.00457586 -0.03577772 0.00060727 -0.00097777 -0.00155212
1778556373.120174 0.02416351 -0.00457585 -0.03577772 -0.00109406 -0.00098668 0.00021589
1778556373.186890 0.02416351 -0.00457581 -0.03577769 0.00159902 -0.00052939 -0.00276527
1778556373.253606 0.02416351 -0.00457584 -0.03577769 -0.00012226 0.00094200 -0.00169212
1778556373.320322 0.02416352 -0.00457585 -0.03577769 -0.00127648 0.00107380 -0.00081155
1778556373.387038 0.02416352 -0.00457586 -0.03577768 0.00003793 0.00053860 -0.00020235
1778556373.453754 0.02416351 -0.00457587 -0.03577768 0.00070822 -0.00133396 -0.00139048
1778556373.520469 0.02416351 -0.00457587 -0.03577768 0.00045485 0.00153191 -0.00317410
1778556373.587185 0.02416350 -0.00457586 -0.03577767 -0.00055096 0.00027397 0.00008021
1778556373.653901 0.02416349 -0.00457586 -0.03577767 -0.00153128 0.00021385 -0.00043327
1778556373.720617 0.02416349 -0.00457589 -0.03577767 0.00005150 -0.00104720 -0.00155000
1778556373.787333 0.02416348 -0.00457588 -0.03577768 -0.00054829 0.00054395 -0.00023254
1778556373.854048 0.02416348 -0.00457589 -0.03577767 0.00090881 -0.00215568 -0.00346540
1778556373.920764 0.02416350 -0.00457591 -0.03577764 -0.00079828 0.00067071 -0.00199811
1778556373.987480 0.02416349 -0.00457590 -0.03577763 -0.00013365 -0.00000106 -0.00008752
1778556374.054196 0.02416349 -0.00457591 -0.03577764 -0.00056874 0.00031128 -0.00012051
1778556374.120912 0.02416348 -0.00457590 -0.03577763 -0.00054336 -0.00031254 0.00009068
1778556374.187628 0.02416349 -0.00457592 -0.03577764 -0.00116520 0.00036514 -0.00102991
1778556374.254344 0.02416349 -0.00457592 -0.03577764 0.00018136 -0.00113411 -0.00127726
1778556374.321059 0.02416349 -0.00457594 -0.03577765 -0.00075044 -0.00169698 -0.00146426
1778556374.387775 0.02416348 -0.00457594 -0.03577765 -0.00108218 -0.00088230 -0.00064605
1778556374.454491 0.02416349 -0.00457597 -0.03577763 -0.00072546 0.00066366 -0.00092106
1778556374.521207 0.02416349 -0.00457597 -0.03577763 -0.00075680 0.00018948 0.00022577
1778556374.587923 0.02416349 -0.00457597 -0.03577763 0.00016655 -0.00044049 -0.00085527
1778556374.654639 0.02416349 -0.00457597 -0.03577763 0.00010248 -0.00008828 -0.00132885
1778556374.721355 0.02416349 -0.00457598 -0.03577764 -0.00118930 -0.00090719 -0.00167109
1778556374.788070 0.02416348 -0.00457599 -0.03577766 0.00145645 0.00088555 -0.00000457
1778556374.854786 0.02416343 -0.00457592 -0.03577766 -0.00160016 0.00084868 -0.00218751
1778556374.921502 0.02416342 -0.00457591 -0.03577766 -0.00043924 -0.00000135 -0.00105032
1778556374.988218 0.02416342 -0.00457594 -0.03577765 0.00018895 -0.00153323 -0.00219821
1778556375.054935 0.02416335 -0.00457582 -0.03577772 -0.00207649 0.00087484 0.00053632
1778556375.121652 0.02416334 -0.00457583 -0.03577771 -0.00064508 0.00046332 0.00002233
1778556375.188368 0.02416338 -0.00457589 -0.03577771 -0.00049882 0.00117859 0.00069577
1778556375.255085 0.02416340 -0.00457592 -0.03577771 0.00020744 -0.00025860 -0.00249108
1778556375.321801 0.02416347 -0.00457607 -0.03577771 -0.00093760 -0.00118553 0.00233902
1778556375.388518 0.02416351 -0.00457616 -0.03577772 -0.00103305 -0.00070961 -0.00155151
1778556375.455235 0.02416356 -0.00457619 -0.03577773 0.00045306 -0.00046315 -0.00243287
1778556375.521952 0.02416355 -0.00457619 -0.03577773 0.00027829 -0.00040011 -0.00354947
1778556375.588668 0.02416356 -0.00457621 -0.03577772 -0.00316576 0.00053007 -0.00009223
1778556375.655385 0.02416356 -0.00457621 -0.03577772 -0.00058977 -0.00058474 0.00015991
1778556375.722102 0.02416363 -0.00457635 -0.03577764 -0.00085724 0.00212971 -0.00129066
1778556375.788819 0.02416374 -0.00457669 -0.03577751 -0.00041345 -0.00078203 -0.00424912
1778556375.855535 0.02416370 -0.00457661 -0.03577755 -0.00017801 0.00143746 0.00043019
1778556375.922252 0.02416367 -0.00457657 -0.03577758 0.00091826 -0.00107351 -0.00191213
1778556375.988969 0.02416364 -0.00457653 -0.03577762 -0.00102006 0.00151536 -0.00006054
1778556376.055685 0.02416364 -0.00457651 -0.03577758 -0.00049380 -0.00032399 0.00043981
1778556376.122401 0.02416362 -0.00457648 -0.03577757 -0.00099044 0.00015010 -0.00097610
1778556376.189117 0.02416363 -0.00457651 -0.03577757 -0.00138498 0.00019832 -0.00008996
1778556376.255833 0.02416363 -0.00457651 -0.03577757 -0.00046544 0.00018546 -0.00114643
1778556376.322549 0.02416364 -0.00457652 -0.03577754 0.00032762 -0.00014809 -0.00097122
1778556376.389265 0.02416363 -0.00457653 -0.03577754 -0.00024644 0.00024840 -0.00240789
1778556376.455981 0.02416364 -0.00457651 -0.03577753 -0.00154247 -0.00095838 -0.00175545
1778556376.522697 0.02416366 -0.00457652 -0.03577751 -0.00003921 -0.00069482 0.00035164
1778556376.589413 0.02416365 -0.00457652 -0.03577753 0.00056348 -0.00163557 -0.00149483
1778556376.656129 0.02416365 -0.00457654 -0.03577752 -0.00018827 -0.00060451 -0.00264717
1778556376.722845 0.02416368 -0.00457657 -0.03577749 -0.00254072 0.00120836 -0.00034308
1778556376.789561 0.02416368 -0.00457657 -0.03577749 -0.00099931 0.00013558 -0.00038780
1778556376.856277 0.02416367 -0.00457656 -0.03577749 0.00014479 0.00003133 -0.00332329
1778556376.922992 0.02416367 -0.00457656 -0.03577749 0.00049996 0.00107240 -0.00072781
1778556376.989708 0.02416367 -0.00457656 -0.03577750 -0.00040226 -0.00088185 0.00003247
1778556377.056425 0.02416366 -0.00457656 -0.03577750 -0.00032839 0.00054091 -0.00335139
1778556377.123141 0.02416369 -0.00457665 -0.03577753 -0.00117462 -0.00134216 -0.00235827
1778556377.189857 0.02416371 -0.00457668 -0.03577750 0.00063135 0.00108133 -0.00041156
1778556377.256574 0.02416371 -0.00457669 -0.03577748 -0.00087041 0.00008237 -0.00310681
1778556377.323290 0.02416369 -0.00457666 -0.03577753 -0.00160597 -0.00100200 -0.00164009
1778556377.390007 0.02416366 -0.00457662 -0.03577753 -0.00096840 0.00066054 0.00142545
1778556377.456723 0.02416365 -0.00457659 -0.03577753 -0.00007084 -0.00099786 -0.00356286
1778556377.523439 0.02416367 -0.00457656 -0.03577734 -0.00016926 -0.00182665 -0.00196289
1778556377.590156 0.02416367 -0.00457656 -0.03577733 -0.00029108 0.00069730 -0.00077157
1778556377.656872 0.02416367 -0.00457658 -0.03577734 0.00079728 -0.00001177 -0.00169117
1778556377.723588 0.02416367 -0.00457658 -0.03577734 -0.00041989 0.00015358 -0.00148637
1778556377.790305 0.02416367 -0.00457659 -0.03577734 -0.00001703 -0.00138425 -0.00176448
1778556377.857021 0.02416372 -0.00457666 -0.03577729 -0.00104760 0.00106112 0.00039300
1778556377.923737 0.02416368 -0.00457663 -0.03577731 -0.00046202 0.00061160 -0.00110958
1778556377.990454 0.02416368 -0.00457663 -0.03577731 0.00009678 -0.00259267 -0.00373870
1778556378.057170 0.02416378 -0.00457685 -0.03577727 -0.00011947 -0.00133516 0.00029529
1778556378.123886 0.02416378 -0.00457685 -0.03577726 -0.00050614 0.00172783 -0.00008730
1778556378.190602 0.02416379 -0.00457686 -0.03577725 -0.00024111 -0.00195777 -0.00190999
1778556378.257318 0.02416379 -0.00457686 -0.03577725 -0.00088990 -0.00182003 0.00022842
1778556378.324035 0.02416379 -0.00457688 -0.03577724 -0.00046042 -0.00092733 -0.00011199
1778556378.390751 0.02416380 -0.00457690 -0.03577723 0.00008481 0.00001174 -0.00192207
1778556378.457468 0.02416380 -0.00457692 -0.03577723 -0.00073279 -0.00008338 -0.00341025
1778556378.524184 0.02416376 -0.00457686 -0.03577723 0.00025235 -0.00178343 0.00242356
1778556378.590900 0.02416376 -0.00457688 -0.03577723 -0.00076793 -0.00043649 0.00041802
1778556378.657616 0.02416376 -0.00457688 -0.03577723 0.00028653 -0.00010642 -0.00062249
1778556378.724333 0.02416376 -0.00457689 -0.03577721 -0.00011934 -0.00096136 -0.00125892
1778556378.791049 0.02416374 -0.00457686 -0.03577724 0.00042114 -0.00045858 -0.00195748
1778556378.857765 0.02416373 -0.00457686 -0.03577724 0.00009721 0.00080760 0.00008486
1778556378.924481 0.02416375 -0.00457688 -0.03577721 -0.00038470 -0.00014696 -0.00118350
1778556378.991198 0.02416372 -0.00457685 -0.03577724 -0.00076459 0.00173568 -0.00112088
1778556379.057914 0.02416371 -0.00457686 -0.03577724 -0.00012262 0.00060049 -0.00027310
1778556379.124630 0.02416371 -0.00457685 -0.03577725 -0.00014845 0.00048404 -0.00086287
1778556379.191346 0.02416369 -0.00457685 -0.03577725 -0.00077939 0.00008056 -0.00121923
1778556379.258062 0.02416369 -0.00457685 -0.03577725 0.00096679 -0.00094184 -0.00357808
1778556379.324778 0.02416365 -0.00457681 -0.03577728 0.00023510 0.00114792 0.00000844
1778556379.391494 0.02416365 -0.00457681 -0.03577728 -0.00068715 0.00054244 0.00056956
1778556379.458210 0.02416364 -0.00457681 -0.03577727 0.00016649 0.00023945 0.00150895
1778556379.524926 0.02416364 -0.00457683 -0.03577727 -0.00192461 -0.00015712 -0.00335090
1778556379.591642 0.02416365 -0.00457685 -0.03577726 -0.00152104 0.00066929 -0.00046830
1778556379.658358 0.02416365 -0.00457685 -0.03577726 -0.00155771 0.00017171 -0.00050375
1778556379.725074 0.02416364 -0.00457685 -0.03577726 -0.00043688 -0.00007770 -0.00172326
1778556379.791790 0.02416364 -0.00457687 -0.03577727 -0.00163889 -0.00000007 -0.00146558
1778556379.858506 0.02416365 -0.00457689 -0.03577726 -0.00029545 -0.00156186 -0.00096962
1778556379.925222 0.02416356 -0.00457677 -0.03577737 0.00062109 0.00052019 0.00046478
1778556379.991939 0.02416356 -0.00457677 -0.03577737 0.00000672 -0.00066956 -0.00173525
1778556380.058655 0.02416366 -0.00457697 -0.03577729 -0.00213942 0.00177027 0.00255633
1778556380.125371 0.02416361 -0.00457686 -0.03577733 0.00023539 -0.00037870 -0.00318223
1778556380.192088 0.02416362 -0.00457692 -0.03577731 -0.00049099 -0.00037873 0.00031171
1778556380.258805 0.02416362 -0.00457700 -0.03577731 0.00030293 -0.00054468 -0.00174169
1778556380.325521 0.02416362 -0.00457700 -0.03577731 -0.00014367 -0.00084687 -0.00177829
1778556380.392238 0.02416368 -0.00457706 -0.03577723 -0.00064608 0.00062421 -0.00091575
1778556380.458954 0.02416368 -0.00457707 -0.03577723 -0.00093450 -0.00065095 0.00025776
1778556380.525671 0.02416368 -0.00457711 -0.03577723 -0.00063362 0.00104909 -0.00216002
1778556380.592387 0.02416361 -0.00457703 -0.03577727 -0.00052436 0.00024519 -0.00004055
1778556380.659104 0.02416361 -0.00457704 -0.03577727 0.00114047 -0.00047844 -0.00442600
1778556380.725821 0.02416363 -0.00457702 -0.03577726 -0.00044667 -0.00076547 -0.00333541
1778556380.792537 0.02416366 -0.00457710 -0.03577723 -0.00130556 0.00082126 -0.00114028
1778556380.859254 0.02416363 -0.00457704 -0.03577727 -0.00013190 -0.00175667 -0.00357830
1778556380.925971 0.02416361 -0.00457703 -0.03577728 -0.00071022 0.00004420 -0.00060188
1778556380.992687 0.02416363 -0.00457703 -0.03577725 -0.00028916 0.00041310 -0.00086508
1778556381.059404 0.02416362 -0.00457703 -0.03577725 -0.00074694 -0.00081401 -0.00126053
1778556381.126121 0.02416362 -0.00457702 -0.03577728 -0.00083236 -0.00084478 -0.00161546
1778556381.192837 0.02416361 -0.00457701 -0.03577728 -0.00044821 -0.00013042 -0.00109359
1778556381.259554 0.02416358 -0.00457700 -0.03577731 0.00094282 0.00041415 -0.00035532
1778556381.326271 0.02416362 -0.00457707 -0.03577725 0.00076694 -0.00092117 -0.00307870
1778556381.392987 0.02416361 -0.00457705 -0.03577726 -0.00075121 0.00127667 -0.00049397
1778556381.459704 0.02416360 -0.00457705 -0.03577726 -0.00064951 -0.00048471 -0.00098219
1778556381.526421 0.02416358 -0.00457702 -0.03577728 -0.00085235 -0.00008613 0.00068005
1778556381.593138 0.02416360 -0.00457706 -0.03577726 0.00073222 -0.00140791 -0.00471662
1778556381.659855 0.02416360 -0.00457706 -0.03577726 0.00050191 -0.00015718 -0.00200324
1778556381.726572 0.02416360 -0.00457706 -0.03577726 0.00027260 0.00001779 -0.00231613
1778556381.793288 0.02416362 -0.00457711 -0.03577724 -0.00074289 0.00021440 0.00097086
1778556381.860005 0.02416363 -0.00457710 -0.03577724 -0.00028296 0.00032553 -0.00007345
1778556381.926722 0.02416361 -0.00457709 -0.03577723 -0.00016729 -0.00012247 -0.00031801
1778556381.993439 0.02416364 -0.00457717 -0.03577721 0.00016008 -0.00056409 -0.00208789
1778556382.060155 0.02416360 -0.00457715 -0.03577724 -0.00042757 -0.00076928 -0.00050241
1778556382.126871 0.02416360 -0.00457716 -0.03577723 -0.00098153 -0.00168890 -0.00074457
1778556382.193587 0.02416357 -0.00457713 -0.03577725 0.00027105 0.00085065 0.00256060
1778556382.260303 0.02416356 -0.00457713 -0.03577725 0.00024546 0.00069729 0.00054079
1778556382.327019 0.02416357 -0.00457717 -0.03577723 0.00017960 -0.00153851 -0.00235994
1778556382.393735 0.02416356 -0.00457720 -0.03577728 0.00005199 0.00016259 -0.00477597
1778556382.460451 0.02416357 -0.00457721 -0.03577734 -0.00044460 0.00053863 -0.00366764
1778556382.527167 0.02416355 -0.00457717 -0.03577735 0.00064101 0.00055553 0.00111826
1778556382.593883 0.02416356 -0.00457718 -0.03577734 0.00017563 0.00024773 0.00182913
1778556382.660599 0.02416358 -0.00457720 -0.03577731 -0.00078113 -0.00123848 -0.00074767
1778556382.727315 0.02416359 -0.00457721 -0.03577730 -0.00152860 0.00130369 0.00023055
1778556382.794031 0.02416358 -0.00457721 -0.03577730 -0.00114035 -0.00178231 -0.00125331
1778556382.860747 0.02416357 -0.00457721 -0.03577730 -0.00088963 0.00023192 -0.00196958
1778556382.927463 0.02416357 -0.00457721 -0.03577730 -0.00029172 -0.00257916 -0.00127683
1778556382.994179 0.02416346 -0.00457717 -0.03577736 -0.00069736 -0.00114961 -0.00053204
1778556383.060897 0.02416345 -0.00457717 -0.03577736 -0.00058824 0.00118452 0.00177030
1778556383.127614 0.02416345 -0.00457712 -0.03577736 0.00042385 0.00040035 -0.00154211
1778556383.194331 0.02416344 -0.00457712 -0.03577736 0.00001674 -0.00060911 -0.00206191
1778556383.261048 0.02416340 -0.00457708 -0.03577740 -0.00051547 0.00092578 0.00120709
1778556383.327766 0.02416332 -0.00457692 -0.03577750 -0.00040413 -0.00087554 -0.00331931
1778556383.394483 0.02416332 -0.00457693 -0.03577750 -0.00167659 0.00211671 0.00129675
1778556383.461200 0.02416332 -0.00457692 -0.03577751 -0.00201504 -0.00073665 0.00013569
1778556383.527918 0.02416328 -0.00457689 -0.03577750 -0.00047152 0.00011993 -0.00073839
1778556383.594635 0.02416334 -0.00457697 -0.03577740 0.00010581 0.00042836 0.00120130
1778556383.661352 0.02416333 -0.00457698 -0.03577742 -0.00058202 0.00012326 0.00031084
1778556383.728070 0.02416332 -0.00457699 -0.03577742 -0.00042978 0.00024555 -0.00148680
1778556383.794787 0.02416329 -0.00457695 -0.03577746 0.00004097 0.00040975 -0.00042857
1778556383.861504 0.02416329 -0.00457696 -0.03577745 -0.00009920 0.00071398 -0.00158829
1778556383.928222 0.02416328 -0.00457697 -0.03577746 -0.00150858 -0.00176740 -0.00269408
1778556383.994939 0.02416328 -0.00457697 -0.03577746 -0.00044269 -0.00017843 -0.00181600
1778556384.061655 0.02416328 -0.00457696 -0.03577744 -0.00038655 -0.00084849 -0.00139567
1778556384.128371 0.02416331 -0.00457697 -0.03577741 -0.00073625 -0.00050164 -0.00206100
1778556384.195087 0.02416333 -0.00457700 -0.03577739 0.00006216 0.00029783 -0.00098843
1778556384.261803 0.02416333 -0.00457700 -0.03577739 -0.00036273 0.00083391 -0.00031829
1778556384.328519 0.02416334 -0.00457701 -0.03577738 0.00043977 -0.00064668 -0.00140625
1778556384.395235 0.02416339 -0.00457707 -0.03577731 -0.00014828 0.00048214 0.00146889
1778556384.461951 0.02416339 -0.00457708 -0.03577731 0.00065634 -0.00054721 -0.00113887
1778556384.528667 0.02416337 -0.00457706 -0.03577730 0.00027563 -0.00056398 -0.00110061
1778556384.595383 0.02416337 -0.00457707 -0.03577730 0.00013487 -0.00064034 -0.00096512
1778556384.662099 0.02416339 -0.00457710 -0.03577727 -0.00033609 -0.00011437 0.00010330
1778556384.728815 0.02416345 -0.00457713 -0.03577721 0.00006692 -0.00055532 -0.00190127
1778556384.795531 0.02416344 -0.00457713 -0.03577721 -0.00076911 0.00075814 -0.00277438
1778556384.862247 0.02416343 -0.00457711 -0.03577724 -0.00001801 -0.00216348 -0.00291244
1778556384.928963 0.02416339 -0.00457707 -0.03577729 -0.00129293 0.00075279 -0.00133228
1778556384.995679 0.02416341 -0.00457714 -0.03577728 0.00052020 0.00097981 0.00094936
1778556385.062396 0.02416340 -0.00457712 -0.03577728 -0.00004535 0.00050757 -0.00200318
1778556385.129112 0.02416340 -0.00457712 -0.03577728 -0.00190183 -0.00042722 -0.00396012
1778556385.195829 0.02416339 -0.00457712 -0.03577729 0.00157142 0.00119728 -0.00040986
1778556385.262545 0.02416338 -0.00457712 -0.03577729 -0.00065359 0.00086277 -0.00218721
1778556385.329262 0.02416345 -0.00457725 -0.03577730 0.00017653 0.00057512 -0.00124025
1778556385.395978 0.02416344 -0.00457725 -0.03577730 -0.00007595 0.00051252 -0.00276774
1778556385.462695 0.02416346 -0.00457727 -0.03577730 -0.00105837 0.00058806 -0.00145748
1778556385.529412 0.02416346 -0.00457727 -0.03577729 0.00018462 -0.00104798 -0.00118418
1778556385.596128 0.02416345 -0.00457726 -0.03577730 -0.00014044 -0.00056952 -0.00144738
1778556385.662845 0.02416344 -0.00457727 -0.03577730 0.00024749 -0.00150838 -0.00165799
1778556385.729562 0.02416355 -0.00457744 -0.03577719 -0.00092660 0.00117887 0.00268568
1778556385.796278 0.02416364 -0.00457760 -0.03577711 -0.00021596 -0.00171579 -0.00108109
1778556385.862995 0.02416380 -0.00457791 -0.03577701 -0.00069637 0.00111130 0.00042036
1778556385.929711 0.02416382 -0.00457794 -0.03577699 -0.00055438 -0.00082198 -0.00248790
1778556385.996428 0.02416385 -0.00457797 -0.03577696 0.00240207 0.00302153 -0.00200639
1778556386.063147 0.02416384 -0.00457782 -0.03577690 -0.00006956 -0.00041005 0.00070229
1778556386.129865 0.02416384 -0.00457781 -0.03577690 -0.00019396 -0.00017847 -0.00150744
1778556386.196584 0.02416386 -0.00457786 -0.03577690 -0.00120037 0.00028835 -0.00079082
1778556386.263302 0.02416386 -0.00457786 -0.03577690 -0.00100490 -0.00049527 -0.00238004
1778556386.330021 0.02416390 -0.00457798 -0.03577685 0.00013623 0.00062081 0.00054200
1778556386.396739 0.02416389 -0.00457802 -0.03577687 -0.00048352 0.00073176 -0.00201647
1778556386.463458 0.02416389 -0.00457803 -0.03577687 0.00056024 0.00032726 -0.00108292
1778556386.530177 0.02416388 -0.00457795 -0.03577686 0.00237961 -0.00068175 -0.00376585
1778556386.596896 0.02416388 -0.00457797 -0.03577686 -0.00077627 -0.00179662 0.00031891
1778556386.663615 0.02416389 -0.00457799 -0.03577685 -0.00060962 0.00004067 0.00185818
1778556386.730333 0.02416389 -0.00457800 -0.03577684 -0.00068399 0.00034227 0.00034004
1778556386.797052 0.02416390 -0.00457800 -0.03577682 -0.00122734 0.00028038 0.00006333
1778556386.863771 0.02416390 -0.00457809 -0.03577684 -0.00051950 0.00092502 -0.00260725
1778556386.930490 0.02416388 -0.00457799 -0.03577684 -0.00058188 0.00000040 -0.00121460
1778556386.997209 0.02416388 -0.00457799 -0.03577684 -0.00054123 -0.00032324 -0.00188478
1778556387.063925 0.02416388 -0.00457805 -0.03577683 -0.00100863 0.00146559 0.00016647
1778556387.130641 0.02416388 -0.00457806 -0.03577683 0.00006174 -0.00104845 -0.00179614
1778556387.197357 0.02416388 -0.00457802 -0.03577684 -0.00036305 -0.00082517 -0.00338659
1778556387.264073 0.02416388 -0.00457803 -0.03577684 -0.00160834 0.00100196 0.00032114
1778556387.330789 0.02416388 -0.00457802 -0.03577684 -0.00068440 -0.00066151 -0.00239478
1778556387.397505 0.02416388 -0.00457803 -0.03577683 -0.00010870 -0.00021048 -0.00234379
1778556387.464221 0.02416386 -0.00457801 -0.03577684 -0.00148823 0.00146564 0.00168131
1778556387.530937 0.02416390 -0.00457809 -0.03577679 0.00005202 -0.00165113 -0.00276061
1778556387.597654 0.02416383 -0.00457800 -0.03577686 0.00054612 0.00018119 -0.00111687
1778556387.664370 0.02416386 -0.00457806 -0.03577684 0.00126676 -0.00042997 -0.00208705
1778556387.731086 0.02416386 -0.00457806 -0.03577684 -0.00000303 -0.00000503 -0.00121362
1778556387.797802 0.02416385 -0.00457806 -0.03577684 0.00030241 -0.00025682 -0.00098328
1778556387.864518 0.02416385 -0.00457806 -0.03577684 0.00049671 -0.00016115 -0.00190778
1778556387.931234 0.02416384 -0.00457805 -0.03577685 -0.00099409 0.00121608 -0.00057003
1778556387.997950 0.02416382 -0.00457797 -0.03577689 -0.00106239 -0.00072036 -0.00289849
1778556388.064666 0.02416379 -0.00457795 -0.03577691 -0.00126249 0.00116461 0.00037291
1778556388.131382 0.02416383 -0.00457795 -0.03577688 0.00046975 0.00001824 -0.00024923
1778556388.198099 0.02416380 -0.00457796 -0.03577692 -0.00034138 0.00078176 -0.00014248
1778556388.264815 0.02416379 -0.00457794 -0.03577691 -0.00023767 -0.00001322 0.00053027
1778556388.331531 0.02416383 -0.00457781 -0.03577686 -0.00002543 -0.00069342 -0.00098554
1778556388.398247 0.02416382 -0.00457782 -0.03577687 0.00127524 -0.00097428 -0.00200494
1778556388.464963 0.02416378 -0.00457780 -0.03577690 0.00167038 0.00153053 0.00202638
1778556388.531680 0.02416375 -0.00457779 -0.03577693 0.00218734 -0.00060915 -0.00291624
1778556388.598396 0.02416373 -0.00457778 -0.03577694 0.00004565 -0.00061918 -0.00214071
1778556388.665112 0.02416373 -0.00457779 -0.03577694 -0.00053487 -0.00188700 -0.00255502
1778556388.731828 0.02416372 -0.00457779 -0.03577694 0.00153983 -0.00324597 -0.00197999
1778556388.798544 0.02416371 -0.00457778 -0.03577695 0.00067644 -0.00009270 -0.00242117
1778556388.865261 0.02416372 -0.00457781 -0.03577693 -0.00063972 0.00067905 -0.00054170
1778556388.931977 0.02416373 -0.00457784 -0.03577689 0.00013148 0.00090881 -0.00108695
1778556388.998693 0.02416373 -0.00457784 -0.03577688 -0.00043582 -0.00073425 -0.00174992
1778556389.065409 0.02416371 -0.00457784 -0.03577690 0.00044484 -0.00083685 -0.00187584
1778556389.132125 0.02416368 -0.00457780 -0.03577693 0.00062351 0.00087348 -0.00031134
1778556389.198841 0.02416370 -0.00457784 -0.03577693 -0.00058092 0.00050078 0.00071049
1778556389.265557 0.02416369 -0.00457784 -0.03577693 -0.00043715 -0.00023744 -0.00141852
1778556389.332273 0.02416369 -0.00457784 -0.03577693 -0.00015911 0.00008208 -0.00193809
1778556389.398989 0.02416368 -0.00457783 -0.03577692 -0.00044980 -0.00090528 -0.00259073
1778556389.465705 0.02416368 -0.00457784 -0.03577691 0.00020455 -0.00061546 -0.00197574
1778556389.532421 0.02416364 -0.00457777 -0.03577693 -0.00067330 -0.00015941 -0.00071019
1778556389.599138 0.02416367 -0.00457779 -0.03577692 -0.00004033 0.00138170 0.00009122
1778556389.665853 0.02416364 -0.00457776 -0.03577696 -0.00081551 -0.00138920 -0.00383691
1778556389.732569 0.02416365 -0.00457777 -0.03577695 -0.00058790 -0.00043567 -0.00206700
1778556389.799285 0.02416364 -0.00457777 -0.03577695 -0.00019959 0.00029942 -0.00194661
1778556389.866001 0.02416364 -0.00457779 -0.03577695 0.00010605 0.00004877 -0.00098314
1778556389.932717 0.02416366 -0.00457783 -0.03577692 -0.00100040 0.00243185 0.00188414
1778556389.999433 0.02416370 -0.00457788 -0.03577688 -0.00044618 0.00054562 -0.00101193
1778556390.066151 0.02416369 -0.00457789 -0.03577688 0.00030678 -0.00017851 -0.00112753
1778556390.132869 0.02416369 -0.00457789 -0.03577688 -0.00006388 -0.00003788 -0.00227697
1778556390.199586 0.02416369 -0.00457785 -0.03577688 -0.00073565 0.00080262 0.00045563
1778556390.266304 0.02416366 -0.00457788 -0.03577691 -0.00087657 0.00099160 0.00050186
1778556390.333022 0.02416367 -0.00457790 -0.03577690 0.00068259 -0.00215599 -0.00538983
1778556390.399740 0.02416365 -0.00457792 -0.03577691 0.00013988 -0.00205388 -0.00520474
1778556390.466458 0.02416317 -0.00457741 -0.03577708 -0.00193914 0.00726565 0.01858242
1778556390.533175 -0.00690225 -0.00121082 -0.04110091 -0.00094251 -0.00273162 -0.00107236
1778556390.599893 -0.03058448 -0.08635869 0.02004062 0.00147541 -0.00015197 0.00155483
1778556390.666611 -0.03034742 -0.09798361 0.01632263 0.00124419 -0.00009937 0.00068151
1778556390.733329 -0.01918808 -0.08762197 -0.00393317 0.00104194 0.00010141 0.00007054
1778556390.800047 0.02737155 -0.11843621 0.00649182 0.00083932 0.00021642 -0.00028030
1778556390.866765 0.03978762 -0.10486113 0.00759531 0.00063285 0.00024404 -0.00039001
1778556390.933482 0.06192571 -0.05514288 0.01607927 0.00048352 0.00009237 -0.00031423
1778556391.000200 0.05362149 -0.07626060 -0.00222267 0.00056854 0.00004611 -0.00043637
1778556391.066917 0.05986909 -0.07984797 0.00012414 0.00050088 0.00009171 -0.00058452
1778556391.133633 0.06568753 -0.07679640 0.00721186 0.00039910 0.00002216 -0.00058461
1778556391.200350 0.06837933 -0.05692248 -0.00215782 0.00036567 -0.00004050 -0.00054337
1778556391.267066 0.07336806 -0.07747293 -0.00513083 0.00042954 -0.00006950 -0.00055648
1778556391.333782 0.07641941 -0.07352758 -0.00905519 0.00043522 -0.00004762 -0.00056209
1778556391.400499 0.07737938 -0.06823183 -0.00392414 0.00037183 0.00002088 -0.00060695
1778556391.467215 0.07132418 -0.07086029 -0.00309532 0.00025387 -0.00001451 -0.00062009
1778556391.533932 0.07946378 -0.07175530 0.00470059 0.00021693 -0.00002112 -0.00067256
1778556391.600648 0.08160139 -0.08819240 -0.00039540 0.00021248 -0.00003385 -0.00068055
1778556391.667365 0.08204983 -0.06523409 0.00002902 0.00017593 -0.00006116 -0.00064544
1778556391.734081 0.07775188 -0.06591986 -0.00234827 0.00015986 -0.00006538 -0.00060839
1778556391.800798 0.08043282 -0.07944466 -0.00428456 0.00010419 -0.00006762 -0.00060236
1778556391.867514 0.07641773 -0.05050247 -0.00016550 0.00009949 -0.00007643 -0.00059980
1778556391.934231 0.07629100 -0.06851981 -0.00050272 0.00015702 -0.00011379 -0.00059794
1778556392.000947 0.08526943 -0.06032760 -0.00511720 0.00022983 -0.00013158 -0.00054936
1778556392.067663 0.07692668 -0.06992113 -0.00099056 0.00027227 -0.00012866 -0.00051983
1778556392.134379 0.08267371 -0.07783148 -0.00165200 0.00023949 -0.00012929 -0.00052230
1778556392.201094 0.08535759 -0.07076325 -0.00053612 0.00020572 -0.00013653 -0.00049444
1778556392.267811 0.07860247 -0.07017264 -0.00207104 0.00017469 -0.00014682 -0.00048797
1778556392.334526 0.08135193 -0.06768333 -0.00204015 0.00014921 -0.00014271 -0.00051129
1778556392.401242 0.07270667 -0.06557353 -0.00105273 0.00014673 -0.00013811 -0.00054053
1778556392.467958 0.08493806 -0.07427957 -0.00494612 0.00014797 -0.00011798 -0.00054576
1778556392.534674 0.07935844 -0.07168286 -0.00255859 0.00013038 -0.00009488 -0.00056236
1778556392.601390 0.07930980 -0.06651142 -0.00386440 0.00012280 -0.00008023 -0.00057986
1778556392.668105 0.08219896 -0.07068349 -0.00119857 0.00011145 -0.00007585 -0.00058456
1778556392.734821 0.08027361 -0.07058859 -0.00411983 0.00011919 -0.00007262 -0.00060462
1778556392.801537 0.08184511 -0.07189509 -0.00161979 0.00012766 -0.00007043 -0.00061210
1778556392.868253 0.08234987 -0.07345638 -0.00150510 0.00013328 -0.00007642 -0.00059575
1778556392.934968 0.08368862 -0.06997392 -0.00182489 0.00014871 -0.00008786 -0.00058643
1778556393.001684 0.07583391 -0.06464356 -0.00113514 0.00014140 -0.00008380 -0.00060052
1778556393.068400 0.08695524 -0.08089832 -0.00188072 0.00012701 -0.00007893 -0.00059305
1778556393.135116 0.07939755 -0.07050458 -0.00277768 0.00010923 -0.00006903 -0.00059816
1778556393.201833 0.07618674 -0.06336281 0.00063613 0.00009889 -0.00006949 -0.00061801
1778556393.268548 0.08145101 -0.07424437 0.00046148 0.00009076 -0.00009086 -0.00061685
1778556393.335265 0.08474033 -0.07483791 -0.00094616 0.00008523 -0.00010374 -0.00061950
1778556393.401981 0.07989738 -0.07378522 -0.00058952 0.00008813 -0.00010248 -0.00064269
1778556393.468697 0.08098494 -0.07254629 -0.00126235 0.00007959 -0.00009133 -0.00065532
1778556393.535413 0.07933187 -0.06884507 -0.00209479 0.00006539 -0.00007756 -0.00067151
1778556393.602129 0.08177586 -0.07141913 -0.00295529 0.00005758 -0.00005923 -0.00068412
1778556393.668845 0.08097954 -0.07455402 0.00029861 0.00005197 -0.00005907 -0.00069327
1778556393.735561 0.08125502 -0.07565531 -0.00077174 0.00004022 -0.00006927 -0.00069110
1778556393.802277 0.08320609 -0.07328547 0.00030143 0.00003907 -0.00007936 -0.00068155
1778556393.868993 0.07860648 -0.06606617 -0.00069721 0.00005201 -0.00008990 -0.00069345
1778556393.935709 0.08190586 -0.07422025 -0.00177461 0.00003876 -0.00008349 -0.00070571
1778556394.002425 0.08190282 -0.07145310 -0.00095119 0.00003525 -0.00008231 -0.00071373
1778556394.069142 0.08288011 -0.07579179 -0.00220512 0.00003894 -0.00007902 -0.00072801
1778556394.135859 0.08078923 -0.06960735 -0.00071792 0.00002635 -0.00007024 -0.00073053
1778556394.202576 0.08054480 -0.07019871 -0.00144001 0.00000885 -0.00006567 -0.00072186
1778556394.269294 0.08237496 -0.07061755 -0.00003031 0.00000787 -0.00007094 -0.00067799
1778556394.336010 0.07972125 -0.07255960 -0.00153665 0.00001477 -0.00006060 -0.00066519
1778556394.402728 0.07921022 -0.07185727 -0.00337722 0.00000949 -0.00002931 -0.00067895
1778556394.469445 0.07992365 -0.07348123 0.00133304 0.00001583 -0.00002347 -0.00067690
1778556394.536162 0.07821757 -0.07158475 -0.00025481 0.00002787 -0.00003143 -0.00067858
1778556394.602879 0.08036837 -0.07359100 0.00069969 0.00002643 -0.00003325 -0.00066826
1778556394.669596 0.07735036 -0.06771111 0.00067843 0.00001509 -0.00003596 -0.00066131
1778556394.736314 0.08012736 -0.07654797 -0.00099170 0.00001635 -0.00002680 -0.00068753
1778556394.803031 0.07921178 -0.07481581 0.00121404 0.00001991 -0.00001469 -0.00069037
1778556394.869748 0.07801528 -0.07232975 -0.00051523 0.00001650 -0.00001100 -0.00068741
1778556394.936465 0.07979189 -0.07526296 -0.00013167 0.00001271 -0.00000610 -0.00068179
1778556395.003182 0.08187212 -0.07536190 0.00050227 0.00002055 -0.00000519 -0.00068516
1778556395.069898 0.07814230 -0.07257061 0.00043302 0.00003369 -0.00000168 -0.00069899
1778556395.136614 0.07805112 -0.07173231 -0.00040074 0.00004128 0.00000328 -0.00070285
1778556395.203330 0.08034313 -0.07117964 0.00117199 0.00005053 0.00000263 -0.00069513
1778556395.270046 0.07809538 -0.07146492 0.00115097 0.00005743 -0.00000652 -0.00067766
1778556395.336762 0.07863363 -0.07316294 0.00000958 0.00006166 -0.00000812 -0.00067588
1778556395.403478 0.07952131 -0.06947242 -0.00027486 0.00006695 0.00000045 -0.00067649
1778556395.470194 0.07661855 -0.06854608 0.00109978 0.00006266 0.00000734 -0.00067617
1778556395.536910 0.08016884 -0.07536125 0.00045806 0.00005905 0.00000377 -0.00067621
1778556395.603626 0.07885832 -0.07020423 0.00028246 0.00005527 0.00000804 -0.00066653
1778556395.670341 0.07870686 -0.07373167 0.00100797 0.00003884 0.00001260 -0.00066642
1778556395.737057 0.07772551 -0.07051815 0.00000760 0.00002687 0.00001450 -0.00067133
1778556395.803773 0.07886507 -0.07560494 0.00068072 0.00002747 0.00001631 -0.00068503
1778556395.870489 0.07981923 -0.07359222 -0.00027061 0.00003885 0.00001667 -0.00069177
1778556395.937205 0.07831076 -0.07157416 0.00038709 0.00005024 0.00002448 -0.00069350
1778556396.003921 0.07932897 -0.07241990 0.00002236 0.00005557 0.00003159 -0.00069097
1778556396.070637 0.07871066 -0.07466500 0.00091525 0.00006107 0.00003084 -0.00069181
1778556396.137352 0.07863254 -0.06951429 0.00108233 0.00006194 0.00002578 -0.00069136
1778556396.204069 0.07834372 -0.07242225 0.00135898 0.00006966 0.00001813 -0.00069375
1778556396.270784 0.08134309 -0.07293646 0.00046150 0.00007351 0.00001436 -0.00068895
1778556396.337500 0.07759764 -0.07120593 0.00002100 0.00007304 0.00001296 -0.00068064
1778556396.404216 0.07873382 -0.07220269 -0.00033370 0.00008531 0.00001680 -0.00069527
1778556396.470932 0.07930507 -0.06985086 0.00020663 0.00007968 0.00002309 -0.00070157
1778556396.537648 0.07888974 -0.07244278 -0.00034644 0.00006884 0.00002626 -0.00069190
1778556396.604364 0.07823064 -0.07249363 -0.00074376 0.00006968 0.00003562 -0.00069010
1778556396.671080 0.07757906 -0.07336632 -0.00083463 0.00007170 0.00004727 -0.00068671
1778556396.737795 0.07876335 -0.07218247 0.00067643 0.00007876 0.00005183 -0.00068498
1778556396.804511 0.07622902 -0.07112924 0.00048894 0.00008894 0.00005273 -0.00069279
1778556396.871227 0.07759897 -0.07423327 0.00031479 0.00009091 0.00005041 -0.00070020
1778556396.937943 0.07714159 -0.07094430 0.00127275 0.00007503 0.00004714 -0.00069267
1778556397.004658 0.07825770 -0.07322434 0.00005406 0.00006606 0.00004585 -0.00069164
1778556397.071375 0.07818454 -0.07445617 0.00042603 0.00006509 0.00004558 -0.00070337
1778556397.138092 0.07720897 -0.07531319 -0.00080742 0.00006002 0.00005163 -0.00071133
1778556397.204809 0.07811627 -0.07475015 0.00173077 0.00006404 0.00004230 -0.00071104
1778556397.271526 0.07796619 -0.07217926 0.00046605 0.00007119 0.00002664 -0.00072249
1778556397.338243 0.07868702 -0.07237392 -0.00026686 0.00007154 0.00002716 -0.00073517
1778556397.404960 0.07801295 -0.07251938 0.00010540 0.00007314 0.00002661 -0.00073869
1778556397.471677 0.07993521 -0.07410997 -0.00021207 0.00006855 0.00002618 -0.00073997
1778556397.538393 0.07842047 -0.07434216 -0.00081038 0.00005533 0.00002792 -0.00073673
1778556397.605110 0.07621333 -0.07149457 0.00011559 0.00004537 0.00003006 -0.00073898
1778556397.671827 0.07891785 -0.07210650 -0.00000930 0.00005057 0.00002825 -0.00074645
1778556397.738544 0.07939378 -0.07382380 -0.00063893 0.00005634 0.00002656 -0.00074127
1778556397.805261 0.07780484 -0.07421302 0.00019764 0.00005397 0.00002397 -0.00073627
1778556397.871978 0.07851784 -0.07328780 -0.00040549 0.00004922 0.00002220 -0.00073927
1778556397.938695 0.07825778 -0.07350078 -0.00047245 0.00004575 0.00002236 -0.00074346
1778556398.005412 0.07925144 -0.07415373 -0.00037299 0.00004537 0.00002299 -0.00074477
1778556398.072128 0.07682576 -0.07185445 -0.00046151 0.00004622 0.00002121 -0.00074320
1778556398.138844 0.07923336 -0.07451683 -0.00125978 0.00004361 0.00001970 -0.00073681
1778556398.205560 0.07874681 -0.07245363 0.00112343 0.00004621 0.00002421 -0.00073400
1778556398.272276 0.07841931 -0.07352467 0.00002751 0.00004975 0.00002601 -0.00074262
1778556398.338992 0.07995710 -0.07378018 0.00043546 0.00005258 0.00002245 -0.00073808
1778556398.405708 0.07875819 -0.07369507 0.00026550 0.00005788 0.00001450 -0.00072269
1778556398.472424 0.07851024 -0.07215827 0.00060817 0.00005604 0.00000785 -0.00072202
1778556398.539140 0.08055390 -0.07440569 0.00026826 0.00005567 -0.00000032 -0.00073303
1778556398.605856 0.07905261 -0.07236012 0.00091163 0.00005759 -0.00001516 -0.00074512
1778556398.672572 0.08190316 -0.07380647 -0.00137216 0.00005519 -0.00001684 -0.00074993
1778556398.739288 0.07834221 -0.07112458 -0.00039765 0.00005188 -0.00001048 -0.00075085
1778556398.806004 0.08108654 -0.07435388 0.00056498 0.00005058 -0.00001084 -0.00075614
1778556398.872720 0.07975006 -0.07437536 -0.00094209 0.00004442 -0.00001056 -0.00075826
1778556398.939436 0.08144291 -0.07538761 0.00008900 0.00004569 -0.00000739 -0.00075791
1778556399.006152 0.07960845 -0.07298187 -0.00010669 0.00005576 -0.00000636 -0.00076214
1778556399.072869 0.08149724 -0.07503823 0.00002672 0.00005481 -0.00000891 -0.00076483
1778556399.139585 0.07912724 -0.07454589 -0.00125128 0.00005161 -0.00000448 -0.00076758
1778556399.206301 0.08070060 -0.07447488 0.00004414 0.00005143 0.00000120 -0.00076941
1778556399.273018 0.07884220 -0.07257426 0.00095760 0.00004848 -0.00000028 -0.00077677
1778556399.339734 0.07951923 -0.07423816 -0.00020891 0.00004040 -0.00000066 -0.00079022
1778556399.406451 0.08021686 -0.07636933 0.00017572 0.00003262 -0.00000058 -0.00079377
1778556399.473167 0.07907536 -0.07287717 -0.00009072 0.00002958 -0.00000075 -0.00079437
1778556399.539884 0.07867031 -0.07387855 0.00035860 0.00003488 -0.00000263 -0.00080167
1778556399.606600 0.08128365 -0.07552387 -0.00007819 0.00003771 -0.00000613 -0.00079793
1778556399.673317 0.07882123 -0.07401037 0.00025178 0.00003300 -0.00000600 -0.00079503
1778556399.740033 0.07964517 -0.07488900 0.00080012 0.00003155 -0.00000977 -0.00080849
1778556399.806750 0.07954304 -0.07357336 0.00001468 0.00003559 -0.00001174 -0.00081799
1778556399.873466 0.07951192 -0.07528970 -0.00126550 0.00004468 -0.00000806 -0.00082160
1778556399.940182 0.07969033 -0.07449870 0.00059708 0.00004533 -0.00000643 -0.00083292
1778556400.006899 0.07992161 -0.07579835 -0.00065156 0.00003659 -0.00000538 -0.00084266
1778556400.073617 0.07980053 -0.07277502 0.00049101 0.00003593 -0.00000778 -0.00084319
1778556400.140335 0.08010673 -0.07429400 0.00000484 0.00004164 -0.00001419 -0.00084582
1778556400.207053 0.08060431 -0.07312753 -0.00091833 0.00004880 -0.00001437 -0.00084777
1778556400.273771 0.07950521 -0.07165447 -0.00004928 0.00005334 -0.00001352 -0.00084303
1778556400.340489 0.08133078 -0.07590680 -0.00087364 0.00004947 -0.00001141 -0.00083567
1778556400.407208 0.08009149 -0.07305262 0.00085490 0.00004597 -0.00001378 -0.00083402
1778556400.473926 0.08009150 -0.07305264 0.00085487 0.00183515 -0.00023559 -0.00029068
1778556400.540644 0.08009149 -0.07305262 0.00085487 0.00069219 0.00077529 -0.00171894
1778556400.607362 0.08009149 -0.07305263 0.00085487 -0.00057504 0.00028144 -0.00233110
1778556400.674081 0.08009149 -0.07305264 0.00085487 0.00008647 -0.00008408 -0.00069000
1778556400.740799 0.08009149 -0.07305265 0.00085486 -0.00098831 0.00026339 -0.00093706
1778556400.807517 0.08009150 -0.07305265 0.00085487 -0.00078909 0.00023929 -0.00027433
1778556400.874235 0.08009151 -0.07305266 0.00085488 -0.00042586 0.00053132 -0.00063520
1778556400.940954 0.08009151 -0.07305266 0.00085488 -0.00090359 -0.00121033 -0.00018225
1778556401.007672 0.08009151 -0.07305261 0.00085488 -0.00066726 0.00039576 -0.00016121
1778556401.074388 0.08009151 -0.07305261 0.00085489 0.00082363 0.00035968 -0.00080786
1778556401.141104 0.08009151 -0.07305261 0.00085489 -0.00009584 -0.00059823 -0.00084569
1778556401.207819 0.08009151 -0.07305262 0.00085487 0.00048970 0.00027108 -0.00168440
1778556401.274535 0.08009150 -0.07305261 0.00085487 0.00043369 -0.00053250 0.00002783
1778556401.341251 0.08009150 -0.07305261 0.00085487 -0.00059187 -0.00065801 0.00002730
1778556401.407967 0.08009150 -0.07305260 0.00085487 0.00007662 0.00049395 -0.00074504
1778556401.474682 0.08009150 -0.07305261 0.00085488 -0.00148673 0.00043860 -0.00080327
1778556401.541398 0.08009150 -0.07305261 0.00085488 -0.00039967 0.00106258 0.00065841
1778556401.608114 0.08009150 -0.07305257 0.00085489 -0.00039727 0.00067434 -0.00117147
1778556401.674829 0.08009150 -0.07305257 0.00085488 -0.00055726 0.00040698 -0.00029164
1778556401.741545 0.08009152 -0.07305261 0.00085487 -0.00023305 -0.00039741 0.00124871
1778556401.808260 0.08009153 -0.07305263 0.00085487 0.00072735 -0.00070954 -0.00009926
1778556401.874976 0.08009153 -0.07305263 0.00085487 0.00103277 0.00044948 -0.00085781
1778556401.941692 0.08009153 -0.07305263 0.00085487 0.00066919 -0.00006381 -0.00037215
1778556402.008407 0.08009153 -0.07305263 0.00085488 0.00021944 0.00034419 -0.00035310
1778556402.075124 0.08009153 -0.07305261 0.00085488 0.00104905 -0.00024558 -0.00087965
1778556402.141841 0.08009155 -0.07305267 0.00085487 -0.00028722 0.00069108 -0.00109758
1778556402.208558 0.08009156 -0.07305268 0.00085487 -0.00042062 0.00059951 -0.00194601
1778556402.275275 0.08009156 -0.07305268 0.00085487 -0.00042917 0.00003399 -0.00157359
1778556402.341991 0.08009156 -0.07305268 0.00085487 0.00026624 -0.00029991 -0.00225707
1778556402.408708 0.08009157 -0.07305269 0.00085487 0.00008215 0.00043852 -0.00321755
1778556402.475425 0.08009152 -0.07305262 0.00085487 -0.00034902 -0.00014877 0.00053747
1778556402.542142 0.08009151 -0.07305261 0.00085487 -0.00112595 0.00014232 0.00017304
1778556402.608859 0.08009152 -0.07305261 0.00085487 0.00053610 -0.00008563 -0.00018057
1778556402.675575 0.08009152 -0.07305261 0.00085488 -0.00024850 0.00120204 -0.00052261
1778556402.742292 0.08009153 -0.07305262 0.00085488 0.00060880 -0.00106310 -0.00246668
1778556402.809009 0.08009153 -0.07305263 0.00085488 -0.00085770 -0.00038405 -0.00208413
1778556402.875726 0.08009153 -0.07305266 0.00085488 -0.00022045 -0.00012946 -0.00135257
1778556402.942443 0.08009154 -0.07305267 0.00085488 -0.00078636 0.00051115 -0.00069926
1778556403.009160 0.08009156 -0.07305268 0.00085488 -0.00011468 0.00004695 -0.00083462
1778556403.075877 0.08009156 -0.07305269 0.00085489 0.00095736 0.00003930 -0.00178832
1778556403.142594 0.08009160 -0.07305276 0.00085490 -0.00080741 -0.00030259 0.00081705
1778556403.209311 0.08009154 -0.07305266 0.00085489 -0.00090234 0.00026809 -0.00046998
1778556403.276028 0.08009156 -0.07305269 0.00085488 -0.00099349 -0.00056581 0.00073484
1778556403.342745 0.08009156 -0.07305268 0.00085488 -0.00103959 -0.00021463 -0.00073230
1778556403.409462 0.08009154 -0.07305269 0.00085488 -0.00056309 0.00060257 -0.00182095
1778556403.476179 0.08009155 -0.07305269 0.00085488 0.00006310 -0.00006866 0.00013304
1778556403.542897 0.08009155 -0.07305269 0.00085488 -0.00000681 0.00013878 -0.00197398
1778556403.609614 0.08009156 -0.07305270 0.00085489 -0.00007287 0.00060303 -0.00072837
1778556403.676331 0.08009156 -0.07305269 0.00085489 -0.00006743 0.00060186 -0.00180888
1778556403.743048 0.08009154 -0.07305268 0.00085489 -0.00053601 -0.00092378 0.00023710
1778556403.809765 0.08009154 -0.07305268 0.00085489 -0.00113707 -0.00130493 -0.00019262
1778556403.876482 0.08009154 -0.07305269 0.00085489 0.00065372 0.00096473 -0.00262731
1778556403.943199 0.08009155 -0.07305270 0.00085489 -0.00159131 -0.00060739 -0.00016591
1778556404.009916 0.08009156 -0.07305272 0.00085489 0.00006885 0.00045179 -0.00099327
1778556404.076633 0.08009156 -0.07305272 0.00085489 -0.00279404 0.00013371 -0.00069104
1778556404.143350 0.08009156 -0.07305272 0.00085489 0.00181124 -0.00044401 0.00081085
1778556404.210067 0.08009156 -0.07305272 0.00085489 0.00095512 -0.00197030 -0.00168948
1778556404.276784 0.08009156 -0.07305272 0.00085489 -0.00049250 -0.00024161 0.00150043
1778556404.343501 0.08009155 -0.07305271 0.00085488 -0.00048552 0.00108279 -0.00144846
1778556404.410218 0.08009154 -0.07305271 0.00085486 -0.00116185 -0.00051460 0.00066296
1778556404.476935 0.08009154 -0.07305270 0.00085486 0.00063234 0.00033047 -0.00072768
1778556404.543652 0.08009154 -0.07305269 0.00085486 0.00027867 -0.00003331 -0.00064447
1778556404.610369 0.08009156 -0.07305271 0.00085487 -0.00089983 -0.00072505 0.00003431
1778556404.677086 0.08009156 -0.07305271 0.00085487 -0.00061126 0.00051429 0.00045660
1778556404.743803 0.08009155 -0.07305271 0.00085487 -0.00030768 0.00083687 0.00000650
1778556404.810520 0.08009155 -0.07305271 0.00085487 -0.00087744 0.00024721 -0.00126920
1778556404.877237 0.08009157 -0.07305272 0.00085487 -0.00013967 0.00035617 -0.00134652
1778556404.943954 0.08009156 -0.07305272 0.00085487 0.00074255 -0.00035186 -0.00060665
1778556405.010671 0.08009156 -0.07305272 0.00085487 0.00052155 -0.00020544 -0.00029315
1778556405.077387 0.08009155 -0.07305271 0.00085487 -0.00040096 -0.00053955 -0.00059498
1778556405.144103 0.08009157 -0.07305274 0.00085487 -0.00021590 -0.00014238 -0.00103770
1778556405.210818 0.08009156 -0.07305269 0.00085488 0.00039816 -0.00070229 0.00064210
1778556405.277534 0.08009156 -0.07305273 0.00085487 0.00100992 -0.00018026 0.00002096
1778556405.344250 0.08009155 -0.07305272 0.00085487 -0.00078229 -0.00002730 -0.00162807
1778556405.410965 0.08009154 -0.07305268 0.00085488 0.00005562 0.00009828 -0.00028491
1778556405.477681 0.08009154 -0.07305268 0.00085488 -0.00127438 -0.00001497 0.00187176
1778556405.544396 0.08009153 -0.07305267 0.00085489 -0.00069030 -0.00048274 -0.00007924
1778556405.611112 0.08009152 -0.07305265 0.00085489 -0.00038307 0.00062000 0.00052802
1778556405.677828 0.08009152 -0.07305263 0.00085489 -0.00042613 0.00031684 -0.00086779
1778556405.744544 0.08009152 -0.07305265 0.00085488 -0.00009728 -0.00237459 -0.00250015
1778556405.811259 0.08009152 -0.07305265 0.00085488 0.00037057 -0.00036292 -0.00054811
1778556405.877975 0.08009152 -0.07305262 0.00085487 0.00064120 -0.00073539 0.00023935
1778556405.944690 0.08009152 -0.07305262 0.00085488 -0.00136989 0.00038648 -0.00001538
1778556406.011405 0.08009152 -0.07305259 0.00085488 -0.00117470 0.00094794 -0.00155165
1778556406.078124 0.08009152 -0.07305260 0.00085488 -0.00022099 -0.00025815 -0.00117872
1778556406.144842 0.08009152 -0.07305260 0.00085488 -0.00038804 0.00078328 -0.00110992
1778556406.211560 0.08009152 -0.07305260 0.00085488 0.00033932 -0.00029657 -0.00102069
1778556406.278278 0.08009152 -0.07305262 0.00085488 0.00057455 -0.00049555 -0.00159740
1778556406.344996 0.08009152 -0.07305261 0.00085488 -0.00100972 0.00011093 0.00097267
1778556406.411714 0.08009150 -0.07305257 0.00085488 -0.00041215 0.00038245 -0.00010218
1778556406.478432 0.08009151 -0.07305259 0.00085488 -0.00073473 -0.00006239 0.00047055
1778556406.545151 0.08009151 -0.07305258 0.00085488 0.00010445 0.00005077 -0.00152749
1778556406.611869 0.08009150 -0.07305259 0.00085488 0.00025124 0.00055807 -0.00133426
1778556406.678587 0.08009153 -0.07305267 0.00085486 -0.00070717 0.00020389 0.00122393
1778556406.745306 0.08009151 -0.07305262 0.00085487 0.00016143 0.00075114 -0.00103058
1778556406.812024 0.08009151 -0.07305262 0.00085487 -0.00036313 -0.00018918 -0.00031296
1778556406.878742 0.08009151 -0.07305262 0.00085487 0.00014646 -0.00038942 -0.00185416
1778556406.945461 0.08009153 -0.07305263 0.00085487 0.00010714 0.00010855 -0.00100698
1778556407.012179 0.08009154 -0.07305263 0.00085487 -0.00001669 0.00007955 -0.00038552
1778556407.078897 0.08009153 -0.07305263 0.00085487 -0.00103830 0.00018081 -0.00078832
1778556407.145615 0.08009153 -0.07305263 0.00085487 -0.00118993 -0.00037902 -0.00029848
1778556407.212333 0.08009155 -0.07305264 0.00085488 -0.00038683 0.00125038 -0.00082936
1778556407.279051 0.08009155 -0.07305265 0.00085488 0.00049006 0.00086494 -0.00177373
1778556407.345768 0.08009155 -0.07305265 0.00085488 0.00083252 0.00065780 -0.00131040
1778556407.412486 0.08009154 -0.07305263 0.00085488 0.00051661 -0.00022898 0.00064545
1778556407.479204 0.08009154 -0.07305263 0.00085488 -0.00087893 0.00029401 -0.00186208
1778556407.545922 0.08009153 -0.07305263 0.00085488 0.00028006 -0.00047373 -0.00131836
1778556407.612640 0.08009155 -0.07305264 0.00085487 -0.00168014 0.00046683 -0.00044550
1778556407.679358 0.08009155 -0.07305264 0.00085487 -0.00084011 -0.00022719 -0.00097601
1778556407.746076 0.08009156 -0.07305266 0.00085487 0.00041578 0.00008425 0.00206861
1778556407.812794 0.08009156 -0.07305267 0.00085487 -0.00079951 0.00151491 -0.00082119
1778556407.879512 0.08009156 -0.07305267 0.00085487 0.00099402 0.00075099 0.00017694
1778556407.946230 0.08009157 -0.07305267 0.00085487 0.00061111 0.00088715 -0.00047859
1778556408.012948 0.08009153 -0.07305263 0.00085488 0.00059921 0.00030680 -0.00077266
1778556408.079664 0.08009153 -0.07305263 0.00085488 0.00014712 -0.00077366 0.00058979
1778556408.146381 0.08009150 -0.07305261 0.00085488 -0.00189778 0.00029389 -0.00050510
1778556408.213097 0.08009147 -0.07305260 0.00085488 -0.00064582 -0.00080137 0.00056891
1778556408.279813 0.08009146 -0.07305260 0.00085488 -0.00114258 0.00102440 -0.00059802
1778556408.346529 0.08009147 -0.07305260 0.00085488 -0.00115226 -0.00035135 -0.00048116
1778556408.413245 0.08009147 -0.07305260 0.00085488 -0.00046975 0.00017481 -0.00030220
1778556408.479961 0.08009147 -0.07305257 0.00085489 -0.00086620 0.00012209 -0.00104912
1778556408.546678 0.08009147 -0.07305256 0.00085489 -0.00020266 -0.00013053 -0.00159272
1778556408.613394 0.08009147 -0.07305257 0.00085488 -0.00022942 0.00035310 -0.00086028
1778556408.680110 0.08009148 -0.07305257 0.00085489 -0.00007006 0.00034650 -0.00113393
1778556408.746826 0.08009148 -0.07305258 0.00085488 -0.00059143 0.00003410 0.00020892
1778556408.813542 0.08009148 -0.07305258 0.00085488 -0.00049021 0.00080633 -0.00116392
1778556408.880258 0.08009148 -0.07305259 0.00085488 -0.00024713 0.00019087 -0.00200960
1778556408.946974 0.08009148 -0.07305258 0.00085488 -0.00005541 -0.00000086 -0.00162708
1778556409.013690 0.08009149 -0.07305257 0.00085488 0.00045709 -0.00021031 -0.00138004
1778556409.080406 0.08009148 -0.07305257 0.00085488 0.00082386 -0.00112267 -0.00176423
1778556409.147122 0.08009148 -0.07305257 0.00085488 -0.00040229 0.00079052 0.00161333
1778556409.213837 0.08009148 -0.07305257 0.00085488 -0.00029870 -0.00032841 -0.00167982
1778556409.280553 0.08009147 -0.07305255 0.00085489 -0.00057994 0.00077094 -0.00101537
1778556409.347268 0.08009147 -0.07305255 0.00085489 -0.00052815 -0.00018073 0.00014960
1778556409.413984 0.08009145 -0.07305256 0.00085488 -0.00059289 -0.00134324 -0.00100974
1778556409.480700 0.08009143 -0.07305253 0.00085489 -0.00033650 0.00126273 -0.00018101
1778556409.547415 0.08009141 -0.07305252 0.00085488 -0.00137057 0.00062701 -0.00156705
1778556409.614130 0.08009142 -0.07305253 0.00085488 -0.00116879 0.00001155 0.00034291
1778556409.680846 0.08009142 -0.07305254 0.00085488 -0.00070295 -0.00034352 -0.00189690
1778556409.747562 0.08009143 -0.07305253 0.00085488 0.00147275 0.00035845 0.00078455
1778556409.814277 0.08009143 -0.07305253 0.00085488 0.00055258 -0.00002398 -0.00045867
1778556409.880993 0.08009144 -0.07305255 0.00085488 -0.00037300 -0.00057420 0.00085604
1778556409.947708 0.08009144 -0.07305255 0.00085488 -0.00055810 0.00012104 -0.00088856
1778556410.014424 0.08009144 -0.07305255 0.00085488 -0.00063523 0.00034860 -0.00137385
1778556410.081140 0.08009145 -0.07305257 0.00085488 -0.00084233 -0.00018573 -0.00034762
1778556410.147857 0.08009145 -0.07305257 0.00085488 0.00002551 -0.00021264 -0.00106988
1778556410.214573 0.08009144 -0.07305256 0.00085488 -0.00068881 0.00005498 -0.00325637
1778556410.281290 0.08009144 -0.07305256 0.00085488 -0.00046489 0.00036200 0.00015471
1778556410.348006 0.08009144 -0.07305255 0.00085489 -0.00018923 0.00149059 -0.00034572
1778556410.414723 0.08009142 -0.07305252 0.00085489 -0.00032797 -0.00026132 -0.00267246
1778556410.481439 0.08009142 -0.07305252 0.00085489 0.00195007 -0.00172125 -0.00112653
1778556410.548156 0.08009139 -0.07305246 0.00085492 -0.00058340 -0.00004841 0.00027801
1778556410.614872 0.08009141 -0.07305253 0.00085489 -0.00049645 0.00007320 -0.00086283
1778556410.681589 0.08009141 -0.07305252 0.00085490 0.00066982 -0.00139159 -0.00168125
1778556410.748305 0.08009141 -0.07305252 0.00085490 -0.00021346 0.00259885 0.00008994
1778556410.815022 0.08009142 -0.07305253 0.00085490 0.00115791 -0.00153071 -0.00052977
1778556410.881738 0.08009142 -0.07305254 0.00085489 0.00020152 0.00083766 -0.00175127
1778556410.948455 0.08009143 -0.07305255 0.00085489 0.00061626 0.00001342 -0.00192308
1778556411.015172 0.08009143 -0.07305257 0.00085489 -0.00061914 -0.00019208 -0.00098762
1778556411.081887 0.08009143 -0.07305256 0.00085488 -0.00106853 -0.00059260 -0.00271337
1778556411.148603 0.08009143 -0.07305257 0.00085488 0.00217185 -0.00142807 0.00102887
1778556411.215318 0.08009143 -0.07305257 0.00085488 0.00230622 0.00156454 -0.00130014
1778556411.282034 0.08009143 -0.07305257 0.00085488 0.00055779 0.00116824 -0.00234740
1778556411.348749 0.08009143 -0.07305256 0.00085488 0.00050882 0.00075631 -0.00043925
1778556411.415465 0.08009143 -0.07305255 0.00085488 0.00017959 0.00053097 -0.00216271
1778556411.482181 0.08009141 -0.07305251 0.00085489 -0.00052269 0.00006675 0.00079791
1778556411.548896 0.08009142 -0.07305253 0.00085489 0.00027556 0.00010759 -0.00282154
1778556411.615612 0.08009144 -0.07305260 0.00085488 -0.00071699 0.00032964 0.00035401
1778556411.682327 0.08009144 -0.07305260 0.00085488 -0.00077499 -0.00092268 0.00065430
1778556411.749043 0.08009144 -0.07305262 0.00085488 0.00025509 -0.00043643 0.00044990
1778556411.815758 0.08009146 -0.07305263 0.00085488 -0.00058989 0.00029042 -0.00057826
1778556411.882473 0.08009146 -0.07305264 0.00085488 0.00011433 0.00012862 0.00011544
1778556411.949189 0.08009146 -0.07305265 0.00085488 0.00113219 -0.00006860 -0.00154941
1778556412.015904 0.08009147 -0.07305265 0.00085489 0.00065821 0.00037216 -0.00001923
1778556412.082622 0.08009147 -0.07305265 0.00085489 0.00005702 0.00097798 0.00023930
1778556412.149339 0.08009147 -0.07305265 0.00085489 0.00000037 -0.00023366 -0.00025798
1778556412.216056 0.08009146 -0.07305265 0.00085488 0.00053683 -0.00062709 0.00121293
1778556412.282774 0.08009147 -0.07305267 0.00085489 -0.00051010 -0.00031348 0.00111838
1778556412.349491 0.08009147 -0.07305267 0.00085489 -0.00043921 -0.00088315 -0.00036874
1778556412.416209 0.08009146 -0.07305267 0.00085489 -0.00042723 0.00018638 0.00001509
1778556412.482926 0.08009146 -0.07305267 0.00085489 -0.00136516 0.00003844 0.00061919
1778556412.549643 0.08009146 -0.07305269 0.00085488 -0.00027226 -0.00019648 -0.00026096
1778556412.616361 0.08009147 -0.07305269 0.00085488 -0.00121518 0.00026231 -0.00033512
1778556412.683078 0.08009148 -0.07305269 0.00085488 0.00074313 -0.00007702 -0.00031322
1778556412.749795 0.08009149 -0.07305269 0.00085488 0.00051561 -0.00002082 -0.00069109
1778556412.816513 0.08009149 -0.07305270 0.00085487 0.00026350 -0.00010862 -0.00069837
1778556412.883230 0.08009148 -0.07305269 0.00085487 -0.00057338 -0.00049812 -0.00099844
1778556412.949948 0.08009150 -0.07305272 0.00085486 0.00019887 -0.00128362 -0.00121082
1778556413.016665 0.08009150 -0.07305272 0.00085486 0.00000159 -0.00014961 -0.00154705
1778556413.083381 0.08009152 -0.07305279 0.00085485 -0.00115583 -0.00098646 0.00133991
1778556413.150097 0.08009147 -0.07305267 0.00085486 -0.00093810 0.00117241 -0.00076315
1778556413.216814 0.08009145 -0.07305266 0.00085485 0.00017529 -0.00065431 0.00024927
1778556413.283530 0.08009145 -0.07305266 0.00085485 -0.00048279 -0.00027671 -0.00112573
1778556413.350246 0.08009149 -0.07305273 0.00085484 0.00094533 -0.00056101 -0.00089636
1778556413.416962 0.08009148 -0.07305271 0.00085484 0.00326215 -0.00057182 -0.00184900
1778556413.483678 0.08009148 -0.07305271 0.00085484 0.00133535 -0.00027617 -0.00143083
1778556413.550394 0.08009148 -0.07305271 0.00085484 -0.00025047 0.00023875 -0.00070853
1778556413.617110 0.08009148 -0.07305272 0.00085484 -0.00027516 -0.00011328 -0.00210144
1778556413.683826 0.08009148 -0.07305272 0.00085484 -0.00093422 -0.00063735 0.00156988
1778556413.750543 0.08009149 -0.07305273 0.00085484 0.00030910 0.00117503 0.00185692
1778556413.817259 0.08009149 -0.07305274 0.00085483 0.00058250 -0.00160526 0.00115000
1778556413.883975 0.08009154 -0.07305273 0.00085485 -0.00097305 -0.00009501 -0.00064617
1778556413.950691 0.08009154 -0.07305272 0.00085485 -0.00033885 0.00034104 -0.00121576
1778556414.017407 0.08009152 -0.07305268 0.00085486 -0.00087271 0.00054110 0.00004616
1778556414.084124 0.08009152 -0.07305268 0.00085486 -0.00041692 0.00078172 -0.00072863
1778556414.150841 0.08009152 -0.07305268 0.00085486 0.00010203 -0.00036339 -0.00094801
1778556414.217558 0.08009154 -0.07305271 0.00085486 0.00035478 -0.00013106 -0.00006712
1778556414.284275 0.08009153 -0.07305270 0.00085486 0.00037721 -0.00029912 0.00095145
1778556414.350991 0.08009153 -0.07305271 0.00085486 0.00007325 0.00191996 -0.00010894
1778556414.417708 0.08009154 -0.07305272 0.00085486 0.00167520 -0.00016309 -0.00312304
1778556414.484425 0.08009153 -0.07305271 0.00085485 0.00217208 0.00016859 -0.00016304
1778556414.551142 0.08009153 -0.07305270 0.00085486 -0.00201318 0.00058213 0.00108582
1778556414.617859 0.08009153 -0.07305270 0.00085486 -0.00144153 -0.00035215 0.00065148
1778556414.684576 0.08009151 -0.07305266 0.00085486 -0.00086117 0.00055746 -0.00107839
1778556414.751293 0.08009151 -0.07305267 0.00085486 -0.00155857 0.00075104 -0.00107803
1778556414.818010 0.08009150 -0.07305265 0.00085486 -0.00118239 0.00029972 -0.00079445
1778556414.884727 0.08009152 -0.07305266 0.00085486 -0.00004228 0.00018916 -0.00022152
1778556414.951444 0.08009151 -0.07305264 0.00085487 -0.00013353 0.00078067 -0.00132034
1778556415.018161 0.08009152 -0.07305263 0.00085487 0.00017410 0.00107674 0.00066079
1778556415.084876 0.08009152 -0.07305264 0.00085487 -0.00031939 -0.00023101 -0.00182609
1778556415.151591 0.08009151 -0.07305263 0.00085488 0.00019495 0.00083183 -0.00015464
1778556415.218307 0.08009151 -0.07305263 0.00085489 0.00014422 0.00046224 0.00073260
1778556415.285022 0.08009151 -0.07305263 0.00085489 -0.00032537 -0.00091629 0.00032120
1778556415.351737 0.08009151 -0.07305263 0.00085489 -0.00007565 0.00055723 -0.00010742
1778556415.418453 0.08009151 -0.07305262 0.00085489 -0.00182656 0.00033520 0.00046559
1778556415.485168 0.08009153 -0.07305270 0.00085488 -0.00011158 0.00090158 -0.00073542
1778556415.551883 0.08009155 -0.07305274 0.00085488 -0.00151466 0.00061546 -0.00079301
1778556415.618598 0.08009155 -0.07305273 0.00085488 -0.00080403 0.00011222 0.00123024
1778556415.685313 0.08009154 -0.07305273 0.00085488 0.00050709 -0.00008497 -0.00039920
1778556415.752028 0.08009153 -0.07305271 0.00085488 -0.00178855 -0.00059341 0.00039968
1778556415.818743 0.08009152 -0.07305269 0.00085488 0.00171417 0.00016138 -0.00030793
1778556415.885458 0.08009152 -0.07305270 0.00085488 0.00109139 -0.00020656 0.00031620
1778556415.952173 0.08009150 -0.07305267 0.00085489 0.00036390 -0.00037469 -0.00124097
1778556416.018888 0.08009150 -0.07305267 0.00085489 0.00077052 0.00055532 0.00103737
1778556416.085605 0.08009151 -0.07305267 0.00085488 -0.00053364 0.00022326 -0.00154636
1778556416.152322 0.08009151 -0.07305269 0.00085488 -0.00157457 0.00117898 0.00090033
1778556416.219038 0.08009152 -0.07305272 0.00085488 0.00053861 0.00062846 -0.00029300
1778556416.285755 0.08009152 -0.07305270 0.00085487 0.00080809 -0.00063534 0.00039063
1778556416.352472 0.08009151 -0.07305270 0.00085487 -0.00000617 -0.00002408 0.00082237
1778556416.419188 0.08009152 -0.07305271 0.00085487 0.00117162 -0.00046049 -0.00185280
1778556416.485905 0.08009153 -0.07305273 0.00085487 -0.00020257 -0.00000661 0.00132360
1778556416.552622 0.08009153 -0.07305274 0.00085487 -0.00109894 -0.00037882 0.00089856
1778556416.619338 0.08009152 -0.07305274 0.00085486 0.00023656 -0.00089930 -0.00007671
1778556416.686055 0.08009150 -0.07305277 0.00085485 0.00089059 0.00028975 0.00004001
1778556416.752772 0.08009150 -0.07305278 0.00085485 0.00037814 0.00030378 0.00060960
1778556416.819489 0.08009150 -0.07305278 0.00085485 0.00065230 0.00018532 -0.00040064
1778556416.886206 0.08009149 -0.07305277 0.00085486 0.00021443 -0.00058524 -0.00056013
1778556416.952922 0.08009151 -0.07305281 0.00085484 0.00058297 -0.00032908 0.00182581
1778556417.019639 0.08009151 -0.07305282 0.00085484 0.00089749 0.00055399 -0.00070665
1778556417.086355 0.08009151 -0.07305282 0.00085484 0.00052508 0.00017364 0.00037920
1778556417.153071 0.08009152 -0.07305285 0.00085483 0.00051235 -0.00011339 -0.00110699
1778556417.219787 0.08009153 -0.07305286 0.00085483 0.00092469 0.00020848 -0.00139581
1778556417.286502 0.08009152 -0.07305283 0.00085484 -0.00043525 -0.00115059 0.00125630
1778556417.353218 0.08009152 -0.07305284 0.00085483 -0.00105618 0.00015146 -0.00082732
1778556417.419934 0.08009152 -0.07305284 0.00085483 -0.00008858 -0.00069495 0.00099525
1778556417.486650 0.08009151 -0.07305285 0.00085483 0.00018092 -0.00038136 -0.00070385
1778556417.553366 0.08009151 -0.07305285 0.00085483 0.00052320 -0.00187448 0.00106292
1778556417.620081 0.08009151 -0.07305285 0.00085483 0.00029880 -0.00096874 0.00087048
1778556417.686797 0.08009151 -0.07305284 0.00085483 -0.00024211 -0.00055666 -0.00112859
1778556417.753513 0.08009151 -0.07305284 0.00085483 -0.00063332 -0.00034484 0.00096603
1778556417.820229 0.08009149 -0.07305278 0.00085483 0.00009454 -0.00042099 -0.00152178
1778556417.886944 0.08009149 -0.07305279 0.00085483 -0.00080020 -0.00022187 0.00048366
1778556417.953660 0.08009149 -0.07305278 0.00085483 -0.00021946 -0.00028298 -0.00067615
1778556418.020376 0.08009149 -0.07305277 0.00085483 0.00019628 -0.00068669 -0.00041305
1778556418.087091 0.08009149 -0.07305277 0.00085483 0.00007045 -0.00056434 0.00042436
1778556418.153807 0.08009148 -0.07305273 0.00085484 0.00024094 -0.00004271 0.00051427
1778556418.220522 0.08009147 -0.07305267 0.00085485 0.00046575 -0.00081500 -0.00094509
1778556418.287238 0.08009145 -0.07305264 0.00085486 -0.00051028 -0.00023857 0.00039028
1778556418.353953 0.08009145 -0.07305264 0.00085486 -0.00038277 0.00032783 -0.00085591
1778556418.420669 0.08009146 -0.07305266 0.00085486 -0.00077770 -0.00054529 0.00186401
1778556418.487384 0.08009145 -0.07305264 0.00085486 -0.00098730 0.00075095 -0.00097908
1778556418.554100 0.08009146 -0.07305265 0.00085486 -0.00081472 0.00099623 -0.00060931
1778556418.620815 0.08009148 -0.07305265 0.00085486 -0.00062823 0.00008017 0.00093807
1778556418.687531 0.08009148 -0.07305265 0.00085486 -0.00078857 0.00008767 0.00103029
1778556418.754246 0.08009148 -0.07305265 0.00085486 -0.00003214 -0.00116833 -0.00028915
1778556418.820961 0.08009148 -0.07305265 0.00085486 0.00041049 -0.00053190 -0.00053536
1778556418.887677 0.08009149 -0.07305266 0.00085485 -0.00012196 0.00003166 -0.00039117
1778556418.954392 0.08009149 -0.07305266 0.00085485 -0.00082416 0.00049826 -0.00034278
1778556419.021107 0.08009149 -0.07305267 0.00085485 -0.00153382 -0.00013727 0.00051241
1778556419.087824 0.08009151 -0.07305270 0.00085485 -0.00006226 0.00016643 -0.00165994
1778556419.154541 0.08009151 -0.07305270 0.00085485 -0.00005800 0.00043026 -0.00043474
1778556419.221257 0.08009150 -0.07305268 0.00085485 -0.00002239 -0.00004476 -0.00102503
1778556419.287974 0.08009150 -0.07305268 0.00085485 0.00021125 -0.00064212 -0.00064651
1778556419.354691 0.08009151 -0.07305269 0.00085486 0.00040840 -0.00027228 -0.00022097
1778556419.421407 0.08009151 -0.07305269 0.00085486 0.00015456 -0.00051656 -0.00004192
1778556419.488124 0.08009150 -0.07305267 0.00085485 -0.00096306 0.00008799 -0.00178589
1778556419.554841 0.08009142 -0.07305257 0.00085486 -0.00073007 -0.00108951 0.00435136
1778556419.621557 0.08009133 -0.07305247 0.00085487 -0.00180503 -0.00038580 -0.00096220
1778556419.688274 0.08009132 -0.07305246 0.00085487 0.00173801 0.00036946 -0.00123200
1778556419.754991 0.08009132 -0.07305246 0.00085487 -0.00033164 0.00004364 0.00119219
1778556419.821707 0.08009132 -0.07305245 0.00085487 0.00064892 0.00093056 0.00256453
1778556419.888424 0.08009132 -0.07305246 0.00085487 0.00183474 -0.00058017 -0.00283579
1778556419.955141 0.08009132 -0.07305245 0.00085487 -0.00144720 0.00193166 -0.00247986
1778556420.021858 0.08009134 -0.07305246 0.00085487 -0.00038851 -0.00228544 -0.00158574
1778556420.088574 0.08009138 -0.07305246 0.00085487 -0.00047873 -0.00149133 -0.00202519
1778556420.155290 0.06543890 -0.06124064 -0.04475061 0.00036071 -0.00010010 -0.00130045
1778556420.222006 0.08882594 -0.07650536 -0.00001261 0.00085615 0.00037061 -0.00030304
1778556420.288723 0.06800580 -0.08820221 0.00973726 0.00008167 0.00011446 -0.00047738
1778556420.355439 0.07526123 -0.08051774 -0.01261207 0.00048565 0.00053861 -0.00032003
1778556420.422155 0.08709496 -0.03710689 0.00359560 0.00059667 0.00045391 0.00002239
1778556420.488872 0.07547303 -0.10302924 -0.00147302 0.00047963 0.00044848 0.00009636
1778556420.555588 0.07628504 -0.09937578 -0.00165632 0.00022297 0.00041757 0.00006183
1778556420.622304 0.08013846 -0.08663440 0.00210030 0.00010614 0.00045893 0.00003509
1778556420.689020 0.08812454 -0.09589146 -0.00489154 0.00014663 0.00055603 0.00005815
1778556420.755737 0.03851830 -0.09214629 -0.00145262 -0.00014898 0.00082597 -0.00056328
1778556420.822453 0.07331210 -0.08220045 -0.00070698 0.00063719 0.00005008 -0.00023737
1778556420.889169 0.07879641 -0.08721594 -0.00317708 0.00083765 -0.00000718 -0.00012053
1778556420.955886 0.07834246 -0.08477865 -0.00214896 0.00079378 -0.00011552 -0.00014136
1778556421.022602 0.07804403 -0.08366721 -0.00129838 0.00072740 -0.00019611 -0.00016451
1778556421.089318 0.07865233 -0.08361479 -0.00102863 0.00076820 -0.00016038 -0.00012447
1778556421.156034 0.07917127 -0.08450397 -0.00155949 0.00088882 -0.00006096 -0.00011073
1778556421.222749 0.07924318 -0.08428451 -0.00162653 0.00074971 -0.00008444 -0.00014642
1778556421.289465 0.07953664 -0.08416968 -0.00161177 0.00070892 -0.00002762 -0.00012356
1778556421.356180 0.07946098 -0.08432866 -0.00157505 0.00070456 0.00005002 -0.00008735
1778556421.422896 0.07940635 -0.08436743 -0.00150408 0.00064005 0.00004807 -0.00004460
1778556421.489611 0.07899415 -0.08409424 -0.00132311 0.00066415 0.00001565 -0.00006383
1778556421.556327 0.07895419 -0.08339133 -0.00117154 0.00072422 -0.00001373 -0.00010551
1778556421.623042 0.07904927 -0.08362053 -0.00117863 0.00071823 -0.00004172 -0.00010807
1778556421.689758 0.07897725 -0.08318737 -0.00118824 0.00071202 -0.00003165 -0.00008573
1778556421.756473 0.07886731 -0.08309040 -0.00109626 0.00074477 -0.00001492 -0.00005247
1778556421.823189 0.07868111 -0.08332129 -0.00104853 0.00076239 0.00000142 -0.00005539
1778556421.889904 0.07855915 -0.08329570 -0.00120334 0.00072238 0.00002200 -0.00005913
1778556421.956620 0.07855923 -0.08328542 -0.00096512 0.00066031 0.00002330 -0.00004325
1778556422.023335 0.07819412 -0.08338719 -0.00102992 0.00066164 0.00002331 -0.00005318
1778556422.090051 0.07795247 -0.08337495 -0.00063015 0.00067237 0.00005473 -0.00007239
1778556422.156768 0.07800261 -0.08283147 -0.00076242 0.00065911 0.00007058 -0.00006354
1778556422.223484 0.07762543 -0.08317193 -0.00096255 0.00070399 0.00008797 -0.00008251
1778556422.290201 0.07738427 -0.08301399 -0.00098867 0.00067107 0.00013830 -0.00011303
1778556422.356917 0.07717431 -0.08290358 -0.00083930 0.00062852 0.00016165 -0.00012020
1778556422.423634 0.07698141 -0.08313800 -0.00093874 0.00061091 0.00017963 -0.00010600
1778556422.490350 0.07697395 -0.08308114 -0.00069197 0.00057000 0.00018363 -0.00009075
1778556422.557066 0.07700842 -0.08326510 -0.00068019 0.00056186 0.00017302 -0.00009403
1778556422.623783 0.07703648 -0.08337195 -0.00078255 0.00053722 0.00016723 -0.00008248
1778556422.690499 0.07713354 -0.08307344 -0.00064969 0.00049468 0.00016950 -0.00007919
1778556422.757215 0.07718002 -0.08324242 -0.00063258 0.00053915 0.00015669 -0.00007363
1778556422.823932 0.07711761 -0.08296663 -0.00072792 0.00050096 0.00014227 -0.00010912
1778556422.890648 0.07710507 -0.08286775 -0.00020935 0.00047736 0.00015679 -0.00015343
1778556422.957365 0.07699227 -0.08256257 -0.00074574 0.00052041 0.00018953 -0.00014831
1778556423.024081 0.07691249 -0.08249950 -0.00035377 0.00051389 0.00016447 -0.00013464
1778556423.090799 0.07731015 -0.08272054 -0.00032572 0.00047567 0.00014155 -0.00014289
1778556423.157517 0.07725112 -0.08303161 -0.00052320 0.00048592 0.00015347 -0.00015119
1778556423.224235 0.07712119 -0.08278735 -0.00052916 0.00047680 0.00016579 -0.00017453
1778556423.290953 0.07706312 -0.08267174 -0.00039516 0.00051029 0.00016648 -0.00018025
1778556423.357671 0.07714167 -0.08247006 -0.00026619 0.00046022 0.00014573 -0.00019308
1778556423.424389 0.07718096 -0.08228752 -0.00050414 0.00045790 0.00016437 -0.00020175
1778556423.491107 0.07702994 -0.08222762 -0.00053100 0.00046008 0.00016349 -0.00019934
1778556423.557825 0.07684450 -0.08217610 -0.00043508 0.00047689 0.00018757 -0.00020138
1778556423.624544 0.07659809 -0.08223670 -0.00036974 0.00051390 0.00022090 -0.00023498
1778556423.691262 0.07687474 -0.08220889 -0.00010465 0.00048975 0.00019446 -0.00028790
1778556423.757980 0.07713043 -0.08208673 -0.00029780 0.00044807 0.00016928 -0.00031201
1778556423.824698 0.07727876 -0.08217699 -0.00029129 0.00044691 0.00016324 -0.00031020
1778556423.891417 0.07750848 -0.08222243 -0.00011477 0.00042886 0.00013888 -0.00029997
1778556423.958135 0.07772230 -0.08230354 -0.00022815 0.00041182 0.00012098 -0.00030689
1778556424.024853 0.07793921 -0.08240496 -0.00010172 0.00039636 0.00011529 -0.00030315
1778556424.091570 0.07795775 -0.08240741 -0.00020812 0.00039717 0.00011201 -0.00028753
1778556424.158286 0.07790728 -0.08231638 -0.00011824 0.00039971 0.00011506 -0.00028626
1778556424.225002 0.07789709 -0.08238224 -0.00013048 0.00039370 0.00011967 -0.00028072
1778556424.291718 0.07805492 -0.08262629 -0.00006615 0.00037140 0.00010470 -0.00027698
1778556424.358434 0.07821490 -0.08283003 -0.00007495 0.00036312 0.00009375 -0.00029438
1778556424.425151 0.07825147 -0.08278663 -0.00009864 0.00034745 0.00010073 -0.00029366
1778556424.491867 0.07808808 -0.08259490 -0.00010959 0.00036837 0.00010867 -0.00027685
1778556424.558583 0.07796006 -0.08271470 -0.00007133 0.00037265 0.00011386 -0.00027612
1778556424.625299 0.07791760 -0.08286222 -0.00008675 0.00032721 0.00011609 -0.00028225
1778556424.692016 0.07796381 -0.08325962 -0.00008993 0.00032530 0.00010644 -0.00029917
1778556424.758732 0.07815783 -0.08317571 -0.00007153 0.00031322 0.00010267 -0.00030747
1778556424.825448 0.07810308 -0.08313764 -0.00007797 0.00031693 0.00010576 -0.00031456
1778556424.892164 0.07813639 -0.08294413 -0.00008811 0.00029484 0.00010590 -0.00030854
1778556424.958881 0.07832909 -0.08307731 0.00003003 0.00028759 0.00009477 -0.00027746
1778556425.025597 0.07816033 -0.08352451 -0.00018060 0.00030090 0.00009790 -0.00027404
1778556425.092313 0.07804195 -0.08360171 -0.00006176 0.00027783 0.00010875 -0.00029116
1778556425.159029 0.07798324 -0.08331617 -0.00004613 0.00027489 0.00010669 -0.00030618
1778556425.225746 0.07832184 -0.08304993 0.00009818 0.00028703 0.00008924 -0.00030100
1778556425.292462 0.07846586 -0.08318291 -0.00003661 0.00028993 0.00007891 -0.00030313
1778556425.359179 0.07854219 -0.08317684 0.00001297 0.00027712 0.00007879 -0.00031679
1778556425.425895 0.07875092 -0.08284148 0.00006979 0.00028386 0.00007062 -0.00032833
1778556425.492611 0.07889595 -0.08251686 -0.00001548 0.00026416 0.00006324 -0.00032906
1778556425.559327 0.07877653 -0.08268514 -0.00003758 0.00028314 0.00006010 -0.00032353
1778556425.626044 0.07858175 -0.08298855 -0.00006116 0.00027993 0.00007451 -0.00034811
1778556425.692760 0.07843768 -0.08316701 0.00001272 0.00024657 0.00008673 -0.00035073
1778556425.759476 0.07854481 -0.08339026 0.00007471 0.00023932 0.00007620 -0.00034423
1778556425.826193 0.07874482 -0.08336207 -0.00011831 0.00022393 0.00006454 -0.00034758
1778556425.892909 0.07875410 -0.08338873 -0.00005743 0.00022433 0.00006432 -0.00033679
1778556425.959625 0.07869028 -0.08352224 -0.00002399 0.00022407 0.00006356 -0.00034046
1778556426.026341 0.07881283 -0.08353391 -0.00006726 0.00019611 0.00006018 -0.00035086
1778556426.093059 0.07872530 -0.08375281 -0.00014103 0.00019743 0.00006021 -0.00035076
1778556426.159776 0.07845640 -0.08373133 -0.00017555 0.00019577 0.00007528 -0.00035515
1778556426.226494 0.07820715 -0.08377256 -0.00009297 0.00019177 0.00008595 -0.00036268
1778556426.293212 0.07819578 -0.08378773 -0.00012037 0.00018247 0.00008737 -0.00035965
1778556426.359929 0.07825553 -0.08344099 -0.00013049 0.00018169 0.00008274 -0.00035641
1778556426.426647 0.07814470 -0.08331708 -0.00013706 0.00019091 0.00008465 -0.00035918
1778556426.493364 0.07811785 -0.08339867 -0.00014183 0.00018914 0.00009001 -0.00035500
1778556426.560082 0.07827139 -0.08321328 -0.00014178 0.00019646 0.00008669 -0.00035389
1778556426.626800 0.07844707 -0.08294575 -0.00013768 0.00019922 0.00008143 -0.00035027
1778556426.693517 0.07834543 -0.08314032 -0.00024041 0.00019112 0.00007702 -0.00034762
1778556426.760235 0.07832154 -0.08328704 -0.00014172 0.00017028 0.00007978 -0.00034446
1778556426.826953 0.07832165 -0.08333926 -0.00026463 0.00017881 0.00007794 -0.00033635
1778556426.893670 0.07824882 -0.08318166 -0.00021506 0.00018656 0.00008248 -0.00033506
1778556426.960388 0.07815813 -0.08298389 -0.00035215 0.00017667 0.00008715 -0.00033558
1778556427.027106 0.07800218 -0.08291367 -0.00026196 0.00018660 0.00008941 -0.00033605
1778556427.093822 0.07807928 -0.08244375 -0.00032260 0.00020013 0.00009187 -0.00034346
1778556427.160538 0.07807730 -0.08227661 -0.00026454 0.00020145 0.00009073 -0.00034256
1778556427.227254 0.07796005 -0.08233583 -0.00036389 0.00019704 0.00009437 -0.00034093
1778556427.293970 0.07786764 -0.08225379 -0.00029059 0.00020761 0.00009630 -0.00034729
1778556427.360687 0.07792591 -0.08206248 -0.00034596 0.00019860 0.00009665 -0.00035365
1778556427.427403 0.07784621 -0.08206232 -0.00035900 0.00019764 0.00009518 -0.00035810
1778556427.494119 0.07790577 -0.08194643 -0.00032669 0.00019859 0.00009403 -0.00036551
1778556427.560835 0.07801724 -0.08174417 -0.00039543 0.00019907 0.00009421 -0.00036410
1778556427.627551 0.07821265 -0.08129513 -0.00033296 0.00019810 0.00008921 -0.00035956
1778556427.694268 0.07820620 -0.08142209 -0.00041130 0.00022090 0.00008533 -0.00035644
1778556427.760984 0.07806390 -0.08126679 -0.00044390 0.00021890 0.00009037 -0.00036312
1778556427.827700 0.07796963 -0.08112065 -0.00038087 0.00021017 0.00009633 -0.00036510
1778556427.894416 0.07803430 -0.08123321 -0.00038459 0.00021346 0.00009557 -0.00036391
1778556427.961132 0.07798925 -0.08093119 -0.00043495 0.00020463 0.00009746 -0.00036064
1778556428.027848 0.07806941 -0.08118676 -0.00036158 0.00020526 0.00009404 -0.00035489
1778556428.094566 0.07816127 -0.08146945 -0.00041969 0.00020137 0.00008800 -0.00035418
1778556428.161284 0.07813175 -0.08119782 -0.00042436 0.00020359 0.00009088 -0.00035694
1778556428.228001 0.07809808 -0.08117563 -0.00044582 0.00021331 0.00008849 -0.00036213
1778556428.294719 0.07833732 -0.08085641 -0.00038887 0.00020480 0.00008355 -0.00036762
1778556428.361437 0.07841590 -0.08091931 -0.00045163 0.00020753 0.00007661 -0.00036950
1778556428.428155 0.07841193 -0.08090210 -0.00040124 0.00020008 0.00007533 -0.00037578
1778556428.494873 0.07859433 -0.08056640 -0.00045051 0.00019926 0.00007408 -0.00037304
1778556428.561591 0.07856104 -0.08068671 -0.00045266 0.00020659 0.00007216 -0.00036480
1778556428.628309 0.07856230 -0.08116851 -0.00041699 0.00019970 0.00007565 -0.00037378
1778556428.695027 0.07844171 -0.08094101 -0.00050954 0.00019638 0.00008337 -0.00037832
1778556428.761745 0.07816773 -0.08087966 -0.00049095 0.00020234 0.00009058 -0.00037455
1778556428.828463 0.07804760 -0.08077795 -0.00046046 0.00019798 0.00009562 -0.00037029
1778556428.895181 0.07810952 -0.08053069 -0.00046210 0.00020457 0.00009293 -0.00036611
1778556428.961899 0.07825962 -0.08046217 -0.00048306 0.00020901 0.00008790 -0.00036593
1778556429.028617 0.07829294 -0.08047894 -0.00041225 0.00020565 0.00008538 -0.00036742
1778556429.095335 0.07825426 -0.08089562 -0.00051289 0.00020022 0.00008675 -0.00037076
1778556429.162052 0.07819091 -0.08095924 -0.00045605 0.00018904 0.00008772 -0.00037227
1778556429.228770 0.07828834 -0.08129127 -0.00051084 0.00018580 0.00008875 -0.00037104
1778556429.295487 0.07831933 -0.08182467 -0.00055811 0.00017768 0.00008602 -0.00036987
1778556429.362205 0.07825286 -0.08186704 -0.00056665 0.00017223 0.00008719 -0.00036540
1778556429.428923 0.07823955 -0.08156962 -0.00057865 0.00016738 0.00008908 -0.00035871
1778556429.495640 0.07815019 -0.08188906 -0.00059194 0.00017186 0.00008591 -0.00035834
1778556429.562358 0.07812962 -0.08148246 -0.00060019 0.00016861 0.00008750 -0.00036416
1778556429.629076 0.07823726 -0.08159989 -0.00056299 0.00016865 0.00008574 -0.00036427
1778556429.695793 0.07823315 -0.08187777 -0.00055587 0.00016285 0.00008389 -0.00036369
1778556429.762511 0.07823937 -0.08197757 -0.00064844 0.00015456 0.00008657 -0.00036968
1778556429.829228 0.07824639 -0.08194414 -0.00066826 0.00015662 0.00008599 -0.00037026
1778556429.895946 0.07819374 -0.08195961 -0.00064099 0.00015275 0.00008583 -0.00036984
1778556429.962664 0.07823783 -0.08199639 -0.00063623 0.00015069 0.00008489 -0.00036667
1778556430.029381 0.07839765 -0.08213150 -0.00062821 0.00014932 0.00007821 -0.00036591
1778556430.096099 0.07850008 -0.08207458 -0.00070317 0.00014003 0.00007964 -0.00036324
1778556430.162817 0.07832083 -0.08249363 -0.00066671 0.00013927 0.00008148 -0.00036209
1778556430.229534 0.07847461 -0.08231525 -0.00069036 0.00012947 0.00008256 -0.00036382
1778556430.296252 0.07819169 -0.08269853 -0.00074605 0.00013422 0.00008797 -0.00035912
1778556430.362969 0.07812025 -0.08256678 -0.00067174 0.00012576 0.00009053 -0.00035447
1778556430.429687 0.07814662 -0.08266354 -0.00071356 0.00012915 0.00008720 -0.00035226
1778556430.496404 0.07819344 -0.08275297 -0.00065802 0.00012185 0.00008715 -0.00035423
1778556430.563122 0.07818229 -0.08298041 -0.00070818 0.00012458 0.00009113 -0.00035457
1778556430.629840 0.07820705 -0.08289906 -0.00070372 0.00012307 0.00009025 -0.00035535
1778556430.696557 0.07820704 -0.08289900 -0.00070374 -0.00030599 -0.00055412 -0.00207209
1778556430.763275 0.07820705 -0.08289900 -0.00070375 -0.00105203 -0.00061329 0.00122313
1778556430.829993 0.07820705 -0.08289900 -0.00070375 -0.00009888 -0.00002169 -0.00066105
1778556430.896710 0.07820706 -0.08289900 -0.00070376 -0.00014996 0.00056430 0.00087233
1778556430.963428 0.07820706 -0.08289901 -0.00070376 -0.00149334 0.00147506 -0.00151543
1778556431.030145 0.07820706 -0.08289901 -0.00070376 0.00084624 0.00104192 -0.00055485
1778556431.096860 0.07820706 -0.08289901 -0.00070376 0.00130094 0.00192182 -0.00129956
1778556431.163576 0.07820706 -0.08289901 -0.00070376 -0.00143051 0.00006236 -0.00016972
1778556431.230292 0.07820707 -0.08289900 -0.00070377 -0.00081874 0.00011488 -0.00073192
1778556431.297007 0.07820707 -0.08289900 -0.00070377 0.00054268 0.00049244 -0.00088774
1778556431.363723 0.07820706 -0.08289900 -0.00070376 -0.00058973 0.00009821 -0.00114893
1778556431.430438 0.07820706 -0.08289898 -0.00070376 -0.00038739 0.00070540 -0.00032287
1778556431.497154 0.07820706 -0.08289898 -0.00070376 -0.00015975 -0.00169438 -0.00007853
1778556431.563869 0.07820706 -0.08289899 -0.00070377 0.00087369 -0.00010108 -0.00062051
1778556431.630585 0.07820707 -0.08289899 -0.00070376 0.00091535 0.00051384 -0.00115511
1778556431.697300 0.07820707 -0.08289898 -0.00070376 0.00028410 -0.00051689 -0.00173411
1778556431.764016 0.07820707 -0.08289898 -0.00070376 -0.00095283 0.00188745 -0.00011847
1778556431.830731 0.07820707 -0.08289898 -0.00070376 -0.00142650 0.00050224 -0.00324221
1778556431.897447 0.07820706 -0.08289898 -0.00070376 -0.00126209 0.00091917 0.00173059
1778556431.964162 0.07820706 -0.08289898 -0.00070376 -0.00051862 0.00202676 -0.00156455
1778556432.030879 0.07820707 -0.08289898 -0.00070376 0.00016298 -0.00063715 0.00037443
1778556432.097596 0.07820707 -0.08289898 -0.00070376 -0.00113038 -0.00124591 0.00037376
1778556432.164313 0.07820710 -0.08289901 -0.00070377 0.00029641 0.00059764 0.00050358
1778556432.231031 0.07820712 -0.08289902 -0.00070377 0.00023938 0.00019316 -0.00106224
1778556432.297748 0.07820711 -0.08289902 -0.00070377 0.00020075 -0.00056756 -0.00050486
1778556432.364465 0.07820710 -0.08289902 -0.00070377 0.00041330 -0.00026418 -0.00050308
1778556432.431183 0.07820709 -0.08289901 -0.00070376 0.00130303 0.00063599 0.00172026
1778556432.497900 0.07820709 -0.08289901 -0.00070376 0.00105866 0.00073925 -0.00177711
1778556432.564618 0.07820711 -0.08289903 -0.00070377 0.00074802 -0.00139260 0.00031319
1778556432.631335 0.07820712 -0.08289904 -0.00070377 -0.00010165 -0.00010483 -0.00063557
1778556432.698052 0.07820712 -0.08289904 -0.00070377 0.00000637 0.00003841 -0.00043571
1778556432.764770 0.07820712 -0.08289904 -0.00070378 -0.00007735 -0.00057574 -0.00057664
1778556432.831488 0.07820712 -0.08289905 -0.00070378 -0.00035095 0.00104996 -0.00152573
1778556432.898205 0.07820712 -0.08289905 -0.00070378 0.00054703 0.00001919 -0.00050642
1778556432.964922 0.07820712 -0.08289903 -0.00070377 0.00124411 0.00000872 -0.00083276
1778556433.031640 0.07820713 -0.08289903 -0.00070379 0.00028682 0.00090681 -0.00031685
1778556433.098357 0.07820713 -0.08289904 -0.00070378 -0.00077544 0.00112844 0.00138172
1778556433.165074 0.07820715 -0.08289905 -0.00070381 -0.00021354 -0.00164364 0.00139277
1778556433.231792 0.07820716 -0.08289906 -0.00070381 0.00125145 0.00118862 -0.00138008
1778556433.298509 0.07820716 -0.08289905 -0.00070381 0.00167619 0.00024485 -0.00032621
1778556433.365227 0.07820714 -0.08289905 -0.00070381 0.00068166 0.00015009 -0.00033565
1778556433.431944 0.07820715 -0.08289905 -0.00070381 0.00126884 0.00034064 0.00077612
1778556433.498661 0.07820714 -0.08289904 -0.00070381 0.00059939 0.00065651 -0.00105502
1778556433.565379 0.07820714 -0.08289904 -0.00070381 -0.00076713 0.00037186 0.00045212
1778556433.632096 0.07820715 -0.08289905 -0.00070381 -0.00044474 0.00007171 0.00167424
1778556433.698814 0.07820715 -0.08289905 -0.00070381 -0.00072002 -0.00032123 -0.00073335
1778556433.765531 0.07820715 -0.08289905 -0.00070381 -0.00058214 -0.00014635 -0.00029356
1778556433.832248 0.07820716 -0.08289905 -0.00070382 -0.00008768 -0.00015555 -0.00053818
1778556433.898966 0.07820717 -0.08289906 -0.00070382 -0.00045353 0.00012365 -0.00035400
1778556433.965684 0.07820715 -0.08289905 -0.00070381 0.00040856 0.00091168 -0.00105209
1778556434.032400 0.07820717 -0.08289906 -0.00070382 0.00128195 -0.00025823 0.00040260
1778556434.099116 0.07820719 -0.08289906 -0.00070383 0.00071385 -0.00089924 -0.00084888
1778556434.165832 0.07820719 -0.08289906 -0.00070382 0.00142139 -0.00037829 0.00084100
1778556434.232548 0.07820719 -0.08289906 -0.00070382 -0.00077782 -0.00023791 0.00070201
1778556434.299264 0.07820718 -0.08289905 -0.00070382 0.00133349 0.00024660 -0.00050688
1778556434.365980 0.07820719 -0.08289905 -0.00070383 -0.00051186 -0.00013322 -0.00022036
1778556434.432696 0.07820720 -0.08289905 -0.00070383 -0.00001253 0.00027414 -0.00072099
1778556434.499412 0.07820721 -0.08289906 -0.00070384 0.00067224 0.00032256 0.00029875
1778556434.566128 0.07820721 -0.08289906 -0.00070384 0.00079465 0.00024895 -0.00048084
1778556434.632843 0.07820724 -0.08289907 -0.00070385 0.00014590 -0.00028127 -0.00102247
1778556434.699559 0.07820723 -0.08289908 -0.00070385 0.00012611 0.00044204 -0.00060462
1778556434.766275 0.07820724 -0.08289909 -0.00070385 0.00009366 -0.00067805 0.00015968
1778556434.832991 0.07820722 -0.08289907 -0.00070384 0.00108463 0.00002142 -0.00103397
1778556434.899707 0.07820722 -0.08289908 -0.00070384 -0.00010120 -0.00010659 -0.00051136
1778556434.966423 0.07820722 -0.08289908 -0.00070384 0.00022979 -0.00088114 -0.00017133
1778556435.033139 0.07820723 -0.08289908 -0.00070385 -0.00068262 -0.00068248 0.00011985
1778556435.099856 0.07820722 -0.08289907 -0.00070384 -0.00033879 -0.00067193 -0.00067626
1778556435.166573 0.07820722 -0.08289907 -0.00070384 0.00037065 -0.00109606 0.00031240
1778556435.233289 0.07820724 -0.08289908 -0.00070385 0.00018277 -0.00026714 0.00006613
1778556435.300006 0.07820724 -0.08289908 -0.00070385 -0.00064250 0.00054791 -0.00018405
1778556435.366723 0.07820724 -0.08289908 -0.00070385 -0.00056260 0.00010653 -0.00073031
1778556435.433440 0.07820723 -0.08289908 -0.00070385 -0.00073854 -0.00099530 -0.00143279
1778556435.500156 0.07820723 -0.08289908 -0.00070385 -0.00038626 -0.00018540 0.00059986
1778556435.566873 0.07820721 -0.08289906 -0.00070384 -0.00060055 -0.00019454 0.00004374
1778556435.633590 0.07820721 -0.08289906 -0.00070384 -0.00033577 -0.00078592 -0.00037048
1778556435.700307 0.07820722 -0.08289907 -0.00070384 -0.00077592 0.00001911 -0.00058690
1778556435.767024 0.07820720 -0.08289906 -0.00070383 0.00046319 -0.00016675 -0.00105307
1778556435.833740 0.07820721 -0.08289907 -0.00070384 -0.00066443 -0.00008327 -0.00072237
1778556435.900457 0.07820723 -0.08289906 -0.00070384 0.00133657 0.00046218 -0.00111420
1778556435.967174 0.07820721 -0.08289906 -0.00070383 0.00026518 0.00063566 0.00065405
1778556436.033891 0.07820721 -0.08289906 -0.00070383 -0.00090016 -0.00071266 0.00052690
1778556436.100609 0.07820721 -0.08289906 -0.00070383 -0.00082620 0.00018292 -0.00089885
1778556436.167326 0.07820721 -0.08289906 -0.00070383 -0.00050149 -0.00039025 0.00141724
1778556436.234043 0.07820722 -0.08289905 -0.00070383 -0.00001232 -0.00043267 0.00058761
1778556436.300761 0.07820722 -0.08289905 -0.00070383 -0.00079214 -0.00012211 -0.00066867
1778556436.367478 0.07820722 -0.08289905 -0.00070383 -0.00008255 -0.00009672 0.00127020
1778556436.434195 0.07820725 -0.08289905 -0.00070384 0.00088901 0.00105503 -0.00295807
1778556436.500913 0.07820725 -0.08289905 -0.00070384 -0.00089576 0.00037983 -0.00073290
1778556436.567630 0.07820727 -0.08289905 -0.00070384 0.00072346 0.00193045 -0.00046508
1778556436.634347 0.07820721 -0.08289903 -0.00070381 0.00081919 0.00093095 -0.00110718
1778556436.701065 0.07820721 -0.08289903 -0.00070381 -0.00041642 0.00050197 0.00095056
1778556436.767782 0.07820721 -0.08289903 -0.00070380 0.00082314 0.00004986 -0.00056760
1778556436.834500 0.07820721 -0.08289903 -0.00070380 0.00014833 -0.00048870 -0.00111809
1778556436.901217 0.07820723 -0.08289903 -0.00070381 -0.00101101 0.00031863 -0.00123008
1778556436.967934 0.07820722 -0.08289903 -0.00070381 -0.00064662 -0.00036817 0.00014497
1778556437.034651 0.07820724 -0.08289903 -0.00070381 0.00114595 -0.00018433 0.00002538
1778556437.101367 0.07820724 -0.08289903 -0.00070381 0.00073256 -0.00011340 0.00004700
1778556437.168083 0.07820724 -0.08289903 -0.00070381 -0.00076059 -0.00070176 -0.00115114
1778556437.234799 0.07820724 -0.08289904 -0.00070381 -0.00036749 0.00129861 0.00125104
1778556437.301515 0.07820725 -0.08289903 -0.00070381 0.00082889 -0.00007156 -0.00005631
1778556437.368231 0.07820726 -0.08289904 -0.00070382 -0.00008851 -0.00015688 0.00073914
1778556437.434946 0.07820725 -0.08289904 -0.00070381 -0.00050121 -0.00076821 -0.00034438
1778556437.501662 0.07820725 -0.08289904 -0.00070381 0.00125698 0.00018342 -0.00049490
1778556437.568378 0.07820725 -0.08289904 -0.00070381 -0.00138698 0.00149593 0.00004198
1778556437.635094 0.07820725 -0.08289905 -0.00070381 -0.00251767 -0.00095696 0.00055566
1778556437.701810 0.07820725 -0.08289905 -0.00070381 0.00026142 0.00024651 0.00100589
1778556437.768525 0.07820725 -0.08289904 -0.00070381 0.00149124 0.00273601 0.00070953
1778556437.835241 0.07820725 -0.08289905 -0.00070381 0.00141921 0.00052282 -0.00092629
1778556437.901957 0.07820725 -0.08289905 -0.00070381 0.00075627 0.00082913 -0.00076413
1778556437.968673 0.07820725 -0.08289905 -0.00070381 -0.00153210 0.00014856 0.00085128
1778556438.035389 0.07820726 -0.08289905 -0.00070381 -0.00037380 -0.00225744 0.00111750
1778556438.102106 0.07820727 -0.08289906 -0.00070381 0.00075553 0.00106340 -0.00178478
1778556438.168822 0.07820728 -0.08289904 -0.00070383 -0.00140878 -0.00032695 0.00047902
1778556438.235539 0.07820727 -0.08289905 -0.00070382 -0.00130254 -0.00032484 -0.00026288
1778556438.302255 0.07820727 -0.08289905 -0.00070382 -0.00168387 -0.00078714 -0.00051296
1778556438.368972 0.07820727 -0.08289905 -0.00070382 -0.00073259 -0.00082317 -0.00030528
1778556438.435689 0.07820725 -0.08289906 -0.00070381 -0.00036198 -0.00002825 0.00040621
1778556438.502405 0.07820722 -0.08289905 -0.00070380 -0.00032603 -0.00004077 -0.00087194
1778556438.569122 0.07820723 -0.08289906 -0.00070381 -0.00095689 -0.00111723 0.00030916
1778556438.635838 0.07820723 -0.08289906 -0.00070380 0.00005768 0.00131807 -0.00017326
1778556438.702555 0.07820723 -0.08289906 -0.00070381 -0.00016874 0.00067043 0.00027842
1778556438.769272 0.07820722 -0.08289906 -0.00070380 0.00002267 0.00072981 -0.00069274
1778556438.835988 0.07820722 -0.08289907 -0.00070380 0.00053944 -0.00078501 0.00082406
1778556438.902705 0.07820721 -0.08289907 -0.00070380 0.00126108 0.00032757 -0.00088485
1778556438.969421 0.07820721 -0.08289908 -0.00070380 0.00044082 -0.00039035 0.00001610
1778556439.036137 0.07820721 -0.08289908 -0.00070380 0.00076539 -0.00025721 0.00005432
1778556439.102853 0.07820721 -0.08289908 -0.00070380 -0.00002143 0.00033783 -0.00020746
1778556439.169569 0.07820721 -0.08289908 -0.00070380 0.00048890 0.00035922 0.00094988
1778556439.236285 0.07820721 -0.08289910 -0.00070380 -0.00262821 -0.00095458 -0.00116022
1778556439.303000 0.07820721 -0.08289910 -0.00070380 -0.00168448 0.00056494 -0.00147047
1778556439.369716 0.07820723 -0.08289911 -0.00070381 -0.00012919 -0.00048987 -0.00141554
1778556439.436432 0.07820723 -0.08289911 -0.00070381 -0.00030452 -0.00053016 -0.00036935
1778556439.503148 0.07820722 -0.08289910 -0.00070381 0.00012913 0.00041124 0.00068601
1778556439.569863 0.07820721 -0.08289911 -0.00070380 0.00074978 -0.00100377 0.00012499
1778556439.636579 0.07820720 -0.08289910 -0.00070380 0.00065570 0.00003164 -0.00122121
1778556439.703295 0.07820719 -0.08289909 -0.00070380 -0.00036895 -0.00054644 -0.00016719
1778556439.770010 0.07820719 -0.08289909 -0.00070380 -0.00110386 -0.00102350 0.00343181
1778556439.836726 0.07820721 -0.08289909 -0.00070383 0.00018982 -0.00074141 0.00009977
1778556439.903442 0.07820721 -0.08289909 -0.00070383 -0.00019434 -0.00056078 -0.00012276
1778556439.970157 0.07820721 -0.08289909 -0.00070383 -0.00133136 -0.00001477 0.00012844
1778556440.036873 0.07820721 -0.08289909 -0.00070383 -0.00024780 0.00067768 0.00025076
1778556440.103588 0.07820720 -0.08289909 -0.00070382 0.00057955 0.00009874 -0.00123443
1778556440.170303 0.07820720 -0.08289909 -0.00070383 -0.00003482 -0.00003118 -0.00014889
1778556440.237019 0.07820719 -0.08289909 -0.00070381 -0.00031552 -0.00016575 -0.00038240
1778556440.303734 0.07820719 -0.08289909 -0.00070381 0.00023020 -0.00045138 0.00034151
1778556440.370449 0.07820720 -0.08289908 -0.00070381 -0.00051137 0.00007508 -0.00085600
1778556440.437164 0.07820720 -0.08289908 -0.00070381 -0.00143485 0.00052698 -0.00139077
1778556440.503879 0.07820719 -0.08289908 -0.00070381 -0.00049545 0.00034854 0.00122763
1778556440.570595 0.07820721 -0.08289908 -0.00070382 -0.00040392 0.00045038 -0.00018000
1778556440.637310 0.07820718 -0.08289908 -0.00070381 -0.00012711 -0.00079613 -0.00007432
1778556440.704025 0.07820719 -0.08289909 -0.00070381 0.00026736 0.00018968 -0.00213476
1778556440.770740 0.07820717 -0.08289907 -0.00070380 0.00044951 0.00051473 -0.00024299
1778556440.837455 0.07820718 -0.08289908 -0.00070380 0.00012450 -0.00146403 0.00155296
1778556440.904170 0.07820718 -0.08289907 -0.00070380 0.00029784 -0.00033488 -0.00135436
1778556440.970885 0.07820716 -0.08289906 -0.00070379 0.00026211 0.00042469 -0.00112350
1778556441.037600 0.07820715 -0.08289906 -0.00070379 -0.00068496 0.00016225 0.00001771
1778556441.104316 0.07820715 -0.08289906 -0.00070379 0.00026188 0.00009541 0.00050886
1778556441.171032 0.07820715 -0.08289906 -0.00070379 0.00016678 -0.00048226 0.00105351
1778556441.237748 0.07820714 -0.08289906 -0.00070378 -0.00152971 -0.00037322 -0.00006507
1778556441.304464 0.07820714 -0.08289906 -0.00070378 -0.00074453 0.00015627 -0.00053378
1778556441.371180 0.07820715 -0.08289906 -0.00070378 0.00084028 -0.00074683 -0.00138716
1778556441.437896 0.07820715 -0.08289906 -0.00070378 -0.00013408 -0.00062364 0.00065716
1778556441.504611 0.07820715 -0.08289906 -0.00070378 -0.00008403 -0.00036676 -0.00110896
1778556441.571327 0.07820715 -0.08289906 -0.00070378 -0.00036879 -0.00001325 -0.00061378
1778556441.638043 0.07820714 -0.08289906 -0.00070377 0.00011634 0.00020019 0.00069711
1778556441.704759 0.07820711 -0.08289906 -0.00070377 0.00041619 0.00050621 0.00005613
1778556441.771475 0.07820712 -0.08289906 -0.00070377 -0.00001200 -0.00051108 -0.00030403
1778556441.838190 0.07820712 -0.08289906 -0.00070377 -0.00084406 -0.00016145 0.00106650
1778556441.904906 0.07820712 -0.08289906 -0.00070377 0.00049385 0.00074930 0.00025665
1778556441.971622 0.07820711 -0.08289906 -0.00070377 0.00081687 0.00036791 -0.00121290
1778556442.038338 0.07820716 -0.08289907 -0.00070379 -0.00077147 -0.00019279 -0.00081935
1778556442.105054 0.07820710 -0.08289905 -0.00070376 -0.00002807 0.00040588 -0.00092684
1778556442.171770 0.07820711 -0.08289905 -0.00070377 -0.00083658 -0.00067731 -0.00100998
1778556442.238486 0.07820711 -0.08289905 -0.00070377 -0.00016687 -0.00076252 -0.00075416
1778556442.305202 0.07820705 -0.08289904 -0.00070375 0.00046805 -0.00017820 0.00156907
1778556442.371918 0.07820706 -0.08289904 -0.00070375 0.00186022 0.00041971 -0.00243221
1778556442.438634 0.07820706 -0.08289904 -0.00070375 -0.00028460 -0.00172788 0.00209077
1778556442.505350 0.07820706 -0.08289905 -0.00070375 0.00158402 -0.00045022 -0.00096757
1778556442.572066 0.07820706 -0.08289906 -0.00070376 0.00032835 0.00137489 -0.00184955
1778556442.638782 0.07820706 -0.08289906 -0.00070376 -0.00002414 0.00158170 0.00081353
1778556442.705498 0.07820707 -0.08289906 -0.00070376 -0.00037935 -0.00011085 0.00057795
1778556442.772214 0.07820707 -0.08289906 -0.00070376 -0.00060292 0.00095724 0.00129728
1778556442.838930 0.07820706 -0.08289906 -0.00070375 0.00023834 0.00089347 0.00112517
1778556442.905646 0.07820705 -0.08289906 -0.00070374 -0.00000195 -0.00049791 -0.00033483
1778556442.972362 0.07820706 -0.08289906 -0.00070374 0.00154204 -0.00170300 -0.00107326
1778556443.039078 0.07820706 -0.08289906 -0.00070374 0.00135974 -0.00019188 0.00004611
1778556443.105795 0.07820706 -0.08289906 -0.00070374 0.00124805 0.00102751 0.00024570
1778556443.172511 0.07820706 -0.08289906 -0.00070374 -0.00202318 -0.00020670 -0.00342153
1778556443.239228 0.07820706 -0.08289906 -0.00070374 -0.00132782 0.00043888 -0.00133062
1778556443.305944 0.07820707 -0.08289906 -0.00070374 -0.00073166 0.00020674 0.00048039
1778556443.372660 0.07820706 -0.08289906 -0.00070374 0.00045263 -0.00025931 -0.00024138
1778556443.439377 0.07820704 -0.08289905 -0.00070373 0.00101453 0.00082870 0.00050193
1778556443.506093 0.07820705 -0.08289905 -0.00070373 0.00022933 -0.00004000 -0.00016920
1778556443.572809 0.07820705 -0.08289906 -0.00070373 -0.00030314 0.00028815 -0.00048421
1778556443.639526 0.07820704 -0.08289906 -0.00070371 -0.00029271 0.00092614 -0.00044838
1778556443.706242 0.07820698 -0.08289906 -0.00070368 0.00013017 -0.00086653 -0.00101696
1778556443.772959 0.07820698 -0.08289906 -0.00070368 -0.00037106 -0.00014788 0.00127925
1778556443.839675 0.07820698 -0.08289906 -0.00070368 -0.00022681 0.00060426 0.00012683
1778556443.906392 0.07820698 -0.08289906 -0.00070368 -0.00060937 0.00037093 -0.00170785
1778556443.973108 0.07820699 -0.08289906 -0.00070368 -0.00140337 0.00043121 -0.00120637
1778556444.039824 0.07820700 -0.08289906 -0.00070368 -0.00048330 -0.00002854 -0.00047214
1778556444.106540 0.07820699 -0.08289907 -0.00070368 0.00068273 -0.00073106 -0.00063737
1778556444.173256 0.07820699 -0.08289907 -0.00070368 0.00003123 -0.00006750 -0.00014356
1778556444.239971 0.07820699 -0.08289907 -0.00070368 0.00039262 -0.00031688 -0.00087176
1778556444.306687 0.07820701 -0.08289909 -0.00070369 -0.00028407 0.00058658 -0.00007873
1778556444.373403 0.07820702 -0.08289910 -0.00070370 -0.00091573 0.00036581 -0.00034383
1778556444.440119 0.07820702 -0.08289910 -0.00070370 -0.00033553 -0.00001763 0.00060977
1778556444.506835 0.07820702 -0.08289910 -0.00070370 0.00044658 -0.00005120 0.00004926
1778556444.573550 0.07820702 -0.08289911 -0.00070369 0.00047520 0.00049934 0.00000046
1778556444.640266 0.07820702 -0.08289911 -0.00070369 0.00008799 -0.00064633 0.00013812
1778556444.706982 0.07820702 -0.08289911 -0.00070369 0.00046827 -0.00081354 0.00079797
1778556444.773698 0.07820702 -0.08289911 -0.00070369 0.00071567 -0.00058715 -0.00100598
1778556444.840414 0.07820704 -0.08289909 -0.00070371 0.00051652 -0.00102919 -0.00031632
1778556444.907129 0.07820702 -0.08289909 -0.00070370 0.00011082 0.00071496 -0.00036913
1778556444.973845 0.07820702 -0.08289909 -0.00070370 0.00013106 -0.00016096 -0.00012759
1778556445.040561 0.07820703 -0.08289909 -0.00070370 -0.00001660 -0.00131517 -0.00067353
1778556445.107278 0.07820703 -0.08289908 -0.00070370 0.00094647 0.00060255 -0.00006259
1778556445.173994 0.07820701 -0.08289906 -0.00070369 0.00070876 -0.00001532 -0.00093027
1778556445.240711 0.07820701 -0.08289906 -0.00070369 0.00100074 -0.00003217 -0.00113576
1778556445.307427 0.07820702 -0.08289907 -0.00070369 0.00025915 -0.00123272 -0.00037017
1778556445.374144 0.07820702 -0.08289906 -0.00070370 -0.00015989 0.00062438 -0.00373682
1778556445.440860 0.07820704 -0.08289906 -0.00070370 0.00017648 -0.00095948 0.00071496
1778556445.507576 0.07820706 -0.08289907 -0.00070371 0.00040891 0.00126549 -0.00096249
1778556445.574293 0.07820707 -0.08289910 -0.00070372 0.00086841 -0.00007177 0.00114794
1778556445.641009 0.07820707 -0.08289909 -0.00070372 -0.00009174 -0.00024094 0.00094829
1778556445.707726 0.07820707 -0.08289910 -0.00070372 -0.00005465 -0.00129492 -0.00165469
1778556445.774442 0.07820706 -0.08289910 -0.00070372 -0.00060155 -0.00007901 -0.00161772
1778556445.841159 0.07820708 -0.08289910 -0.00070372 -0.00036711 -0.00077286 -0.00039882
1778556445.907875 0.07820713 -0.08289912 -0.00070376 0.00147347 -0.00040839 -0.00133234
1778556445.974592 0.07820712 -0.08289912 -0.00070375 -0.00057792 0.00016213 -0.00036920
1778556446.041309 0.07820713 -0.08289912 -0.00070376 -0.00041196 0.00098066 0.00083883
1778556446.108026 0.07820710 -0.08289909 -0.00070374 0.00001291 0.00021152 -0.00015452
1778556446.174744 0.07820710 -0.08289910 -0.00070374 0.00040426 0.00045925 0.00138031
1778556446.241461 0.07820710 -0.08289910 -0.00070374 0.00028323 -0.00052996 0.00017620
1778556446.308179 0.07820710 -0.08289910 -0.00070374 0.00027932 -0.00019489 -0.00139621
1778556446.374896 0.07820710 -0.08289910 -0.00070374 0.00013116 -0.00147041 0.00104130
1778556446.441614 0.07820710 -0.08289910 -0.00070374 0.00012952 0.00025426 -0.00050378
1778556446.508331 0.07820710 -0.08289910 -0.00070374 -0.00001322 -0.00135429 0.00150458
1778556446.575049 0.07820711 -0.08289910 -0.00070374 -0.00004851 -0.00091526 0.00025963
1778556446.641766 0.07820710 -0.08289910 -0.00070374 -0.00085976 -0.00045628 -0.00057489
1778556446.708484 0.07820710 -0.08289910 -0.00070374 0.00002350 0.00009672 0.00059470
1778556446.775202 0.07820711 -0.08289911 -0.00070374 -0.00062676 0.00059806 -0.00140552
1778556446.841919 0.07820712 -0.08289910 -0.00070375 0.00065209 -0.00015669 0.00018371
1778556446.908637 0.07820710 -0.08289909 -0.00070374 0.00018193 0.00001929 -0.00099042
1778556446.975354 0.07820709 -0.08289909 -0.00070374 -0.00180310 0.00058487 0.00015989
1778556447.042071 0.07820710 -0.08289909 -0.00070374 -0.00086768 -0.00013653 0.00040447
1778556447.108787 0.07820709 -0.08289910 -0.00070373 0.00158770 0.00006391 -0.00106452
1778556447.175502 0.07820709 -0.08289912 -0.00070373 0.00016964 -0.00105511 0.00082549
1778556447.242218 0.07820706 -0.08289908 -0.00070372 0.00048717 0.00022392 -0.00031397
1778556447.308933 0.07820708 -0.08289909 -0.00070373 0.00042716 -0.00083841 -0.00199096
1778556447.375649 0.07820708 -0.08289909 -0.00070373 -0.00102913 0.00043454 -0.00104426
1778556447.442364 0.07820709 -0.08289909 -0.00070374 -0.00119786 -0.00185541 0.00259709
1778556447.509080 0.07820708 -0.08289909 -0.00070373 -0.00137472 -0.00072795 0.00195702
1778556447.575795 0.07820709 -0.08289908 -0.00070374 -0.00018341 0.00158061 -0.00026437
1778556447.642510 0.07820708 -0.08289909 -0.00070374 -0.00100472 -0.00016028 -0.00062667
1778556447.709226 0.07820708 -0.08289909 -0.00070374 0.00214003 -0.00170532 0.00214561
1778556447.775941 0.07820707 -0.08289909 -0.00070374 0.00340511 0.00097236 0.00118692
1778556447.842656 0.07820707 -0.08289909 -0.00070374 0.00017662 0.00067344 -0.00097220
1778556447.909372 0.07820708 -0.08289909 -0.00070374 0.00005156 0.00035964 -0.00001438
1778556447.976087 0.07820707 -0.08289908 -0.00070373 0.00244438 0.00016290 0.00005349
1778556448.042803 0.07820705 -0.08289907 -0.00070373 0.00288240 -0.00088936 -0.00116932
1778556448.109519 0.07820705 -0.08289907 -0.00070373 0.00115723 -0.00201605 0.00019741
1778556448.176236 0.07820705 -0.08289908 -0.00070373 0.00008694 -0.00105008 -0.00013359
1778556448.242953 0.07820705 -0.08289907 -0.00070373 0.00095997 -0.00011745 0.00173948
1778556448.309669 0.07820705 -0.08289908 -0.00070372 0.00039599 -0.00011826 -0.00004347
1778556448.376386 0.07820705 -0.08289908 -0.00070372 0.00023711 -0.00010332 -0.00092859
1778556448.443102 0.07820707 -0.08289909 -0.00070373 0.00141649 0.00053349 -0.00117173
1778556448.509819 0.07820707 -0.08289909 -0.00070373 0.00029908 0.00003866 0.00023380
1778556448.576536 0.07820707 -0.08289909 -0.00070373 0.00011347 0.00095851 0.00044992
1778556448.643252 0.07820711 -0.08289911 -0.00070375 0.00006093 0.00057583 0.00035583
1778556448.709969 0.07820713 -0.08289912 -0.00070376 0.00048935 0.00059790 -0.00146266
1778556448.776685 0.07820714 -0.08289912 -0.00070376 0.00093576 0.00026165 -0.00083512
1778556448.843402 0.07820714 -0.08289911 -0.00070376 -0.00056801 -0.00112014 -0.00162524
1778556448.910119 0.07820716 -0.08289911 -0.00070378 0.00038719 -0.00128765 0.00091968
1778556448.976835 0.07820716 -0.08289912 -0.00070378 0.00061749 -0.00077307 0.00022041
1778556449.043552 0.07820716 -0.08289911 -0.00070378 0.00088897 -0.00046183 -0.00063545
1778556449.110268 0.07820717 -0.08289913 -0.00070378 -0.00163742 -0.00030575 0.00091062
1778556449.176985 0.07820717 -0.08289913 -0.00070377 -0.00108237 0.00011743 -0.00051881
1778556449.243701 0.07820720 -0.08289913 -0.00070379 -0.00163239 0.00031647 -0.00002190
1778556449.310418 0.07820720 -0.08289914 -0.00070379 -0.00016496 0.00052616 0.00111702
1778556449.377134 0.07820718 -0.08289912 -0.00070378 -0.00082191 -0.00010201 0.00036182
1778556449.443851 0.07820717 -0.08289911 -0.00070378 0.00065758 0.00045456 -0.00003040
1778556449.510567 0.07820718 -0.08289912 -0.00070379 0.00029313 0.00059830 -0.00008807
1778556449.577283 0.07820718 -0.08289912 -0.00070379 0.00023186 0.00015036 0.00040920
1778556449.644000 0.07820718 -0.08289912 -0.00070378 -0.00007561 -0.00008202 0.00044855
1778556449.710716 0.07820719 -0.08289912 -0.00070379 0.00110131 -0.00010117 0.00050256
1778556449.777433 0.07820721 -0.08289912 -0.00070378 -0.00623096 0.01008396 0.00770611
1778556449.844149 0.02934609 -0.14084455 -0.01677518 -0.00215046 -0.00091119 0.00025823
1778556449.910866 0.04110470 -0.07949882 0.00082556 -0.00121316 0.00024941 0.00191246
1778556449.977582 0.06795658 -0.07284080 -0.00551786 -0.00101971 0.00043299 0.00149391
1778556450.044299 0.07304155 -0.07135836 -0.00342668 -0.00080180 0.00050492 0.00095101
1778556450.111015 0.07488422 -0.07155704 -0.00209436 -0.00050418 0.00044995 0.00073912
1778556450.177731 0.07765092 -0.07514812 -0.00311677 -0.00034116 0.00051928 0.00063051
1778556450.244447 0.07681906 -0.07190603 -0.00208750 -0.00032239 0.00047547 0.00048067
1778556450.311163 0.07802415 -0.07196452 -0.00418600 -0.00033072 0.00042258 0.00037059
1778556450.377879 0.07470969 -0.06582533 0.00306381 -0.00029628 0.00045899 0.00025560
1778556450.444595 0.07655377 -0.07185206 -0.00363243 -0.00048125 0.00044674 -0.00008801
1778556450.511311 0.08035264 -0.06780001 -0.00490224 -0.00034675 0.00045532 -0.00006938
1778556450.578027 0.07706350 -0.06865159 -0.00060350 -0.00026041 0.00035802 0.00004636
1778556450.644743 0.08153590 -0.07442206 -0.00337538 -0.00031885 0.00043888 0.00002453
1778556450.711459 0.07541325 -0.06878509 0.00121648 -0.00038662 0.00040156 0.00000418
1778556450.778175 0.07742056 -0.07178342 -0.00271998 -0.00038659 0.00039145 -0.00004385
1778556450.844891 0.08207063 -0.07389438 -0.00383799 -0.00034711 0.00042579 -0.00005451
1778556450.911607 0.07545427 -0.06996235 -0.00021692 -0.00032211 0.00040110 -0.00006014
1778556450.978323 0.08063963 -0.07501560 -0.00415939 -0.00031755 0.00035797 -0.00006800
1778556451.045039 0.07424398 -0.06670231 0.00010355 -0.00034584 0.00034494 -0.00003218
1778556451.111756 0.08065004 -0.07366654 -0.00393647 -0.00037411 0.00035975 -0.00002261
1778556451.178472 0.07853082 -0.07226663 -0.00449106 -0.00037921 0.00037823 -0.00001317
1778556451.245188 0.07368895 -0.06941807 -0.00119865 -0.00039854 0.00037134 -0.00000069
1778556451.311904 0.07662687 -0.07137201 -0.00333294 -0.00037727 0.00034967 0.00000165
1778556451.378621 0.07938048 -0.07420768 -0.00326549 -0.00036040 0.00031664 -0.00000072
1778556451.445337 0.06971486 -0.06448435 0.00003135 -0.00033634 0.00030306 0.00000471
1778556451.512053 0.07689539 -0.07070696 -0.00181992 -0.00036316 0.00030738 0.00003255
1778556451.578770 0.07731289 -0.07207382 -0.00021083 -0.00041650 0.00026596 0.00006712
1778556451.645486 0.07836914 -0.07438720 -0.00331603 -0.00042801 0.00025550 0.00004744
1778556451.712203 0.07573560 -0.07205343 -0.00158097 -0.00041361 0.00027356 0.00002842
1778556451.778919 0.07646720 -0.07247665 -0.00132752 -0.00041352 0.00026256 -0.00004784
1778556451.845635 0.07656784 -0.07205567 -0.00075688 -0.00027682 0.00004225 -0.00010461
1778556451.912352 0.07686861 -0.07180797 -0.00073260 -0.00025390 0.00000080 -0.00002514
1778556451.979068 0.07701349 -0.07128498 -0.00049052 -0.00023276 -0.00002844 -0.00001576
1778556452.045784 0.07685459 -0.07095351 -0.00057880 -0.00021451 -0.00003654 0.00000556
1778556452.112501 0.07652957 -0.07099914 -0.00067240 -0.00022338 -0.00002462 0.00000998
1778556452.179218 0.07639972 -0.07135203 -0.00067215 -0.00025983 -0.00004433 0.00001303
1778556452.245935 0.07628035 -0.07147412 -0.00078830 -0.00025870 -0.00004936 -0.00000725
1778556452.312652 0.07605816 -0.07068728 -0.00088037 -0.00024424 -0.00005675 0.00000934
1778556452.379369 0.07588551 -0.07053510 -0.00091994 -0.00022598 -0.00006626 0.00002408
1778556452.446086 0.07558051 -0.07047108 -0.00106143 -0.00021006 -0.00005336 -0.00000547
1778556452.512804 0.07535919 -0.06989391 -0.00112733 -0.00019336 -0.00004728 -0.00001720
1778556452.579520 0.07530512 -0.06974586 -0.00114531 -0.00016536 -0.00005981 -0.00003408
1778556452.646238 0.07506414 -0.06950209 -0.00125795 -0.00014238 -0.00006350 -0.00006051
1778556452.712955 0.07481540 -0.06908428 -0.00119364 -0.00013156 -0.00006799 -0.00007662
1778556452.779672 0.07494937 -0.06917406 -0.00117364 -0.00013026 -0.00008192 -0.00007593
1778556452.846389 0.07486997 -0.06943687 -0.00119758 -0.00014693 -0.00008090 -0.00006177
1778556452.913106 0.07477083 -0.06960741 -0.00111782 -0.00016353 -0.00008221 -0.00006048
1778556452.979823 0.07468506 -0.06991430 -0.00106417 -0.00016668 -0.00008729 -0.00006750
1778556453.046540 0.07475086 -0.06963299 -0.00089765 -0.00016477 -0.00009113 -0.00006958
1778556453.113258 0.07469777 -0.06947567 -0.00081131 -0.00014366 -0.00010516 -0.00006896
1778556453.179976 0.07456686 -0.06955260 -0.00081677 -0.00014271 -0.00010591 -0.00007131
1778556453.246693 0.07455077 -0.06969133 -0.00059029 -0.00014396 -0.00011345 -0.00007805
1778556453.313411 0.07443770 -0.06951471 -0.00074998 -0.00014882 -0.00011509 -0.00007553
1778556453.380128 0.07416502 -0.06964950 -0.00074635 -0.00014989 -0.00009947 -0.00006231
1778556453.446846 0.07397015 -0.06995852 -0.00057222 -0.00014036 -0.00008625 -0.00007167
1778556453.513564 0.07392228 -0.06973663 -0.00053321 -0.00014531 -0.00008605 -0.00009401
1778556453.580281 0.07387595 -0.06966328 -0.00049299 -0.00013876 -0.00008513 -0.00009336
1778556453.646999 0.07385197 -0.06957659 -0.00049449 -0.00014111 -0.00007974 -0.00008157
1778556453.713717 0.07367167 -0.06979140 -0.00040036 -0.00014421 -0.00008275 -0.00007965
1778556453.780434 0.07362650 -0.06955540 -0.00046604 -0.00014516 -0.00008315 -0.00006545
1778556453.847152 0.07349979 -0.06991957 -0.00054400 -0.00014410 -0.00007473 -0.00005593
1778556453.913870 0.07337162 -0.07009050 -0.00055697 -0.00015133 -0.00006706 -0.00006905
1778556453.980588 0.07328846 -0.07021790 -0.00048426 -0.00014909 -0.00007546 -0.00008134
1778556454.047305 0.07340781 -0.06997457 -0.00055945 -0.00013282 -0.00007465 -0.00008807
1778556454.114022 0.07325833 -0.07002428 -0.00053836 -0.00012318 -0.00006906 -0.00009358
1778556454.180738 0.07323774 -0.07000122 -0.00045574 -0.00012726 -0.00006458 -0.00010637
1778556454.247455 0.07330867 -0.07005730 -0.00044913 -0.00012422 -0.00005926 -0.00010126
1778556454.314172 0.07315053 -0.07020894 -0.00043166 -0.00012676 -0.00005040 -0.00010023
1778556454.380888 0.07319861 -0.07026158 -0.00035919 -0.00012586 -0.00004859 -0.00010186
1778556454.447605 0.07335522 -0.06970907 -0.00043393 -0.00010895 -0.00005759 -0.00009002
1778556454.514322 0.07336610 -0.06966832 -0.00050324 -0.00009903 -0.00005823 -0.00007648
1778556454.581039 0.07312252 -0.06988146 -0.00049976 -0.00010028 -0.00004582 -0.00007182
1778556454.647756 0.07299207 -0.06951126 -0.00043563 -0.00009842 -0.00003749 -0.00006166
1778556454.714472 0.07296007 -0.06960242 -0.00029771 -0.00008467 -0.00003959 -0.00005497
1778556454.781189 0.07314926 -0.06917373 -0.00021125 -0.00007006 -0.00004543 -0.00005987
1778556454.847906 0.07334054 -0.06887435 -0.00020393 -0.00005927 -0.00005076 -0.00006701
1778556454.914623 0.07332920 -0.06884427 -0.00030191 -0.00006133 -0.00004723 -0.00005985
1778556454.981340 0.07309140 -0.06918754 -0.00042195 -0.00006258 -0.00004128 -0.00005294
1778556455.048056 0.07317135 -0.06918085 -0.00048729 -0.00005717 -0.00003534 -0.00005613
1778556455.114772 0.07318188 -0.06928632 -0.00055463 -0.00005780 -0.00003721 -0.00005336
1778556455.181488 0.07322428 -0.06936730 -0.00053077 -0.00006290 -0.00004466 -0.00004821
1778556455.248204 0.07313962 -0.06908809 -0.00049235 -0.00005823 -0.00003649 -0.00005728
1778556455.314920 0.07322232 -0.06912412 -0.00036362 -0.00005993 -0.00003627 -0.00005796
1778556455.381636 0.07343284 -0.06935693 -0.00028348 -0.00006424 -0.00004990 -0.00005622
1778556455.448352 0.07341331 -0.06906193 -0.00039493 -0.00006228 -0.00005473 -0.00006124
1778556455.515068 0.07340971 -0.06914596 -0.00035181 -0.00006018 -0.00005063 -0.00006316
1778556455.581784 0.07343821 -0.06915370 -0.00029816 -0.00005710 -0.00005100 -0.00006235
1778556455.648500 0.07348595 -0.06919772 -0.00037069 -0.00005160 -0.00004831 -0.00006434
1778556455.715216 0.07322830 -0.06939410 -0.00041929 -0.00005100 -0.00003702 -0.00006019
1778556455.781932 0.07312067 -0.06929964 -0.00033668 -0.00005225 -0.00003131 -0.00005531
1778556455.848648 0.07314264 -0.06929638 -0.00037829 -0.00004142 -0.00003018 -0.00006102
1778556455.915364 0.07332508 -0.06884649 -0.00037439 -0.00003343 -0.00003022 -0.00006682
1778556455.982080 0.07324540 -0.06889002 -0.00037999 -0.00003345 -0.00003504 -0.00006963
1778556456.048796 0.07326514 -0.06922083 -0.00049666 -0.00004192 -0.00003468 -0.00007435
1778556456.115513 0.07330152 -0.06841783 -0.00051685 -0.00003526 -0.00003514 -0.00007667
1778556456.182229 0.07317136 -0.06834999 -0.00051478 -0.00002675 -0.00003270 -0.00007806
1778556456.248945 0.07317773 -0.06838044 -0.00053071 -0.00002712 -0.00002960 -0.00007958
1778556456.315662 0.07311520 -0.06837071 -0.00054974 -0.00002367 -0.00002788 -0.00008199
1778556456.382378 0.07309126 -0.06842928 -0.00051597 -0.00003371 -0.00002555 -0.00008471
1778556456.449095 0.07313507 -0.06859218 -0.00050452 -0.00004140 -0.00002782 -0.00008230
1778556456.515811 0.07312961 -0.06881655 -0.00048247 -0.00004535 -0.00002941 -0.00008577
1778556456.582527 0.07309204 -0.06892388 -0.00055012 -0.00004576 -0.00002908 -0.00010228
1778556456.649244 0.07322089 -0.06864223 -0.00039473 -0.00005942 -0.00003792 -0.00010505
1778556456.715960 0.07355440 -0.06916264 -0.00039638 -0.00006492 -0.00005193 -0.00008126
1778556456.782676 0.07382285 -0.06960203 -0.00053007 -0.00005307 -0.00005590 -0.00005151
1778556456.849393 0.07398429 -0.06956849 -0.00053333 -0.00003362 -0.00005414 -0.00004725
1778556456.916109 0.07408828 -0.06920310 -0.00047630 -0.00003919 -0.00005764 -0.00004824
1778556456.982826 0.07410453 -0.06964370 -0.00052318 -0.00003930 -0.00005920 -0.00004334
1778556457.049542 0.07422359 -0.06940777 -0.00047964 -0.00004154 -0.00006258 -0.00004233
1778556457.116259 0.07431333 -0.06933667 -0.00056159 -0.00003037 -0.00006450 -0.00004445
1778556457.182975 0.07413741 -0.06915554 -0.00053654 -0.00003284 -0.00005973 -0.00004963
1778556457.249691 0.07407475 -0.06931359 -0.00051597 -0.00003199 -0.00005885 -0.00005406
1778556457.316408 0.07421374 -0.06917464 -0.00045251 -0.00003677 -0.00006541 -0.00005878
1778556457.383125 0.07448079 -0.06943882 -0.00049726 -0.00004270 -0.00007003 -0.00005802
1778556457.449841 0.07444489 -0.06947018 -0.00049058 -0.00004761 -0.00007491 -0.00006627
1778556457.516557 0.07460571 -0.06922810 -0.00060855 -0.00003831 -0.00007814 -0.00006459
1778556457.583274 0.07458973 -0.06917573 -0.00065154 -0.00003664 -0.00007772 -0.00006202
1778556457.649990 0.07470961 -0.06933766 -0.00071708 -0.00003825 -0.00007622 -0.00006261
1778556457.716707 0.07445236 -0.06925613 -0.00063342 -0.00003574 -0.00007120 -0.00007066
1778556457.783423 0.07444731 -0.07041201 -0.00081134 -0.00005845 -0.00009211 -0.00009055
1778556457.850140 0.07437989 -0.07029150 -0.00057347 -0.00005619 -0.00008742 -0.00009310
1778556457.916856 0.07412505 -0.06933250 -0.00070999 -0.00002825 -0.00006406 -0.00008087
1778556457.983572 0.07420124 -0.06888608 -0.00079267 -0.00002407 -0.00006537 -0.00007910
1778556458.050289 0.07419342 -0.06885784 -0.00075655 -0.00001073 -0.00006334 -0.00008105
1778556458.117005 0.07408511 -0.06888249 -0.00069182 -0.00001479 -0.00006174 -0.00008176
1778556458.183721 0.07420097 -0.06900352 -0.00063571 -0.00001790 -0.00006278 -0.00008382
1778556458.250437 0.07430522 -0.06909145 -0.00060539 -0.00001839 -0.00006366 -0.00009050
1778556458.317153 0.07444261 -0.07031035 -0.00079773 -0.00004400 -0.00008559 -0.00010570
1778556458.383869 0.07434002 -0.07065524 -0.00070221 -0.00004542 -0.00008572 -0.00009871
1778556458.450585 0.07416428 -0.06992911 -0.00066415 -0.00003265 -0.00007336 -0.00010487
1778556458.517301 0.07381033 -0.06894811 -0.00072855 -0.00000643 -0.00003989 -0.00009723
1778556458.584017 0.07377908 -0.06885295 -0.00068483 -0.00000543 -0.00003802 -0.00010172
1778556458.650733 0.07394763 -0.06935424 -0.00080589 -0.00002911 -0.00006259 -0.00012358
1778556458.717449 0.07410982 -0.06931186 -0.00058227 -0.00002477 -0.00006133 -0.00012590
1778556458.784165 0.07420609 -0.06914515 -0.00072163 -0.00002630 -0.00006570 -0.00012519
1778556458.850881 0.07421185 -0.06933447 -0.00087113 -0.00002991 -0.00007123 -0.00011735
1778556458.917597 0.07438957 -0.06939581 -0.00059140 -0.00003190 -0.00007161 -0.00011538
1778556458.984313 0.07461916 -0.06940509 -0.00078789 -0.00000947 -0.00004587 -0.00009662
1778556459.051029 0.07471562 -0.06900552 -0.00068663 -0.00000903 -0.00004918 -0.00009951
1778556459.117746 0.07457853 -0.06860829 -0.00074750 0.00000392 -0.00005464 -0.00011580
1778556459.184462 0.07485012 -0.06849482 -0.00075683 -0.00001557 -0.00008168 -0.00011404
1778556459.251179 0.07487966 -0.06925929 -0.00082011 -0.00001725 -0.00009007 -0.00009249
1778556459.317895 0.07482662 -0.06923056 -0.00070694 -0.00002312 -0.00008695 -0.00008716
1778556459.384612 0.07494164 -0.06882925 -0.00058820 -0.00001791 -0.00008390 -0.00008100
1778556459.451329 0.07458362 -0.06877829 -0.00081279 0.00001018 -0.00005613 -0.00007342
1778556459.518045 0.07402138 -0.06882948 -0.00080801 0.00000446 -0.00004014 -0.00008786
1778556459.584762 0.07392045 -0.06857783 -0.00063052 -0.00000155 -0.00003523 -0.00009683
1778556459.651479 0.07411289 -0.06873260 -0.00064176 -0.00000019 -0.00004083 -0.00009772
1778556459.718195 0.07425958 -0.06920774 -0.00064283 -0.00000411 -0.00004682 -0.00010011
1778556459.784912 0.07423664 -0.06873115 -0.00077018 -0.00000420 -0.00004618 -0.00009494
1778556459.851628 0.07413956 -0.06862494 -0.00069606 0.00000830 -0.00003995 -0.00009189
1778556459.918345 0.07401614 -0.06856048 -0.00066709 0.00000357 -0.00003636 -0.00008692
1778556459.985062 0.07413822 -0.06901720 -0.00069233 0.00000474 -0.00004078 -0.00007589
1778556460.051778 0.07414093 -0.06901678 -0.00069648 0.00000381 -0.00004233 -0.00007076
1778556460.118494 0.07400498 -0.06905971 -0.00072606 0.00001128 -0.00003924 -0.00006786
1778556460.185211 0.07403435 -0.06917824 -0.00071934 0.00000948 -0.00003913 -0.00006681
1778556460.251927 0.07378682 -0.06810172 -0.00074805 0.00001249 -0.00003551 -0.00007565
1778556460.318643 0.07382979 -0.06779030 -0.00068922 0.00001183 -0.00003707 -0.00007638
1778556460.385359 0.07397481 -0.06777704 -0.00073155 0.00001783 -0.00004002 -0.00007759
1778556460.452075 0.07384266 -0.06728500 -0.00072596 0.00001660 -0.00003852 -0.00007769
1778556460.518792 0.07368616 -0.06725002 -0.00071918 0.00002198 -0.00003534 -0.00007471
1778556460.585508 0.07366214 -0.06715164 -0.00071368 0.00002465 -0.00003398 -0.00007106
1778556460.652224 0.07357273 -0.06717400 -0.00068556 0.00002201 -0.00003499 -0.00006657
1778556460.718940 0.07335830 -0.06751055 -0.00074965 0.00002004 -0.00003147 -0.00006458
1778556460.785656 0.07329111 -0.06804011 -0.00067869 0.00001731 -0.00002841 -0.00006528
1778556460.852373 0.07323572 -0.06789103 -0.00072929 0.00001694 -0.00002689 -0.00006636
1778556460.919089 0.07296384 -0.06761365 -0.00072507 0.00002218 -0.00002249 -0.00006526
1778556460.985805 0.07286212 -0.06756734 -0.00065177 0.00002189 -0.00002061 -0.00006499
1778556461.052521 0.07279339 -0.06783201 -0.00066510 0.00002395 -0.00002035 -0.00006745
1778556461.119238 0.07282521 -0.06818166 -0.00068561 0.00001681 -0.00001850 -0.00006664
1778556461.185955 0.07271917 -0.06814772 -0.00062729 0.00001079 -0.00001707 -0.00006729
1778556461.252672 0.07292693 -0.06812453 -0.00062334 0.00001580 -0.00001804 -0.00006718
1778556461.319389 0.07290606 -0.06828833 -0.00062224 0.00001719 -0.00001926 -0.00007029
1778556461.386106 0.07293364 -0.06856811 -0.00060868 0.00000696 -0.00001753 -0.00007085
1778556461.452822 0.07283090 -0.06887974 -0.00063936 0.00001058 -0.00001707 -0.00007165
1778556461.519539 0.07293892 -0.06899937 -0.00058299 0.00000551 -0.00001751 -0.00006982
1778556461.586256 0.07282420 -0.06892586 -0.00064557 0.00000340 -0.00001772 -0.00006592
1778556461.652973 0.07285371 -0.06879583 -0.00056724 0.00000465 -0.00001620 -0.00006741
1778556461.719690 0.07298495 -0.06884802 -0.00056862 0.00000651 -0.00002039 -0.00006600
1778556461.786407 0.07298495 -0.06884802 -0.00056861 -0.00071750 0.00161484 -0.00214095
1778556461.853123 0.07298495 -0.06884802 -0.00056861 -0.00093385 0.00203782 -0.00101763
1778556461.919840 0.07298495 -0.06884802 -0.00056862 0.00089455 -0.00205407 0.00001537
1778556461.986557 0.07298495 -0.06884802 -0.00056862 0.00018370 -0.00051090 -0.00045320
1778556462.053274 0.07298495 -0.06884802 -0.00056862 0.00089235 -0.00094212 0.00035394
1778556462.119991 0.07298496 -0.06884803 -0.00056862 -0.00246109 0.00027320 -0.00152882
1778556462.186708 0.07298498 -0.06884804 -0.00056863 -0.00180087 -0.00003398 -0.00157150
1778556462.253425 0.07298494 -0.06884801 -0.00056861 -0.00056521 0.00086089 0.00185397
1778556462.320142 0.07298495 -0.06884801 -0.00056861 -0.00125974 0.00020007 0.00190344
1778556462.386859 0.07298494 -0.06884801 -0.00056861 -0.00177023 0.00165437 0.00095628
1778556462.453576 0.07298494 -0.06884801 -0.00056860 0.00057018 -0.00053925 -0.00125885
1778556462.520293 0.07298494 -0.06884801 -0.00056860 0.00051772 0.00005957 -0.00145626
1778556462.587010 0.07298494 -0.06884801 -0.00056860 0.00036255 0.00074842 -0.00083100
1778556462.653728 0.07298495 -0.06884801 -0.00056860 -0.00044536 0.00036118 0.00123172
1778556462.720445 0.07298495 -0.06884801 -0.00056860 -0.00066630 0.00039370 0.00038866
1778556462.787162 0.07298494 -0.06884800 -0.00056859 0.00012563 0.00082130 -0.00155605
1778556462.853879 0.07298494 -0.06884800 -0.00056859 -0.00091727 -0.00142287 -0.00026304
1778556462.920596 0.07298494 -0.06884801 -0.00056860 -0.00083648 -0.00111554 -0.00031024
1778556462.987314 0.07298494 -0.06884800 -0.00056860 -0.00020176 0.00036888 -0.00031973
1778556463.054030 0.07298494 -0.06884800 -0.00056860 -0.00027334 -0.00015051 -0.00035459
1778556463.120747 0.07298494 -0.06884800 -0.00056860 -0.00064325 0.00083815 -0.00057998
1778556463.187464 0.07298494 -0.06884800 -0.00056860 0.00019430 0.00016245 0.00048329
1778556463.254180 0.07298493 -0.06884800 -0.00056859 0.00021119 -0.00054117 -0.00094523
1778556463.320897 0.07298495 -0.06884801 -0.00056860 0.00018045 0.00036108 -0.00041921
1778556463.387613 0.07298495 -0.06884801 -0.00056860 0.00085118 -0.00033494 0.00039952
1778556463.454330 0.07298495 -0.06884801 -0.00056860 -0.00037336 0.00045612 -0.00134194
1778556463.521047 0.07298495 -0.06884801 -0.00056860 -0.00127673 0.00019842 -0.00057628
1778556463.587763 0.07298495 -0.06884801 -0.00056860 -0.00061402 0.00003862 -0.00132818
1778556463.654480 0.07298496 -0.06884802 -0.00056861 -0.00007299 -0.00025827 -0.00054638
1778556463.721196 0.07298495 -0.06884801 -0.00056860 0.00090431 -0.00092450 -0.00039812
1778556463.787913 0.07298495 -0.06884801 -0.00056860 0.00161609 0.00001084 -0.00139371
1778556463.854630 0.07298495 -0.06884801 -0.00056860 0.00107982 -0.00069858 -0.00090393
1778556463.921346 0.07298495 -0.06884802 -0.00056860 -0.00154051 0.00018201 -0.00107800
1778556463.988063 0.07298495 -0.06884801 -0.00056860 0.00216786 -0.00063987 -0.00112818
1778556464.054781 0.07298495 -0.06884801 -0.00056860 -0.00039470 0.00246424 0.00171368
1778556464.121502 0.07298495 -0.06884802 -0.00056860 -0.00276284 0.00286786 -0.00235442
1778556464.188222 0.07298495 -0.06884801 -0.00056860 -0.00023884 -0.00165200 -0.00015685
1778556464.254943 0.07298494 -0.06884801 -0.00056860 -0.00013017 -0.00060255 0.00097505
1778556464.321664 0.07298494 -0.06884801 -0.00056859 0.00149264 0.00098404 0.00014834
1778556464.388384 0.07298495 -0.06884801 -0.00056860 0.00093348 -0.00150214 0.00020590
1778556464.455105 0.07298494 -0.06884801 -0.00056859 0.00062834 -0.00029833 -0.00073029
1778556464.521826 0.07298495 -0.06884801 -0.00056860 0.00039257 0.00048400 -0.00159803
1778556464.588547 0.07298494 -0.06884801 -0.00056860 0.00055548 -0.00100390 0.00044885
1778556464.655267 0.07298494 -0.06884801 -0.00056860 -0.00073511 -0.00070800 -0.00002235
1778556464.721988 0.07298496 -0.06884803 -0.00056861 -0.00046565 0.00052524 -0.00115187
1778556464.788709 0.07298497 -0.06884804 -0.00056862 -0.00112175 0.00064467 0.00023525
1778556464.855431 0.07298497 -0.06884804 -0.00056861 -0.00045228 0.00041085 -0.00061171
1778556464.922152 0.07298497 -0.06884804 -0.00056861 -0.00065919 0.00119374 -0.00110451
1778556464.988873 0.07298496 -0.06884803 -0.00056861 -0.00062578 -0.00075106 -0.00028363
1778556465.055592 0.07298495 -0.06884802 -0.00056861 -0.00078164 0.00018750 -0.00097604
1778556465.122308 0.07298496 -0.06884803 -0.00056861 -0.00008403 0.00040587 0.00097471
1778556465.189024 0.07298496 -0.06884803 -0.00056861 -0.00014866 0.00073282 0.00059250
1778556465.255740 0.07298496 -0.06884803 -0.00056861 -0.00041225 0.00127009 -0.00053495
1778556465.322457 0.07298497 -0.06884804 -0.00056862 -0.00084445 0.00025781 0.00047686
1778556465.389173 0.07298497 -0.06884804 -0.00056862 -0.00059843 0.00021358 0.00133895
1778556465.455889 0.07298496 -0.06884803 -0.00056861 0.00003620 0.00010708 -0.00006387
1778556465.522606 0.07298497 -0.06884804 -0.00056862 0.00008490 -0.00049983 -0.00043343
1778556465.589322 0.07298499 -0.06884805 -0.00056863 0.00042516 -0.00014722 0.00081271
1778556465.656038 0.07298501 -0.06884807 -0.00056864 0.00012324 0.00079080 0.00029630
1778556465.722755 0.07298501 -0.06884807 -0.00056864 0.00002905 0.00000375 0.00140793
1778556465.789471 0.07298501 -0.06884807 -0.00056864 -0.00086891 -0.00021383 0.00067327
1778556465.856187 0.07298501 -0.06884807 -0.00056864 -0.00006674 -0.00042349 -0.00054314
1778556465.922903 0.07298505 -0.06884810 -0.00056866 0.00098223 0.00081450 0.00016693
1778556465.989619 0.07298505 -0.06884811 -0.00056867 0.00072620 0.00167613 0.00155064
1778556466.056337 0.07298506 -0.06884811 -0.00056867 -0.00175235 -0.00008557 -0.00013942
1778556466.123055 0.07298506 -0.06884811 -0.00056867 0.00180660 -0.00000213 -0.00079605
1778556466.189772 0.07298506 -0.06884811 -0.00056867 0.00106261 0.00104047 0.00103958
1778556466.256490 0.07298506 -0.06884811 -0.00056867 0.00074995 -0.00056503 -0.00001739
1778556466.323208 0.07298504 -0.06884810 -0.00056865 -0.00111957 0.00047404 0.00176704
1778556466.389926 0.07298509 -0.06884814 -0.00056869 -0.00046915 0.00153248 -0.00039991
1778556466.456644 0.07298513 -0.06884817 -0.00056871 0.00039012 -0.00087361 -0.00112785
1778556466.523362 0.07298513 -0.06884817 -0.00056871 -0.00080625 -0.00194763 -0.00188958
1778556466.590080 0.07298512 -0.06884817 -0.00056871 0.00087739 0.00040961 -0.00014142
1778556466.656798 0.07298512 -0.06884817 -0.00056871 -0.00014315 0.00022778 -0.00023305
1778556466.723516 0.07298515 -0.06884819 -0.00056873 -0.00055933 -0.00059335 -0.00097033
1778556466.790234 0.07298514 -0.06884819 -0.00056872 -0.00020114 -0.00087537 -0.00022658
1778556466.856952 0.07298514 -0.06884819 -0.00056872 0.00003423 -0.00113659 0.00115318
1778556466.923670 0.07298517 -0.06884821 -0.00056875 0.00069729 -0.00017387 0.00009492
1778556466.990388 0.07298518 -0.06884822 -0.00056875 0.00028396 -0.00073873 0.00105434
1778556467.057106 0.07298518 -0.06884822 -0.00056875 0.00004951 -0.00106104 0.00006028
1778556467.123823 0.07298519 -0.06884823 -0.00056875 -0.00098088 -0.00063731 0.00024836
1778556467.190541 0.07298521 -0.06884825 -0.00056877 -0.00208459 -0.00091815 0.00372435
1778556467.257259 0.07298521 -0.06884825 -0.00056877 0.00046067 0.00107637 -0.00078742
1778556467.323976 0.07298523 -0.06884827 -0.00056878 -0.00168616 -0.00075363 0.00137793
1778556467.390693 0.07298528 -0.06884831 -0.00056881 -0.00108373 0.00066998 0.00041356
1778556467.457411 0.07298529 -0.06884832 -0.00056881 -0.00088165 -0.00006094 -0.00080465
1778556467.524128 0.07298529 -0.06884832 -0.00056881 -0.00090836 -0.00024917 -0.00038412
1778556467.590846 0.07298529 -0.06884832 -0.00056881 -0.00077716 0.00005770 -0.00001258
1778556467.657563 0.07298529 -0.06884832 -0.00056881 -0.00046978 -0.00092415 0.00001385
1778556467.724281 0.07298529 -0.06884832 -0.00056881 0.00019795 -0.00034374 0.00017175
1778556467.790999 0.07298529 -0.06884831 -0.00056881 0.00025996 -0.00006248 -0.00085249
1778556467.857716 0.07298529 -0.06884831 -0.00056881 -0.00067533 -0.00091484 0.00092920
1778556467.924434 0.07298529 -0.06884831 -0.00056881 0.00023529 -0.00098724 -0.00030740
1778556467.991151 0.07298529 -0.06884832 -0.00056881 0.00037524 -0.00091531 0.00010226
1778556468.057868 0.07298529 -0.06884832 -0.00056882 0.00008834 0.00048196 -0.00038514
1778556468.124584 0.07298529 -0.06884831 -0.00056881 -0.00087544 -0.00011427 0.00106829
1778556468.191300 0.07298528 -0.06884831 -0.00056880 -0.00003152 0.00038420 -0.00053356
1778556468.258017 0.07298531 -0.06884833 -0.00056882 -0.00033227 0.00027919 -0.00010156
1778556468.324733 0.07298528 -0.06884831 -0.00056881 -0.00119140 0.00077951 0.00114040
1778556468.391449 0.07298528 -0.06884831 -0.00056881 -0.00066704 -0.00106470 0.00029152
1778556468.458164 0.07298528 -0.06884831 -0.00056881 -0.00103952 0.00038440 -0.00053779
1778556468.524881 0.07298527 -0.06884830 -0.00056881 0.00153395 0.00161350 0.00045579
1778556468.591597 0.07298527 -0.06884830 -0.00056881 0.00014353 0.00040871 -0.00194241
1778556468.658313 0.07298527 -0.06884830 -0.00056881 0.00119638 0.00082198 0.00161358
1778556468.725029 0.07298527 -0.06884830 -0.00056881 0.00018711 -0.00124712 0.00001447
1778556468.791745 0.07298527 -0.06884830 -0.00056881 -0.00058864 0.00036034 -0.00115130
1778556468.858461 0.07298527 -0.06884831 -0.00056881 0.00149901 -0.00080476 0.00231575
1778556468.925177 0.07298527 -0.06884831 -0.00056881 -0.00111255 0.00112932 -0.00368011
1778556468.991893 0.07298527 -0.06884831 -0.00056881 -0.00243728 0.00105803 0.00057712
1778556469.058609 0.07298528 -0.06884831 -0.00056881 0.00213937 -0.00017638 -0.00133244
1778556469.125326 0.07298529 -0.06884832 -0.00056881 0.00132304 -0.00040055 0.00038361
1778556469.192043 0.07298529 -0.06884832 -0.00056881 0.00035814 0.00163289 0.00045052
1778556469.258759 0.07298529 -0.06884832 -0.00056881 -0.00102252 0.00106152 0.00208086
1778556469.325476 0.07298531 -0.06884835 -0.00056884 -0.00071199 0.00022244 0.00072479
1778556469.392193 0.07298531 -0.06884835 -0.00056883 0.00061704 0.00049693 0.00036111
1778556469.458910 0.07298532 -0.06884835 -0.00056884 -0.00000053 -0.00068657 0.00039654
1778556469.525626 0.07298532 -0.06884835 -0.00056884 -0.00051805 -0.00017327 -0.00053443
1778556469.592343 0.07298532 -0.06884835 -0.00056884 -0.00010470 0.00002837 0.00074976
1778556469.659060 0.07298532 -0.06884835 -0.00056884 -0.00216621 0.00188775 -0.00233245
1778556469.725777 0.07298530 -0.06884834 -0.00056884 0.00049794 0.00183541 -0.00058435
1778556469.792493 0.07298529 -0.06884833 -0.00056883 0.00190786 0.00011145 -0.00102174
1778556469.859210 0.07298529 -0.06884833 -0.00056883 0.00005873 -0.00036226 -0.00146267
1778556469.925927 0.07298529 -0.06884834 -0.00056883 -0.00036900 -0.00002437 0.00107023
1778556469.992644 0.07298529 -0.06884834 -0.00056883 0.00000015 0.00021277 0.00050060
1778556470.059360 0.07298530 -0.06884834 -0.00056884 0.00040235 -0.00049372 -0.00000516
1778556470.126076 0.07298529 -0.06884834 -0.00056883 0.00064175 -0.00023366 0.00048693
1778556470.192791 0.07298529 -0.06884834 -0.00056883 -0.00094498 -0.00048779 -0.00012308
1778556470.259507 0.07298529 -0.06884834 -0.00056883 -0.00028635 0.00027153 0.00068086
1778556470.326223 0.07298527 -0.06884832 -0.00056883 0.00059837 0.00037934 -0.00014437
1778556470.392938 0.07298526 -0.06884831 -0.00056882 -0.00009480 0.00031644 -0.00033076
1778556470.459654 0.07298526 -0.06884831 -0.00056882 0.00082409 0.00043818 -0.00009486
1778556470.526370 0.07298526 -0.06884831 -0.00056882 0.00052525 -0.00051070 0.00009871
1778556470.593085 0.07298526 -0.06884831 -0.00056882 0.00045514 -0.00001896 -0.00078846
1778556470.659801 0.07298525 -0.06884831 -0.00056882 -0.00035662 -0.00017883 0.00090444
1778556470.726516 0.07298524 -0.06884830 -0.00056881 0.00018713 0.00007002 0.00030271
1778556470.793232 0.07298524 -0.06884830 -0.00056881 -0.00026419 -0.00032059 -0.00031754
1778556470.859947 0.07298524 -0.06884830 -0.00056881 -0.00006817 -0.00027088 0.00121485
1778556470.926663 0.07298523 -0.06884830 -0.00056881 0.00000260 -0.00086440 0.00184613
1778556470.993378 0.07298523 -0.06884830 -0.00056881 0.00083515 -0.00026475 -0.00055412
1778556471.060094 0.07298523 -0.06884830 -0.00056881 0.00092217 -0.00157115 0.00007412
1778556471.126810 0.07298523 -0.06884830 -0.00056882 0.00018303 -0.00111418 0.00080788
1778556471.193525 0.07298523 -0.06884830 -0.00056881 0.00073604 -0.00020918 -0.00075610
1778556471.260241 0.07298523 -0.06884830 -0.00056881 0.00043105 0.00031401 0.00047074
1778556471.326957 0.07298523 -0.06884830 -0.00056882 0.00023892 -0.00040526 -0.00005021
1778556471.393672 0.07298523 -0.06884830 -0.00056882 0.00015399 0.00188678 0.00072198
1778556471.460388 0.07298523 -0.06884830 -0.00056882 -0.00041440 0.00019195 0.00092899
1778556471.527103 0.07298525 -0.06884833 -0.00056883 -0.00019256 0.00101570 -0.00036571
1778556471.593819 0.07298528 -0.06884835 -0.00056884 0.00050368 0.00033478 -0.00023551
1778556471.660534 0.07298526 -0.06884834 -0.00056884 0.00066117 0.00027005 0.00116976
1778556471.727250 0.07298526 -0.06884834 -0.00056884 0.00021843 -0.00085128 -0.00032337
1778556471.793965 0.07298526 -0.06884834 -0.00056884 -0.00062014 0.00024080 0.00050218
1778556471.860680 0.07298526 -0.06884834 -0.00056884 -0.00110046 0.00053134 -0.00079883
1778556471.927396 0.07298527 -0.06884834 -0.00056885 0.00130200 0.00114252 0.00060801
1778556471.994111 0.07298527 -0.06884835 -0.00056885 -0.00334541 0.00038036 -0.00188830
1778556472.060827 0.07298527 -0.06884835 -0.00056885 -0.00100109 -0.00017580 -0.00145889
1778556472.127543 0.07298527 -0.06884835 -0.00056885 -0.00105201 0.00053819 0.00029337
1778556472.194258 0.07298527 -0.06884834 -0.00056885 -0.00088052 0.00004057 0.00156756
1778556472.260974 0.07298526 -0.06884834 -0.00056884 -0.00071005 -0.00003447 0.00147030
1778556472.327690 0.07298526 -0.06884834 -0.00056884 0.00103422 0.00037097 0.00027249
1778556472.394406 0.07298526 -0.06884834 -0.00056884 -0.00014123 0.00065712 0.00098815
1778556472.461122 0.07298526 -0.06884834 -0.00056884 0.00094836 0.00066947 0.00019236
1778556472.527837 0.07298527 -0.06884834 -0.00056884 0.00008788 0.00086949 0.00009810
1778556472.594553 0.07298527 -0.06884834 -0.00056884 -0.00038140 0.00070703 0.00042112
1778556472.661268 0.07298529 -0.06884836 -0.00056886 -0.00101108 0.00026317 0.00039872
1778556472.727984 0.07298529 -0.06884836 -0.00056886 -0.00079661 -0.00068523 -0.00047338
1778556472.794700 0.07298531 -0.06884838 -0.00056888 -0.00101931 -0.00108326 -0.00126321
1778556472.861416 0.07298530 -0.06884838 -0.00056887 -0.00017188 -0.00083083 0.00011153
1778556472.928131 0.07298530 -0.06884838 -0.00056887 0.00009766 -0.00013304 0.00178106
1778556472.994847 0.07298530 -0.06884837 -0.00056887 -0.00138876 0.00065500 -0.00019755
1778556473.061563 0.07298532 -0.06884839 -0.00056888 0.00032145 0.00041260 -0.00075933
1778556473.128278 0.07298531 -0.06884839 -0.00056888 -0.00065400 0.00001402 -0.00063466
1778556473.194994 0.07298532 -0.06884839 -0.00056888 -0.00096833 -0.00060314 -0.00182324
1778556473.261710 0.07298532 -0.06884839 -0.00056888 0.00050756 0.00007476 -0.00124504
1778556473.328426 0.07298532 -0.06884839 -0.00056888 0.00041467 0.00005255 -0.00110266
1778556473.395141 0.07298533 -0.06884840 -0.00056888 0.00028095 -0.00062415 -0.00135620
1778556473.461857 0.07298532 -0.06884839 -0.00056888 0.00042309 -0.00012387 -0.00016165
1778556473.528573 0.07298532 -0.06884839 -0.00056888 0.00051313 -0.00113582 -0.00032698
1778556473.595288 0.07298533 -0.06884840 -0.00056889 -0.00007698 -0.00046770 -0.00063765
1778556473.662004 0.07298533 -0.06884840 -0.00056889 -0.00088380 -0.00107156 0.00120770
1778556473.728719 0.07298532 -0.06884839 -0.00056888 0.00012451 0.00017199 -0.00009038
1778556473.795435 0.07298531 -0.06884839 -0.00056888 0.00027746 -0.00025435 0.00030438
1778556473.862151 0.07298531 -0.06884839 -0.00056888 0.00102564 0.00042703 -0.00004031
1778556473.928866 0.07298531 -0.06884839 -0.00056888 0.00022891 -0.00033950 0.00025609
1778556473.995582 0.07298531 -0.06884839 -0.00056888 0.00048709 -0.00018729 -0.00026686
1778556474.062298 0.07298531 -0.06884839 -0.00056888 0.00040497 0.00010625 -0.00074175
1778556474.129013 0.07298531 -0.06884839 -0.00056888 0.00075131 -0.00008790 0.00087233
1778556474.195729 0.07298529 -0.06884837 -0.00056886 -0.00128461 -0.00186074 0.00014993
1778556474.262444 0.07298529 -0.06884836 -0.00056886 -0.00076765 0.00006672 -0.00014923
1778556474.329160 0.07298530 -0.06884838 -0.00056887 -0.00021745 -0.00079710 0.00002091
1778556474.395876 0.07298531 -0.06884838 -0.00056888 -0.00024350 0.00038598 -0.00008328
1778556474.462591 0.07298531 -0.06884838 -0.00056888 0.00133524 -0.00140596 0.00164988
1778556474.529307 0.07298531 -0.06884838 -0.00056888 0.00120134 -0.00113090 0.00164701
1778556474.596022 0.07298531 -0.06884838 -0.00056888 0.00023380 0.00128981 0.00035080
1778556474.662738 0.07298531 -0.06884839 -0.00056888 0.00068184 0.00189370 -0.00106631
1778556474.729454 0.07298531 -0.06884839 -0.00056888 -0.00033268 0.00031834 0.00043006
1778556474.796169 0.07298531 -0.06884839 -0.00056887 0.00013853 0.00016625 0.00034759
1778556474.862885 0.07298531 -0.06884839 -0.00056888 -0.00096220 -0.00028932 0.00108840
1778556474.929600 0.07298531 -0.06884839 -0.00056888 -0.00008209 -0.00013134 -0.00105862
1778556474.996315 0.07298532 -0.06884840 -0.00056888 -0.00011898 -0.00140793 0.00175987
1778556475.063031 0.07298532 -0.06884840 -0.00056888 0.00014171 -0.00037005 -0.00126182
1778556475.129748 0.07298531 -0.06884839 -0.00056888 0.00018033 0.00034051 -0.00088592
1778556475.196464 0.07298529 -0.06884837 -0.00056887 -0.00007278 -0.00057843 0.00088804
1778556475.263180 0.07298528 -0.06884836 -0.00056887 0.00007192 0.00123500 0.00047751
1778556475.329896 0.07298528 -0.06884836 -0.00056886 0.00051855 -0.00076434 -0.00078514
1778556475.396612 0.07298528 -0.06884836 -0.00056887 0.00117792 0.00042681 -0.00137659
1778556475.463329 0.07298529 -0.06884837 -0.00056887 0.00088210 -0.00040169 0.00255367
1778556475.530045 0.07298529 -0.06884837 -0.00056887 0.00012176 0.00163946 0.00017837
1778556475.596761 0.07298529 -0.06884837 -0.00056887 0.00127502 0.00072102 -0.00216285
1778556475.663477 0.07298529 -0.06884837 -0.00056887 -0.00060833 0.00151680 0.00049345
1778556475.730193 0.07298527 -0.06884836 -0.00056886 -0.00032598 -0.00054274 0.00147496
1778556475.796909 0.07298527 -0.06884836 -0.00056886 0.00035926 0.00001293 -0.00043709
1778556475.863626 0.07298527 -0.06884835 -0.00056886 -0.00001684 0.00046380 0.00075944
1778556475.930341 0.07298527 -0.06884835 -0.00056886 0.00053214 0.00103209 -0.00152130
1778556475.997058 0.07298526 -0.06884834 -0.00056885 -0.00007358 -0.00055730 -0.00043201
1778556476.063774 0.07298525 -0.06884834 -0.00056885 0.00022479 -0.00098084 -0.00051111
1778556476.130490 0.07298525 -0.06884834 -0.00056885 0.00058416 -0.00037735 -0.00009979
1778556476.197207 0.07298525 -0.06884834 -0.00056885 0.00053660 0.00047728 -0.00071669
1778556476.263923 0.07298525 -0.06884834 -0.00056885 0.00105839 0.00027220 0.00047590
1778556476.330639 0.07298523 -0.06884833 -0.00056884 -0.00097920 0.00107785 -0.00024840
1778556476.397356 0.07298524 -0.06884833 -0.00056885 0.00036976 -0.00023025 -0.00007207
1778556476.464072 0.07298524 -0.06884833 -0.00056885 0.00030840 0.00045127 0.00055158
1778556476.530789 0.07298523 -0.06884832 -0.00056884 -0.00035925 -0.00056451 -0.00047568
1778556476.597505 0.07298527 -0.06884836 -0.00056887 -0.00005565 0.00044633 0.00100906
1778556476.664222 0.07298528 -0.06884837 -0.00056887 -0.00062071 -0.00030768 0.00033980
1778556476.730938 0.07298528 -0.06884836 -0.00056887 0.00130466 -0.00143589 -0.00105482
1778556476.797654 0.07298528 -0.06884836 -0.00056887 0.00024910 -0.00017463 0.00112394
1778556476.864370 0.07298527 -0.06884836 -0.00056887 0.00064184 0.00009276 -0.00096093
1778556476.931087 0.07298528 -0.06884836 -0.00056887 0.00060388 -0.00078174 0.00035000
1778556476.997803 0.07298527 -0.06884836 -0.00056886 -0.00003421 -0.00017738 0.00084929
1778556477.064519 0.07298525 -0.06884835 -0.00056886 0.00040369 -0.00139132 0.00091143
1778556477.131235 0.07298526 -0.06884836 -0.00056886 0.00059441 -0.00032445 0.00030773
1778556477.197951 0.07298526 -0.06884836 -0.00056886 -0.00093199 -0.00114393 -0.00016807
1778556477.264667 0.07298523 -0.06884834 -0.00056885 -0.00037284 -0.00116654 -0.00082525
1778556477.331383 0.07298524 -0.06884834 -0.00056885 -0.00006380 -0.00025922 0.00118653
1778556477.398098 0.07298522 -0.06884833 -0.00056885 -0.00050809 0.00004946 0.00105021
1778556477.464814 0.07298523 -0.06884834 -0.00056885 -0.00059508 0.00040667 -0.00061822
1778556477.531530 0.07298522 -0.06884833 -0.00056885 -0.00010633 -0.00025391 0.00020168
1778556477.598246 0.07298522 -0.06884833 -0.00056885 0.00041520 0.00015762 0.00040902
1778556477.664961 0.07298522 -0.06884833 -0.00056884 0.00030764 -0.00018644 0.00026218
1778556477.731677 0.07298523 -0.06884833 -0.00056885 0.00026394 -0.00031163 -0.00057249
1778556477.798393 0.07298522 -0.06884832 -0.00056884 0.00043216 -0.00099468 0.00006461
1778556477.865109 0.07298523 -0.06884833 -0.00056884 -0.00038423 -0.00013388 0.00109909
1778556477.931824 0.07298523 -0.06884833 -0.00056884 0.00007293 -0.00036088 0.00017844
1778556477.998540 0.07298523 -0.06884833 -0.00056884 0.00214900 -0.00083278 -0.00113798
1778556478.065256 0.07298523 -0.06884833 -0.00056885 -0.00103027 -0.00068370 0.00026396
1778556478.131972 0.07298523 -0.06884833 -0.00056884 -0.00212703 0.00125051 -0.00014532
1778556478.198688 0.07298523 -0.06884833 -0.00056884 -0.00126881 0.00069528 -0.00072987
1778556478.265404 0.07298523 -0.06884833 -0.00056884 -0.00056969 -0.00048750 0.00006277
1778556478.332119 0.07298523 -0.06884833 -0.00056884 -0.00049798 -0.00021468 0.00049331
1778556478.398835 0.07298523 -0.06884833 -0.00056884 0.00043514 -0.00013646 -0.00099775
1778556478.465551 0.07298524 -0.06884834 -0.00056884 -0.00019683 -0.00067229 0.00073764
1778556478.532267 0.07298524 -0.06884834 -0.00056884 -0.00036275 0.00072073 -0.00046692
1778556478.598983 0.07298524 -0.06884834 -0.00056885 -0.00051407 0.00009496 0.00022290
1778556478.665699 0.07298522 -0.06884833 -0.00056884 0.00140202 -0.00065075 -0.00043401
1778556478.732414 0.07298523 -0.06884833 -0.00056884 0.00020831 -0.00036507 -0.00034347
1778556478.799130 0.07298523 -0.06884833 -0.00056884 -0.00070997 0.00069293 0.00000129
1778556478.865846 0.07298523 -0.06884833 -0.00056884 -0.00051333 0.00026206 0.00170568
1778556478.932562 0.07298523 -0.06884833 -0.00056884 -0.00005943 -0.00031735 -0.00058084
1778556478.999277 0.07298523 -0.06884833 -0.00056884 -0.00026167 -0.00008311 0.00044268
1778556479.065993 0.07298524 -0.06884834 -0.00056885 0.00051025 -0.00056908 0.00055460
1778556479.132709 0.07298524 -0.06884834 -0.00056884 0.00030923 0.00004567 -0.00014674
1778556479.199425 0.07298524 -0.06884835 -0.00056885 0.00024266 0.00079422 -0.00056735
1778556479.266141 0.07298523 -0.06884833 -0.00056884 0.00025847 -0.00080148 0.00038912
1778556479.332857 0.07298523 -0.06884834 -0.00056884 0.00001866 -0.00006603 -0.00017597
1778556479.399573 0.07298524 -0.06884834 -0.00056885 0.00063594 -0.00050726 0.00087297
1778556479.466288 0.07298524 -0.06884835 -0.00056885 0.00026643 -0.00057084 -0.00070787
1778556479.533004 0.07298525 -0.06884835 -0.00056885 -0.00121514 0.00154938 -0.00109226
1778556479.599720 0.07298525 -0.06884835 -0.00056885 0.00134300 -0.00197271 -0.00036771
1778556479.666436 0.07298524 -0.06884835 -0.00056885 -0.00046298 -0.00105297 0.00042315
1778556479.733152 0.07298525 -0.06884835 -0.00056885 -0.00035918 0.00199824 -0.00094028
1778556479.799868 0.07298522 -0.06884833 -0.00056883 -0.00163590 -0.00029973 0.00117293
1778556479.866584 0.07298522 -0.06884833 -0.00056883 -0.00022636 -0.00023362 -0.00074821
1778556479.933299 0.07298521 -0.06884832 -0.00056883 0.00033746 -0.00053406 0.00129722
1778556480.000015 0.07298521 -0.06884832 -0.00056883 -0.00000310 0.00013675 0.00024645
1778556480.066732 0.07298522 -0.06884832 -0.00056883 -0.00018853 -0.00028621 0.00021080
1778556480.133450 0.07298522 -0.06884832 -0.00056883 0.00084636 -0.00153569 -0.00044963
1778556480.200167 0.07298522 -0.06884833 -0.00056883 -0.00021278 0.00131618 -0.00012385
1778556480.266885 0.07298523 -0.06884834 -0.00056884 -0.00019777 -0.00011150 -0.00052919
1778556480.333603 0.07298522 -0.06884833 -0.00056883 -0.00033330 -0.00027585 -0.00029895
1778556480.400321 0.07298522 -0.06884833 -0.00056883 0.00078358 0.00000231 0.00012791
1778556480.467039 0.07298526 -0.06884836 -0.00056885 0.00072341 0.00011131 0.00092881
1778556480.533757 0.07298534 -0.06884843 -0.00056890 0.00136826 0.00030932 0.00187327
1778556480.600475 0.07298534 -0.06884843 -0.00056889 0.00002519 -0.00060252 0.00044860
1778556480.667193 0.07298534 -0.06884843 -0.00056889 -0.00032858 0.00020321 0.00040412
1778556480.733911 0.07298530 -0.06884839 -0.00056888 0.00061687 -0.00026122 0.00079479
1778556480.800629 0.07298530 -0.06884839 -0.00056887 -0.00027954 -0.00195253 0.00097842
1778556480.867348 0.07298529 -0.06884838 -0.00056887 0.00122298 -0.00109049 0.00191804
1778556480.934066 0.07298530 -0.06884838 -0.00056888 -0.00021177 0.00012148 0.00037930
1778556481.000784 0.07298530 -0.06884837 -0.00056888 -0.00056034 0.00034165 0.00009870
1778556481.067502 0.07298530 -0.06884837 -0.00056888 0.00017681 0.00049959 -0.00019775
1778556481.134218 0.07298530 -0.06884837 -0.00056888 0.00118044 -0.00078556 0.00052239
1778556481.200934 0.07298530 -0.06884838 -0.00056888 0.00116890 0.00061078 -0.00004981
1778556481.267650 0.07298530 -0.06884838 -0.00056889 0.00130293 -0.00071235 0.00080567
1778556481.334366 0.07298531 -0.06884838 -0.00056889 0.00060134 -0.00050007 -0.00031438
1778556481.401082 0.07298531 -0.06884839 -0.00056889 0.00058409 0.00013826 -0.00102594
1778556481.467798 0.07298531 -0.06884839 -0.00056889 0.00089492 0.00009980 0.00065679
1778556481.534515 0.07298531 -0.06884838 -0.00056889 0.00122193 0.00080376 -0.00062016
1778556481.601231 0.07298531 -0.06884838 -0.00056889 0.00071373 0.00012837 0.00133917
1778556481.667947 0.07298531 -0.06884838 -0.00056888 0.00172333 -0.00020132 -0.00035255
1778556481.734663 0.07298531 -0.06884838 -0.00056888 0.00084165 -0.00019300 -0.00032931
1778556481.801379 0.07298531 -0.06884838 -0.00056889 0.00110884 -0.00021220 -0.00045000
1778556481.868095 0.07298531 -0.06884838 -0.00056889 0.00043811 0.00041074 -0.00064495
1778556481.934812 0.07298530 -0.06884837 -0.00056888 0.00038704 0.00126904 0.00082886
1778556482.001528 0.07298529 -0.06884837 -0.00056887 0.00176785 -0.00063432 -0.00007865
1778556482.068244 0.07298530 -0.06884837 -0.00056887 -0.00048749 -0.00185284 0.00195183
1778556482.134961 0.07298529 -0.06884837 -0.00056887 -0.00131021 0.00159488 0.00039091
1778556482.201678 0.07298529 -0.06884836 -0.00056887 -0.00004020 0.00058858 0.00011347
1778556482.268395 0.07298529 -0.06884836 -0.00056887 -0.00053339 -0.00125351 -0.00010163
1778556482.335112 0.07298528 -0.06884835 -0.00056887 0.00164752 0.00035282 -0.00072328
1778556482.401829 0.07298528 -0.06884835 -0.00056886 0.00192766 -0.00031962 -0.00308587
1778556482.468546 0.07298528 -0.06884836 -0.00056887 0.00144791 0.00019371 -0.00051604
1778556482.535264 0.07298528 -0.06884836 -0.00056887 -0.00013246 0.00106372 0.00012651
1778556482.601981 0.07298528 -0.06884835 -0.00056886 -0.00200654 -0.00031988 -0.00023864
1778556482.668698 0.07298528 -0.06884835 -0.00056887 -0.00013858 -0.00108680 -0.00235679
1778556482.735415 0.07298528 -0.06884835 -0.00056886 -0.00072087 -0.00040773 0.00320489
1778556482.802132 0.07298528 -0.06884835 -0.00056886 -0.00062737 -0.00111478 0.00027632
1778556482.868849 0.07298528 -0.06884835 -0.00056886 -0.00088294 -0.00061648 -0.00047401
1778556482.935566 0.07298529 -0.06884836 -0.00056887 0.00080586 0.00060594 -0.00031976
1778556483.002283 0.07298530 -0.06884837 -0.00056887 0.00027531 0.00091050 -0.00007046
1778556483.069001 0.07298529 -0.06884836 -0.00056887 -0.00068072 0.00043022 0.00083446
1778556483.135718 0.07298530 -0.06884837 -0.00056888 0.00041579 -0.00003800 0.00071590
1778556483.202435 0.07298530 -0.06884838 -0.00056888 -0.00052471 0.00076030 -0.00085020
1778556483.269152 0.07298531 -0.06884838 -0.00056888 -0.00133117 -0.00013851 0.00051060
1778556483.335869 0.07298530 -0.06884837 -0.00056888 0.00004123 0.00025932 -0.00063382
1778556483.402586 0.07298530 -0.06884837 -0.00056888 -0.00082581 0.00052907 -0.00100191
1778556483.469304 0.07298530 -0.06884837 -0.00056888 0.00007660 -0.00097770 -0.00045605
1778556483.536021 0.07298530 -0.06884837 -0.00056888 -0.00040065 -0.00128585 -0.00126901
1778556483.602738 0.07298530 -0.06884837 -0.00056888 -0.00034798 0.00028683 0.00010408
1778556483.669456 0.07298529 -0.06884837 -0.00056888 -0.00002080 0.00039959 -0.00052913
1778556483.736173 0.07298530 -0.06884837 -0.00056888 -0.00049788 -0.00021145 0.00028010
1778556483.802890 0.07298531 -0.06884838 -0.00056889 -0.00071032 0.00035355 0.00033962
1778556483.869607 0.07298531 -0.06884839 -0.00056889 0.00002307 0.00018468 -0.00028639
1778556483.936325 0.07298532 -0.06884839 -0.00056889 0.00072198 -0.00073027 -0.00076436
1778556484.003042 0.07298531 -0.06884839 -0.00056889 0.00049466 -0.00014744 -0.00120700
1778556484.069759 0.07298531 -0.06884838 -0.00056889 0.00020554 0.00076736 -0.00063207
1778556484.136476 0.07298531 -0.06884838 -0.00056888 0.00050614 0.00031356 -0.00090621
1778556484.203192 0.07298531 -0.06884838 -0.00056889 -0.00026160 -0.00065049 0.00028377
1778556484.269909 0.07298530 -0.06884838 -0.00056888 -0.00032632 0.00029713 -0.00056543
1778556484.336626 0.07298530 -0.06884838 -0.00056888 -0.00067833 -0.00043450 -0.00055967
1778556484.403342 0.07298531 -0.06884839 -0.00056889 0.00008477 0.00000841 -0.00025105
1778556484.470059 0.07298531 -0.06884839 -0.00056889 -0.00108504 -0.00005243 0.00036623
1778556484.536775 0.07298530 -0.06884837 -0.00056888 0.00036299 -0.00048726 -0.00020310
1778556484.603492 0.07298531 -0.06884839 -0.00056889 0.00036750 0.00007157 0.00093198
1778556484.670209 0.07298531 -0.06884839 -0.00056889 0.00051240 0.00016392 -0.00131331
1778556484.736926 0.07298531 -0.06884838 -0.00056888 0.00087313 0.00079858 -0.00264293
1778556484.803642 0.07298532 -0.06884839 -0.00056889 -0.00083388 -0.00014113 0.00053326
1778556484.870359 0.07298533 -0.06884840 -0.00056889 0.00042046 -0.00123263 -0.00076565
1778556484.937075 0.07298532 -0.06884840 -0.00056889 -0.00038888 -0.00044841 -0.00058953
1778556485.003792 0.07298532 -0.06884839 -0.00056889 -0.00020750 -0.00145629 -0.00102827
1778556485.070509 0.07298533 -0.06884840 -0.00056889 0.00167199 0.00067218 0.00000348
1778556485.137225 0.07298533 -0.06884840 -0.00056890 0.00052771 -0.00024589 0.00092537
1778556485.203942 0.07298533 -0.06884840 -0.00056890 0.00106882 -0.00082333 -0.00057510
1778556485.270658 0.07298532 -0.06884839 -0.00056889 0.00035589 -0.00044775 0.00103347
1778556485.337375 0.07298533 -0.06884839 -0.00056889 0.00000628 -0.00068500 -0.00043556
1778556485.404092 0.07298531 -0.06884838 -0.00056889 0.00069238 0.00035249 -0.00038092
1778556485.470808 0.07298529 -0.06884835 -0.00056888 0.00007534 0.00119496 0.00073704
1778556485.537525 0.07298530 -0.06884836 -0.00056890 -0.00027650 -0.00016802 0.00006492
1778556485.604241 0.07298530 -0.06884836 -0.00056890 0.00047923 0.00032938 0.00071891
1778556485.670958 0.07298530 -0.06884836 -0.00056890 0.00104377 -0.00051348 0.00028526
1778556485.737675 0.07298530 -0.06884836 -0.00056890 0.00056202 -0.00027974 0.00098448
1778556485.804391 0.07298531 -0.06884837 -0.00056891 0.00030856 -0.00026191 -0.00015806
1778556485.871108 0.07298531 -0.06884837 -0.00056891 -0.00016279 -0.00025404 0.00098843
1778556485.937824 0.07298531 -0.06884837 -0.00056891 0.00020966 0.00035467 0.00049125
1778556486.004541 0.07298531 -0.06884837 -0.00056891 -0.00048144 -0.00010189 -0.00020479
1778556486.071258 0.07298531 -0.06884837 -0.00056891 0.00109266 0.00068955 0.00069931
1778556486.137974 0.07298531 -0.06884837 -0.00056891 -0.00016238 0.00075544 0.00045463
1778556486.204690 0.07298531 -0.06884837 -0.00056891 -0.00027331 -0.00053666 -0.00038433
1778556486.271407 0.07298531 -0.06884837 -0.00056891 -0.00012431 -0.00038001 -0.00056755
1778556486.338123 0.07298531 -0.06884837 -0.00056891 -0.00117746 0.00104286 -0.00047504
1778556486.404840 0.07298530 -0.06884837 -0.00056890 -0.00050036 0.00009327 0.00092836
1778556486.471556 0.07298530 -0.06884837 -0.00056890 -0.00019121 0.00009712 0.00046226
1778556486.538272 0.07298530 -0.06884836 -0.00056890 0.00032246 0.00002958 -0.00029554
1778556486.604989 0.07298530 -0.06884836 -0.00056891 -0.00040385 -0.00007965 -0.00046462
1778556486.671705 0.07298530 -0.06884836 -0.00056891 -0.00105401 -0.00017433 0.00079560
1778556486.738422 0.07298530 -0.06884836 -0.00056891 -0.00014066 0.00111948 0.00080527
1778556486.805138 0.07298533 -0.06884839 -0.00056891 -0.00007434 -0.00118761 0.00055968
1778556486.871855 0.07298533 -0.06884840 -0.00056892 -0.00028883 -0.00015944 -0.00003107
1778556486.938571 0.07298534 -0.06884840 -0.00056892 0.00140889 0.00042033 -0.00047217
1778556487.005287 0.07298534 -0.06884840 -0.00056891 0.00174970 0.00016369 0.00059213
1778556487.072004 0.07298534 -0.06884840 -0.00056891 0.00040857 0.00106810 0.00112816
1778556487.138721 0.07298534 -0.06884840 -0.00056891 0.00017315 0.00124795 -0.00014236
1778556487.205438 0.07298533 -0.06884839 -0.00056891 -0.00032562 0.00115277 0.00167664
1778556487.272155 0.07298532 -0.06884838 -0.00056890 0.00000668 0.00006169 -0.00064881
1778556487.338872 0.07298532 -0.06884838 -0.00056890 -0.00074776 -0.00024991 0.00151817
1778556487.405589 0.07298532 -0.06884838 -0.00056890 -0.00080252 -0.00040074 0.00141028
1778556487.472306 0.07298532 -0.06884838 -0.00056890 0.00002694 0.00088272 0.00020218
1778556487.539023 0.07298532 -0.06884838 -0.00056890 0.00218135 0.00071797 0.00171796
1778556487.605741 0.07298535 -0.06884841 -0.00056893 0.00198658 -0.00038646 0.00026903
1778556487.672457 0.07298535 -0.06884841 -0.00056893 0.00178317 0.00037589 -0.00093008
1778556487.739175 0.07298535 -0.06884841 -0.00056893 0.00088430 0.00004938 -0.00058866
1778556487.805892 0.07298536 -0.06884842 -0.00056893 -0.00040214 -0.00064507 0.00252302
1778556487.872609 0.07298536 -0.06884842 -0.00056893 0.00000102 -0.00024034 0.00074102
1778556487.939326 0.07298538 -0.06884843 -0.00056893 0.00077824 0.00011316 0.00089943
1778556488.006043 0.07298539 -0.06884844 -0.00056894 0.00176940 0.00078493 0.00022347
1778556488.072760 0.07298540 -0.06884845 -0.00056894 -0.00061135 -0.00151149 -0.00032223
1778556488.139476 0.07298540 -0.06884845 -0.00056894 0.00013049 -0.00053338 -0.00034899
1778556488.206192 0.07298539 -0.06884844 -0.00056894 0.00028632 -0.00015987 -0.00012537
1778556488.272909 0.07298539 -0.06884844 -0.00056894 0.00039741 -0.00018527 -0.00084887
1778556488.339625 0.07298539 -0.06884844 -0.00056894 0.00066494 -0.00000695 0.00059395
1778556488.406341 0.07298539 -0.06884844 -0.00056894 0.00079800 0.00088302 -0.00156554
1778556488.473058 0.07298540 -0.06884845 -0.00056895 0.00030910 0.00063667 0.00068725
1778556488.539774 0.07298539 -0.06884844 -0.00056894 0.00008083 -0.00046363 -0.00113247
1778556488.606490 0.07298539 -0.06884843 -0.00056894 -0.00009986 0.00055006 -0.00089189
1778556488.673207 0.07298539 -0.06884843 -0.00056894 0.00020386 -0.00009091 0.00078268
1778556488.739923 0.07298539 -0.06884843 -0.00056894 -0.00033010 -0.00029017 -0.00012799
1778556488.806639 0.07298539 -0.06884843 -0.00056894 0.00032109 -0.00000568 -0.00100514
1778556488.873355 0.07298539 -0.06884843 -0.00056894 -0.00054111 -0.00120149 0.00051753
1778556488.940072 0.07298539 -0.06884843 -0.00056894 -0.00012845 0.00027291 -0.00031868
1778556489.006788 0.07298539 -0.06884844 -0.00056894 0.00086454 -0.00037987 -0.00013152
1778556489.073504 0.07298540 -0.06884844 -0.00056894 0.00064336 0.00030801 -0.00052858
1778556489.140220 0.07298540 -0.06884844 -0.00056894 0.00064251 -0.00103324 -0.00101725
1778556489.206937 0.07298540 -0.06884845 -0.00056895 0.00008058 0.00022235 -0.00048685
1778556489.273653 0.07298540 -0.06884844 -0.00056894 0.00018436 0.00112663 -0.00048440
1778556489.340370 0.07298540 -0.06884844 -0.00056894 0.00062988 -0.00028497 0.00038455
1778556489.407086 0.07298539 -0.06884844 -0.00056894 0.00059480 0.00059580 0.00003892
1778556489.473803 0.07298539 -0.06884844 -0.00056894 -0.00129080 0.00137722 0.00096829
1778556489.540519 0.07298539 -0.06884844 -0.00056894 -0.00107906 -0.00007465 -0.00026692
1778556489.607235 0.07298539 -0.06884844 -0.00056894 -0.00076497 0.00008926 -0.00012352
1778556489.673952 0.07298539 -0.06884844 -0.00056894 -0.00128928 0.00051435 -0.00033707
1778556489.740668 0.07298539 -0.06884844 -0.00056894 -0.00051218 0.00046609 -0.00007050
1778556489.807384 0.07298539 -0.06884843 -0.00056894 0.00009267 0.00001284 -0.00033660
1778556489.874101 0.07298540 -0.06884844 -0.00056894 -0.00002019 0.00058176 -0.00065829
1778556489.940817 0.07298540 -0.06884844 -0.00056895 0.00026087 -0.00038254 -0.00015661
1778556490.007534 0.07298540 -0.06884844 -0.00056895 -0.00044527 0.00052086 0.00027315
1778556490.074250 0.07298540 -0.06884844 -0.00056895 0.00002723 0.00020823 0.00017985
1778556490.140965 0.07298540 -0.06884845 -0.00056895 0.00010826 -0.00021382 0.00008280
1778556490.207682 0.07298540 -0.06884845 -0.00056895 -0.00064955 0.00032797 -0.00021451
1778556490.274398 0.07298541 -0.06884845 -0.00056895 -0.00053846 -0.00015109 -0.00069597
1778556490.341114 0.07298541 -0.06884846 -0.00056896 -0.00184661 0.00025500 -0.00093345
1778556490.407830 0.07298539 -0.06884845 -0.00056894 -0.00131649 -0.00057706 -0.00111617
1778556490.474546 0.07298539 -0.06884845 -0.00056894 -0.00124392 -0.00013851 0.00047288
1778556490.541262 0.07298536 -0.06884842 -0.00056892 -0.00023546 -0.00008959 -0.00097235
1778556490.607978 0.07298536 -0.06884842 -0.00056893 -0.00016089 0.00085343 -0.00088529
1778556490.674694 0.07298537 -0.06884842 -0.00056892 -0.00043874 0.00092558 -0.00029934
1778556490.741410 0.07298537 -0.06884842 -0.00056893 0.00084958 0.00031188 0.00084342
1778556490.808126 0.07298536 -0.06884841 -0.00056892 0.00116748 -0.00086349 0.00011400
1778556490.874842 0.07298536 -0.06884841 -0.00056892 -0.00064902 0.00003976 0.00006045
1778556490.941558 0.07298538 -0.06884843 -0.00056893 0.00011441 -0.00056909 0.00075296
1778556491.008274 0.07298537 -0.06884842 -0.00056893 -0.00025025 0.00027444 -0.00027141
1778556491.074991 0.07298536 -0.06884842 -0.00056892 0.00056958 0.00033634 -0.00015872
1778556491.141707 0.07298536 -0.06884841 -0.00056892 0.00076934 -0.00057043 -0.00033735
1778556491.208424 0.07298536 -0.06884841 -0.00056892 -0.00057960 0.00011328 -0.00018935
1778556491.275141 0.07298536 -0.06884841 -0.00056892 0.00020124 -0.00002964 0.00012084
1778556491.341858 0.07298536 -0.06884842 -0.00056892 -0.00031743 0.00067845 -0.00070088
1778556491.408575 0.07298536 -0.06884842 -0.00056892 -0.00051025 0.00028131 -0.00026946
1778556491.475291 0.07298536 -0.06884842 -0.00056892 -0.00053245 0.00032861 -0.00041373
1778556491.542008 0.07298537 -0.06884842 -0.00056892 -0.00018797 -0.00032449 -0.00050476
1778556491.608725 0.07298537 -0.06884842 -0.00056892 -0.00019524 0.00043836 0.00024825
1778556491.675442 0.07298536 -0.06884842 -0.00056892 -0.00023552 0.00035742 -0.00009485
1778556491.742158 0.07298536 -0.06884841 -0.00056892 0.00090551 -0.00059460 0.00042453
1778556491.808876 0.07298536 -0.06884841 -0.00056892 0.00002502 0.00077553 0.00000248
1778556491.875592 0.07298536 -0.06884841 -0.00056892 0.00004954 -0.00031040 0.00011523
1778556491.942309 0.07298536 -0.06884841 -0.00056891 -0.00046357 0.00031669 -0.00178097
1778556492.009026 0.07298536 -0.06884840 -0.00056891 0.00087851 -0.00039520 0.00044734
1778556492.075743 0.07298537 -0.06884841 -0.00056891 0.00053289 -0.00056818 -0.00066791
1778556492.142460 0.07298536 -0.06884840 -0.00056891 0.00098330 -0.00022629 -0.00023431
1778556492.209177 0.07298536 -0.06884840 -0.00056891 0.00051210 0.00025498 0.00033524
1778556492.275893 0.07298536 -0.06884840 -0.00056890 0.00115373 0.00001981 0.00118418
1778556492.342610 0.07298536 -0.06884840 -0.00056891 0.00090423 -0.00000033 -0.00016943
1778556492.409328 0.07298536 -0.06884840 -0.00056891 0.00052343 -0.00090115 0.00042121
1778556492.476044 0.07298536 -0.06884840 -0.00056891 0.00058496 -0.00005329 -0.00009774
1778556492.542761 0.07298536 -0.06884840 -0.00056891 0.00031357 -0.00054520 0.00001209
1778556492.609478 0.07298536 -0.06884840 -0.00056891 -0.00092033 0.00043893 0.00042042
1778556492.676195 0.07298536 -0.06884840 -0.00056891 0.00002341 -0.00022648 -0.00118466
1778556492.742912 0.07298536 -0.06884840 -0.00056891 0.00043350 -0.00094141 -0.00147744
1778556492.809629 0.07298536 -0.06884840 -0.00056891 -0.00026536 0.00003140 -0.00000023
1778556492.876346 0.07298536 -0.06884840 -0.00056891 -0.00055174 0.00070004 -0.00031018
1778556492.943063 0.07298536 -0.06884841 -0.00056891 -0.00009051 0.00072097 0.00021056
1778556493.009780 0.07298536 -0.06884841 -0.00056891 0.00086423 -0.00077481 0.00060862
1778556493.076497 0.07298536 -0.06884840 -0.00056891 0.00075266 0.00040092 0.00037004
1778556493.143214 0.07298537 -0.06884841 -0.00056892 0.00030731 0.00116809 -0.00024391
1778556493.209931 0.07298537 -0.06884841 -0.00056892 -0.00101574 -0.00005047 -0.00119201
1778556493.276647 0.07298538 -0.06884842 -0.00056892 -0.00017363 0.00019214 -0.00279252
1778556493.343364 0.07298537 -0.06884841 -0.00056891 0.00071658 -0.00148641 0.00036162
1778556493.410081 0.07298538 -0.06884842 -0.00056892 0.00046533 -0.00000112 -0.00302394
1778556493.476797 0.07298538 -0.06884843 -0.00056892 -0.00160617 0.00079751 0.00349801
1778556493.543514 0.07298538 -0.06884842 -0.00056892 0.00150688 -0.00088810 0.00177505
1778556493.610231 0.07298538 -0.06884842 -0.00056892 0.00149233 0.00154672 -0.00051511
1778556493.676948 0.07298538 -0.06884842 -0.00056892 0.00168607 -0.00066036 0.00074347
1778556493.743664 0.07298538 -0.06884842 -0.00056892 0.00061451 0.00118940 0.00076152
1778556493.810381 0.07298536 -0.06884841 -0.00056892 0.00065918 -0.00067090 -0.00061808
1778556493.877098 0.07298536 -0.06884841 -0.00056892 -0.00032900 0.00034365 0.00017671
1778556493.943815 0.07298537 -0.06884842 -0.00056892 -0.00011686 -0.00049475 -0.00015264
1778556494.010531 0.07298537 -0.06884842 -0.00056892 -0.00019529 -0.00013319 0.00005676
1778556494.077250 0.07298537 -0.06884842 -0.00056892 -0.00024281 0.00079316 -0.00109609
1778556494.143971 0.07298537 -0.06884842 -0.00056892 -0.00062625 -0.00030908 -0.00036258
1778556494.210692 0.07298537 -0.06884842 -0.00056892 -0.00033946 -0.00038440 -0.00027461
1778556494.277413 0.07298536 -0.06884842 -0.00056892 -0.00058165 -0.00072076 -0.00038369
1778556494.344134 0.07298536 -0.06884841 -0.00056891 -0.00081612 0.00054671 0.00008682
1778556494.410855 0.07298535 -0.06884841 -0.00056891 -0.00116460 0.00037073 -0.00039466
1778556494.477576 0.07298535 -0.06884840 -0.00056891 -0.00019043 0.00053188 -0.00211327
1778556494.544297 0.07298535 -0.06884840 -0.00056891 -0.00072005 -0.00059737 -0.00066859
1778556494.611018 0.07298536 -0.06884841 -0.00056892 -0.00042757 -0.00043539 -0.00070954
1778556494.677740 0.07298536 -0.06884841 -0.00056892 -0.00094953 -0.00081796 0.00081658
1778556494.744461 0.07298536 -0.06884841 -0.00056892 0.00059545 0.00133499 -0.00054815
1778556494.811182 0.07298535 -0.06884840 -0.00056891 -0.00006308 -0.00085907 0.00050634
1778556494.877903 0.07298536 -0.06884841 -0.00056892 -0.00028684 0.00036391 -0.00104546
1778556494.944625 0.07298536 -0.06884841 -0.00056892 -0.00035701 -0.00079093 0.00022555
1778556495.011347 0.07298536 -0.06884841 -0.00056892 -0.00076344 0.00004508 -0.00130750
1778556495.078066 0.07298536 -0.06884841 -0.00056892 -0.00059481 -0.00040586 0.00027983
1778556495.144782 0.07298537 -0.06884841 -0.00056892 -0.00071283 -0.00005326 0.00088375
1778556495.211498 0.07298537 -0.06884841 -0.00056892 -0.00052849 -0.00000602 0.00053407
1778556495.278214 0.07298536 -0.06884841 -0.00056892 0.00109807 0.00015072 0.00039999
1778556495.344931 0.07298536 -0.06884841 -0.00056892 0.00018483 -0.00047309 0.00063288
1778556495.411647 0.07298536 -0.06884841 -0.00056892 0.00038948 0.00024451 0.00010726
1778556495.478363 0.07298538 -0.06884842 -0.00056893 0.00042707 -0.00027073 -0.00036938
1778556495.545080 0.07298538 -0.06884842 -0.00056893 0.00146413 -0.00037519 -0.00049247
1778556495.611796 0.07298537 -0.06884842 -0.00056893 0.00032618 0.00051534 -0.00062209
1778556495.678512 0.07298537 -0.06884842 -0.00056893 -0.00009183 -0.00034035 0.00002770
1778556495.745228 0.07298537 -0.06884842 -0.00056893 0.00012923 -0.00060192 0.00046159
1778556495.811944 0.07298537 -0.06884842 -0.00056893 0.00021899 0.00040969 0.00002374
1778556495.878661 0.07298537 -0.06884842 -0.00056893 -0.00026456 -0.00039302 0.00001285
1778556495.945377 0.07298537 -0.06884842 -0.00056893 -0.00035617 0.00041813 0.00112751
1778556496.012093 0.07298538 -0.06884843 -0.00056894 0.00036655 0.00059971 -0.00001816
1778556496.078809 0.07298538 -0.06884843 -0.00056894 0.00075509 -0.00171457 -0.00039640
1778556496.145525 0.07298537 -0.06884843 -0.00056894 0.00018621 0.00007507 -0.00065640
1778556496.212241 0.07298539 -0.06884844 -0.00056895 0.00071491 -0.00008918 -0.00122257
1778556496.278958 0.07298539 -0.06884844 -0.00056895 0.00023535 0.00206653 0.00035343
1778556496.345674 0.07298539 -0.06884844 -0.00056895 0.00050428 -0.00110181 -0.00263673
1778556496.412390 0.07298540 -0.06884845 -0.00056896 0.00015370 -0.00031307 0.00022231
1778556496.479106 0.07298542 -0.06884846 -0.00056897 -0.00018117 0.00022388 -0.00022519
1778556496.545822 0.07298541 -0.06884845 -0.00056896 -0.00031567 -0.00056416 0.00115638
1778556496.612538 0.07298541 -0.06884845 -0.00056896 0.00011320 -0.00020672 -0.00042805
1778556496.679254 0.07298542 -0.06884846 -0.00056897 -0.00025009 0.00058313 -0.00026318
1778556496.745970 0.07298541 -0.06884846 -0.00056897 0.00026573 0.00025386 -0.00045260
1778556496.812686 0.07298541 -0.06884846 -0.00056897 0.00024104 0.00003301 -0.00132112
1778556496.879402 0.07298541 -0.06884847 -0.00056897 -0.00023294 0.00023079 0.00050599
1778556496.946118 0.07298542 -0.06884847 -0.00056897 -0.00007873 -0.00094829 0.00102822
1778556497.012834 0.07298542 -0.06884847 -0.00056897 0.00030319 -0.00018988 -0.00004408
1778556497.079550 0.07298541 -0.06884845 -0.00056896 0.00096206 -0.00057838 -0.00038454
1778556497.146266 0.07298536 -0.06884842 -0.00056894 -0.00012882 0.00010491 -0.00089504
1778556497.212982 0.07298537 -0.06884843 -0.00056895 -0.00024645 -0.00036167 0.00136002
1778556497.279698 0.07298539 -0.06884844 -0.00056896 -0.00041517 -0.00087885 0.00130861
1778556497.346415 0.07298539 -0.06884844 -0.00056896 0.00027348 0.00024922 -0.00031009
1778556497.413131 0.07298539 -0.06884844 -0.00056896 0.00024328 0.00135335 -0.00070717
1778556497.479847 0.07298542 -0.06884846 -0.00056898 0.00022526 0.00050280 -0.00025351
1778556497.546563 0.07298542 -0.06884846 -0.00056897 0.00076945 0.00011532 -0.00316620
1778556497.613279 0.07298541 -0.06884846 -0.00056897 0.00070333 0.00014943 -0.00038702
1778556497.679995 0.07298541 -0.06884846 -0.00056897 0.00116064 0.00113948 0.00154975
1778556497.746711 0.07298540 -0.06884845 -0.00056897 -0.00165412 0.00026827 0.00109089
1778556497.813427 0.07298541 -0.06884846 -0.00056897 -0.00057740 0.00017493 0.00064705
1778556497.880143 0.07298542 -0.06884847 -0.00056897 -0.00023254 0.00078071 0.00134445
1778556497.946859 0.07298542 -0.06884847 -0.00056897 0.00015817 0.00020448 -0.00063592
1778556498.013576 0.07298542 -0.06884847 -0.00056897 -0.00112592 0.00117854 0.00112342
1778556498.080292 0.07298542 -0.06884847 -0.00056897 -0.00099801 0.00065415 0.00157127
1778556498.147008 0.07298542 -0.06884846 -0.00056897 0.00018084 -0.00064387 0.00001537
1778556498.213725 0.07298542 -0.06884846 -0.00056897 0.00029995 -0.00028962 -0.00035617
1778556498.280441 0.07298543 -0.06884846 -0.00056898 0.00078208 -0.00049776 -0.00083790
1778556498.347157 0.07298543 -0.06884846 -0.00056897 0.00004428 0.00060215 -0.00009290
1778556498.413874 0.07298543 -0.06884847 -0.00056897 0.00016737 0.00051965 -0.00115680
1778556498.480590 0.07298543 -0.06884847 -0.00056898 0.00005738 0.00046203 -0.00122298
1778556498.547307 0.07298542 -0.06884846 -0.00056897 -0.00052454 -0.00013794 0.00003100
1778556498.614023 0.07298540 -0.06884844 -0.00056896 -0.00063235 0.00008452 -0.00017655
1778556498.680739 0.07298540 -0.06884844 -0.00056896 0.00041115 0.00016286 -0.00019208
1778556498.747456 0.07298539 -0.06884842 -0.00056895 0.00063200 0.00042069 -0.00195620
1778556498.814172 0.07298540 -0.06884843 -0.00056896 -0.00006693 -0.00058090 -0.00169309
1778556498.880888 0.07298540 -0.06884843 -0.00056895 -0.00133521 0.00177286 -0.00060698
1778556498.947605 0.07298541 -0.06884844 -0.00056896 0.00083454 -0.00039997 -0.00124002
1778556499.014321 0.07298539 -0.06884843 -0.00056895 0.00023182 -0.00045002 0.00024593
1778556499.081037 0.07298539 -0.06884842 -0.00056895 0.00005834 0.00034922 -0.00075091
1778556499.147753 0.07298540 -0.06884844 -0.00056896 -0.00020457 -0.00031066 0.00064803
1778556499.214469 0.07298540 -0.06884843 -0.00056896 0.00013957 -0.00075847 0.00107798
1778556499.281186 0.07298540 -0.06884843 -0.00056896 0.00045954 0.00005130 -0.00099798
1778556499.347902 0.07298540 -0.06884843 -0.00056896 0.00001145 0.00029519 0.00099167
1778556499.414618 0.07298539 -0.06884842 -0.00056895 0.00073028 -0.00126076 0.00022905
1778556499.481334 0.07298538 -0.06884842 -0.00056895 -0.00045891 0.00113277 -0.00008895
1778556499.548050 0.07298540 -0.06884843 -0.00056896 -0.00162851 -0.00036484 -0.00028048
1778556499.614766 0.07298540 -0.06884843 -0.00056896 -0.00126674 0.00060942 -0.00043270
1778556499.681482 0.07298540 -0.06884843 -0.00056896 -0.00096320 0.00004912 -0.00029319
1778556499.748198 0.07298540 -0.06884843 -0.00056896 -0.00109530 -0.00055829 0.00083725
1778556499.814914 0.07298540 -0.06884843 -0.00056896 -0.00006614 0.00009658 -0.00032708
1778556499.881630 0.07298540 -0.06884843 -0.00056896 0.00008597 -0.00125892 0.00033285
1778556499.948346 0.07298540 -0.06884843 -0.00056896 -0.00039544 0.00060622 0.00103525
1778556500.015062 0.07298539 -0.06884842 -0.00056895 0.00058467 -0.00006479 -0.00064349
1778556500.081779 0.07298539 -0.06884842 -0.00056895 0.00116324 0.00012298 -0.00086464
1778556500.148496 0.07298539 -0.06884842 -0.00056895 -0.00015130 0.00038800 0.00061052
1778556500.215212 0.07298539 -0.06884842 -0.00056896 -0.00104615 0.00094488 -0.00131344
1778556500.281929 0.07298541 -0.06884843 -0.00056896 -0.00153648 0.00021329 0.00058650
1778556500.348646 0.07298541 -0.06884843 -0.00056896 -0.00143461 0.00039867 -0.00216497
1778556500.415363 0.07298541 -0.06884843 -0.00056896 -0.00087142 -0.00005408 0.00169053
1778556500.482080 0.07298542 -0.06884844 -0.00056897 -0.00083347 -0.00056016 0.00296360
1778556500.548796 0.07298542 -0.06884844 -0.00056897 -0.00035223 -0.00073027 0.00031780
1778556500.615513 0.07298542 -0.06884844 -0.00056897 -0.00049237 -0.00126149 0.00035441
1778556500.682230 0.07298542 -0.06884844 -0.00056897 0.00007055 -0.00004639 -0.00160357
1778556500.748947 0.07298544 -0.06884846 -0.00056898 0.00128660 -0.00036339 -0.00052959
1778556500.815664 0.07298543 -0.06884846 -0.00056898 0.00031565 0.00044993 0.00056576
1778556500.882380 0.07298544 -0.06884846 -0.00056898 -0.00031996 -0.00018585 0.00036607
1778556500.949097 0.07298544 -0.06884846 -0.00056898 -0.00080607 0.00057483 0.00000403
1778556501.015814 0.07298544 -0.06884846 -0.00056898 0.00069294 -0.00049586 -0.00101414
1778556501.082531 0.07298542 -0.06884845 -0.00056897 0.00017580 0.00065283 -0.00015868
1778556501.149249 0.07298542 -0.06884845 -0.00056897 0.00111771 -0.00054818 0.00022178
1778556501.215966 0.07298543 -0.06884845 -0.00056897 0.00041439 -0.00006091 -0.00014516
1778556501.282684 0.07298542 -0.06884844 -0.00056897 0.00079948 -0.00028266 0.00011511
1778556501.349401 0.07298544 -0.06884847 -0.00056898 0.00000819 0.00023622 -0.00082079
1778556501.416118 0.07298545 -0.06884847 -0.00056898 -0.00132926 0.00082649 -0.00190012
1778556501.482836 0.07298545 -0.06884848 -0.00056899 0.00104612 -0.00004910 0.00007143
1778556501.549553 0.07298545 -0.06884847 -0.00056898 -0.00039828 0.00192496 0.00036143
1778556501.616271 0.07298545 -0.06884847 -0.00056898 -0.00073200 -0.00079397 -0.00198711
1778556501.682988 0.07298545 -0.06884847 -0.00056898 -0.00037098 -0.00004342 0.00150940
1778556501.749705 0.07298545 -0.06884848 -0.00056898 -0.00030397 0.00052324 0.00067279
1778556501.816423 0.07298545 -0.06884847 -0.00056898 -0.00042216 -0.00065925 0.00046809
1778556501.883140 0.07298545 -0.06884847 -0.00056898 -0.00024947 0.00018628 0.00054080
1778556501.949858 0.07298544 -0.06884847 -0.00056898 0.00057922 -0.00075936 0.00067075
1778556502.016575 0.07298543 -0.06884846 -0.00056897 -0.00037827 -0.00017385 -0.00025213
1778556502.083292 0.07298545 -0.06884848 -0.00056898 0.00025611 -0.00043723 0.00144943
1778556502.150008 0.07298545 -0.06884848 -0.00056898 0.00078045 -0.00092984 0.00084208
1778556502.216724 0.07298549 -0.06884851 -0.00056900 0.00038118 -0.00026046 -0.00016359
1778556502.283441 0.07298548 -0.06884850 -0.00056900 0.00063762 0.00015321 0.00018866
1778556502.350157 0.07298548 -0.06884851 -0.00056900 0.00065404 -0.00003390 0.00110101
1778556502.416873 0.07298549 -0.06884851 -0.00056900 0.00066318 0.00016097 -0.00037764
1778556502.483590 0.07298549 -0.06884851 -0.00056900 0.00024103 -0.00070093 0.00032945
1778556502.550306 0.07298549 -0.06884851 -0.00056900 0.00031321 -0.00005911 0.00018977
1778556502.617023 0.07298548 -0.06884850 -0.00056899 0.00056737 -0.00075602 0.00081064
1778556502.683739 0.07298547 -0.06884850 -0.00056899 -0.00031232 0.00049068 0.00123151
1778556502.750456 0.07298547 -0.06884849 -0.00056899 0.00073961 0.00002424 -0.00088744
1778556502.817172 0.07298547 -0.06884849 -0.00056899 -0.00199967 0.00048194 0.00054480
1778556502.883888 0.07298546 -0.06884849 -0.00056899 0.00050035 -0.00073876 0.00062781
1778556502.950604 0.07298546 -0.06884848 -0.00056898 0.00082828 -0.00114027 0.00040506
1778556503.017321 0.07298546 -0.06884848 -0.00056898 0.00090573 0.00055264 -0.00175507
1778556503.084037 0.07298545 -0.06884848 -0.00056898 0.00074442 0.00018007 0.00146470
1778556503.150754 0.07298546 -0.06884848 -0.00056898 0.00044640 -0.00038738 0.00228432
1778556503.217471 0.07298546 -0.06884849 -0.00056899 0.00119163 -0.00066958 0.00137665
1778556503.284187 0.07298545 -0.06884848 -0.00056898 -0.00027375 -0.00025151 -0.00023276
1778556503.350904 0.07298545 -0.06884848 -0.00056898 -0.00023715 -0.00054214 -0.00034513
1778556503.417620 0.07298546 -0.06884849 -0.00056898 -0.00076835 0.00027248 -0.00029608
1778556503.484337 0.07298549 -0.06884852 -0.00056900 -0.00096223 0.00073898 0.00060320
1778556503.551054 0.07298549 -0.06884852 -0.00056900 -0.00072792 0.00002153 0.00032540
1778556503.617770 0.07298549 -0.06884852 -0.00056900 -0.00060159 0.00088419 0.00018997
1778556503.684487 0.07298548 -0.06884851 -0.00056900 0.00002799 -0.00036595 0.00103068
1778556503.751203 0.07298548 -0.06884850 -0.00056900 0.00032099 -0.00074440 0.00008780
1778556503.817920 0.07298548 -0.06884851 -0.00056900 0.00057622 -0.00025331 -0.00038167
1778556503.884637 0.07298547 -0.06884850 -0.00056900 -0.00044475 0.00005517 -0.00073708
1778556503.951353 0.07298547 -0.06884849 -0.00056899 -0.00024740 -0.00003679 -0.00094699
1778556504.018070 0.07298548 -0.06884851 -0.00056900 -0.00046250 -0.00002693 -0.00031260
1778556504.084787 0.07298548 -0.06884850 -0.00056900 -0.00054217 0.00071586 0.00098922
1778556504.151503 0.07298548 -0.06884851 -0.00056900 -0.00059013 0.00060804 -0.00058654
1778556504.218220 0.07298548 -0.06884851 -0.00056900 -0.00025535 0.00027849 0.00063677
1778556504.284937 0.07298549 -0.06884851 -0.00056900 0.00017737 -0.00044037 0.00068233
1778556504.351654 0.07298549 -0.06884851 -0.00056900 -0.00056289 -0.00058675 0.00034778
1778556504.418371 0.07298550 -0.06884852 -0.00056901 -0.00056332 0.00123707 0.00046162
1778556504.485088 0.07298551 -0.06884852 -0.00056901 -0.00006329 0.00078004 -0.00010187
1778556504.551805 0.07298551 -0.06884852 -0.00056901 -0.00031514 0.00082755 0.00051931
1778556504.618521 0.07298552 -0.06884853 -0.00056902 0.00006556 -0.00045766 -0.00008720
1778556504.685238 0.07298551 -0.06884852 -0.00056901 0.00001293 -0.00018438 -0.00057773
1778556504.751955 0.07298551 -0.06884852 -0.00056901 -0.00059950 0.00031398 0.00050394
1778556504.818672 0.07298550 -0.06884851 -0.00056901 -0.00060602 -0.00001822 -0.00205176
1778556504.885388 0.07298550 -0.06884851 -0.00056901 -0.00004361 -0.00119336 0.00026416
1778556504.952105 0.07298550 -0.06884851 -0.00056901 -0.00031874 -0.00006229 -0.00001549
1778556505.018822 0.07298550 -0.06884851 -0.00056901 -0.00045787 -0.00057341 0.00026612
1778556505.085539 0.07298549 -0.06884850 -0.00056900 -0.00089962 -0.00062763 -0.00062243
1778556505.152255 0.07298548 -0.06884849 -0.00056900 -0.00049350 0.00040824 -0.00010466
1778556505.218971 0.07298549 -0.06884850 -0.00056900 -0.00074162 0.00064700 0.00026313
1778556505.285688 0.07298549 -0.06884850 -0.00056900 -0.00061526 0.00017874 -0.00044308
1778556505.352405 0.07298549 -0.06884850 -0.00056900 -0.00016168 0.00009853 -0.00056564
1778556505.419121 0.07298549 -0.06884850 -0.00056900 0.00012291 0.00036159 0.00031760
1778556505.485838 0.07298549 -0.06884850 -0.00056900 -0.00105489 -0.00068219 -0.00158652
1778556505.552554 0.07298549 -0.06884850 -0.00056900 0.00103074 0.00092125 -0.00099209
1778556505.619271 0.07298548 -0.06884850 -0.00056900 0.00018614 0.00090711 -0.00029685
1778556505.685987 0.07298549 -0.06884851 -0.00056900 0.00025138 0.00096205 -0.00130194
1778556505.752704 0.07298548 -0.06884850 -0.00056900 -0.00035440 -0.00049782 0.00049481
1778556505.819420 0.07298548 -0.06884849 -0.00056899 -0.00038066 -0.00134458 0.00066731
1778556505.886137 0.07298548 -0.06884850 -0.00056900 -0.00087783 -0.00086693 -0.00039092
1778556505.952853 0.07298549 -0.06884850 -0.00056900 0.00032480 0.00067203 0.00006076
1778556506.019569 0.07298549 -0.06884850 -0.00056900 0.00104194 0.00108985 -0.00203702
1778556506.086287 0.07298549 -0.06884850 -0.00056900 -0.00034695 -0.00218712 0.00333719
1778556506.153005 0.07298548 -0.06884850 -0.00056900 -0.00026132 0.00194424 -0.00122221
1778556506.219723 0.07298549 -0.06884850 -0.00056900 0.00137578 -0.00081587 -0.00172089
1778556506.286440 0.07298551 -0.06884852 -0.00056901 0.00065386 0.00049887 0.00163967
1778556506.353158 0.07298551 -0.06884852 -0.00056901 0.00046564 0.00037942 0.00038581
1778556506.419876 0.07298550 -0.06884851 -0.00056901 0.00017199 0.00089290 -0.00105827
1778556506.486594 0.07298550 -0.06884851 -0.00056901 -0.00041509 -0.00090360 0.00061445
1778556506.553312 0.07298549 -0.06884850 -0.00056900 -0.00043142 -0.00063393 0.00023947
1778556506.620029 0.07298549 -0.06884850 -0.00056900 0.00003969 -0.00052635 0.00128207
1778556506.686747 0.07298549 -0.06884850 -0.00056900 -0.00040211 0.00034326 -0.00001420
1778556506.753465 0.07298549 -0.06884850 -0.00056900 -0.00046839 -0.00037170 -0.00125110
1778556506.820183 0.07298551 -0.06884851 -0.00056901 0.00013372 0.00052563 0.00096676
1778556506.886901 0.07298551 -0.06884851 -0.00056901 -0.00003026 0.00049531 0.00009762
1778556506.953619 0.07298551 -0.06884851 -0.00056901 0.00046952 -0.00085128 -0.00032232
1778556507.020336 0.07298550 -0.06884851 -0.00056901 0.00005826 0.00013024 0.00064524
1778556507.087053 0.07298549 -0.06884850 -0.00056900 -0.00044718 0.00067071 -0.00154578
1778556507.153769 0.07298548 -0.06884848 -0.00056899 -0.00054564 -0.00174113 0.00170285
1778556507.220486 0.07298547 -0.06884847 -0.00056898 0.00063675 -0.00012193 -0.00073565
1778556507.287202 0.07298546 -0.06884847 -0.00056898 0.00048828 0.00074792 0.00010533
1778556507.353918 0.07298547 -0.06884847 -0.00056898 0.00003896 0.00008374 0.00144075
1778556507.420635 0.07298547 -0.06884847 -0.00056898 0.00009697 -0.00026914 0.00060527
1778556507.487351 0.07298547 -0.06884847 -0.00056898 0.00078715 0.00058563 -0.00024334
1778556507.554067 0.07298546 -0.06884846 -0.00056898 0.00023083 -0.00045228 0.00069710
1778556507.620784 0.07298546 -0.06884846 -0.00056898 0.00025302 0.00007183 0.00054031
1778556507.687500 0.07298545 -0.06884846 -0.00056897 0.00089509 0.00015833 0.00016882
1778556507.754217 0.07298545 -0.06884846 -0.00056897 0.00083661 0.00122078 -0.00113797
1778556507.820933 0.07298544 -0.06884845 -0.00056897 0.00102271 0.00036312 -0.00011975
1778556507.887649 0.07298544 -0.06884845 -0.00056897 0.00049751 0.00051561 0.00155104
1778556507.954365 0.07298543 -0.06884845 -0.00056896 0.00001228 0.00062161 0.00046848
1778556508.021082 0.07298544 -0.06884845 -0.00056897 0.00038298 0.00040893 -0.00095476
1778556508.087800 0.07298545 -0.06884846 -0.00056897 -0.00022280 0.00070766 0.00014076
1778556508.154519 0.07298545 -0.06884846 -0.00056897 -0.00009447 0.00046939 0.00027927
1778556508.221238 0.07298545 -0.06884846 -0.00056897 0.00019843 0.00005643 -0.00046439
1778556508.287956 0.07298545 -0.06884846 -0.00056897 0.00018795 0.00040060 0.00057999
1778556508.354675 0.07298546 -0.06884847 -0.00056898 0.00035085 -0.00017674 -0.00063134
1778556508.421394 0.07298546 -0.06884847 -0.00056898 0.00011383 0.00000258 0.00098807
1778556508.488112 0.07298545 -0.06884846 -0.00056897 0.00050426 0.00025247 -0.00006000
1778556508.554831 0.07298545 -0.06884846 -0.00056897 -0.00051922 -0.00102476 0.00013153
1778556508.621550 0.07298543 -0.06884844 -0.00056895 0.00011621 -0.00083926 -0.00035243
1778556508.688269 0.07298542 -0.06884843 -0.00056895 0.00072411 0.00132905 -0.00022767
1778556508.754988 0.07298545 -0.06884845 -0.00056896 0.00082390 -0.00086309 0.00070478
1778556508.821707 0.07298544 -0.06884845 -0.00056895 0.00055128 -0.00024996 -0.00073210
1778556508.888426 0.07298543 -0.06884844 -0.00056895 0.00015483 -0.00022814 0.00047096
1778556508.955145 0.07298541 -0.06884842 -0.00056894 0.00064547 -0.00041071 -0.00003810
1778556509.021863 0.07298543 -0.06884844 -0.00056895 0.00006285 0.00044921 -0.00060193
1778556509.088579 0.07298542 -0.06884843 -0.00056895 0.00073860 0.00071038 -0.00022045
1778556509.155294 0.07298543 -0.06884844 -0.00056895 0.00013875 0.00044829 0.00034917
1778556509.222009 0.07298543 -0.06884843 -0.00056895 -0.00019853 0.00016325 -0.00049034
1778556509.288725 0.07298543 -0.06884844 -0.00056895 0.00004490 -0.00097395 -0.00083457
1778556509.355440 0.07298543 -0.06884844 -0.00056895 -0.00069251 -0.00022485 0.00032697
1778556509.422156 0.07298543 -0.06884844 -0.00056894 0.00039586 -0.00084695 -0.00030905
1778556509.488871 0.07298542 -0.06884843 -0.00056894 0.00001915 -0.00071568 -0.00054130
1778556509.555586 0.07298542 -0.06884844 -0.00056894 0.00013344 -0.00063099 -0.00063991
1778556509.622301 0.07298542 -0.06884844 -0.00056894 0.00076021 0.00028397 0.00026861
1778556509.689016 0.07298542 -0.06884843 -0.00056894 0.00081640 -0.00011056 -0.00004324
1778556509.755731 0.07298543 -0.06884844 -0.00056895 0.00079569 -0.00024740 -0.00116997
1778556509.822447 0.07298543 -0.06884844 -0.00056895 0.00105273 -0.00092586 0.00013489
1778556509.889162 0.07298543 -0.06884844 -0.00056894 0.00036882 0.00001899 0.00208340
1778556509.955877 0.07298542 -0.06884844 -0.00056894 -0.00148343 0.00019775 0.00085145
1778556510.022592 0.07298542 -0.06884844 -0.00056894 -0.00132028 0.00031575 0.00003891
1778556510.089310 0.07298544 -0.06884845 -0.00056895 -0.00013056 0.00038670 -0.00134540
1778556510.156028 0.07298543 -0.06884845 -0.00056894 -0.00148347 -0.00056523 0.00145879
1778556510.222746 0.07298542 -0.06884844 -0.00056894 -0.00077146 0.00107154 -0.00135795
1778556510.289464 0.07298542 -0.06884844 -0.00056894 -0.00045631 0.00054150 0.00028368
1778556510.356182 0.07298543 -0.06884844 -0.00056894 -0.00002676 -0.00054934 -0.00064850
1778556510.422900 0.07298543 -0.06884844 -0.00056894 0.00024629 -0.00038270 -0.00044377
1778556510.489618 0.07298543 -0.06884844 -0.00056894 -0.00023945 0.00049369 -0.00093393
1778556510.556337 0.07298543 -0.06884844 -0.00056894 -0.00018831 -0.00015254 0.00038683
1778556510.623055 0.07298544 -0.06884845 -0.00056894 0.00032161 0.00001594 0.00058497
1778556510.689773 0.07298543 -0.06884844 -0.00056894 -0.00047934 -0.00015793 0.00048856
1778556510.756492 0.07298544 -0.06884845 -0.00056895 -0.00007848 -0.00062213 0.00009830
1778556510.823210 0.07298544 -0.06884845 -0.00056895 -0.00057018 -0.00021935 0.00034746
1778556510.889929 0.07298543 -0.06884845 -0.00056895 -0.00134306 0.00071108 -0.00063759
1778556510.956647 0.07298544 -0.06884845 -0.00056895 -0.00032398 0.00009343 -0.00062392
1778556511.023365 0.07298544 -0.06884845 -0.00056895 -0.00048085 -0.00043957 -0.00123594
1778556511.090082 0.07298544 -0.06884845 -0.00056895 -0.00130957 0.00007541 -0.00078123
1778556511.156798 0.07298544 -0.06884845 -0.00056895 0.00108053 0.00082620 0.00022489
1778556511.223515 0.07298544 -0.06884845 -0.00056895 0.00125592 -0.00045962 -0.00035044
1778556511.290231 0.07298545 -0.06884846 -0.00056895 0.00153295 0.00046744 0.00047852
1778556511.356947 0.07298550 -0.06884850 -0.00056898 0.00016703 -0.00075139 0.00141546
1778556511.423664 0.07298549 -0.06884850 -0.00056898 -0.00050796 -0.00038018 0.00159274
1778556511.490380 0.07298546 -0.06884847 -0.00056897 -0.00016761 0.00009477 -0.00015684
1778556511.557097 0.07298549 -0.06884849 -0.00056898 -0.00034713 -0.00055924 0.00073285
1778556511.623813 0.07298549 -0.06884849 -0.00056898 -0.00049623 0.00016357 -0.00047518
1778556511.690529 0.07298545 -0.06884846 -0.00056896 -0.00003253 -0.00082395 -0.00037642
1778556511.757246 0.07298546 -0.06884847 -0.00056896 -0.00039694 -0.00023239 0.00008102
1778556511.823962 0.07298546 -0.06884847 -0.00056896 -0.00016707 0.00104204 0.00016993
1778556511.890678 0.07298547 -0.06884847 -0.00056896 0.00010669 -0.00028618 0.00029322
1778556511.957395 0.07298546 -0.06884846 -0.00056896 0.00005766 0.00029804 -0.00074828
1778556512.024111 0.07298546 -0.06884846 -0.00056896 0.00002825 -0.00033652 -0.00066318
1778556512.090827 0.07298546 -0.06884846 -0.00056896 0.00015118 0.00025501 0.00039267
1778556512.157542 0.07298546 -0.06884845 -0.00056896 -0.00002542 -0.00053384 0.00059367
1778556512.224257 0.07298546 -0.06884846 -0.00056896 0.00064965 -0.00061332 0.00072646
1778556512.290973 0.07298545 -0.06884845 -0.00056896 0.00033147 0.00008664 -0.00005122
1778556512.357688 0.07298544 -0.06884844 -0.00056895 -0.00027558 -0.00006623 0.00040170
1778556512.424403 0.07298544 -0.06884844 -0.00056895 0.00103217 -0.00009779 -0.00054668
1778556512.491118 0.07298545 -0.06884844 -0.00056896 0.00197467 0.00116778 -0.00239413
1778556512.557834 0.07298549 -0.06884847 -0.00056898 0.00100063 -0.00037223 0.00006357
1778556512.624549 0.07298550 -0.06884848 -0.00056898 0.00081017 0.00088867 0.00066193
1778556512.691264 0.07298550 -0.06884848 -0.00056898 0.00102410 0.00052234 -0.00044669
1778556512.757979 0.07298550 -0.06884848 -0.00056898 -0.00015726 0.00032283 0.00051047
1778556512.824695 0.07298551 -0.06884849 -0.00056898 0.00033863 -0.00017234 -0.00052255
1778556512.891410 0.07298550 -0.06884848 -0.00056898 0.00068754 -0.00058350 -0.00035283
1778556512.958125 0.07298552 -0.06884850 -0.00056899 0.00046681 -0.00010297 0.00017744
1778556513.024840 0.07298552 -0.06884850 -0.00056899 0.00038404 0.00071581 -0.00094735
1778556513.091556 0.07298553 -0.06884851 -0.00056900 0.00021427 -0.00147943 0.00089351
1778556513.158272 0.07298555 -0.06884852 -0.00056900 0.00085595 0.00005825 -0.00002295
1778556513.224988 0.07298555 -0.06884852 -0.00056901 -0.00009080 0.00121683 -0.00180768
1778556513.291704 0.07298557 -0.06884854 -0.00056902 -0.00067022 -0.00181242 -0.00040668
1778556513.358420 0.07298557 -0.06884854 -0.00056902 -0.00048918 -0.00041636 -0.00076511
1778556513.425136 0.07298557 -0.06884854 -0.00056902 -0.00052869 -0.00108947 0.00033546
1778556513.491852 0.07298557 -0.06884854 -0.00056902 -0.00001762 -0.00119287 0.00055208
1778556513.558567 0.07298557 -0.06884854 -0.00056902 -0.00068169 0.00014171 0.00102030
1778556513.625283 0.07298557 -0.06884854 -0.00056902 0.00025088 -0.00005504 -0.00014356
1778556513.691999 0.07298557 -0.06884853 -0.00056902 0.00017582 0.00042490 -0.00108698
1778556513.758715 0.07298557 -0.06884853 -0.00056902 0.00001447 -0.00064926 0.00010114
1778556513.825431 0.07298556 -0.06884853 -0.00056901 -0.00024889 -0.00013506 0.00128848
1778556513.892147 0.07298557 -0.06884854 -0.00056902 0.00018439 0.00015238 0.00047880
1778556513.958863 0.07298557 -0.06884854 -0.00056902 0.00029999 -0.00008193 0.00046749
1778556514.025578 0.07298557 -0.06884854 -0.00056902 0.00000980 0.00201254 -0.00197120
1778556514.092294 0.07298557 -0.06884854 -0.00056902 0.00002602 -0.00013984 0.00014014
1778556514.159009 0.07298558 -0.06884854 -0.00056902 0.00014223 -0.00115391 0.00007540
1778556514.225725 0.07298558 -0.06884854 -0.00056902 -0.00061071 -0.00009314 0.00145951
1778556514.292440 0.07298558 -0.06884854 -0.00056902 0.00003205 0.00025367 -0.00029717
1778556514.359156 0.07298558 -0.06884854 -0.00056902 -0.00007335 -0.00007514 0.00096820
1778556514.425872 0.07298558 -0.06884854 -0.00056902 0.00030876 -0.00008454 0.00056682
1778556514.492587 0.07298559 -0.06884855 -0.00056903 0.00010281 0.00009729 -0.00066003
1778556514.559303 0.07298559 -0.06884855 -0.00056903 -0.00048021 0.00066459 -0.00046609
1778556514.626018 0.07298559 -0.06884855 -0.00056903 -0.00026495 0.00010894 -0.00080829
1778556514.692733 0.07298559 -0.06884855 -0.00056903 -0.00086826 0.00108866 0.00043865
1778556514.759449 0.07298560 -0.06884855 -0.00056903 -0.00040861 0.00031299 0.00106198
1778556514.826164 0.07298560 -0.06884856 -0.00056904 -0.00099449 0.00036419 -0.00016315
1778556514.892879 0.07298560 -0.06884856 -0.00056904 -0.00075678 0.00008065 -0.00033042
1778556514.959595 0.07298560 -0.06884855 -0.00056904 0.00060490 0.00108447 0.00053110
1778556515.026310 0.07298560 -0.06884855 -0.00056904 0.00097638 0.00086605 0.00173879
1778556515.093026 0.07298556 -0.06884852 -0.00056902 0.00131553 -0.00017939 0.00094676
1778556515.159741 0.07298557 -0.06884852 -0.00056902 0.00046438 0.00017208 -0.00089932
1778556515.226457 0.07298556 -0.06884852 -0.00056902 -0.00020027 -0.00066761 0.00009207
1778556515.293173 0.07298553 -0.06884849 -0.00056900 -0.00059430 0.00005658 0.00180612
1778556515.359888 0.07298553 -0.06884849 -0.00056900 -0.00129403 -0.00076121 0.00125450
1778556515.426604 0.07298556 -0.06884852 -0.00056902 0.00043628 0.00015494 -0.00077029
1778556515.493320 0.07298558 -0.06884853 -0.00056903 0.00003965 0.00022977 -0.00061607
1778556515.560035 0.07298559 -0.06884855 -0.00056904 0.00037054 -0.00025558 -0.00112102
1778556515.626751 0.07298561 -0.06884857 -0.00056905 -0.00020911 0.00039902 -0.00070677
1778556515.693466 0.07298563 -0.06884858 -0.00056905 -0.00071646 -0.00106280 0.00059551
1778556515.760182 0.07298562 -0.06884857 -0.00056905 -0.00030742 -0.00024656 -0.00025562
1778556515.826897 0.07298561 -0.06884857 -0.00056904 -0.00089964 0.00066989 -0.00031695
1778556515.893613 0.07298561 -0.06884856 -0.00056904 -0.00046540 0.00005236 0.00076213
1778556515.960328 0.07298560 -0.06884856 -0.00056904 -0.00035286 0.00020678 0.00009572
1778556516.027044 0.07298560 -0.06884855 -0.00056903 0.00021277 0.00001329 0.00011616
1778556516.093760 0.07298560 -0.06884856 -0.00056903 -0.00142002 -0.00044908 0.00146925
1778556516.160475 0.07298560 -0.06884856 -0.00056903 -0.00056374 0.00070588 -0.00143395
1778556516.227191 0.07298561 -0.06884856 -0.00056904 0.00050998 -0.00106161 0.00032840
1778556516.293907 0.07298561 -0.06884856 -0.00056904 0.00030230 -0.00063602 -0.00072561
1778556516.360623 0.07298562 -0.06884857 -0.00056904 -0.00028344 -0.00014193 0.00035736
1778556516.427338 0.07298562 -0.06884857 -0.00056904 -0.00053108 -0.00079777 0.00046612
1778556516.494054 0.07298561 -0.06884857 -0.00056903 -0.00066619 0.00027631 0.00031910
1778556516.560770 0.07298560 -0.06884855 -0.00056902 -0.00082485 0.00078601 0.00001690
1778556516.627485 0.07298560 -0.06884855 -0.00056902 0.00039788 0.00046164 -0.00137858
1778556516.694201 0.07298561 -0.06884856 -0.00056903 -0.00028336 -0.00104668 -0.00076772
1778556516.760917 0.07298561 -0.06884856 -0.00056903 -0.00139223 0.00039880 0.00144395
1778556516.827632 0.07298561 -0.06884856 -0.00056903 0.00059736 0.00120469 -0.00032143
1778556516.894348 0.07298561 -0.06884856 -0.00056903 0.00114566 0.00055500 -0.00074067
1778556516.961064 0.07298561 -0.06884856 -0.00056903 -0.00077623 -0.00023894 0.00129404
1778556517.027779 0.07298561 -0.06884857 -0.00056903 -0.00112561 -0.00022396 0.00108525
1778556517.094495 0.07298561 -0.06884856 -0.00056903 -0.00036284 -0.00092574 0.00081522
1778556517.161211 0.07298561 -0.06884856 -0.00056903 0.00043878 -0.00046483 0.00007778
1778556517.227927 0.07298560 -0.06884855 -0.00056902 0.00012055 -0.00064902 0.00016175
1778556517.294644 0.07298560 -0.06884855 -0.00056902 0.00025560 -0.00075649 -0.00004999
1778556517.361360 0.07298560 -0.06884855 -0.00056902 -0.00048413 0.00043349 0.00096784
1778556517.428076 0.07298561 -0.06884856 -0.00056903 -0.00027390 -0.00040354 -0.00041158
1778556517.494792 0.07298562 -0.06884857 -0.00056903 0.00077352 -0.00115476 0.00097070
1778556517.561508 0.07298561 -0.06884856 -0.00056903 0.00011269 0.00004085 0.00056738
1778556517.628224 0.07298561 -0.06884856 -0.00056903 -0.00024843 -0.00006122 -0.00067561
1778556517.694940 0.07298561 -0.06884857 -0.00056903 -0.00060034 0.00079303 0.00063365
1778556517.761657 0.07298561 -0.06884857 -0.00056903 -0.00063532 -0.00013402 0.00024090
1778556517.828372 0.07298561 -0.06884856 -0.00056903 -0.00077045 0.00056884 0.00179428
1778556517.895089 0.07298563 -0.06884858 -0.00056904 0.00142812 -0.00147001 -0.00086297
1778556517.961805 0.07298562 -0.06884857 -0.00056904 0.00154658 -0.00092331 -0.00013552
1778556518.028521 0.07298562 -0.06884857 -0.00056904 -0.00039926 -0.00088163 0.00104250
1778556518.095237 0.07298562 -0.06884857 -0.00056904 0.00087062 0.00006861 0.00018599
1778556518.161954 0.07298562 -0.06884857 -0.00056904 0.00022313 -0.00038684 -0.00221783
1778556518.228671 0.07298563 -0.06884858 -0.00056904 0.00049855 -0.00060377 -0.00161505
1778556518.295388 0.07298563 -0.06884858 -0.00056904 -0.00185735 0.00105698 -0.00041693
1778556518.362105 0.07298563 -0.06884858 -0.00056904 0.00067776 0.00030065 0.00066929
1778556518.428822 0.07298563 -0.06884858 -0.00056904 0.00072124 -0.00060696 -0.00047931
1778556518.495538 0.07298561 -0.06884856 -0.00056903 0.00061667 0.00017901 0.00065203
1778556518.562255 0.07298561 -0.06884857 -0.00056903 0.00036097 0.00010427 0.00190264
1778556518.628972 0.07298561 -0.06884857 -0.00056903 0.00058227 0.00029697 -0.00077066
1778556518.695689 0.07298561 -0.06884857 -0.00056903 -0.00005874 -0.00113415 0.00022364
1778556518.762406 0.07298562 -0.06884857 -0.00056903 -0.00065959 0.00103893 0.00057059
1778556518.829122 0.07298562 -0.06884857 -0.00056903 -0.00069833 0.00068272 -0.00006160
1778556518.895839 0.07298562 -0.06884857 -0.00056904 0.00090782 -0.00057420 -0.00032595
1778556518.962556 0.07298563 -0.06884858 -0.00056904 0.00068031 -0.00099913 0.00052987
1778556519.029273 0.07298563 -0.06884858 -0.00056904 0.00063684 -0.00009975 -0.00002184
1778556519.095989 0.07298563 -0.06884858 -0.00056904 0.00056976 0.00048649 -0.00027343
1778556519.162705 0.07298563 -0.06884858 -0.00056904 -0.00070413 0.00054696 0.00062739
1778556519.229420 0.07298563 -0.06884858 -0.00056904 -0.00015170 0.00002015 0.00019998
1778556519.296136 0.07298561 -0.06884855 -0.00056902 0.00001153 0.00049557 -0.00035777
1778556519.362852 0.07298563 -0.06884857 -0.00056904 -0.00125638 -0.00002717 0.00057452
1778556519.429568 0.07298563 -0.06884857 -0.00056904 -0.00065384 0.00014103 0.00045431
1778556519.496284 0.07298563 -0.06884857 -0.00056904 -0.00034291 0.00031236 0.00101060
1778556519.563000 0.07298564 -0.06884858 -0.00056904 -0.00022198 -0.00142216 -0.00047968
1778556519.629716 0.07298565 -0.06884859 -0.00056904 -0.00011218 -0.00189384 0.00091294
1778556519.696431 0.07298565 -0.06884858 -0.00056904 0.00127391 -0.00028540 0.00093760
1778556519.763147 0.07298563 -0.06884857 -0.00056904 0.00053646 -0.00071256 0.00072357
1778556519.829863 0.07298563 -0.06884857 -0.00056904 0.00032790 0.00000795 -0.00005474
1778556519.896579 0.07298563 -0.06884858 -0.00056904 0.00061696 -0.00061109 0.00004085
1778556519.963295 0.07298564 -0.06884858 -0.00056904 0.00004410 -0.00031005 0.00033030
1778556520.030010 0.07298564 -0.06884858 -0.00056904 0.00024954 -0.00037274 0.00045981
1778556520.096726 0.07298563 -0.06884858 -0.00056904 0.00010449 -0.00022541 0.00072415
1778556520.163442 0.07298568 -0.06884862 -0.00056906 -0.00099661 -0.00043228 -0.00044650
1778556520.230158 0.07298570 -0.06884864 -0.00056907 -0.00104892 -0.00016650 0.00114118
1778556520.296874 0.07298570 -0.06884864 -0.00056907 -0.00033164 -0.00077400 0.00064143
1778556520.363589 0.07298569 -0.06884863 -0.00056907 -0.00024030 -0.00003308 0.00019641
1778556520.430305 0.07298568 -0.06884862 -0.00056906 0.00006880 0.00027029 0.00083165
1778556520.497021 0.07298568 -0.06884862 -0.00056906 -0.00012174 -0.00112865 0.00112836
1778556520.563737 0.07298568 -0.06884862 -0.00056906 -0.00053279 0.00058555 -0.00127615
1778556520.630452 0.07298568 -0.06884862 -0.00056906 -0.00046306 0.00111537 0.00028372
1778556520.697168 0.07298566 -0.06884860 -0.00056905 -0.00025403 0.00108433 -0.00030787
1778556520.763884 0.07298568 -0.06884861 -0.00056906 -0.00010101 0.00116290 0.00102788
1778556520.830600 0.07298570 -0.06884863 -0.00056908 -0.00021057 -0.00012186 0.00069103
1778556520.897315 0.07298569 -0.06884862 -0.00056907 -0.00036752 -0.00042001 0.00048427
1778556520.964031 0.07298568 -0.06884861 -0.00056906 -0.00025890 -0.00023423 0.00156896
1778556521.030747 0.07298568 -0.06884861 -0.00056906 -0.00009745 0.00047054 0.00023412
1778556521.097463 0.07298567 -0.06884860 -0.00056906 -0.00043023 -0.00058961 0.00172379
1778556521.164179 0.07298569 -0.06884862 -0.00056907 0.00038026 0.00099328 -0.00093250
1778556521.230895 0.07298567 -0.06884860 -0.00056906 0.00086594 -0.00043951 -0.00024466
1778556521.297611 0.07298568 -0.06884861 -0.00056907 0.00064045 -0.00046457 -0.00067056
1778556521.364327 0.07298569 -0.06884861 -0.00056907 0.00003785 0.00006199 -0.00030988
1778556521.431043 0.07298568 -0.06884861 -0.00056907 -0.00005650 0.00005896 -0.00038951
1778556521.497760 0.07298571 -0.06884863 -0.00056908 0.00036107 -0.00101480 0.00025261
1778556521.564476 0.07298573 -0.06884865 -0.00056909 -0.00053258 0.00043414 0.00124432
1778556521.631192 0.07298569 -0.06884862 -0.00056907 -0.00042268 0.00083292 -0.00023882
1778556521.697908 0.07298569 -0.06884862 -0.00056907 -0.00073247 0.00099312 -0.00088503
1778556521.764624 0.07298570 -0.06884862 -0.00056907 0.00019491 -0.00048134 -0.00110686
1778556521.831340 0.07298568 -0.06884861 -0.00056906 -0.00009682 -0.00010680 0.00017910
1778556521.898057 0.07298568 -0.06884861 -0.00056906 -0.00031656 -0.00007328 -0.00128938
1778556521.964772 0.07298566 -0.06884858 -0.00056905 -0.00026835 0.00018596 -0.00000834
1778556522.031488 0.07298566 -0.06884858 -0.00056905 0.00036568 0.00051026 -0.00055532
1778556522.098206 0.07298567 -0.06884859 -0.00056905 0.00050131 0.00017779 0.00060130
1778556522.164923 0.07298567 -0.06884858 -0.00056905 -0.00029880 0.00025796 0.00067908
1778556522.231640 0.07298567 -0.06884858 -0.00056905 0.00061410 -0.00254324 0.00141561
1778556522.298357 0.07298567 -0.06884858 -0.00056904 -0.00008685 -0.00093378 0.00174905
1778556522.365074 0.07298568 -0.06884860 -0.00056905 -0.00139558 0.00024424 -0.00212930
1778556522.431791 0.07298568 -0.06884860 -0.00056905 -0.00084599 -0.00073782 0.00005099
1778556522.498508 0.07298568 -0.06884860 -0.00056905 -0.00081794 0.00013209 -0.00079434
1778556522.565225 0.07298566 -0.06884859 -0.00056904 -0.00037169 -0.00042765 0.00033927
1778556522.631942 0.07298567 -0.06884859 -0.00056905 0.00028568 0.00007969 -0.00013076
1778556522.698659 0.07298568 -0.06884860 -0.00056906 0.00054705 -0.00028108 0.00099403
1778556522.765376 0.07298569 -0.06884861 -0.00056906 -0.00013138 -0.00031345 -0.00004293
1778556522.832093 0.07298569 -0.06884861 -0.00056906 -0.00002281 0.00011893 -0.00066969
1778556522.898811 0.07298568 -0.06884860 -0.00056906 0.00070626 -0.00134066 -0.00053487
1778556522.965528 0.07298568 -0.06884861 -0.00056906 -0.00008176 -0.00098801 0.00043393
1778556523.032245 0.07298568 -0.06884861 -0.00056906 -0.00005673 0.00007967 -0.00018075
1778556523.098961 0.07298568 -0.06884860 -0.00056906 0.00099854 0.00006078 -0.00066223
1778556523.165678 0.07298569 -0.06884861 -0.00056907 0.00011704 0.00028379 0.00103052
1778556523.232394 0.07298569 -0.06884861 -0.00056907 0.00029118 -0.00040731 0.00085255
1778556523.299111 0.07298569 -0.06884861 -0.00056907 0.00015657 0.00031556 0.00050042
1778556523.365827 0.07298570 -0.06884861 -0.00056907 -0.00022418 0.00000039 -0.00026238
1778556523.432544 0.07298571 -0.06884862 -0.00056907 -0.00029384 0.00048915 -0.00001101
1778556523.499260 0.07298571 -0.06884862 -0.00056907 -0.00048519 0.00055040 -0.00028772
1778556523.565977 0.07298570 -0.06884862 -0.00056907 -0.00017190 -0.00047176 -0.00018177
1778556523.632693 0.07298570 -0.06884862 -0.00056907 -0.00027259 -0.00061044 -0.00005028
1778556523.699410 0.07298570 -0.06884862 -0.00056907 -0.00020334 0.00025076 -0.00037897
1778556523.766126 0.07298571 -0.06884862 -0.00056907 -0.00067948 0.00000338 0.00039711
1778556523.832843 0.07298570 -0.06884862 -0.00056907 -0.00041328 -0.00014272 0.00027143
1778556523.899559 0.07298571 -0.06884862 -0.00056907 -0.00025827 -0.00044949 0.00020085
1778556523.966275 0.07298571 -0.06884862 -0.00056907 0.00027682 -0.00118727 0.00045960
1778556524.032992 0.07298571 -0.06884861 -0.00056907 0.00095358 -0.00054624 -0.00054175
1778556524.099710 0.07298570 -0.06884861 -0.00056906 0.00114710 -0.00049628 0.00073573
1778556524.166427 0.07298570 -0.06884861 -0.00056906 -0.00092705 -0.00026308 0.00223689
1778556524.233145 0.07298569 -0.06884860 -0.00056906 -0.00052448 -0.00145934 0.00179641
1778556524.299863 0.07298569 -0.06884860 -0.00056906 -0.00055615 -0.00027737 0.00067163
1778556524.366581 0.07298569 -0.06884860 -0.00056906 -0.00020239 0.00044138 -0.00008536
1778556524.433299 0.07298567 -0.06884859 -0.00056904 0.00037097 0.00094220 0.00052480
1778556524.500017 0.07298566 -0.06884858 -0.00056904 -0.00006157 -0.00170233 -0.00116570
1778556524.566735 0.07298565 -0.06884857 -0.00056903 -0.00018500 0.00116201 0.00100981
1778556524.633453 0.07298565 -0.06884857 -0.00056903 0.00034499 0.00092052 0.00040342
1778556524.700171 0.07298565 -0.06884857 -0.00056903 -0.00003009 0.00045648 0.00080370
1778556524.766889 0.07298565 -0.06884857 -0.00056903 -0.00010025 0.00097368 0.00091416
1778556524.833607 0.07298565 -0.06884857 -0.00056903 0.00019739 0.00065137 0.00015865
1778556524.900326 0.07298566 -0.06884857 -0.00056903 -0.00145568 0.00214695 -0.00016171
1778556524.967044 0.07298568 -0.06884859 -0.00056904 -0.00091704 0.00109451 -0.00241035
1778556525.033762 0.07298570 -0.06884861 -0.00056906 -0.00059853 -0.00083918 -0.00016657
1778556525.100478 0.07298571 -0.06884862 -0.00056906 -0.00061964 -0.00125194 -0.00054007
1778556525.167195 0.07298571 -0.06884861 -0.00056906 -0.00123862 0.00075362 0.00090548
1778556525.233911 0.07298571 -0.06884862 -0.00056906 0.00022768 -0.00055571 0.00031648
1778556525.300628 0.07298571 -0.06884861 -0.00056906 -0.00063724 -0.00041258 0.00087599
1778556525.367344 0.07298572 -0.06884862 -0.00056907 -0.00121776 -0.00015242 0.00081307
1778556525.434060 0.07298571 -0.06884861 -0.00056906 -0.00001946 -0.00003462 -0.00205138
1778556525.500777 0.07298571 -0.06884861 -0.00056906 -0.00018729 0.00002762 0.00102351
1778556525.567493 0.07298571 -0.06884861 -0.00056906 -0.00052040 0.00067612 0.00031294
1778556525.634209 0.07298571 -0.06884861 -0.00056905 -0.00050730 0.00039761 -0.00019224
1778556525.700926 0.07298570 -0.06884860 -0.00056905 -0.00050685 0.00101701 0.00074931
1778556525.767642 0.07298571 -0.06884861 -0.00056906 -0.00056541 -0.00018186 -0.00035149
1778556525.834359 0.07298571 -0.06884861 -0.00056906 -0.00098858 0.00001852 0.00016818
1778556525.901075 0.07298572 -0.06884862 -0.00056906 -0.00090082 -0.00004594 0.00096107
1778556525.967791 0.07298572 -0.06884861 -0.00056906 -0.00080099 -0.00022919 -0.00001719
1778556526.034508 0.07298571 -0.06884861 -0.00056905 -0.00041397 0.00016189 -0.00162012
1778556526.101224 0.07298573 -0.06884862 -0.00056906 -0.00088996 -0.00061679 0.00154616
1778556526.167941 0.07298572 -0.06884862 -0.00056906 -0.00064584 0.00066951 0.00015204
1778556526.234658 0.07298572 -0.06884862 -0.00056906 -0.00031414 -0.00083884 -0.00047041
1778556526.301374 0.07298572 -0.06884861 -0.00056905 0.00010626 -0.00066117 0.00012973
1778556526.368091 0.07298572 -0.06884861 -0.00056906 0.00035465 -0.00010480 0.00009306
1778556526.434807 0.07298572 -0.06884861 -0.00056905 -0.00021106 -0.00047524 0.00092129
1778556526.501524 0.07298572 -0.06884861 -0.00056905 -0.00047602 -0.00046044 -0.00012896
1778556526.568240 0.07298572 -0.06884861 -0.00056905 -0.00036143 0.00065298 0.00026288
1778556526.634957 0.07298572 -0.06884861 -0.00056905 -0.00076385 -0.00028468 0.00096201
1778556526.701673 0.07298572 -0.06884861 -0.00056905 -0.00010749 -0.00021109 0.00040791
1778556526.768390 0.07298572 -0.06884860 -0.00056905 0.00031977 -0.00030168 0.00058562
1778556526.835106 0.07298572 -0.06884860 -0.00056905 -0.00037278 0.00035030 -0.00042316
1778556526.901823 0.07298572 -0.06884860 -0.00056905 -0.00028847 0.00035034 -0.00020732
1778556526.968539 0.07298573 -0.06884862 -0.00056905 -0.00064335 -0.00138035 0.00003885
1778556527.035256 0.07298573 -0.06884861 -0.00056905 -0.00021845 -0.00111622 0.00045864
1778556527.101973 0.07298573 -0.06884862 -0.00056906 -0.00033486 0.00047534 -0.00058729
1778556527.168690 0.07298573 -0.06884862 -0.00056906 -0.00048639 -0.00046652 -0.00107362
1778556527.235407 0.07298574 -0.06884862 -0.00056906 -0.00010495 -0.00004083 0.00066238
1778556527.302125 0.07298574 -0.06884862 -0.00056906 0.00018369 -0.00044867 0.00002780
1778556527.368842 0.07298574 -0.06884862 -0.00056906 0.00096992 0.00114049 0.00001438
1778556527.435559 0.07298573 -0.06884861 -0.00056906 0.00124762 -0.00027967 0.00010324
1778556527.502276 0.07298574 -0.06884862 -0.00056906 -0.00005755 -0.00051598 0.00125652
1778556527.568993 0.07298575 -0.06884863 -0.00056907 -0.00021966 0.00087206 -0.00060784
1778556527.635710 0.07298575 -0.06884863 -0.00056907 -0.00052488 0.00092265 -0.00005311
1778556527.702428 0.07298575 -0.06884863 -0.00056907 -0.00012534 -0.00032329 0.00014169
1778556527.769145 0.07298576 -0.06884863 -0.00056907 -0.00085257 -0.00031644 0.00014319
1778556527.835862 0.07298576 -0.06884863 -0.00056907 -0.00011382 -0.00094386 0.00154073
1778556527.902579 0.07298576 -0.06884863 -0.00056907 -0.00068824 0.00055170 0.00217328
1778556527.969297 0.07298574 -0.06884862 -0.00056906 0.00038477 -0.00015155 -0.00165642
1778556528.036014 0.07298574 -0.06884862 -0.00056906 0.00066475 -0.00033916 0.00101080
1778556528.102730 0.07298574 -0.06884862 -0.00056906 0.00047168 0.00018364 -0.00011095
1778556528.169446 0.07298575 -0.06884863 -0.00056907 0.00163026 -0.00051708 0.00008672
1778556528.236163 0.07298575 -0.06884863 -0.00056906 0.00051402 0.00111334 0.00042201
1778556528.302879 0.07298576 -0.06884863 -0.00056907 -0.00002780 -0.00030307 0.00203086
1778556528.369596 0.07298575 -0.06884863 -0.00056907 -0.00058940 -0.00013860 -0.00089448
1778556528.436311 0.07298575 -0.06884862 -0.00056907 0.00025140 -0.00000305 -0.00046744
1778556528.503028 0.07298575 -0.06884862 -0.00056907 0.00035771 0.00030090 -0.00081266
1778556528.569744 0.07298575 -0.06884862 -0.00056907 0.00078792 -0.00105007 0.00128118
1778556528.636461 0.07298575 -0.06884863 -0.00056907 0.00029479 -0.00073939 -0.00009119
1778556528.703176 0.07298575 -0.06884863 -0.00056907 -0.00004688 0.00030168 0.00033362
1778556528.769893 0.07298575 -0.06884862 -0.00056907 0.00002626 0.00023850 0.00154516
1778556528.836609 0.07298575 -0.06884862 -0.00056907 0.00026720 0.00050684 -0.00000174
1778556528.903325 0.07298575 -0.06884863 -0.00056907 0.00055663 0.00150838 0.00053411
1778556528.970042 0.07298576 -0.06884863 -0.00056907 0.00104199 -0.00062042 0.00030285
1778556529.036758 0.07298576 -0.06884863 -0.00056907 0.00009048 0.00006507 0.00032416
1778556529.103475 0.07298576 -0.06884863 -0.00056907 0.00045732 -0.00054786 0.00002455
1778556529.170191 0.07298575 -0.06884863 -0.00056907 -0.00039994 0.00037927 0.00008642
1778556529.236908 0.07298575 -0.06884862 -0.00056907 -0.00018389 -0.00057352 0.00048640
1778556529.303625 0.07298576 -0.06884863 -0.00056908 0.00019700 -0.00029467 0.00021739
1778556529.370342 0.07298576 -0.06884863 -0.00056908 0.00004761 -0.00127649 -0.00060442
1778556529.437059 0.07298577 -0.06884864 -0.00056908 -0.00017347 0.00048466 0.00129974
1778556529.503776 0.07298576 -0.06884863 -0.00056908 0.00037356 0.00003329 -0.00034277
1778556529.570493 0.07298576 -0.06884863 -0.00056908 0.00087319 0.00068338 0.00076445
1778556529.637209 0.07298575 -0.06884863 -0.00056907 0.00057454 -0.00045278 0.00156889
1778556529.703926 0.07298574 -0.06884862 -0.00056907 0.00062443 -0.00064057 -0.00105407
1778556529.770643 0.07298574 -0.06884862 -0.00056907 0.00083870 0.00245050 0.00245429
1778556529.837360 0.07298574 -0.06884862 -0.00056907 0.00011847 0.00052284 -0.00051016
1778556529.904077 0.07298573 -0.06884862 -0.00056906 0.00016892 -0.00081029 0.00100587
1778556529.970794 0.07298573 -0.06884862 -0.00056906 -0.00087092 0.00092966 0.00038591
1778556530.037510 0.07298573 -0.06884862 -0.00056906 0.00037814 -0.00102454 0.00046169
1778556530.104229 0.07298573 -0.06884862 -0.00056906 0.00096033 -0.00086197 -0.00069355
1778556530.170947 0.07298574 -0.06884863 -0.00056906 0.00102721 0.00089037 0.00062502
1778556530.237665 0.07298574 -0.06884863 -0.00056906 0.00065931 -0.00112844 0.00056907
1778556530.304384 0.07298577 -0.06884865 -0.00056908 0.00034523 -0.00093013 0.00190145
1778556530.371102 0.07298577 -0.06884865 -0.00056907 0.00100948 -0.00020024 0.00015810
1778556530.437820 0.07298577 -0.06884865 -0.00056908 -0.00015783 0.00120358 -0.00067498
1778556530.504539 0.07298577 -0.06884865 -0.00056908 -0.00031568 -0.00129072 -0.00026610
1778556530.571257 0.07298577 -0.06884865 -0.00056907 0.00121247 0.00003666 0.00010093
1778556530.637975 0.07298577 -0.06884865 -0.00056908 -0.00134831 0.00022125 0.00199549
1778556530.704694 0.07298578 -0.06884866 -0.00056908 -0.00041795 -0.00077700 -0.00043322
1778556530.771412 0.07298578 -0.06884866 -0.00056908 0.00034712 0.00041528 -0.00178143
1778556530.838130 0.07298579 -0.06884866 -0.00056908 0.00076893 -0.00046041 -0.00038583
1778556530.904849 0.07298579 -0.06884867 -0.00056908 0.00065348 -0.00036968 0.00041724
1778556530.971567 0.07298579 -0.06884867 -0.00056908 0.00015295 0.00036795 -0.00088093
1778556531.038286 0.07298579 -0.06884867 -0.00056908 0.00021546 0.00024725 -0.00022330
1778556531.105002 0.07298580 -0.06884867 -0.00056908 -0.00050935 -0.00031812 0.00058205
1778556531.171719 0.07298580 -0.06884867 -0.00056908 0.00045375 0.00000400 0.00053862
1778556531.238436 0.07298580 -0.06884867 -0.00056908 0.00045597 0.00009798 -0.00021148
1778556531.305152 0.07298580 -0.06884867 -0.00056908 -0.00025401 -0.00018475 -0.00117594
1778556531.371868 0.07298579 -0.06884867 -0.00056908 -0.00023409 -0.00064693 -0.00068030
1778556531.438585 0.07298581 -0.06884868 -0.00056909 0.00024584 0.00032480 -0.00069653
1778556531.505301 0.07298581 -0.06884869 -0.00056909 0.00087799 0.00006831 -0.00038400
1778556531.572018 0.07298582 -0.06884869 -0.00056909 -0.00011503 0.00139973 -0.00079470
1778556531.638735 0.07298582 -0.06884870 -0.00056910 -0.00069995 0.00032538 0.00100641
1778556531.705451 0.07298582 -0.06884870 -0.00056910 -0.00069409 -0.00001050 0.00013810
1778556531.772168 0.07298583 -0.06884870 -0.00056910 -0.00089149 0.00054317 -0.00028518
1778556531.838884 0.07298581 -0.06884869 -0.00056909 -0.00072155 0.00046552 -0.00120392
1778556531.905601 0.07298581 -0.06884869 -0.00056909 -0.00062833 -0.00047272 0.00060356
1778556531.972317 0.07298581 -0.06884868 -0.00056909 -0.00016583 -0.00037606 -0.00025664
1778556532.039034 0.07298581 -0.06884868 -0.00056909 -0.00038242 -0.00012963 0.00070973
1778556532.105750 0.07298581 -0.06884868 -0.00056909 -0.00040935 -0.00061580 -0.00081631
1778556532.172467 0.07298581 -0.06884868 -0.00056909 -0.00012902 -0.00094442 -0.00068109
1778556532.239183 0.07298581 -0.06884868 -0.00056909 0.00080269 -0.00063693 0.00011779
1778556532.305899 0.07298581 -0.06884868 -0.00056909 0.00024229 0.00089179 0.00012581
1778556532.372616 0.07298581 -0.06884868 -0.00056909 -0.00062700 0.00115978 0.00039481
1778556532.439332 0.07298582 -0.06884870 -0.00056909 0.00121890 -0.00034597 0.00107217
1778556532.506049 0.07298585 -0.06884873 -0.00056911 -0.00047322 0.00111779 0.00132891
1778556532.572765 0.07298586 -0.06884873 -0.00056911 0.00037295 0.00041730 0.00047715
1778556532.639482 0.07298586 -0.06884873 -0.00056911 -0.00076006 -0.00097053 0.00012895
1778556532.706198 0.07298586 -0.06884874 -0.00056911 -0.00149161 0.00053185 -0.00164234
1778556532.772914 0.07298585 -0.06884873 -0.00056911 -0.00060219 -0.00077414 0.00042436
1778556532.839631 0.07298585 -0.06884873 -0.00056911 -0.00087839 0.00023822 -0.00097209
1778556532.906347 0.07298585 -0.06884873 -0.00056911 0.00089419 0.00001039 0.00066167
1778556532.973063 0.07298585 -0.06884873 -0.00056911 0.00080608 -0.00014414 0.00061170
1778556533.039780 0.07298585 -0.06884872 -0.00056911 0.00029643 -0.00018997 0.00037812
1778556533.106496 0.07298584 -0.06884872 -0.00056910 0.00018397 -0.00057639 0.00023158
1778556533.173212 0.07298584 -0.06884872 -0.00056910 -0.00067791 -0.00008627 -0.00036645
1778556533.239929 0.07298583 -0.06884871 -0.00056910 -0.00021467 0.00021785 0.00040600
1778556533.306645 0.07298584 -0.06884872 -0.00056910 -0.00076327 0.00080408 0.00070238
1778556533.373362 0.07298591 -0.06884879 -0.00056913 -0.00003060 0.00286854 -0.00099464
1778556533.440078 0.07298590 -0.06884878 -0.00056913 0.00017114 0.00006856 -0.00041163
1778556533.506794 0.07298590 -0.06884878 -0.00056913 -0.00200206 0.00038733 0.00039451
1778556533.573510 0.07298590 -0.06884878 -0.00056913 -0.00127554 0.00059232 0.00069965
1778556533.640227 0.07298591 -0.06884879 -0.00056913 -0.00026908 -0.00021916 0.00015936
1778556533.706943 0.07298592 -0.06884879 -0.00056914 -0.00273067 0.00153876 -0.00001875
1778556533.773659 0.07298591 -0.06884879 -0.00056913 -0.00087177 -0.00088590 -0.00043279
1778556533.840376 0.07298592 -0.06884879 -0.00056914 -0.00061761 0.00012821 0.00007211
1778556533.907092 0.07298592 -0.06884879 -0.00056914 -0.00019748 0.00061092 -0.00029219
1778556533.973808 0.07298591 -0.06884878 -0.00056913 0.00014690 0.00061116 0.00105719
1778556534.040525 0.07298590 -0.06884877 -0.00056913 0.00111202 -0.00024006 -0.00058430
1778556534.107241 0.07298590 -0.06884877 -0.00056913 0.00195907 -0.00016694 -0.00073684
1778556534.173958 0.07298592 -0.06884878 -0.00056913 -0.00066400 0.00021237 -0.00201219
1778556534.240675 0.07298592 -0.06884879 -0.00056914 0.00037738 0.00107964 -0.00094599
1778556534.307391 0.07298592 -0.06884878 -0.00056914 0.00016136 -0.00023975 0.00136934
1778556534.374108 0.07298593 -0.06884879 -0.00056914 0.00036710 -0.00064443 0.00023499
1778556534.440825 0.07298592 -0.06884878 -0.00056913 -0.00017443 0.00052951 -0.00020923
1778556534.507541 0.07298592 -0.06884878 -0.00056913 0.00058228 -0.00056037 0.00076137
1778556534.574258 0.07298592 -0.06884879 -0.00056913 -0.00045188 0.00030052 0.00047774
1778556534.640975 0.07298594 -0.06884881 -0.00056915 -0.00007101 0.00055821 0.00013061
1778556534.707692 0.07298594 -0.06884880 -0.00056914 0.00026227 0.00014917 -0.00021150
1778556534.774408 0.07298593 -0.06884880 -0.00056914 0.00091833 -0.00053119 -0.00003841
1778556534.841125 0.07298591 -0.06884878 -0.00056913 0.00091856 0.00023547 -0.00025533
1778556534.907842 0.07298594 -0.06884880 -0.00056915 0.00061376 -0.00067587 0.00001629
1778556534.974558 0.07298594 -0.06884880 -0.00056915 0.00002438 -0.00002757 0.00118163
1778556535.041275 0.07298594 -0.06884880 -0.00056915 0.00003290 -0.00044514 0.00045982
1778556535.107992 0.07298595 -0.06884881 -0.00056915 0.00050248 -0.00041514 -0.00021501
1778556535.174709 0.07298596 -0.06884882 -0.00056916 -0.00006234 -0.00005143 -0.00039376
1778556535.241425 0.07298595 -0.06884881 -0.00056915 -0.00038187 0.00064033 -0.00015331
1778556535.308142 0.07298596 -0.06884881 -0.00056916 -0.00058427 -0.00017668 0.00130781
1778556535.374858 0.07298596 -0.06884881 -0.00056916 -0.00035133 -0.00076771 0.00039382
1778556535.441575 0.07298594 -0.06884881 -0.00056915 -0.00016303 -0.00054297 -0.00044524
1778556535.508291 0.07298594 -0.06884880 -0.00056915 -0.00024079 -0.00025595 0.00040208
1778556535.575008 0.07298594 -0.06884881 -0.00056915 -0.00127658 0.00010717 0.00020707
1778556535.641725 0.07298594 -0.06884881 -0.00056915 -0.00123801 0.00051882 -0.00022121
1778556535.708441 0.07298594 -0.06884881 -0.00056915 -0.00055358 0.00021389 0.00222976
1778556535.775158 0.07298595 -0.06884881 -0.00056915 0.00004216 0.00004362 0.00066081
1778556535.841875 0.07298595 -0.06884881 -0.00056916 0.00016305 0.00001574 -0.00027098
1778556535.908591 0.07298595 -0.06884881 -0.00056915 -0.00028417 0.00052210 0.00062456
1778556535.975308 0.07298595 -0.06884882 -0.00056916 0.00029955 -0.00016219 0.00059863
1778556536.042025 0.07298595 -0.06884881 -0.00056915 -0.00044429 -0.00076137 0.00074475
1778556536.108741 0.07298593 -0.06884879 -0.00056914 -0.00174881 -0.00022357 -0.00141080
1778556536.175457 0.07298593 -0.06884879 -0.00056914 -0.00129096 0.00121332 -0.00178410
1778556536.242174 0.07298593 -0.06884880 -0.00056914 -0.00144872 0.00033784 0.00198875
1778556536.308891 0.07298593 -0.06884880 -0.00056914 -0.00145529 0.00048313 0.00004156
1778556536.375607 0.07298593 -0.06884879 -0.00056914 -0.00099030 -0.00028392 0.00030932
1778556536.442323 0.07298593 -0.06884879 -0.00056914 -0.00078821 -0.00028879 -0.00040998
1778556536.509040 0.07298592 -0.06884879 -0.00056914 -0.00096526 0.00025930 0.00026858
1778556536.575757 0.07298591 -0.06884877 -0.00056913 -0.00024754 0.00063160 -0.00088418
1778556536.642473 0.07298590 -0.06884876 -0.00056913 -0.00267740 0.00148856 0.00151970
1778556536.709189 0.07298589 -0.06884876 -0.00056912 0.00018272 0.00021505 -0.00154115
1778556536.775906 0.07298589 -0.06884876 -0.00056912 -0.00037325 0.00024879 -0.00036015
1778556536.842622 0.07298589 -0.06884876 -0.00056912 -0.00015691 -0.00139547 0.00130256
1778556536.909339 0.07298589 -0.06884876 -0.00056912 -0.00062914 0.00050094 -0.00070062
1778556536.976055 0.07298589 -0.06884875 -0.00056912 0.00018195 -0.00049552 0.00103345
1778556537.042772 0.07298589 -0.06884876 -0.00056912 -0.00117536 0.00045855 0.00134396
1778556537.109490 0.07298589 -0.06884876 -0.00056912 -0.00047148 -0.00029836 -0.00142322
1778556537.176209 0.07298589 -0.06884876 -0.00056912 -0.00060160 -0.00120288 -0.00237933
1778556537.242927 0.07298589 -0.06884876 -0.00056912 -0.00236770 0.00148018 -0.00049196
1778556537.309646 0.07298589 -0.06884876 -0.00056912 -0.00160312 0.00090908 0.00050297
1778556537.376364 0.07298589 -0.06884876 -0.00056912 -0.00112411 -0.00005550 0.00055156
1778556537.443083 0.07298589 -0.06884875 -0.00056912 0.00100991 0.00101036 -0.00219769
1778556537.509802 0.07298589 -0.06884875 -0.00056912 -0.00019727 0.00063717 -0.00187978
1778556537.576520 0.07298590 -0.06884878 -0.00056912 0.00051817 -0.00054219 0.00066956
1778556537.643239 0.07298591 -0.06884878 -0.00056912 0.00099612 -0.00062420 -0.00021863
1778556537.709958 0.07298592 -0.06884879 -0.00056913 -0.00011931 0.00019506 0.00138327
1778556537.776676 0.07298592 -0.06884879 -0.00056913 -0.00055922 0.00031534 -0.00072045
1778556537.843395 0.07298592 -0.06884879 -0.00056912 -0.00003212 -0.00119630 0.00076294
1778556537.910114 0.07298592 -0.06884879 -0.00056912 -0.00014733 0.00032893 -0.00020204
1778556537.976833 0.07298591 -0.06884878 -0.00056912 -0.00099343 0.00107291 -0.00171229
1778556538.043551 0.07298591 -0.06884878 -0.00056912 -0.00018440 -0.00086498 0.00081289
1778556538.110268 0.07298592 -0.06884878 -0.00056912 0.00050704 0.00078513 -0.00236118
1778556538.176984 0.07298592 -0.06884878 -0.00056912 -0.00262131 0.00102651 0.00177042
1778556538.243701 0.07298592 -0.06884878 -0.00056912 0.00164391 -0.00001097 -0.00129818
1778556538.310417 0.07298591 -0.06884878 -0.00056912 0.00016052 0.00058046 -0.00020457
1778556538.377133 0.07298590 -0.06884878 -0.00056912 0.00016627 0.00075526 -0.00062079
1778556538.443850 0.07298590 -0.06884878 -0.00056912 -0.00012792 -0.00005389 -0.00072301
1778556538.510566 0.07298590 -0.06884878 -0.00056912 -0.00017093 -0.00056289 -0.00034877
1778556538.577282 0.07298590 -0.06884877 -0.00056912 0.00010447 -0.00077353 0.00034030
1778556538.643999 0.07298590 -0.06884877 -0.00056911 0.00064265 0.00049189 -0.00113535
1778556538.710715 0.07298591 -0.06884877 -0.00056912 0.00130560 -0.00016741 -0.00005651
1778556538.777431 0.07298590 -0.06884877 -0.00056912 0.00066717 -0.00051901 -0.00008011
1778556538.844148 0.07298590 -0.06884877 -0.00056912 0.00007139 -0.00030241 -0.00017606
1778556538.910864 0.07298590 -0.06884877 -0.00056912 0.00076886 0.00014134 -0.00118404
1778556538.977580 0.07298590 -0.06884877 -0.00056912 0.00037295 0.00035577 -0.00190659
1778556539.044297 0.07298590 -0.06884877 -0.00056912 0.00020256 0.00004257 -0.00020715
1778556539.111013 0.07298587 -0.06884875 -0.00056911 0.00070161 -0.00070159 -0.00012614
1778556539.177729 0.07298588 -0.06884875 -0.00056911 -0.00024721 -0.00095836 -0.00100791
1778556539.244446 0.07298588 -0.06884875 -0.00056911 0.00066625 0.00127722 0.00109503
1778556539.311162 0.07298588 -0.06884875 -0.00056911 0.00135743 -0.00155333 0.00131243
1778556539.377878 0.07298587 -0.06884874 -0.00056911 0.00118504 -0.00068406 -0.00127566
1778556539.444594 0.07298586 -0.06884874 -0.00056910 0.00124447 0.00022308 -0.00043311
1778556539.511311 0.07298586 -0.06884873 -0.00056910 -0.00074023 -0.00118948 -0.00148997
1778556539.578027 0.07298586 -0.06884873 -0.00056910 0.00039292 0.00081123 -0.00088424
1778556539.644743 0.07298585 -0.06884873 -0.00056910 0.00484289 -0.00138518 0.00407149
1778556539.711460 0.06644989 -0.07907412 0.00403830 -0.00315663 -0.00174708 -0.00087300
1778556539.778176 0.04056826 -0.05473155 -0.02424620 0.00068108 0.00008226 0.00187855
1778556539.844892 0.03262505 -0.07982928 -0.00532827 0.00176918 -0.00040339 0.00337190
1778556539.911608 0.04692756 -0.05988642 0.00004278 0.00166734 -0.00044175 0.00295668
1778556539.978325 0.05312927 -0.05557751 0.00701347 0.00135118 -0.00035652 0.00252979
1778556540.045041 0.05555778 -0.05038044 0.00693767 0.00094075 -0.00026615 0.00208115
1778556540.111757 0.05593603 -0.04910890 0.01230347 0.00076330 -0.00031505 0.00181860
1778556540.178474 0.05824767 -0.04993624 0.00800275 0.00074507 -0.00029742 0.00149256
1778556540.245190 0.05941057 -0.05020792 0.00249342 0.00070430 -0.00027376 0.00129211
1778556540.311906 0.06137521 -0.04007566 0.00790721 0.00075542 -0.00025443 0.00119649
1778556540.378623 0.06450259 -0.04841264 0.00657502 0.00079180 -0.00025729 0.00107420
1778556540.445339 0.06640788 -0.04675110 0.00807794 0.00085746 -0.00023886 0.00100329
1778556540.512055 0.06776552 -0.05042803 0.00544263 0.00082650 -0.00025256 0.00087232
1778556540.578771 0.06394063 -0.04378047 0.00573756 0.00081404 -0.00020877 0.00091021
1778556540.645488 0.06665108 -0.04856229 0.00872530 0.00057828 -0.00032360 0.00073258
1778556540.712204 0.06870581 -0.05320720 0.00620020 0.00044184 -0.00034673 0.00059239
1778556540.778920 0.06661686 -0.04688487 0.01948849 0.00061644 -0.00043371 0.00056181
1778556540.845636 0.06663591 -0.04832208 0.01383368 0.00067829 -0.00059518 0.00024131
1778556540.912353 0.06861198 -0.04597421 0.01604234 0.00037142 -0.00082390 0.00020592
1778556540.979069 0.08406902 -0.05467536 0.00222869 0.00008864 -0.00024471 0.00020779
1778556541.045785 0.08001550 -0.05599942 0.00542633 0.00017888 -0.00037380 0.00038417
1778556541.112502 0.07700673 -0.04606417 0.00710907 0.00016191 -0.00012690 0.00043244
1778556541.179218 0.07725262 -0.04965505 0.00355511 0.00008030 -0.00001068 0.00055262
1778556541.245935 0.07763587 -0.05086140 0.00209939 0.00009609 0.00002734 0.00055416
1778556541.312652 0.07783418 -0.05186709 0.00171261 0.00009551 0.00003816 0.00054825
1778556541.379368 0.07809795 -0.05222451 0.00164872 0.00007913 0.00003858 0.00055586
1778556541.446085 0.07827257 -0.05275775 0.00161048 0.00009025 0.00002688 0.00058024
1778556541.512801 0.07837896 -0.05330592 0.00140452 0.00008054 0.00003386 0.00055709
1778556541.579518 0.07855639 -0.05431077 0.00158456 0.00004182 0.00002595 0.00053544
1778556541.646235 0.07889952 -0.05486008 0.00156802 0.00000319 0.00002409 0.00052229
1778556541.712951 0.07884235 -0.05498580 0.00160197 0.00001271 0.00002561 0.00053398
1778556541.779668 0.07878946 -0.05526664 0.00169119 0.00002456 0.00001057 0.00054356
1778556541.846385 0.07901112 -0.05561176 0.00163472 0.00002250 0.00000534 0.00053185
1778556541.913101 0.07904218 -0.05598498 0.00172025 0.00001467 -0.00000028 0.00051724
1778556541.979818 0.07896706 -0.05609118 0.00164909 0.00000880 0.00000955 0.00049937
1778556542.046535 0.07893264 -0.05631897 0.00176763 0.00001005 0.00000629 0.00047655
1778556542.113251 0.07896786 -0.05668003 0.00178796 -0.00000303 0.00000279 0.00043276
1778556542.179967 0.07900955 -0.05656809 0.00180658 0.00000405 0.00001056 0.00040306
1778556542.246683 0.07911620 -0.05650835 0.00190332 0.00001780 -0.00000354 0.00040784
1778556542.313400 0.07897033 -0.05651941 0.00178982 0.00000159 -0.00000285 0.00042648
1778556542.380116 0.07866288 -0.05680914 0.00176228 -0.00000699 0.00002301 0.00042505
1778556542.446832 0.07876748 -0.05694717 0.00182199 -0.00003212 0.00002748 0.00042218
1778556542.513548 0.07902912 -0.05724801 0.00191362 -0.00004334 0.00000399 0.00041802
1778556542.580265 0.07903938 -0.05706064 0.00189110 -0.00001732 -0.00000681 0.00040243
1778556542.646981 0.07918510 -0.05710045 0.00204690 -0.00000423 -0.00002927 0.00038471
1778556542.713697 0.07945989 -0.05720588 0.00202336 -0.00001797 -0.00005759 0.00035782
1778556542.780413 0.07951337 -0.05772107 0.00201335 -0.00005627 -0.00006011 0.00033430
1778556542.847129 0.07938606 -0.05798363 0.00199018 -0.00008783 -0.00005817 0.00034283
1778556542.913846 0.07941837 -0.05793491 0.00201876 -0.00007703 -0.00006206 0.00034845
1778556542.980562 0.07927105 -0.05798295 0.00191142 -0.00006865 -0.00005591 0.00033990
1778556543.047278 0.07916064 -0.05807988 0.00194949 -0.00006506 -0.00005000 0.00030646
1778556543.113996 0.07926878 -0.05801653 0.00195499 -0.00007468 -0.00005699 0.00029639
1778556543.180714 0.07862661 -0.05759859 0.00184635 -0.00001890 -0.00011489 0.00021627
1778556543.247433 0.07963671 -0.05766884 0.00197245 -0.00007683 -0.00006660 0.00038233
1778556543.314151 0.07949153 -0.05787636 0.00193674 -0.00005914 -0.00005412 0.00038870
1778556543.380869 0.07924959 -0.05800424 0.00198981 -0.00006467 -0.00004652 0.00035578
1778556543.447587 0.07927626 -0.05778962 0.00196854 -0.00006366 -0.00004815 0.00034533
1778556543.514306 0.07920805 -0.05803933 0.00200707 -0.00006909 -0.00004657 0.00033557
1778556543.581024 0.07919139 -0.05810271 0.00202048 -0.00007674 -0.00005406 0.00031764
1778556543.647742 0.07920383 -0.05792458 0.00200044 -0.00006627 -0.00006669 0.00032802
1778556543.714460 0.07922834 -0.05801218 0.00197810 -0.00006446 -0.00006455 0.00033568
1778556543.781179 0.07917766 -0.05820445 0.00202506 -0.00006902 -0.00006225 0.00032273
1778556543.847897 0.07915617 -0.05834463 0.00203048 -0.00007504 -0.00006360 0.00031736
1778556543.914616 0.07903112 -0.05839177 0.00197024 -0.00008138 -0.00005108 0.00031566
1778556543.981334 0.07882113 -0.05837425 0.00200592 -0.00009949 -0.00004152 0.00033211
1778556544.048053 0.07880659 -0.05862928 0.00202496 -0.00010752 -0.00004190 0.00034156
1778556544.114769 0.07866181 -0.05856607 0.00201260 -0.00009582 -0.00003189 0.00032634
1778556544.181485 0.07855509 -0.05837753 0.00204840 -0.00008894 -0.00002473 0.00031668
1778556544.248201 0.07851001 -0.05842484 0.00207662 -0.00008418 -0.00002922 0.00032549
1778556544.314917 0.07871218 -0.05826188 0.00209947 -0.00007163 -0.00004068 0.00032476
1778556544.381633 0.07873339 -0.05812128 0.00209290 -0.00005590 -0.00005004 0.00031053
1778556544.448349 0.07874829 -0.05794363 0.00206811 -0.00005270 -0.00005546 0.00030951
1778556544.515064 0.07891815 -0.05819567 0.00209130 -0.00005756 -0.00005767 0.00029996
1778556544.581780 0.07890958 -0.05815218 0.00208691 -0.00006280 -0.00005433 0.00029027
1778556544.648497 0.07867112 -0.05811248 0.00208105 -0.00006369 -0.00004507 0.00029067
1778556544.715212 0.07861569 -0.05824503 0.00209536 -0.00006498 -0.00003855 0.00028412
1778556544.781929 0.07865414 -0.05823398 0.00211991 -0.00006587 -0.00003760 0.00027340
1778556544.848644 0.07838229 -0.05822586 0.00209377 -0.00005848 -0.00002881 0.00025726
1778556544.915360 0.07823833 -0.05819852 0.00213752 -0.00005676 -0.00002042 0.00023594
1778556544.982076 0.07825786 -0.05822982 0.00215723 -0.00006441 -0.00001852 0.00023209
1778556545.048792 0.07820137 -0.05823719 0.00216250 -0.00005789 -0.00001509 0.00023018
1778556545.115508 0.07823170 -0.05810597 0.00219078 -0.00005650 -0.00001452 0.00022020
1778556545.182224 0.07816066 -0.05814076 0.00218107 -0.00005763 -0.00001367 0.00021442
1778556545.248940 0.07789379 -0.05797024 0.00214443 -0.00004657 -0.00000644 0.00021061
1778556545.315656 0.07781996 -0.05785829 0.00220603 -0.00004859 -0.00000319 0.00020643
1778556545.382373 0.07788230 -0.05784561 0.00224255 -0.00004891 -0.00001012 0.00021090
1778556545.449089 0.07808102 -0.05780584 0.00219754 -0.00004200 -0.00001778 0.00021450
1778556545.515805 0.07798076 -0.05773198 0.00217590 -0.00003849 -0.00001122 0.00021607
1778556545.582521 0.07795945 -0.05750552 0.00225760 -0.00002587 -0.00001606 0.00022423
1778556545.649237 0.07824632 -0.05745186 0.00222836 -0.00002386 -0.00002942 0.00022916
1778556545.715953 0.07826451 -0.05758502 0.00219796 -0.00002731 -0.00002992 0.00022563
1778556545.782669 0.07802908 -0.05749961 0.00219363 -0.00002181 -0.00002207 0.00022317
1778556545.849385 0.07797076 -0.05726398 0.00220797 -0.00001202 -0.00002108 0.00022369
1778556545.916101 0.07813073 -0.05717618 0.00224979 -0.00000188 -0.00003179 0.00022026
1778556545.982817 0.07840287 -0.05715724 0.00225032 -0.00000605 -0.00004317 0.00022031
1778556546.049533 0.07848671 -0.05720500 0.00220471 -0.00000778 -0.00004646 0.00022127
1778556546.116250 0.07826592 -0.05716818 0.00216880 -0.00000467 -0.00003742 0.00022076
1778556546.182967 0.07825677 -0.05717671 0.00220715 -0.00000065 -0.00003365 0.00021183
1778556546.249685 0.07818951 -0.05708640 0.00219384 0.00000316 -0.00003413 0.00020562
1778556546.316402 0.07798055 -0.05725873 0.00217317 -0.00000596 -0.00002936 0.00020608
1778556546.383119 0.07802465 -0.05742299 0.00217910 -0.00001343 -0.00002875 0.00020230
1778556546.449836 0.07791761 -0.05751289 0.00216380 -0.00001237 -0.00002951 0.00019798
1778556546.516553 0.07800756 -0.05731201 0.00219229 -0.00001436 -0.00003020 0.00019845
1778556546.583271 0.07798336 -0.05724244 0.00219942 0.00000003 -0.00003520 0.00019390
1778556546.649988 0.07813089 -0.05713150 0.00215888 -0.00000674 -0.00003926 0.00019002
1778556546.716705 0.07818368 -0.05744670 0.00218661 -0.00001050 -0.00004263 0.00019719
1778556546.783423 0.07816664 -0.05760831 0.00214130 -0.00001211 -0.00004250 0.00018922
1778556546.850140 0.07812556 -0.05765342 0.00214072 -0.00002375 -0.00003742 0.00018711
1778556546.916857 0.07815798 -0.05770362 0.00221016 -0.00002286 -0.00004154 0.00019035
1778556546.983575 0.07814347 -0.05771442 0.00215975 -0.00002213 -0.00004384 0.00019032
1778556547.050292 0.07811849 -0.05803709 0.00214093 -0.00003264 -0.00003893 0.00018403
1778556547.117008 0.07808177 -0.05822065 0.00217703 -0.00003857 -0.00003701 0.00018044
1778556547.183724 0.07811325 -0.05802403 0.00218180 -0.00003349 -0.00003587 0.00017977
1778556547.250441 0.07804191 -0.05799895 0.00219484 -0.00002862 -0.00003559 0.00018298
1778556547.317157 0.07804923 -0.05815301 0.00216183 -0.00003140 -0.00003332 0.00017653
1778556547.383873 0.07799048 -0.05824243 0.00222551 -0.00004329 -0.00003249 0.00017328
1778556547.450589 0.07807510 -0.05829882 0.00221643 -0.00004036 -0.00003438 0.00017233
1778556547.517306 0.07796439 -0.05801781 0.00216091 -0.00003653 -0.00002964 0.00018018
1778556547.584022 0.07776318 -0.05807689 0.00221813 -0.00003331 -0.00002548 0.00018975
1778556547.650738 0.07793235 -0.05797110 0.00224856 -0.00002908 -0.00002981 0.00018304
1778556547.717454 0.07783973 -0.05750215 0.00216682 -0.00001652 -0.00002800 0.00017828
1778556547.784170 0.07753961 -0.05706352 0.00220280 0.00000186 -0.00002026 0.00017769
1778556547.850887 0.07753775 -0.05687958 0.00223125 0.00000311 -0.00001874 0.00018027
1778556547.917603 0.07746571 -0.05714734 0.00221505 -0.00000596 -0.00001781 0.00018428
1778556547.984319 0.07735967 -0.05755195 0.00220884 -0.00001488 -0.00001526 0.00018096
1778556548.051035 0.07725366 -0.05770351 0.00220850 -0.00001972 -0.00000935 0.00017324
1778556548.117751 0.07706155 -0.05771430 0.00223171 -0.00002105 -0.00000552 0.00017031
1778556548.184468 0.07723304 -0.05756300 0.00223969 -0.00001965 -0.00000908 0.00016973
1778556548.251184 0.07722440 -0.05750266 0.00224617 -0.00001185 -0.00000967 0.00017270
1778556548.317901 0.07719224 -0.05737088 0.00223163 -0.00001162 -0.00000985 0.00017117
1778556548.384617 0.07725468 -0.05738669 0.00226765 -0.00000796 -0.00001088 0.00016833
1778556548.451333 0.07725131 -0.05731457 0.00226753 -0.00000689 -0.00001532 0.00016942
1778556548.518050 0.07734143 -0.05749817 0.00226154 -0.00001077 -0.00001847 0.00016905
1778556548.584766 0.07719879 -0.05766900 0.00223251 -0.00002371 -0.00001324 0.00017454
1778556548.651482 0.07709636 -0.05802177 0.00225527 -0.00003668 -0.00001041 0.00017824
1778556548.718199 0.07709375 -0.05806358 0.00228080 -0.00003551 -0.00001138 0.00018770
1778556548.784915 0.07704195 -0.05794390 0.00222642 -0.00002852 -0.00000851 0.00019417
1778556548.851631 0.07699913 -0.05803421 0.00230208 -0.00002845 -0.00001065 0.00019783
1778556548.918348 0.07705577 -0.05789753 0.00224502 -0.00002502 -0.00001179 0.00020255
1778556548.985064 0.07697668 -0.05790675 0.00226770 -0.00002000 -0.00000845 0.00020435
1778556549.051780 0.07706015 -0.05783293 0.00229649 -0.00002267 -0.00000876 0.00020278
1778556549.118497 0.07690524 -0.05795028 0.00229076 -0.00002351 -0.00000696 0.00020202
1778556549.185214 0.07702228 -0.05814946 0.00231349 -0.00002964 -0.00000791 0.00019766
1778556549.251930 0.07699206 -0.05810607 0.00230342 -0.00003472 -0.00001108 0.00020276
1778556549.318647 0.07703319 -0.05813393 0.00231400 -0.00003422 -0.00001228 0.00020699
1778556549.385364 0.07720019 -0.05822578 0.00232744 -0.00003232 -0.00001379 0.00020001
1778556549.452080 0.07709462 -0.05793495 0.00228363 -0.00003175 -0.00001036 0.00020153
1778556549.518797 0.07707002 -0.05794565 0.00233671 -0.00002630 -0.00000837 0.00020892
1778556549.585513 0.07711737 -0.05781724 0.00233961 -0.00002298 -0.00000931 0.00020726
1778556549.652230 0.07692188 -0.05752749 0.00233137 -0.00001512 -0.00000725 0.00021056
1778556549.718946 0.07696134 -0.05748370 0.00232892 -0.00001328 -0.00000941 0.00021505
1778556549.785663 0.07691134 -0.05774994 0.00232993 -0.00001156 -0.00000815 0.00021447
1778556549.852380 0.07703080 -0.05788280 0.00233192 -0.00001592 -0.00000857 0.00020657
1778556549.919096 0.07702014 -0.05797119 0.00234855 -0.00001748 -0.00000978 0.00020087
1778556549.985813 0.07700322 -0.05792560 0.00231236 -0.00002346 -0.00000837 0.00019443
1778556550.052529 0.07677709 -0.05793938 0.00231691 -0.00002556 -0.00000296 0.00019766
1778556550.119246 0.07682892 -0.05763707 0.00235259 -0.00002022 -0.00000525 0.00020421
1778556550.185962 0.07674372 -0.05776841 0.00233073 -0.00001619 -0.00000615 0.00020588
1778556550.252678 0.07672456 -0.05781705 0.00231798 -0.00001874 -0.00000606 0.00019882
1778556550.319394 0.07661516 -0.05748506 0.00228705 -0.00001342 -0.00000358 0.00020150
1778556550.386111 0.07673071 -0.05744212 0.00232808 -0.00001050 -0.00000408 0.00020439
1778556550.452827 0.07676485 -0.05765457 0.00231978 -0.00001239 -0.00000573 0.00020284
1778556550.519543 0.07681442 -0.05756647 0.00234471 -0.00001537 -0.00000947 0.00020356
1778556550.586259 0.07680062 -0.05758259 0.00231734 -0.00001379 -0.00001087 0.00020696
1778556550.652975 0.07671930 -0.05760795 0.00227251 -0.00001514 -0.00000743 0.00020801
1778556550.719692 0.07649656 -0.05758298 0.00228236 -0.00001614 -0.00000240 0.00021043
1778556550.786408 0.07636366 -0.05757289 0.00232706 -0.00001237 0.00000058 0.00021335
1778556550.853124 0.07639934 -0.05746538 0.00232287 -0.00001592 -0.00000015 0.00021680
1778556550.919840 0.07639934 -0.05746538 0.00232287 -0.00195991 -0.00019632 0.00127343
1778556550.986556 0.07639934 -0.05746538 0.00232287 -0.00104367 0.00006880 0.00034584
1778556551.053272 0.07639933 -0.05746537 0.00232287 0.00041434 -0.00015411 -0.00011940
1778556551.119989 0.07639933 -0.05746537 0.00232287 0.00075952 0.00170545 0.00006913
1778556551.186705 0.07639933 -0.05746537 0.00232287 -0.00131144 0.00141222 0.00047317
1778556551.253422 0.07639933 -0.05746537 0.00232288 -0.00046394 0.00090844 0.00030024
1778556551.320138 0.07639933 -0.05746537 0.00232288 -0.00004608 -0.00026892 -0.00043622
1778556551.386855 0.07639933 -0.05746537 0.00232288 -0.00042603 -0.00019312 0.00051685
1778556551.453571 0.07639933 -0.05746537 0.00232288 -0.00046252 -0.00011550 0.00043743
1778556551.520288 0.07639932 -0.05746537 0.00232288 0.00053239 0.00049252 -0.00078450
1778556551.587004 0.07639932 -0.05746537 0.00232288 0.00097685 0.00014801 -0.00045299
1778556551.653720 0.07639932 -0.05746537 0.00232288 -0.00059107 -0.00029997 -0.00048037
1778556551.720437 0.07639932 -0.05746537 0.00232288 0.00010519 0.00006209 -0.00046611
1778556551.787153 0.07639932 -0.05746537 0.00232288 0.00097372 0.00064076 -0.00039065
1778556551.853870 0.07639932 -0.05746537 0.00232288 0.00045337 0.00046532 -0.00002002
1778556551.920586 0.07639932 -0.05746538 0.00232288 -0.00000054 0.00057727 -0.00043354
1778556551.987303 0.07639932 -0.05746537 0.00232288 -0.00009612 0.00013862 0.00051443
1778556552.054019 0.07639932 -0.05746537 0.00232288 -0.00068107 0.00014841 0.00050535
1778556552.120736 0.07639933 -0.05746538 0.00232288 -0.00149093 0.00114082 -0.00001332
1778556552.187453 0.07639933 -0.05746538 0.00232288 -0.00079372 0.00020262 -0.00042786
1778556552.254169 0.07639933 -0.05746538 0.00232288 -0.00043366 0.00108848 0.00234557
1778556552.320886 0.07639933 -0.05746538 0.00232288 0.00013698 -0.00150067 -0.00006736
1778556552.387603 0.07639933 -0.05746538 0.00232289 -0.00088271 0.00035946 0.00232386
1778556552.454319 0.07639933 -0.05746538 0.00232289 -0.00011523 0.00143711 -0.00089520
1778556552.521036 0.07639933 -0.05746538 0.00232289 -0.00015943 0.00071814 -0.00082891
1778556552.587753 0.07639933 -0.05746538 0.00232289 0.00121243 -0.00070289 0.00216161
1778556552.654469 0.07639933 -0.05746538 0.00232289 -0.00037223 0.00089586 0.00357510
1778556552.721186 0.07639933 -0.05746538 0.00232289 -0.00064817 -0.00225166 0.00089735
1778556552.787903 0.07639933 -0.05746539 0.00232289 -0.00028404 0.00118510 0.00160428
1778556552.854620 0.07639933 -0.05746539 0.00232289 0.00063251 -0.00070243 -0.00098597
1778556552.921336 0.07639933 -0.05746539 0.00232289 0.00003002 -0.00052942 -0.00041262
1778556552.988053 0.07639933 -0.05746537 0.00232289 -0.00192758 -0.00001521 -0.00072932
1778556553.054770 0.07639933 -0.05746537 0.00232289 -0.00111553 0.00073019 -0.00076300
1778556553.121487 0.07639933 -0.05746537 0.00232289 -0.00018894 -0.00001953 -0.00069129
1778556553.188204 0.07639933 -0.05746537 0.00232289 0.00058880 -0.00021893 -0.00008425
1778556553.254921 0.07639933 -0.05746537 0.00232289 -0.00033858 -0.00112801 0.00053043
1778556553.321639 0.07639933 -0.05746539 0.00232289 -0.00008391 0.00109803 0.00006926
1778556553.388356 0.07639933 -0.05746539 0.00232289 -0.00005965 -0.00011449 -0.00032014
1778556553.455073 0.07639934 -0.05746538 0.00232288 0.00023004 0.00086079 -0.00080955
1778556553.521791 0.07639934 -0.05746538 0.00232288 -0.00130246 -0.00186949 0.00292573
1778556553.588508 0.07639934 -0.05746538 0.00232288 -0.00091208 -0.00124313 0.00051979
1778556553.655226 0.07639934 -0.05746538 0.00232288 -0.00082360 0.00003178 0.00055390
1778556553.721943 0.07639934 -0.05746539 0.00232288 -0.00075729 0.00015459 0.00011936
1778556553.788660 0.07639934 -0.05746539 0.00232288 -0.00104632 0.00076317 -0.00015867
1778556553.855378 0.07639934 -0.05746538 0.00232288 -0.00007886 -0.00049696 -0.00123038
1778556553.922095 0.07639934 -0.05746538 0.00232287 -0.00170187 -0.00046335 0.00000147
1778556553.988813 0.07639934 -0.05746538 0.00232288 0.00090481 -0.00003121 -0.00023386
1778556554.055530 0.07639935 -0.05746539 0.00232288 0.00050997 0.00058809 -0.00036111
1778556554.122247 0.07639935 -0.05746539 0.00232288 0.00042678 0.00056127 -0.00062115
1778556554.188963 0.07639937 -0.05746538 0.00232290 -0.00284753 -0.00008523 0.00029244
1778556554.255679 0.07639934 -0.05746537 0.00232286 -0.00070332 0.00079116 0.00040998
1778556554.322396 0.07639934 -0.05746537 0.00232286 -0.00133721 0.00018748 0.00021567
1778556554.389112 0.07639935 -0.05746539 0.00232286 -0.00052019 0.00017812 0.00050421
1778556554.455829 0.07639936 -0.05746540 0.00232285 -0.00082218 0.00073532 -0.00054762
1778556554.522545 0.07639936 -0.05746539 0.00232285 0.00114495 -0.00090744 -0.00056851
1778556554.589262 0.07639936 -0.05746539 0.00232285 -0.00057971 0.00082878 0.00003010
1778556554.655978 0.07639936 -0.05746539 0.00232285 -0.00037295 0.00042059 -0.00059430
1778556554.722694 0.07639936 -0.05746539 0.00232285 0.00003241 0.00059337 -0.00007012
1778556554.789410 0.07639936 -0.05746539 0.00232286 0.00133353 -0.00030110 0.00042064
1778556554.856127 0.07639936 -0.05746540 0.00232286 0.00073528 0.00035598 0.00071310
1778556554.922843 0.07639936 -0.05746540 0.00232286 0.00044385 0.00039251 0.00050160
1778556554.989560 0.07639937 -0.05746539 0.00232286 0.00077960 -0.00013219 0.00022396
1778556555.056276 0.07639937 -0.05746539 0.00232286 0.00098932 -0.00002960 0.00089449
1778556555.122992 0.07639937 -0.05746539 0.00232286 0.00089928 0.00021543 0.00036052
1778556555.189709 0.07639937 -0.05746540 0.00232286 -0.00017054 -0.00028998 0.00041326
1778556555.256425 0.07639936 -0.05746538 0.00232285 -0.00037263 0.00059098 -0.00005727
1778556555.323142 0.07639937 -0.05746539 0.00232286 -0.00141377 0.00111688 -0.00022220
1778556555.389858 0.07639937 -0.05746539 0.00232286 -0.00022896 0.00013627 -0.00013664
1778556555.456574 0.07639938 -0.05746539 0.00232287 -0.00003869 -0.00017044 0.00011396
1778556555.523291 0.07639938 -0.05746539 0.00232286 0.00080404 -0.00013362 -0.00081648
1778556555.590007 0.07639937 -0.05746539 0.00232287 -0.00010419 0.00014250 -0.00099513
1778556555.656724 0.07639938 -0.05746539 0.00232287 0.00036635 -0.00046545 -0.00084332
1778556555.723440 0.07639938 -0.05746540 0.00232287 0.00150084 -0.00023272 0.00171574
1778556555.790157 0.07639937 -0.05746539 0.00232286 0.00059128 0.00019721 -0.00101083
1778556555.856873 0.07639937 -0.05746540 0.00232287 0.00035223 0.00167355 -0.00075605
1778556555.923589 0.07639938 -0.05746540 0.00232286 0.00020368 -0.00100085 -0.00009495
1778556555.990306 0.07639938 -0.05746540 0.00232286 0.00130466 -0.00086806 0.00136215
1778556556.057022 0.07639939 -0.05746541 0.00232286 0.00242134 -0.00231032 0.00077983
1778556556.123739 0.07639939 -0.05746541 0.00232286 0.00061239 -0.00112845 0.00015933
1778556556.190455 0.07639939 -0.05746541 0.00232286 -0.00043945 -0.00035620 -0.00052029
1778556556.257172 0.07639939 -0.05746541 0.00232286 -0.00180470 -0.00014549 -0.00045173
1778556556.323888 0.07639939 -0.05746540 0.00232286 -0.00113233 0.00069948 -0.00032805
1778556556.390604 0.07639939 -0.05746540 0.00232286 -0.00031841 0.00066449 0.00152219
1778556556.457321 0.07639939 -0.05746540 0.00232286 0.00036141 0.00000716 0.00140367
1778556556.524037 0.07639939 -0.05746540 0.00232286 0.00011003 -0.00001821 0.00159104
1778556556.590754 0.07639939 -0.05746540 0.00232286 0.00035364 -0.00163041 -0.00017409
1778556556.657470 0.07639940 -0.05746544 0.00232287 0.00029118 0.00038031 0.00010509
1778556556.724187 0.07639940 -0.05746544 0.00232287 -0.00000947 0.00034861 0.00024286
1778556556.790903 0.07639941 -0.05746544 0.00232287 -0.00029596 0.00092382 0.00089245
1778556556.857620 0.07639940 -0.05746544 0.00232287 0.00018102 0.00015972 0.00037437
1778556556.924336 0.07639940 -0.05746544 0.00232287 0.00054547 -0.00083840 -0.00020689
1778556556.991052 0.07639941 -0.05746543 0.00232287 -0.00056878 -0.00009408 0.00013448
1778556557.057769 0.07639940 -0.05746542 0.00232287 -0.00054940 -0.00001943 0.00030228
1778556557.124485 0.07639938 -0.05746540 0.00232286 -0.00068211 0.00115127 0.00044724
1778556557.191202 0.07639938 -0.05746539 0.00232286 0.00123448 0.00162011 0.00041094
1778556557.257918 0.07639938 -0.05746539 0.00232286 0.00088865 0.00130165 0.00362345
1778556557.324635 0.07639938 -0.05746539 0.00232286 0.00206272 -0.00066881 0.00041460
1778556557.391351 0.07639938 -0.05746539 0.00232286 0.00187085 -0.00136705 -0.00043416
1778556557.458068 0.07639938 -0.05746538 0.00232287 -0.00037042 -0.00053921 -0.00106240
1778556557.524785 0.07639938 -0.05746538 0.00232287 -0.00083934 -0.00074880 -0.00145473
1778556557.591501 0.07639938 -0.05746538 0.00232287 -0.00231971 0.00108325 0.00215180
1778556557.658218 0.07639938 -0.05746538 0.00232287 -0.00238915 -0.00033502 0.00149704
1778556557.724935 0.07639938 -0.05746538 0.00232287 -0.00135514 0.00108719 -0.00066021
1778556557.791651 0.07639939 -0.05746542 0.00232289 0.00054041 0.00053818 -0.00087026
1778556557.858368 0.07639939 -0.05746541 0.00232286 0.00060156 0.00002207 -0.00092598
1778556557.925084 0.07639940 -0.05746542 0.00232287 0.00071728 0.00071587 -0.00032549
1778556557.991801 0.07639940 -0.05746542 0.00232287 -0.00063925 0.00061971 0.00038687
1778556558.058517 0.07639940 -0.05746542 0.00232287 -0.00076955 0.00046352 -0.00087182
1778556558.125234 0.07639940 -0.05746543 0.00232287 0.00080321 -0.00208013 0.00013448
1778556558.191951 0.07639939 -0.05746542 0.00232288 -0.00060865 -0.00012963 0.00044366
1778556558.258667 0.07639939 -0.05746542 0.00232288 -0.00108796 0.00081034 -0.00045574
1778556558.325384 0.07639938 -0.05746541 0.00232288 -0.00022846 -0.00029341 -0.00017163
1778556558.392100 0.07639940 -0.05746542 0.00232288 -0.00072317 0.00022139 -0.00011507
1778556558.458817 0.07639939 -0.05746542 0.00232288 -0.00008128 -0.00027707 -0.00014643
1778556558.525534 0.07639939 -0.05746542 0.00232288 -0.00126558 0.00093684 -0.00054264
1778556558.592250 0.07639939 -0.05746542 0.00232288 -0.00126531 0.00050117 -0.00050675
1778556558.658967 0.07639939 -0.05746543 0.00232287 0.00003578 0.00012798 0.00046155
1778556558.725684 0.07639939 -0.05746543 0.00232287 -0.00086301 0.00084312 0.00023461
1778556558.792400 0.07639939 -0.05746543 0.00232287 -0.00009399 0.00037701 0.00023142
1778556558.859117 0.07639939 -0.05746543 0.00232287 0.00018748 0.00019959 -0.00019259
1778556558.925833 0.07639938 -0.05746542 0.00232286 -0.00049326 -0.00011081 -0.00024359
1778556558.992550 0.07639938 -0.05746542 0.00232286 -0.00043180 0.00028899 -0.00005444
1778556559.059267 0.07639938 -0.05746543 0.00232285 0.00028580 -0.00022987 -0.00024815
1778556559.125984 0.07639938 -0.05746541 0.00232287 -0.00028484 -0.00015437 -0.00075533
1778556559.192701 0.07639939 -0.05746545 0.00232287 -0.00129132 -0.00021003 -0.00058146
1778556559.259419 0.07639939 -0.05746545 0.00232288 -0.00129307 -0.00106307 0.00001070
1778556559.326136 0.07639939 -0.05746545 0.00232288 -0.00111418 0.00130849 -0.00120084
1778556559.392854 0.07639939 -0.05746545 0.00232288 0.00014797 -0.00046667 -0.00186032
1778556559.459571 0.07639940 -0.05746545 0.00232288 0.00220072 -0.00110467 0.00188785
1778556559.526289 0.07639940 -0.05746546 0.00232288 0.00109464 0.00038290 0.00137740
1778556559.593006 0.07639940 -0.05746546 0.00232288 -0.00142293 0.00050261 0.00017409
1778556559.659724 0.07639940 -0.05746546 0.00232288 -0.00023907 -0.00035630 0.00179679
1778556559.726442 0.07639940 -0.05746546 0.00232288 0.00013704 -0.00138497 0.00228703
1778556559.793159 0.07639939 -0.05746545 0.00232288 0.00077112 0.00103126 0.00049873
1778556559.859877 0.07639941 -0.05746551 0.00232287 -0.00020931 0.00147712 0.00033515
1778556559.926594 0.07639941 -0.05746551 0.00232287 0.00030280 0.00025579 -0.00023707
1778556559.993312 0.07639941 -0.05746552 0.00232287 0.00016048 -0.00045909 0.00143528
1778556560.060030 0.07639940 -0.05746550 0.00232288 -0.00021028 0.00003724 0.00053748
1778556560.126746 0.07639940 -0.05746550 0.00232288 0.00101705 -0.00002290 0.00081112
1778556560.193463 0.07639940 -0.05746550 0.00232289 0.00031940 0.00035300 0.00081480
1778556560.260179 0.07639940 -0.05746550 0.00232289 -0.00033136 -0.00018007 0.00016887
1778556560.326896 0.07639941 -0.05746550 0.00232289 0.00054577 -0.00034469 0.00171195
1778556560.393612 0.07639941 -0.05746550 0.00232289 -0.00038855 0.00022109 -0.00008385
1778556560.460328 0.07639941 -0.05746550 0.00232289 -0.00038986 -0.00033700 0.00007999
1778556560.527045 0.07639940 -0.05746550 0.00232287 0.00096888 -0.00043113 -0.00061433
1778556560.593761 0.07639941 -0.05746550 0.00232288 0.00095065 -0.00031987 -0.00001340
1778556560.660478 0.07639941 -0.05746551 0.00232288 0.00085393 -0.00075555 0.00048940
1778556560.727194 0.07639942 -0.05746550 0.00232288 0.00048860 -0.00090041 -0.00010964
1778556560.793911 0.07639942 -0.05746550 0.00232288 0.00024723 0.00063085 0.00170855
1778556560.860627 0.07639942 -0.05746551 0.00232289 -0.00128279 0.00022079 -0.00182570
1778556560.927343 0.07639942 -0.05746548 0.00232288 -0.00153443 0.00099589 -0.00117805
1778556560.994060 0.07639942 -0.05746548 0.00232288 0.00088277 0.00094542 0.00129488
1778556561.060776 0.07639942 -0.05746548 0.00232288 0.00062491 0.00025059 0.00105755
1778556561.127493 0.07639942 -0.05746548 0.00232288 0.00022360 0.00023496 0.00025949
1778556561.194210 0.07639942 -0.05746548 0.00232288 0.00063811 0.00073930 -0.00042728
1778556561.260926 0.07639942 -0.05746548 0.00232288 0.00027623 0.00079403 0.00159167
1778556561.327643 0.07639942 -0.05746548 0.00232288 -0.00135497 0.00080973 0.00102240
1778556561.394359 0.07639942 -0.05746548 0.00232288 -0.00105220 0.00013879 0.00100059
1778556561.461076 0.07639942 -0.05746548 0.00232288 -0.00120934 0.00146907 -0.00069504
1778556561.527793 0.07639942 -0.05746548 0.00232288 -0.00024136 -0.00000425 -0.00063068
1778556561.594509 0.07639942 -0.05746547 0.00232288 0.00108041 -0.00006266 -0.00003223
1778556561.661226 0.07639942 -0.05746547 0.00232288 0.00062209 -0.00012447 -0.00021801
1778556561.727943 0.07639943 -0.05746548 0.00232288 -0.00013821 0.00048528 0.00110603
1778556561.794659 0.07639942 -0.05746549 0.00232288 0.00034315 0.00001532 0.00004811
1778556561.861376 0.07639942 -0.05746549 0.00232287 0.00130468 0.00084142 0.00055563
1778556561.928093 0.07639943 -0.05746550 0.00232287 0.00063264 0.00094723 0.00033996
1778556561.994809 0.07639941 -0.05746549 0.00232287 -0.00046577 0.00056937 0.00024058
1778556562.061526 0.07639942 -0.05746548 0.00232287 -0.00074656 0.00090896 -0.00064789
1778556562.128243 0.07639942 -0.05746548 0.00232287 -0.00108976 0.00029635 -0.00077712
1778556562.194959 0.07639942 -0.05746548 0.00232287 -0.00005018 -0.00080973 0.00049987
1778556562.261676 0.07639942 -0.05746548 0.00232287 -0.00009777 0.00018443 0.00040493
1778556562.328393 0.07639942 -0.05746548 0.00232287 0.00051428 0.00000318 0.00052866
1778556562.395109 0.07639942 -0.05746549 0.00232287 0.00030782 -0.00043437 0.00039134
1778556562.461826 0.07639942 -0.05746549 0.00232287 0.00066218 -0.00038335 0.00018944
1778556562.528543 0.07639942 -0.05746550 0.00232287 0.00096975 -0.00059375 0.00056345
1778556562.595259 0.07639942 -0.05746549 0.00232287 0.00004338 0.00040396 0.00058825
1778556562.661976 0.07639942 -0.05746550 0.00232287 0.00010673 0.00042413 0.00037956
1778556562.728693 0.07639942 -0.05746549 0.00232287 -0.00025524 0.00115788 0.00010680
1778556562.795409 0.07639942 -0.05746549 0.00232287 -0.00035692 0.00043052 0.00067961
1778556562.862126 0.07639942 -0.05746549 0.00232287 -0.00021563 -0.00144779 0.00179397
1778556562.928843 0.07639943 -0.05746550 0.00232286 -0.00013517 -0.00060970 0.00018171
1778556562.995559 0.07639943 -0.05746551 0.00232286 -0.00017641 -0.00011137 -0.00061682
1778556563.062276 0.07639943 -0.05746551 0.00232287 -0.00038533 -0.00090888 -0.00010566
1778556563.128993 0.07639944 -0.05746551 0.00232287 0.00112125 0.00013084 0.00007310
1778556563.195709 0.07639944 -0.05746551 0.00232287 0.00002887 0.00060766 0.00090244
1778556563.262426 0.07639944 -0.05746552 0.00232287 0.00020691 0.00041574 0.00142901
1778556563.329142 0.07639944 -0.05746551 0.00232287 0.00044985 -0.00148218 -0.00191366
1778556563.395859 0.07639944 -0.05746551 0.00232287 0.00010543 -0.00074539 0.00196241
1778556563.462576 0.07639944 -0.05746551 0.00232287 -0.00030098 -0.00114592 -0.00309389
1778556563.529292 0.07639944 -0.05746551 0.00232287 0.00115373 0.00099800 0.00203156
1778556563.596009 0.07639944 -0.05746551 0.00232287 0.00143156 0.00012580 0.00127038
1778556563.662725 0.07639942 -0.05746548 0.00232287 0.00086905 0.00003402 0.00045237
1778556563.729442 0.07639943 -0.05746550 0.00232287 -0.00112569 0.00012048 0.00050876
1778556563.796159 0.07639943 -0.05746550 0.00232287 -0.00026541 -0.00020216 0.00082710
1778556563.862875 0.07639945 -0.05746551 0.00232287 -0.00013642 -0.00044527 0.00043037
1778556563.929592 0.07639943 -0.05746550 0.00232286 -0.00026118 0.00008830 0.00062120
1778556563.996308 0.07639943 -0.05746550 0.00232286 -0.00009994 -0.00099763 0.00040901
1778556564.063025 0.07639943 -0.05746551 0.00232286 -0.00065929 -0.00067098 -0.00021944
1778556564.129741 0.07639943 -0.05746551 0.00232286 -0.00036785 0.00042352 0.00110863
1778556564.196458 0.07639941 -0.05746550 0.00232287 -0.00173925 -0.00017635 0.00020706
1778556564.263174 0.07639942 -0.05746550 0.00232284 -0.00108351 -0.00002025 0.00022940
1778556564.329891 0.07639942 -0.05746550 0.00232285 0.00052544 -0.00027606 0.00039902
1778556564.396607 0.07639942 -0.05746549 0.00232286 -0.00045917 0.00003106 0.00053784
1778556564.463324 0.07639942 -0.05746549 0.00232286 -0.00129046 0.00113618 0.00041151
1778556564.530040 0.07639942 -0.05746549 0.00232286 -0.00073769 -0.00000356 -0.00060415
1778556564.596756 0.07639942 -0.05746549 0.00232286 -0.00084924 0.00058548 0.00019049
1778556564.663473 0.07639943 -0.05746551 0.00232286 -0.00032770 0.00028156 -0.00019325
1778556564.730189 0.07639942 -0.05746550 0.00232287 -0.00054170 -0.00007585 0.00021609
1778556564.796906 0.07639942 -0.05746549 0.00232287 0.00018763 0.00005414 -0.00044236
1778556564.863622 0.07639942 -0.05746550 0.00232287 -0.00014467 0.00057455 -0.00138607
1778556564.930339 0.07639942 -0.05746550 0.00232286 0.00047520 -0.00023140 0.00005074
1778556564.997055 0.07639941 -0.05746549 0.00232287 -0.00000115 -0.00028005 0.00013684
1778556565.063771 0.07639941 -0.05746549 0.00232287 0.00011817 -0.00041510 0.00061263
1778556565.130489 0.07639941 -0.05746549 0.00232287 -0.00087370 0.00011416 0.00093799
1778556565.197206 0.07639940 -0.05746548 0.00232287 -0.00026083 0.00005042 -0.00009961
1778556565.263923 0.07639940 -0.05746548 0.00232287 -0.00094855 0.00024127 -0.00029562
1778556565.330641 0.07639940 -0.05746549 0.00232286 -0.00031115 0.00039523 -0.00087259
1778556565.397358 0.07639941 -0.05746551 0.00232286 0.00038911 -0.00010618 0.00012918
1778556565.464075 0.07639940 -0.05746549 0.00232286 0.00037884 0.00021540 -0.00036466
1778556565.530793 0.07639940 -0.05746549 0.00232286 0.00101951 -0.00035118 0.00109418
1778556565.597510 0.07639941 -0.05746549 0.00232285 0.00009609 0.00010838 -0.00063092
1778556565.664227 0.07639941 -0.05746549 0.00232285 0.00047879 -0.00043114 -0.00003384
1778556565.730945 0.07639940 -0.05746547 0.00232285 0.00108886 -0.00101964 0.00013007
1778556565.797662 0.07639939 -0.05746547 0.00232285 0.00154824 0.00009445 0.00261298
1778556565.864380 0.07639942 -0.05746547 0.00232284 -0.00078873 -0.00104149 0.00069984
1778556565.931098 0.07639941 -0.05746546 0.00232285 -0.00180198 -0.00043247 -0.00033920
1778556565.997815 0.07639940 -0.05746546 0.00232285 0.00005088 -0.00059803 0.00077813
1778556566.064532 0.07639942 -0.05746545 0.00232285 0.00020831 0.00017092 0.00069766
1778556566.131248 0.07639942 -0.05746545 0.00232285 0.00140213 -0.00060311 0.00036527
1778556566.197965 0.07639942 -0.05746545 0.00232285 0.00081826 0.00013403 -0.00021095
1778556566.264681 0.07639941 -0.05746546 0.00232285 0.00047842 0.00007717 0.00065440
1778556566.331398 0.07639941 -0.05746546 0.00232285 0.00081708 -0.00044194 0.00087544
1778556566.398114 0.07639941 -0.05746544 0.00232285 -0.00009805 -0.00027399 0.00068601
1778556566.464831 0.07639941 -0.05746543 0.00232285 0.00006444 0.00078036 -0.00038779
1778556566.531547 0.07639940 -0.05746543 0.00232285 -0.00030518 0.00109796 0.00048840
1778556566.598264 0.07639940 -0.05746543 0.00232285 -0.00102761 -0.00065925 -0.00024094
1778556566.664980 0.07639940 -0.05746542 0.00232285 0.00037873 -0.00164871 0.00000600
1778556566.731696 0.07639940 -0.05746542 0.00232285 0.00147138 0.00051045 -0.00007151
1778556566.798413 0.07639941 -0.05746542 0.00232285 0.00091809 -0.00011420 0.00000354
1778556566.865129 0.07639938 -0.05746539 0.00232285 0.00030173 -0.00060529 0.00053526
1778556566.931846 0.07639937 -0.05746538 0.00232286 0.00243762 0.00022139 0.00079679
1778556566.998562 0.07639937 -0.05746538 0.00232286 0.00244458 -0.00108631 0.00151680
1778556567.065279 0.07639937 -0.05746538 0.00232286 -0.00048530 0.00086952 0.00209713
1778556567.131997 0.07639937 -0.05746538 0.00232286 0.00082438 0.00021991 0.00081011
1778556567.198716 0.07639937 -0.05746538 0.00232286 -0.00005378 -0.00005048 0.00045772
1778556567.265434 0.07639937 -0.05746537 0.00232286 -0.00117577 -0.00008586 -0.00158604
1778556567.332152 0.07639939 -0.05746541 0.00232287 -0.00074190 -0.00078162 -0.00066100
1778556567.398870 0.07639938 -0.05746542 0.00232287 -0.00047455 -0.00029957 0.00012476
1778556567.465588 0.07639939 -0.05746541 0.00232287 -0.00024412 -0.00081334 0.00038660
1778556567.532306 0.07639939 -0.05746541 0.00232287 -0.00010392 -0.00017149 0.00081407
1778556567.599024 0.07639938 -0.05746540 0.00232288 -0.00014706 -0.00051214 0.00087601
1778556567.665742 0.07639938 -0.05746540 0.00232288 -0.00037986 -0.00073033 0.00031577
1778556567.732461 0.07639938 -0.05746541 0.00232289 -0.00035812 -0.00065171 -0.00026486
1778556567.799179 0.07639938 -0.05746540 0.00232289 0.00081365 -0.00074425 0.00024885
1778556567.865897 0.07639938 -0.05746542 0.00232288 0.00048781 0.00129517 0.00156921
1778556567.932616 0.07639938 -0.05746542 0.00232288 0.00054534 0.00023732 0.00003882
1778556567.999334 0.07639938 -0.05746542 0.00232288 0.00053191 -0.00066809 -0.00035929
1778556568.066051 0.07639938 -0.05746542 0.00232288 0.00049677 -0.00015781 0.00047932
1778556568.132769 0.07639938 -0.05746542 0.00232288 0.00032149 -0.00014954 0.00006941
1778556568.199486 0.07639938 -0.05746542 0.00232288 -0.00078736 0.00070428 -0.00004792
1778556568.266204 0.07639938 -0.05746542 0.00232288 0.00070535 0.00008711 -0.00047624
1778556568.332922 0.07639938 -0.05746541 0.00232288 -0.00000246 0.00046728 -0.00041928
1778556568.399639 0.07639938 -0.05746543 0.00232288 0.00001848 0.00097470 -0.00078246
1778556568.466357 0.07639938 -0.05746542 0.00232288 0.00044422 0.00041956 -0.00002193
1778556568.533074 0.07639938 -0.05746542 0.00232288 0.00087766 -0.00036315 0.00091000
1778556568.599792 0.07639939 -0.05746542 0.00232288 0.00103671 -0.00022074 0.00054722
1778556568.666509 0.07639939 -0.05746543 0.00232288 -0.00009590 -0.00030032 0.00060440
1778556568.733227 0.07639939 -0.05746542 0.00232288 0.00042284 -0.00065121 -0.00020514
1778556568.799944 0.07639941 -0.05746543 0.00232287 -0.00031475 0.00071563 -0.00000372
1778556568.866662 0.07639940 -0.05746543 0.00232287 0.00010959 -0.00032790 -0.00228828
1778556568.933379 0.07639941 -0.05746543 0.00232288 -0.00071706 0.00025390 0.00245544
1778556569.000097 0.07639941 -0.05746543 0.00232287 -0.00020770 0.00075942 -0.00038967
1778556569.066814 0.07639939 -0.05746545 0.00232285 -0.00010309 -0.00010565 -0.00037636
1778556569.133531 0.07639942 -0.05746546 0.00232286 -0.00062207 -0.00031451 -0.00063486
1778556569.200247 0.07639941 -0.05746546 0.00232286 -0.00016597 -0.00112508 0.00121886
1778556569.266964 0.07639941 -0.05746546 0.00232287 -0.00019082 -0.00063424 0.00103742
1778556569.333681 0.07639941 -0.05746545 0.00232286 -0.00068908 0.00006449 0.00092720
1778556569.400397 0.07639941 -0.05746545 0.00232286 -0.00045513 0.00002284 0.00071954
1778556569.467114 0.07639941 -0.05746545 0.00232286 -0.00171561 0.00084255 -0.00003242
1778556569.533830 0.07639941 -0.05746545 0.00232286 0.00074607 0.00054295 0.00100572
1778556569.600547 0.07639941 -0.05746545 0.00232286 0.00066685 -0.00058375 0.00012674
1778556569.667264 0.07639941 -0.05746545 0.00232286 0.00171715 0.00157255 0.00081768
1778556569.733980 0.07639941 -0.05746545 0.00232286 -0.00050818 0.00165376 -0.00064701
1778556569.800697 0.07639943 -0.05746548 0.00232287 0.00002461 0.00052873 -0.00079079
1778556569.867413 0.07639943 -0.05746548 0.00232287 -0.00156200 0.00042797 -0.00136148
1778556569.934130 0.07639943 -0.05746549 0.00232288 -0.00106028 0.00006868 0.00000136
1778556570.000846 0.07639943 -0.05746550 0.00232288 -0.00056301 -0.00017958 0.00066574
1778556570.067563 0.07639943 -0.05746550 0.00232288 -0.00069855 -0.00031093 -0.00039649
1778556570.134279 0.07639944 -0.05746550 0.00232287 0.00005359 -0.00041657 0.00025422
1778556570.200996 0.07639944 -0.05746551 0.00232288 0.00045556 -0.00053844 0.00066400
1778556570.267712 0.07639942 -0.05746549 0.00232287 0.00047046 -0.00074405 0.00048521
1778556570.334429 0.07639942 -0.05746548 0.00232287 0.00130280 0.00041172 0.00091360
1778556570.401146 0.07639942 -0.05746550 0.00232287 0.00144699 0.00053253 0.00046167
1778556570.467862 0.07639944 -0.05746551 0.00232286 0.00014452 0.00019072 0.00007274
1778556570.534579 0.07639944 -0.05746551 0.00232286 -0.00056069 0.00102468 -0.00086230
1778556570.601295 0.07639944 -0.05746551 0.00232286 -0.00017932 -0.00001245 -0.00042540
1778556570.668012 0.07639943 -0.05746549 0.00232288 0.00035335 -0.00059227 -0.00054907
1778556570.734729 0.07639943 -0.05746550 0.00232288 0.00014917 0.00014693 -0.00021280
1778556570.801445 0.07639943 -0.05746550 0.00232288 0.00030870 0.00019549 0.00011565
1778556570.868162 0.07639943 -0.05746550 0.00232288 0.00079303 0.00015310 0.00045434
1778556570.934878 0.07639943 -0.05746550 0.00232288 0.00009654 -0.00049392 -0.00092482
1778556571.001595 0.07639943 -0.05746551 0.00232288 0.00066094 -0.00011410 -0.00019483
1778556571.068311 0.07639943 -0.05746551 0.00232288 0.00077687 0.00016188 0.00008184
1778556571.135028 0.07639945 -0.05746553 0.00232289 0.00019218 0.00079358 0.00026615
1778556571.201745 0.07639945 -0.05746553 0.00232289 -0.00022787 0.00045485 -0.00028043
1778556571.268462 0.07639944 -0.05746553 0.00232289 0.00018878 -0.00008776 -0.00001317
1778556571.335179 0.07639944 -0.05746553 0.00232289 0.00060048 -0.00012341 0.00033684
1778556571.401896 0.07639944 -0.05746553 0.00232289 0.00060168 -0.00100807 0.00014024
1778556571.468614 0.07639944 -0.05746553 0.00232289 0.00047076 -0.00010431 -0.00022483
1778556571.535330 0.07639944 -0.05746553 0.00232289 -0.00040980 0.00103676 0.00179225
1778556571.602047 0.07639944 -0.05746553 0.00232289 -0.00057972 0.00044164 0.00009487
1778556571.668764 0.07639944 -0.05746553 0.00232289 0.00073689 0.00016641 -0.00102496
1778556571.735482 0.07639944 -0.05746552 0.00232290 0.00084006 -0.00040098 -0.00073212
1778556571.802198 0.07639944 -0.05746552 0.00232290 0.00163431 -0.00036792 -0.00008961
1778556571.868916 0.07639944 -0.05746553 0.00232290 0.00016045 0.00049234 0.00055323
1778556571.935632 0.07639945 -0.05746553 0.00232290 0.00051833 -0.00083358 0.00087671
1778556572.002350 0.07639945 -0.05746553 0.00232290 0.00051001 0.00052759 0.00139433
1778556572.069067 0.07639944 -0.05746552 0.00232290 0.00025403 -0.00046999 0.00111260
1778556572.135785 0.07639944 -0.05746552 0.00232290 0.00095888 0.00041018 -0.00014965
1778556572.202503 0.07639943 -0.05746552 0.00232291 -0.00111709 0.00033079 0.00049829
1778556572.269220 0.07639944 -0.05746552 0.00232290 0.00090345 0.00037639 0.00012720
1778556572.335938 0.07639943 -0.05746551 0.00232291 0.00026827 0.00154339 0.00014598
1778556572.402656 0.07639944 -0.05746551 0.00232290 0.00073896 -0.00180016 -0.00025939
1778556572.469374 0.07639944 -0.05746551 0.00232290 0.00044434 -0.00108638 0.00002354
1778556572.536092 0.07639944 -0.05746551 0.00232290 0.00035755 -0.00321035 0.00013986
1778556572.602810 0.07639944 -0.05746551 0.00232290 -0.00064493 0.00073479 0.00156179
1778556572.669528 0.07639944 -0.05746551 0.00232290 -0.00048037 0.00060126 0.00055932
1778556572.736246 0.07639944 -0.05746551 0.00232290 -0.00039820 0.00006378 -0.00007177
1778556572.802964 0.07639944 -0.05746551 0.00232290 -0.00027487 0.00080314 -0.00031482
1778556572.869682 0.07639945 -0.05746551 0.00232290 -0.00118631 0.00022952 -0.00050134
1778556572.936400 0.07639944 -0.05746551 0.00232290 0.00050846 0.00145831 -0.00007457
1778556573.003118 0.07639945 -0.05746552 0.00232290 -0.00113689 0.00054023 0.00044790
1778556573.069835 0.07639945 -0.05746551 0.00232290 -0.00032459 -0.00077392 -0.00109247
1778556573.136553 0.07639945 -0.05746551 0.00232290 -0.00100047 0.00077701 -0.00106877
1778556573.203271 0.07639945 -0.05746550 0.00232290 0.00259636 -0.00032737 -0.00072559
1778556573.269989 0.07639944 -0.05746550 0.00232290 0.00126400 -0.00018277 0.00152681
1778556573.336706 0.07639943 -0.05746548 0.00232291 0.00013673 0.00150479 0.00059392
1778556573.403424 0.07639943 -0.05746548 0.00232291 0.00044735 0.00042807 0.00020171
1778556573.470142 0.07639943 -0.05746548 0.00232292 -0.00039342 0.00106361 0.00000115
1778556573.536859 0.07639942 -0.05746549 0.00232291 -0.00000983 -0.00055784 0.00170934
1778556573.603577 0.07639942 -0.05746548 0.00232291 -0.00030799 -0.00075973 0.00036717
1778556573.670295 0.07639941 -0.05746547 0.00232291 -0.00065180 0.00047741 -0.00080795
1778556573.737013 0.07639941 -0.05746547 0.00232292 0.00049775 -0.00088369 0.00079791
1778556573.803730 0.07639942 -0.05746547 0.00232292 -0.00004675 0.00006437 0.00051298
1778556573.870448 0.07639942 -0.05746548 0.00232292 -0.00002094 0.00041595 0.00069712
1778556573.937166 0.07639942 -0.05746548 0.00232292 0.00001866 0.00036760 0.00072194
1778556574.003884 0.07639942 -0.05746548 0.00232292 0.00048850 -0.00020273 0.00037168
1778556574.070601 0.07639942 -0.05746548 0.00232292 0.00034675 -0.00059454 0.00026081
1778556574.137317 0.07639941 -0.05746547 0.00232292 -0.00013722 0.00044835 0.00014750
1778556574.204033 0.07639942 -0.05746547 0.00232292 -0.00037529 0.00044586 0.00009559
1778556574.270750 0.07639940 -0.05746546 0.00232292 -0.00009193 0.00050832 0.00118893
1778556574.337466 0.07639940 -0.05746547 0.00232292 0.00039105 -0.00062696 0.00023022
1778556574.404183 0.07639940 -0.05746547 0.00232292 -0.00009798 0.00042848 -0.00100534
1778556574.470899 0.07639941 -0.05746549 0.00232291 -0.00051773 0.00036706 0.00033020
1778556574.537615 0.07639941 -0.05746549 0.00232291 -0.00058605 0.00093329 0.00064914
1778556574.604331 0.07639941 -0.05746549 0.00232291 -0.00009833 0.00067882 0.00085102
1778556574.671048 0.07639942 -0.05746551 0.00232291 0.00045543 -0.00018874 0.00010443
1778556574.737764 0.07639942 -0.05746550 0.00232291 0.00079294 0.00003938 -0.00015081
1778556574.804481 0.07639942 -0.05746550 0.00232291 -0.00063779 0.00105203 0.00035765
1778556574.871197 0.07639943 -0.05746552 0.00232291 -0.00061720 0.00134378 -0.00027548
1778556574.937913 0.07639942 -0.05746552 0.00232291 -0.00007165 0.00004318 -0.00060550
1778556575.004629 0.07639944 -0.05746553 0.00232291 0.00010985 -0.00121612 -0.00002506
1778556575.071346 0.07639944 -0.05746553 0.00232291 -0.00045550 0.00056702 0.00034783
1778556575.138063 0.07639945 -0.05746554 0.00232291 -0.00133111 0.00052469 0.00130800
1778556575.204781 0.07639946 -0.05746553 0.00232293 -0.00146657 0.00084079 -0.00116277
1778556575.271498 0.07639946 -0.05746555 0.00232293 0.00041236 -0.00121133 0.00049494
1778556575.338216 0.07639945 -0.05746552 0.00232293 -0.00085197 0.00069732 -0.00013868
1778556575.404933 0.07639946 -0.05746554 0.00232293 -0.00017995 0.00008848 0.00016663
1778556575.471650 0.07639946 -0.05746554 0.00232293 -0.00006076 0.00057334 0.00048402
1778556575.538368 0.07639947 -0.05746554 0.00232293 0.00066159 0.00022058 0.00031662
1778556575.605085 0.07639947 -0.05746555 0.00232292 -0.00011789 0.00067281 0.00019446
1778556575.671803 0.07639947 -0.05746555 0.00232293 0.00013311 0.00011237 0.00114266
1778556575.738520 0.07639947 -0.05746556 0.00232292 0.00051140 0.00011922 0.00048431
1778556575.805238 0.07639948 -0.05746556 0.00232292 0.00052649 -0.00030088 0.00047047
1778556575.871955 0.07639948 -0.05746555 0.00232292 -0.00038731 0.00072787 -0.00001468
1778556575.938672 0.07639947 -0.05746555 0.00232292 -0.00041922 0.00013900 -0.00058679
1778556576.005390 0.07639947 -0.05746555 0.00232292 -0.00101709 0.00064734 -0.00025980
1778556576.072107 0.07639947 -0.05746555 0.00232292 0.00079081 0.00057606 -0.00001383
1778556576.138824 0.07639948 -0.05746555 0.00232292 0.00064666 0.00075360 -0.00012654
1778556576.205541 0.07639948 -0.05746555 0.00232293 0.00124016 0.00036082 -0.00015874
1778556576.272258 0.07639948 -0.05746555 0.00232293 0.00097891 0.00002360 0.00088531
1778556576.338976 0.07639948 -0.05746555 0.00232294 0.00093195 0.00025070 0.00028463
1778556576.405693 0.07639948 -0.05746555 0.00232294 0.00105801 0.00010339 0.00012177
1778556576.472410 0.07639947 -0.05746554 0.00232295 -0.00010770 -0.00003217 0.00076263
1778556576.539127 0.07639947 -0.05746554 0.00232295 -0.00024038 -0.00013678 0.00019339
1778556576.605844 0.07639947 -0.05746555 0.00232295 0.00003915 0.00004959 0.00061094
1778556576.672561 0.07639947 -0.05746552 0.00232295 -0.00008803 0.00041130 -0.00001924
1778556576.739278 0.07639947 -0.05746552 0.00232295 -0.00010839 0.00003108 0.00043233
1778556576.805995 0.07639947 -0.05746553 0.00232295 -0.00057129 0.00006999 0.00010851
1778556576.872712 0.07639947 -0.05746553 0.00232295 0.00038766 0.00014832 0.00018417
1778556576.939430 0.07639947 -0.05746552 0.00232295 -0.00080033 -0.00024885 0.00136517
1778556577.006147 0.07639947 -0.05746552 0.00232295 -0.00161406 0.00012286 0.00046630
1778556577.072864 0.07639945 -0.05746550 0.00232298 -0.00095250 0.00003543 0.00041880
1778556577.139581 0.07639944 -0.05746548 0.00232297 -0.00059192 -0.00039947 -0.00009644
1778556577.206298 0.07639944 -0.05746548 0.00232297 -0.00045468 0.00025359 0.00004025
1778556577.273015 0.07639943 -0.05746548 0.00232297 -0.00059205 0.00020768 -0.00012502
1778556577.339732 0.07639943 -0.05746548 0.00232297 0.00120311 -0.00002196 0.00014710
1778556577.406449 0.07639944 -0.05746549 0.00232299 0.00026755 0.00003134 -0.00006823
1778556577.473166 0.07639944 -0.05746547 0.00232298 0.00037863 -0.00028398 0.00088502
1778556577.539884 0.07639943 -0.05746546 0.00232299 0.00008663 0.00007120 0.00015249
1778556577.606601 0.07639943 -0.05746546 0.00232299 -0.00091557 -0.00008259 -0.00153565
1778556577.673318 0.07639943 -0.05746546 0.00232298 -0.00028222 -0.00044681 -0.00081801
1778556577.740035 0.07639943 -0.05746546 0.00232298 -0.00026449 0.00043319 0.00115086
1778556577.806752 0.07639942 -0.05746544 0.00232298 0.00006740 -0.00002442 0.00016243
1778556577.873469 0.07639944 -0.05746545 0.00232298 0.00046060 -0.00026698 -0.00030503
1778556577.940186 0.07639943 -0.05746546 0.00232298 0.00077326 0.00059205 0.00107848
1778556578.006904 0.07639944 -0.05746547 0.00232299 0.00060510 -0.00021303 0.00057071
1778556578.073620 0.07639944 -0.05746548 0.00232299 -0.00007169 0.00029552 -0.00039799
1778556578.140337 0.07639943 -0.05746544 0.00232298 0.00099117 -0.00118478 0.00121319
1778556578.207053 0.07639944 -0.05746547 0.00232299 -0.00019190 -0.00002433 0.00051158
1778556578.273769 0.07639944 -0.05746546 0.00232299 -0.00175850 0.00051721 0.00004540
1778556578.340486 0.07639947 -0.05746548 0.00232299 -0.00155556 0.00046894 0.00049899
1778556578.407202 0.07639947 -0.05746549 0.00232299 -0.00014169 -0.00022774 0.00085554
1778556578.473918 0.07639947 -0.05746549 0.00232299 -0.00080482 0.00127392 0.00014592
1778556578.540635 0.07639947 -0.05746550 0.00232299 -0.00074850 0.00144959 0.00105642
1778556578.607351 0.07639947 -0.05746549 0.00232299 0.00023347 0.00002299 -0.00026995
1778556578.674067 0.07639947 -0.05746549 0.00232299 0.00021468 -0.00013194 -0.00019240
1778556578.740783 0.07639947 -0.05746549 0.00232299 0.00030330 0.00004333 -0.00045604
1778556578.807499 0.07639947 -0.05746549 0.00232299 -0.00017412 0.00017828 -0.00003340
1778556578.874216 0.07639948 -0.05746550 0.00232299 -0.00029406 0.00039850 -0.00056322
1778556578.940932 0.07639947 -0.05746550 0.00232299 -0.00086020 0.00112003 -0.00029841
1778556579.007648 0.07639947 -0.05746549 0.00232299 -0.00034744 0.00004586 0.00003744
1778556579.074364 0.07639947 -0.05746549 0.00232299 -0.00011263 0.00001477 -0.00060574
1778556579.141080 0.07639947 -0.05746550 0.00232299 -0.00029491 -0.00040457 0.00093005
1778556579.207795 0.07639947 -0.05746549 0.00232299 0.00026414 -0.00030243 0.00089865
1778556579.274511 0.07639947 -0.05746549 0.00232300 0.00044148 -0.00086422 0.00001632
1778556579.341227 0.07639948 -0.05746550 0.00232299 0.00020494 0.00034917 0.00010592
1778556579.407942 0.07639948 -0.05746550 0.00232299 0.00023554 -0.00043696 -0.00058193
1778556579.474658 0.07639948 -0.05746550 0.00232299 -0.00129401 0.00065204 -0.00000245
1778556579.541373 0.07639948 -0.05746549 0.00232299 -0.00087237 -0.00014184 -0.00022349
1778556579.608089 0.07639948 -0.05746549 0.00232299 -0.00008717 -0.00032023 0.00027934
1778556579.674804 0.07639949 -0.05746550 0.00232300 -0.00035697 0.00003813 -0.00031436
1778556579.741520 0.07639948 -0.05746550 0.00232300 0.00002762 -0.00041085 -0.00074931
1778556579.808235 0.07639948 -0.05746549 0.00232301 0.00009171 -0.00095866 0.00008393
1778556579.874951 0.07639948 -0.05746549 0.00232301 -0.00011716 -0.00074944 -0.00011573
1778556579.941666 0.07639948 -0.05746550 0.00232301 -0.00051308 -0.00045226 0.00020480
1778556580.008382 0.07639948 -0.05746548 0.00232301 -0.00038900 -0.00071696 0.00046752
1778556580.075098 0.07639948 -0.05746548 0.00232300 -0.00105660 0.00091331 0.00072813
1778556580.141814 0.07639948 -0.05746549 0.00232301 -0.00097059 -0.00013248 -0.00131335
1778556580.208530 0.07639948 -0.05746548 0.00232300 -0.00023414 0.00036018 0.00054665
1778556580.275246 0.07639948 -0.05746549 0.00232300 -0.00000371 0.00119880 -0.00114481
1778556580.341962 0.07639948 -0.05746549 0.00232300 0.00125774 0.00002823 -0.00086464
1778556580.408679 0.07639948 -0.05746549 0.00232300 0.00015854 0.00023923 -0.00069134
1778556580.475394 0.07639948 -0.05746550 0.00232300 0.00109443 -0.00182986 -0.00159959
1778556580.542111 0.07639948 -0.05746549 0.00232301 0.00044139 -0.00023111 -0.00237989
1778556580.608827 0.07639948 -0.05746549 0.00232301 0.00020675 -0.00075604 0.00087839
1778556580.675543 0.07639948 -0.05746550 0.00232301 -0.00012210 -0.00103703 -0.00014622
1778556580.742259 0.07639948 -0.05746550 0.00232301 0.00052418 -0.00080552 0.00066308
1778556580.808975 0.07639948 -0.05746549 0.00232301 -0.00062373 -0.00026431 0.00139248
1778556580.875691 0.07639948 -0.05746548 0.00232301 -0.00071689 -0.00213176 -0.00019752
1778556580.942407 0.07639948 -0.05746548 0.00232301 -0.00130267 -0.00041508 -0.00034299
1778556581.009123 0.07639951 -0.05746551 0.00232301 -0.00160328 0.00012017 0.00029480
1778556581.075840 0.07639950 -0.05746550 0.00232301 -0.00069305 -0.00018164 -0.00030001
1778556581.142557 0.07639950 -0.05746550 0.00232301 -0.00107293 -0.00069682 -0.00042718
1778556581.209274 0.07639952 -0.05746550 0.00232302 0.00039567 -0.00084141 0.00071656
1778556581.275991 0.07639952 -0.05746552 0.00232301 0.00002252 -0.00041399 0.00035523
1778556581.342708 0.07639952 -0.05746552 0.00232301 -0.00026868 -0.00065179 0.00058722
1778556581.409425 0.07639952 -0.05746552 0.00232301 0.00031152 0.00037533 -0.00067797
1778556581.476142 0.07639952 -0.05746553 0.00232300 0.00171155 -0.00021928 0.00101957
1778556581.542860 0.07639952 -0.05746553 0.00232300 0.00113040 -0.00009680 0.00005118
1778556581.609577 0.07639952 -0.05746553 0.00232300 0.00072977 0.00002395 0.00022798
1778556581.676294 0.07639952 -0.05746555 0.00232301 0.00049711 0.00045435 -0.00083955
1778556581.743011 0.07639951 -0.05746554 0.00232301 0.00074606 -0.00016531 0.00008397
1778556581.809728 0.07639950 -0.05746552 0.00232301 0.00101563 0.00032224 0.00021943
1778556581.876445 0.07639949 -0.05746551 0.00232300 0.00009815 0.00063833 -0.00014248
1778556581.943163 0.07639949 -0.05746551 0.00232300 0.00014651 0.00065820 -0.00096082
1778556582.009880 0.07639949 -0.05746550 0.00232300 0.00063009 0.00024375 -0.00117295
1778556582.076597 0.07639947 -0.05746550 0.00232300 0.00123766 -0.00080429 0.00095357
1778556582.143314 0.07639947 -0.05746549 0.00232300 0.00061742 -0.00036709 0.00000953
1778556582.210032 0.07639948 -0.05746551 0.00232301 0.00052204 0.00022320 0.00076552
1778556582.276750 0.07639947 -0.05746550 0.00232299 0.00035389 0.00014288 0.00086918
1778556582.343467 0.07639947 -0.05746548 0.00232299 0.00072325 -0.00006982 0.00028111
1778556582.410184 0.07639947 -0.05746545 0.00232298 0.00045429 0.00046944 0.00055829
1778556582.476902 0.07639947 -0.05746546 0.00232298 0.00080108 0.00035909 -0.00035789
1778556582.543619 0.07639947 -0.05746546 0.00232298 -0.00008122 0.00002386 0.00034836
1778556582.610337 0.07639948 -0.05746549 0.00232297 0.00010939 -0.00035710 -0.00062597
1778556582.677054 0.07639947 -0.05746548 0.00232297 -0.00084787 0.00061527 -0.00019460
1778556582.743772 0.07639947 -0.05746548 0.00232297 -0.00076180 -0.00063719 0.00017619
1778556582.810489 0.07639948 -0.05746550 0.00232295 -0.00009501 0.00068873 -0.00119352
1778556582.877207 0.07639948 -0.05746550 0.00232295 0.00007064 0.00008131 0.00062374
1778556582.943924 0.07639948 -0.05746550 0.00232295 -0.00012006 0.00019214 0.00041603
1778556583.010641 0.07639947 -0.05746548 0.00232295 0.00037866 -0.00000474 0.00006876
1778556583.077359 0.07639947 -0.05746547 0.00232295 0.00125608 -0.00078359 -0.00028615
1778556583.144076 0.07639946 -0.05746546 0.00232295 0.00047675 0.00009832 -0.00014402
1778556583.210793 0.07639946 -0.05746546 0.00232295 0.00008160 0.00027033 0.00010789
1778556583.277511 0.07639946 -0.05746546 0.00232294 -0.00025558 0.00019750 -0.00073596
1778556583.344228 0.07639946 -0.05746546 0.00232294 -0.00001401 -0.00008719 0.00028358
1778556583.410946 0.07639946 -0.05746546 0.00232294 -0.00046184 0.00083962 0.00059832
1778556583.477663 0.07639946 -0.05746546 0.00232294 -0.00019898 0.00024260 -0.00010823
1778556583.544381 0.07639946 -0.05746547 0.00232294 -0.00099624 0.00029213 0.00000409
1778556583.611098 0.07639946 -0.05746547 0.00232294 -0.00000288 -0.00068985 0.00104466
1778556583.677816 0.07639945 -0.05746547 0.00232294 -0.00140125 0.00092832 0.00104403
1778556583.744533 0.07639945 -0.05746547 0.00232294 0.00072285 -0.00073680 0.00145097
1778556583.811250 0.07639945 -0.05746547 0.00232294 0.00073029 -0.00266566 0.00132088
1778556583.877968 0.07639945 -0.05746547 0.00232294 0.00016912 0.00094039 -0.00265612
1778556583.944685 0.07639945 -0.05746547 0.00232294 -0.00072429 -0.00007770 -0.00039825
1778556584.011403 0.07639945 -0.05746546 0.00232295 0.00112524 0.00137597 0.00053724
1778556584.078120 0.07639945 -0.05746546 0.00232295 -0.00055134 0.00163235 0.00138488
1778556584.144835 0.07639945 -0.05746546 0.00232295 0.00048855 0.00119564 0.00160644
1778556584.211550 0.07639945 -0.05746547 0.00232295 -0.00047180 -0.00011332 0.00213003
1778556584.278266 0.07639945 -0.05746547 0.00232295 0.00020333 -0.00103102 0.00089138
1778556584.344981 0.07639945 -0.05746547 0.00232295 -0.00044538 -0.00001493 0.00128662
1778556584.411697 0.07639945 -0.05746547 0.00232296 -0.00026842 -0.00063816 0.00071284
1778556584.478412 0.07639945 -0.05746548 0.00232296 -0.00158665 -0.00005758 0.00277347
1778556584.545128 0.07639945 -0.05746548 0.00232295 -0.00123073 0.00040291 0.00057169
1778556584.611843 0.07639945 -0.05746548 0.00232295 0.00010276 -0.00002139 0.00185129
1778556584.678559 0.07639945 -0.05746547 0.00232296 0.00176757 -0.00100024 0.00139626
1778556584.745274 0.07639944 -0.05746546 0.00232296 0.00153014 -0.00103444 -0.00106159
1778556584.811989 0.07639944 -0.05746547 0.00232296 0.00009176 0.00093708 -0.00054907
1778556584.878705 0.07639944 -0.05746547 0.00232296 -0.00092953 0.00079799 -0.00350515
1778556584.945420 0.07639943 -0.05746546 0.00232296 0.00005160 -0.00011188 -0.00033543
1778556585.012135 0.07639943 -0.05746546 0.00232296 0.00030182 -0.00137917 -0.00004568
1778556585.078851 0.07639943 -0.05746546 0.00232296 -0.00063849 -0.00001967 0.00049128
1778556585.145567 0.07639944 -0.05746545 0.00232297 -0.00026571 -0.00146018 -0.00038055
1778556585.212283 0.07639944 -0.05746545 0.00232297 0.00063819 -0.00081132 0.00135249
1778556585.278999 0.07639943 -0.05746537 0.00232297 -0.00013783 -0.00004779 -0.00163752
1778556585.345714 0.07639943 -0.05746539 0.00232297 0.00018712 -0.00038636 -0.00144569
1778556585.412431 0.07639943 -0.05746539 0.00232297 0.00057584 -0.00083048 -0.00017979
1778556585.479146 0.07639943 -0.05746539 0.00232297 -0.00031462 -0.00005942 0.00044002
1778556585.545862 0.07639943 -0.05746538 0.00232297 0.00013032 0.00001204 -0.00035703
1778556585.612578 0.07639943 -0.05746538 0.00232297 -0.00006506 0.00032933 -0.00064245
1778556585.679293 0.07639942 -0.05746538 0.00232296 -0.00022371 -0.00031992 0.00006417
1778556585.746009 0.07639942 -0.05746538 0.00232297 -0.00100058 0.00026389 -0.00003764
1778556585.812725 0.07639941 -0.05746537 0.00232297 -0.00094416 0.00051755 -0.00079948
1778556585.879441 0.07639941 -0.05746536 0.00232297 -0.00038434 -0.00006476 -0.00050302
1778556585.946157 0.07639941 -0.05746536 0.00232297 -0.00234246 -0.00044136 -0.00151227
1778556586.012872 0.07639941 -0.05746537 0.00232298 -0.00123605 0.00017262 0.00090093
1778556586.079589 0.07639941 -0.05746536 0.00232298 -0.00031274 -0.00053455 0.00013804
1778556586.146306 0.07639940 -0.05746536 0.00232298 -0.00033035 -0.00070385 -0.00012459
1778556586.213022 0.07639941 -0.05746535 0.00232298 0.00015567 -0.00012911 0.00018267
1778556586.279740 0.07639941 -0.05746535 0.00232298 0.00014364 0.00029517 0.00100346
1778556586.346457 0.07639940 -0.05746539 0.00232299 -0.00014530 0.00054726 -0.00028371
1778556586.413174 0.07639940 -0.05746539 0.00232299 -0.00100172 0.00091695 -0.00173178
1778556586.479890 0.07639940 -0.05746539 0.00232299 -0.00055063 0.00107584 0.00233197
1778556586.546607 0.07639940 -0.05746539 0.00232299 0.00004570 0.00057002 0.00161070
1778556586.613324 0.07639940 -0.05746539 0.00232299 0.00000082 -0.00090554 0.00132699
1778556586.680041 0.07639940 -0.05746538 0.00232299 0.00067367 -0.00065567 0.00076858
1778556586.746758 0.07639940 -0.05746538 0.00232299 0.00021200 0.00171140 0.00097495
1778556586.813475 0.07639940 -0.05746538 0.00232299 0.00097122 0.00034542 0.00000353
1778556586.880192 0.07639940 -0.05746538 0.00232300 0.00018967 0.00025953 -0.00081063
1778556586.946909 0.07639940 -0.05746539 0.00232299 0.00029799 -0.00022107 0.00007156
1778556587.013626 0.07639939 -0.05746538 0.00232299 -0.00023357 0.00007302 0.00004745
1778556587.080343 0.07639939 -0.05746538 0.00232299 -0.00012990 0.00033866 0.00050923
1778556587.147061 0.07639939 -0.05746537 0.00232299 0.00089081 -0.00074805 0.00051309
1778556587.213778 0.07639939 -0.05746537 0.00232299 -0.00009259 0.00014907 -0.00220136
1778556587.280495 0.07639938 -0.05746536 0.00232299 -0.00060945 0.00079078 -0.00164137
1778556587.347212 0.07639937 -0.05746538 0.00232300 -0.00054159 0.00018299 -0.00105215
1778556587.413929 0.07639937 -0.05746537 0.00232300 -0.00019039 0.00004000 -0.00067014
1778556587.480647 0.07639937 -0.05746538 0.00232299 0.00032604 -0.00026899 -0.00031370
1778556587.547364 0.07639937 -0.05746538 0.00232300 0.00078360 -0.00070942 -0.00069279
1778556587.614081 0.07639937 -0.05746538 0.00232299 0.00086013 -0.00070756 -0.00046777
1778556587.680799 0.07639938 -0.05746540 0.00232300 -0.00021570 0.00026776 -0.00037860
1778556587.747516 0.07639939 -0.05746540 0.00232300 0.00039547 -0.00083189 0.00052712
1778556587.814233 0.07639939 -0.05746542 0.00232299 0.00032754 -0.00062110 -0.00018548
1778556587.880951 0.07639939 -0.05746539 0.00232300 0.00038947 -0.00095986 -0.00052100
1778556587.947668 0.07639939 -0.05746540 0.00232299 0.00015281 -0.00006116 0.00028529
1778556588.014385 0.07639939 -0.05746540 0.00232299 0.00005597 -0.00011071 0.00016145
1778556588.081103 0.07639938 -0.05746539 0.00232299 0.00029940 -0.00015616 -0.00035288
1778556588.147820 0.07639938 -0.05746539 0.00232299 0.00019301 0.00046965 0.00063870
1778556588.214538 0.07639938 -0.05746538 0.00232298 0.00098345 -0.00069284 0.00004832
1778556588.281255 0.07639938 -0.05746538 0.00232298 0.00031319 -0.00011143 -0.00056023
1778556588.347973 0.07639938 -0.05746538 0.00232298 -0.00031020 0.00039029 -0.00022363
1778556588.414690 0.07639938 -0.05746538 0.00232298 0.00123607 -0.00107394 0.00063791
1778556588.481408 0.07639938 -0.05746538 0.00232298 -0.00069130 0.00024046 0.00016421
1778556588.548126 0.07639942 -0.05746540 0.00232296 0.00009102 -0.00014714 0.00085502
1778556588.614843 0.07639942 -0.05746540 0.00232296 0.00104609 0.00051007 0.00147517
1778556588.681561 0.07639941 -0.05746539 0.00232295 -0.00066677 0.00128309 -0.00127190
1778556588.748278 0.07639941 -0.05746539 0.00232295 -0.00016438 -0.00081664 -0.00112700
1778556588.814996 0.07639941 -0.05746539 0.00232295 -0.00089112 -0.00005867 -0.00173272
1778556588.881714 0.07639941 -0.05746539 0.00232295 -0.00011034 -0.00014308 -0.00028319
1778556588.948431 0.07639942 -0.05746539 0.00232295 -0.00111247 0.00041673 -0.00006346
1778556589.015149 0.07639941 -0.05746539 0.00232295 -0.00049468 0.00004231 -0.00030779
1778556589.081867 0.07639941 -0.05746539 0.00232295 -0.00043915 0.00012182 -0.00023857
1778556589.148583 0.07639941 -0.05746539 0.00232295 -0.00037948 0.00016317 -0.00026892
1778556589.215301 0.07639941 -0.05746539 0.00232295 -0.00020093 0.00039847 0.00028471
1778556589.282018 0.07639942 -0.05746540 0.00232294 -0.00033277 -0.00034900 0.00029462
1778556589.348735 0.07639942 -0.05746540 0.00232294 0.00026232 0.00008148 0.00040574
1778556589.415452 0.07639942 -0.05746541 0.00232294 -0.00027300 0.00086917 0.00011875
1778556589.482169 0.07639942 -0.05746541 0.00232294 -0.00009292 0.00029243 -0.00024504
1778556589.548887 0.07639942 -0.05746541 0.00232294 -0.00029131 -0.00021418 -0.00023395
1778556589.615604 0.07639942 -0.05746541 0.00232294 -0.00046778 -0.00057583 -0.00080608
1778556589.682321 0.07639942 -0.05746541 0.00232295 0.00015266 -0.00011249 -0.00022507
1778556589.749038 0.07639942 -0.05746541 0.00232295 -0.00159610 0.00102511 0.00053968
1778556589.815755 0.07639942 -0.05746541 0.00232295 -0.00082292 -0.00034399 0.00000929
1778556589.882473 0.07639942 -0.05746543 0.00232294 -0.00097115 0.00076589 -0.00046164
1778556589.949190 0.07639942 -0.05746543 0.00232294 0.00115929 -0.00079096 -0.00206972
1778556590.015907 0.07639942 -0.05746542 0.00232294 0.00012772 0.00074674 -0.00120129
1778556590.082625 0.07639941 -0.05746541 0.00232294 -0.00050522 0.00166807 -0.00074736
1778556590.149344 0.07639942 -0.05746541 0.00232294 0.00088188 -0.00040303 0.00249187
1778556590.216063 0.07639942 -0.05746541 0.00232294 -0.00038322 0.00019350 0.00163043
1778556590.282782 0.07639942 -0.05746541 0.00232294 -0.00186848 -0.00134284 0.00130213
1778556590.349501 0.07639941 -0.05746541 0.00232293 -0.00010460 -0.00050809 -0.00062773
1778556590.416220 0.07639941 -0.05746540 0.00232293 -0.00077800 0.00016046 -0.00204020
1778556590.482939 0.07639942 -0.05746546 0.00232292 0.00017632 -0.00130975 -0.00101750
1778556590.549658 0.07639942 -0.05746546 0.00232292 -0.00004973 -0.00076864 0.00019073
1778556590.616377 0.07639944 -0.05746550 0.00232292 -0.00040839 -0.00019289 0.00011517
1778556590.683096 0.07639944 -0.05746549 0.00232292 -0.00013641 -0.00046554 -0.00003020
1778556590.749816 0.07639942 -0.05746548 0.00232292 -0.00018835 -0.00030763 0.00079584
1778556590.816535 0.07639943 -0.05746549 0.00232292 -0.00024676 0.00055075 -0.00069406
1778556590.883254 0.07639943 -0.05746549 0.00232292 -0.00024807 0.00026033 -0.00162846
1778556590.949973 0.07639943 -0.05746549 0.00232292 0.00052399 -0.00037814 -0.00076051
1778556591.016693 0.07639943 -0.05746549 0.00232292 0.00003870 0.00062725 0.00100658
1778556591.083410 0.07639943 -0.05746549 0.00232292 0.00003379 0.00068825 0.00027318
1778556591.150126 0.07639943 -0.05746549 0.00232292 0.00045613 -0.00117762 -0.00016058
1778556591.216841 0.07639942 -0.05746550 0.00232292 -0.00008786 -0.00022055 -0.00121357
1778556591.283557 0.07639942 -0.05746550 0.00232292 -0.00016460 0.00027558 -0.00084940
1778556591.350272 0.07639942 -0.05746550 0.00232292 0.00054801 -0.00024851 -0.00103935
1778556591.416988 0.07639942 -0.05746549 0.00232291 0.00069586 -0.00004265 -0.00013671
1778556591.483704 0.07639941 -0.05746549 0.00232291 0.00060771 -0.00002114 -0.00014311
1778556591.550419 0.07639943 -0.05746550 0.00232291 0.00108198 -0.00081978 0.00072576
1778556591.617135 0.07639942 -0.05746550 0.00232291 -0.00035080 -0.00082047 -0.00106312
1778556591.683850 0.07639942 -0.05746550 0.00232291 -0.00025953 0.00009533 -0.00050303
1778556591.750566 0.07639942 -0.05746549 0.00232291 -0.00015173 0.00048100 -0.00016138
1778556591.817281 0.07639941 -0.05746548 0.00232292 -0.00004160 0.00049090 0.00034939
1778556591.883997 0.07639941 -0.05746548 0.00232292 -0.00091664 0.00016125 -0.00096953
1778556591.950712 0.07639941 -0.05746548 0.00232292 -0.00109245 0.00031515 -0.00073088
1778556592.017428 0.07639941 -0.05746548 0.00232292 -0.00019488 -0.00057409 -0.00075468
1778556592.084144 0.07639942 -0.05746548 0.00232292 0.00067285 -0.00034746 0.00064210
1778556592.150860 0.07639941 -0.05746549 0.00232292 -0.00012296 0.00043964 -0.00167897
1778556592.217576 0.07639941 -0.05746549 0.00232293 0.00101518 -0.00058151 0.00082654
1778556592.284292 0.07639941 -0.05746549 0.00232293 0.00062038 0.00077561 0.00082423
1778556592.351008 0.07639941 -0.05746549 0.00232292 0.00055416 -0.00022255 0.00032879
1778556592.417724 0.07639941 -0.05746548 0.00232291 0.00082403 -0.00048799 0.00017288
1778556592.484440 0.07639941 -0.05746549 0.00232291 0.00015729 0.00063219 0.00061709
1778556592.551156 0.07639941 -0.05746549 0.00232291 0.00082715 -0.00058267 0.00019883
1778556592.617872 0.07639942 -0.05746548 0.00232291 0.00026101 0.00036261 -0.00002656
1778556592.684588 0.07639942 -0.05746549 0.00232291 -0.00021002 0.00027470 0.00018894
1778556592.751304 0.07639942 -0.05746549 0.00232291 0.00082163 -0.00068983 0.00068425
1778556592.818021 0.07639942 -0.05746548 0.00232291 0.00007996 -0.00018508 -0.00030134
1778556592.884737 0.07639942 -0.05746549 0.00232291 -0.00008044 0.00029207 0.00046905
1778556592.951453 0.07639941 -0.05746549 0.00232292 0.00066914 0.00066355 0.00112604
1778556593.018169 0.07639942 -0.05746550 0.00232293 0.00020824 0.00043938 0.00036448
1778556593.084886 0.07639941 -0.05746550 0.00232293 0.00096622 -0.00022268 0.00021145
1778556593.151603 0.07639941 -0.05746550 0.00232292 0.00078567 0.00022634 0.00072962
1778556593.218321 0.07639941 -0.05746550 0.00232293 0.00107852 -0.00024063 0.00073896
1778556593.285039 0.07639940 -0.05746550 0.00232293 0.00012732 0.00027557 0.00060690
1778556593.351757 0.07639939 -0.05746550 0.00232293 -0.00006079 0.00073681 0.00035601
1778556593.418474 0.07639940 -0.05746550 0.00232292 0.00002068 0.00037098 0.00059828
1778556593.485192 0.07639940 -0.05746550 0.00232294 0.00026941 0.00019487 0.00071784
1778556593.551910 0.07639940 -0.05746550 0.00232294 0.00002149 -0.00004490 0.00038676
1778556593.618628 0.07639940 -0.05746550 0.00232294 0.00001927 0.00041426 -0.00087058
1778556593.685346 0.07639940 -0.05746550 0.00232294 0.00117817 -0.00008759 0.00015432
1778556593.752064 0.07639940 -0.05746550 0.00232294 0.00085450 0.00044761 0.00021274
1778556593.818781 0.07639940 -0.05746550 0.00232294 0.00004933 -0.00009418 -0.00027032
1778556593.885499 0.07639940 -0.05746550 0.00232293 0.00043955 -0.00064974 0.00027932
1778556593.952217 0.07639941 -0.05746550 0.00232293 0.00089323 -0.00011787 0.00096299
1778556594.018935 0.07639941 -0.05746549 0.00232293 0.00024418 0.00076320 0.00076128
1778556594.085653 0.07639941 -0.05746550 0.00232293 0.00047887 0.00078677 -0.00003422
1778556594.152370 0.07639941 -0.05746550 0.00232293 -0.00008668 0.00024925 0.00018218
1778556594.219086 0.07639942 -0.05746550 0.00232293 -0.00115583 0.00052499 0.00128883
1778556594.285803 0.07639943 -0.05746552 0.00232292 -0.00028038 -0.00069697 -0.00035736
1778556594.352520 0.07639943 -0.05746551 0.00232292 0.00177779 -0.00032931 0.00109090
1778556594.419237 0.07639943 -0.05746551 0.00232292 -0.00030656 0.00019400 0.00002819
1778556594.485954 0.07639943 -0.05746551 0.00232292 0.00086699 -0.00004623 -0.00023754
1778556594.552671 0.07639943 -0.05746550 0.00232292 0.00062143 0.00006236 0.00067477
1778556594.619387 0.07639943 -0.05746550 0.00232292 0.00095926 0.00039599 -0.00128407
1778556594.686104 0.07639942 -0.05746550 0.00232292 0.00159135 0.00001201 -0.00133499
1778556594.752821 0.07639942 -0.05746550 0.00232292 0.00028682 0.00122147 -0.00099064
1778556594.819538 0.07639942 -0.05746550 0.00232292 0.00018186 0.00056006 -0.00061205
1778556594.886255 0.07639943 -0.05746550 0.00232292 0.00073639 -0.00010561 0.00024533
1778556594.952972 0.07639943 -0.05746550 0.00232291 -0.00028988 -0.00036885 0.00026336
1778556595.019688 0.07639942 -0.05746550 0.00232293 -0.00005261 0.00019263 0.00051670
1778556595.086404 0.07639942 -0.05746550 0.00232293 0.00005926 0.00049177 0.00015268
1778556595.153119 0.07639942 -0.05746550 0.00232293 -0.00052170 0.00092024 -0.00042171
1778556595.219835 0.07639942 -0.05746550 0.00232293 0.00075078 -0.00090398 -0.00009889
1778556595.286550 0.07639942 -0.05746550 0.00232293 0.00058184 -0.00001001 0.00028981
1778556595.353264 0.07639943 -0.05746551 0.00232293 -0.00009562 -0.00016647 -0.00011111
1778556595.419979 0.07639943 -0.05746551 0.00232293 -0.00011129 -0.00016836 0.00003398
1778556595.486694 0.07639943 -0.05746551 0.00232293 -0.00039673 0.00005804 0.00055816
1778556595.553409 0.07639943 -0.05746551 0.00232293 -0.00046421 -0.00023397 0.00099311
1778556595.620124 0.07639945 -0.05746553 0.00232293 -0.00061494 -0.00027957 0.00120825
1778556595.686839 0.07639945 -0.05746553 0.00232293 -0.00008616 -0.00078320 0.00167193
1778556595.753553 0.07639944 -0.05746552 0.00232293 -0.00006732 -0.00053311 0.00112061
1778556595.820268 0.07639945 -0.05746552 0.00232293 -0.00022140 0.00059243 0.00135367
1778556595.886983 0.07639944 -0.05746552 0.00232292 -0.00059428 0.00070801 0.00086024
1778556595.953698 0.07639945 -0.05746553 0.00232292 -0.00014260 0.00008067 0.00057953
1778556596.020412 0.07639945 -0.05746553 0.00232293 0.00026557 -0.00066105 0.00069392
1778556596.087127 0.07639944 -0.05746553 0.00232293 -0.00079467 0.00023525 -0.00052155
1778556596.153843 0.07639946 -0.05746553 0.00232292 -0.00091439 0.00040871 -0.00055243
1778556596.220559 0.07639946 -0.05746553 0.00232292 -0.00001940 -0.00111982 0.00066152
1778556596.287274 0.07639945 -0.05746552 0.00232292 -0.00023596 -0.00061867 -0.00041698
1778556596.353990 0.07639945 -0.05746552 0.00232292 -0.00002210 -0.00147520 -0.00036655
1778556596.420705 0.07639945 -0.05746552 0.00232292 0.00035827 0.00008557 -0.00085065
1778556596.487421 0.07639946 -0.05746553 0.00232292 -0.00159075 0.00204077 -0.00119293
1778556596.554137 0.07639946 -0.05746553 0.00232292 0.00093967 -0.00112884 0.00044016
1778556596.620852 0.07639945 -0.05746552 0.00232292 -0.00015402 0.00148833 -0.00029503
1778556596.687567 0.07639945 -0.05746552 0.00232292 -0.00064631 0.00095896 -0.00021865
1778556596.754283 0.07639945 -0.05746552 0.00232292 0.00111513 -0.00087367 -0.00046437
1778556596.820998 0.07639945 -0.05746552 0.00232292 -0.00007055 -0.00090875 -0.00006442
1778556596.887714 0.07639946 -0.05746552 0.00232291 0.00061007 -0.00056188 0.00013036
1778556596.954429 0.07639946 -0.05746552 0.00232291 0.00028363 -0.00014218 -0.00029643
1778556597.021144 0.07639946 -0.05746552 0.00232291 -0.00032410 -0.00027335 -0.00019695
1778556597.087861 0.07639946 -0.05746552 0.00232293 -0.00025395 0.00014874 0.00025177
1778556597.154579 0.07639946 -0.05746551 0.00232294 -0.00004200 0.00020388 0.00091835
1778556597.221297 0.07639945 -0.05746551 0.00232293 0.00049458 -0.00002305 -0.00060578
1778556597.288015 0.07639945 -0.05746551 0.00232294 -0.00056949 0.00014545 -0.00103022
1778556597.354733 0.07639945 -0.05746550 0.00232294 -0.00051799 0.00011218 -0.00046962
1778556597.421452 0.07639945 -0.05746550 0.00232294 -0.00082256 0.00048082 -0.00066327
1778556597.488170 0.07639945 -0.05746550 0.00232294 -0.00067079 0.00056098 0.00020381
1778556597.554888 0.07639945 -0.05746551 0.00232294 0.00006491 -0.00010375 0.00003665
1778556597.621606 0.07639945 -0.05746551 0.00232294 0.00002598 -0.00019902 0.00046574
1778556597.688324 0.07639945 -0.05746550 0.00232294 -0.00033585 0.00105479 0.00036169
1778556597.755043 0.07639945 -0.05746550 0.00232294 -0.00062596 0.00048191 0.00072758
1778556597.821761 0.07639945 -0.05746550 0.00232294 0.00088481 -0.00038111 0.00173929
1778556597.888479 0.07639945 -0.05746551 0.00232294 -0.00015789 0.00046175 0.00095740
1778556597.955198 0.07639944 -0.05746550 0.00232293 -0.00010721 0.00059339 -0.00025820
1778556598.021916 0.07639944 -0.05746550 0.00232294 -0.00124325 0.00003524 -0.00056106
1778556598.088634 0.07639944 -0.05746550 0.00232294 -0.00092468 -0.00002285 -0.00131466
1778556598.155350 0.07639944 -0.05746551 0.00232294 -0.00060713 0.00094891 0.00064591
1778556598.222067 0.07639944 -0.05746551 0.00232294 0.00022920 -0.00017028 0.00029851
1778556598.288785 0.07639944 -0.05746550 0.00232293 0.00088615 0.00011493 0.00002363
1778556598.355501 0.07639944 -0.05746550 0.00232293 0.00009745 0.00055692 -0.00010536
1778556598.422218 0.07639943 -0.05746550 0.00232293 0.00014156 0.00001423 0.00105264
1778556598.488935 0.07639944 -0.05746550 0.00232293 0.00009723 -0.00074401 -0.00039193
1778556598.555652 0.07639943 -0.05746550 0.00232293 0.00062803 0.00052119 0.00144487
1778556598.622369 0.07639943 -0.05746549 0.00232294 0.00053555 0.00058310 0.00102497
1778556598.689086 0.07639943 -0.05746549 0.00232293 0.00097745 0.00001053 0.00022311
1778556598.755804 0.07639943 -0.05746548 0.00232293 -0.00011815 -0.00123794 0.00020648
1778556598.822520 0.07639943 -0.05746547 0.00232293 -0.00155194 0.00066778 -0.00068456
1778556598.889238 0.07639943 -0.05746548 0.00232293 -0.00011504 -0.00054175 0.00027996
1778556598.955955 0.07639943 -0.05746548 0.00232292 -0.00038094 -0.00153395 -0.00288307
1778556599.022672 0.07639943 -0.05746548 0.00232292 0.00049013 -0.00192606 0.00094609
1778556599.089389 0.07639943 -0.05746547 0.00232292 -0.00020906 -0.00058660 -0.00052677
1778556599.156107 0.07639942 -0.05746549 0.00232294 -0.00017598 -0.00001370 -0.00041925
1778556599.222826 0.07639943 -0.05746549 0.00232294 -0.00013955 0.00053708 -0.00089451
1778556599.289544 0.07639943 -0.05746549 0.00232294 -0.00016756 0.00063928 -0.00055693
1778556599.356262 0.07639942 -0.05746549 0.00232294 0.00129626 -0.00043704 0.00019304
1778556599.422981 0.07639943 -0.05746550 0.00232294 0.00079108 -0.00039003 0.00051862
1778556599.489699 0.07639943 -0.05746550 0.00232295 0.00007631 0.00048826 0.00081077
1778556599.556417 0.07639943 -0.05746550 0.00232294 0.00018266 0.00020150 0.00001777
1778556599.623135 0.07639943 -0.05746550 0.00232294 0.00004910 0.00024763 -0.00041681
1778556599.689854 0.07639943 -0.05746549 0.00232294 -0.00045467 0.00046044 -0.00008584
1778556599.756572 0.07639943 -0.05746549 0.00232294 -0.00020546 -0.00015643 -0.00103136
1778556599.823291 0.07639943 -0.05746551 0.00232293 -0.00188566 0.00111892 0.00027074
1778556599.890009 0.07639943 -0.05746551 0.00232293 -0.00044542 -0.00077908 -0.00011366
1778556599.956727 0.07639941 -0.05746549 0.00232294 -0.00037684 0.00041700 -0.00019554
1778556600.023446 0.07639941 -0.05746549 0.00232294 -0.00018085 0.00024618 -0.00059538
1778556600.090162 0.07639941 -0.05746549 0.00232294 0.00051297 -0.00063845 -0.00010768
1778556600.156877 0.07639941 -0.05746549 0.00232294 -0.00023106 -0.00026891 -0.00021120
1778556600.223591 0.07639941 -0.05746549 0.00232294 0.00025066 -0.00109041 0.00085980
1778556600.290306 0.07639941 -0.05746551 0.00232294 -0.00062626 0.00002372 0.00063176
1778556600.357020 0.07639942 -0.05746552 0.00232294 -0.00037981 0.00011268 -0.00025499
1778556600.423735 0.07639942 -0.05746552 0.00232293 -0.00060897 0.00051872 -0.00075834
1778556600.490449 0.07639941 -0.05746551 0.00232293 -0.00062615 0.00038727 0.00008189
1778556600.557163 0.07639940 -0.05746549 0.00232293 0.00052226 -0.00336002 0.00103277
1778556600.623878 0.07639940 -0.05746549 0.00232294 -0.00027577 0.00012345 0.00037040
1778556600.690592 0.07639939 -0.05746549 0.00232293 0.00015760 -0.00004148 0.00039218
1778556600.757306 0.07639940 -0.05746549 0.00232293 0.00018682 -0.00001766 -0.00000120
1778556600.824020 0.07639940 -0.05746549 0.00232293 0.00002315 -0.00037175 0.00010270
1778556600.890734 0.07639941 -0.05746549 0.00232293 -0.00073105 0.00031610 0.00007714
1778556600.957448 0.07639941 -0.05746550 0.00232293 -0.00082387 0.00019098 -0.00016108
1778556601.024162 0.07639940 -0.05746549 0.00232293 -0.00048921 0.00018445 -0.00048917
1778556601.090877 0.07639939 -0.05746549 0.00232293 -0.00066988 0.00036426 -0.00054391
1778556601.157592 0.07639939 -0.05746549 0.00232292 -0.00064736 0.00036350 -0.00153537
1778556601.224306 0.07639939 -0.05746549 0.00232292 0.00070767 -0.00148800 0.00163476
1778556601.291021 0.07639939 -0.05746550 0.00232292 -0.00031450 0.00054431 0.00138333
1778556601.357736 0.07639939 -0.05746550 0.00232292 0.00005334 -0.00038063 0.00039292
1778556601.424450 0.07639939 -0.05746550 0.00232292 -0.00014686 -0.00005277 0.00002551
1778556601.491164 0.07639939 -0.05746550 0.00232292 -0.00029350 0.00007949 0.00056669
1778556601.557879 0.07639939 -0.05746549 0.00232292 -0.00065052 0.00019645 -0.00087638
1778556601.624593 0.07639939 -0.05746549 0.00232293 -0.00039177 -0.00004733 -0.00029043
1778556601.691308 0.07639938 -0.05746548 0.00232292 -0.00046574 -0.00029002 -0.00016144
1778556601.758023 0.07639938 -0.05746548 0.00232292 -0.00033707 -0.00012316 -0.00020430
1778556601.824737 0.07639938 -0.05746548 0.00232292 -0.00003442 -0.00050677 -0.00028150
1778556601.891451 0.07639938 -0.05746548 0.00232292 -0.00074266 -0.00028673 -0.00001959
1778556601.958166 0.07639940 -0.05746549 0.00232292 0.00023749 -0.00103626 0.00048962
1778556602.024880 0.07639939 -0.05746549 0.00232292 -0.00002158 -0.00042508 -0.00025561
1778556602.091595 0.07639939 -0.05746548 0.00232292 -0.00077154 0.00021269 -0.00040614
1778556602.158310 0.07639939 -0.05746548 0.00232292 -0.00071848 0.00046690 0.00016756
1778556602.225025 0.07639939 -0.05746548 0.00232292 0.00008401 0.00000897 -0.00028309
1778556602.291740 0.07639939 -0.05746548 0.00232292 -0.00040567 0.00066059 0.00026278
1778556602.358456 0.07639939 -0.05746548 0.00232292 0.00001219 0.00025396 0.00059636
1778556602.425171 0.07639940 -0.05746549 0.00232291 0.00062548 -0.00034022 -0.00017723
1778556602.491886 0.07639939 -0.05746549 0.00232292 0.00051830 -0.00035182 0.00009867
1778556602.558601 0.07639939 -0.05746548 0.00232292 -0.00049008 0.00070595 0.00001734
1778556602.625316 0.07639939 -0.05746549 0.00232292 -0.00066773 0.00041133 -0.00048147
1778556602.692032 0.07639938 -0.05746549 0.00232292 -0.00036748 -0.00031014 -0.00026211
1778556602.758747 0.07639939 -0.05746550 0.00232292 0.00030145 -0.00084786 0.00050129
1778556602.825462 0.07639940 -0.05746551 0.00232291 0.00042176 -0.00045752 0.00002721
1778556602.892177 0.07639940 -0.05746551 0.00232291 0.00032112 0.00031712 0.00004534
1778556602.958892 0.07639940 -0.05746552 0.00232291 0.00126056 -0.00042997 0.00034977
1778556603.025607 0.07639941 -0.05746552 0.00232291 -0.00045392 0.00010466 -0.00041380
1778556603.092323 0.07639941 -0.05746552 0.00232291 0.00065220 -0.00061948 0.00008189
1778556603.159038 0.07639942 -0.05746553 0.00232291 -0.00041839 0.00113717 -0.00017769
1778556603.225753 0.07639942 -0.05746552 0.00232291 0.00040168 -0.00045397 -0.00006166
1778556603.292469 0.07639942 -0.05746552 0.00232291 0.00052100 -0.00175283 0.00012807
1778556603.359184 0.07639942 -0.05746552 0.00232291 0.00118829 -0.00134210 -0.00036002
1778556603.425899 0.07639942 -0.05746552 0.00232291 -0.00021409 0.00109885 0.00133357
1778556603.492614 0.07639942 -0.05746553 0.00232291 0.00090454 0.00009070 0.00033999
1778556603.559330 0.07639942 -0.05746553 0.00232291 0.00151278 0.00092046 0.00000102
1778556603.626045 0.07639944 -0.05746556 0.00232290 0.00098352 0.00017227 0.00032255
1778556603.692760 0.07639942 -0.05746553 0.00232291 0.00065197 0.00066067 0.00054390
1778556603.759475 0.07639942 -0.05746554 0.00232291 0.00021005 0.00037831 -0.00066529
1778556603.826190 0.07639942 -0.05746552 0.00232290 0.00033347 0.00051309 0.00004384
1778556603.892905 0.07639942 -0.05746552 0.00232290 0.00098212 -0.00037985 -0.00010192
1778556603.959621 0.07639941 -0.05746553 0.00232290 0.00038116 -0.00030460 -0.00052636
1778556604.026336 0.07639941 -0.05746552 0.00232291 0.00050250 0.00035088 -0.00018756
1778556604.093051 0.07639943 -0.05746552 0.00232292 0.00019545 0.00074784 -0.00059216
1778556604.159767 0.07639943 -0.05746553 0.00232292 0.00046152 0.00033397 -0.00070871
1778556604.226483 0.07639943 -0.05746553 0.00232292 -0.00027047 0.00031687 -0.00133060
1778556604.293199 0.07639943 -0.05746552 0.00232293 -0.00072459 -0.00063894 -0.00008209
1778556604.359915 0.07639943 -0.05746552 0.00232293 -0.00101283 -0.00127954 -0.00017981
1778556604.426630 0.07639942 -0.05746551 0.00232294 -0.00154003 0.00016171 -0.00042570
1778556604.493346 0.07639941 -0.05746551 0.00232294 -0.00043159 -0.00045185 -0.00026085
1778556604.560062 0.07639941 -0.05746551 0.00232294 -0.00003142 -0.00057613 -0.00023483
1778556604.626778 0.07639941 -0.05746551 0.00232294 -0.00028063 0.00056507 -0.00008822
1778556604.693494 0.07639941 -0.05746551 0.00232294 -0.00003867 0.00098671 -0.00032534
1778556604.760209 0.07639941 -0.05746552 0.00232292 -0.00003193 0.00087693 -0.00017802
1778556604.826925 0.07639942 -0.05746552 0.00232292 -0.00031041 -0.00001297 -0.00045628
1778556604.893641 0.07639942 -0.05746552 0.00232292 -0.00099171 -0.00002602 -0.00049121
1778556604.960357 0.07639941 -0.05746552 0.00232293 -0.00000953 -0.00042272 0.00025016
1778556605.027072 0.07639941 -0.05746551 0.00232293 0.00035283 -0.00057592 -0.00000201
1778556605.093788 0.07639941 -0.05746551 0.00232293 -0.00043160 0.00036454 0.00005090
1778556605.160504 0.07639941 -0.05746551 0.00232293 -0.00057508 0.00006982 -0.00068005
1778556605.227219 0.07639940 -0.05746551 0.00232292 0.00008818 -0.00030057 -0.00070604
1778556605.293935 0.07639940 -0.05746551 0.00232292 0.00041789 0.00001650 -0.00041598
1778556605.360651 0.07639940 -0.05746551 0.00232292 0.00002001 -0.00003094 -0.00000265
1778556605.427366 0.07639940 -0.05746550 0.00232293 -0.00027489 0.00051938 -0.00014764
1778556605.494082 0.07639940 -0.05746550 0.00232292 -0.00061420 0.00034039 -0.00024075
1778556605.560797 0.07639940 -0.05746550 0.00232292 0.00035725 -0.00030969 0.00024604
1778556605.627513 0.07639942 -0.05746552 0.00232291 -0.00117569 0.00065395 -0.00019389
1778556605.694228 0.07639942 -0.05746552 0.00232291 0.00035991 -0.00224910 -0.00115550
1778556605.760944 0.07639941 -0.05746551 0.00232291 -0.00024303 -0.00036761 0.00019179
1778556605.827660 0.07639941 -0.05746552 0.00232291 -0.00039554 -0.00061626 -0.00065945
1778556605.894375 0.07639942 -0.05746553 0.00232292 0.00018123 -0.00056653 0.00090799
1778556605.961091 0.07639941 -0.05746550 0.00232292 0.00022003 -0.00015878 0.00062050
1778556606.027806 0.07639941 -0.05746551 0.00232292 -0.00012328 0.00002560 0.00016106
1778556606.094523 0.07639941 -0.05746551 0.00232292 0.00026424 -0.00013309 -0.00052961
1778556606.161240 0.07639941 -0.05746552 0.00232292 -0.00010311 0.00008809 -0.00020894
1778556606.227957 0.07639941 -0.05746552 0.00232292 -0.00001249 -0.00028618 -0.00026528
1778556606.294674 0.07639941 -0.05746552 0.00232292 -0.00068644 -0.00007264 -0.00006808
1778556606.361391 0.07639941 -0.05746553 0.00232292 -0.00039952 -0.00014659 -0.00041817
1778556606.428109 0.07639942 -0.05746551 0.00232291 0.00055645 -0.00132283 0.00005254
1778556606.494826 0.07639941 -0.05746551 0.00232292 -0.00064651 -0.00013972 0.00002800
1778556606.561543 0.07639942 -0.05746552 0.00232291 -0.00045944 0.00000692 -0.00033221
1778556606.628261 0.07639941 -0.05746552 0.00232292 -0.00071330 -0.00045748 0.00011192
1778556606.694978 0.07639941 -0.05746552 0.00232292 -0.00038503 -0.00045048 -0.00090671
1778556606.761695 0.07639941 -0.05746552 0.00232292 0.00030265 -0.00033156 -0.00130953
1778556606.828413 0.07639941 -0.05746551 0.00232292 -0.00005049 -0.00075542 -0.00018840
1778556606.895130 0.07639941 -0.05746552 0.00232291 -0.00128873 0.00114506 -0.00024871
1778556606.961848 0.07639943 -0.05746553 0.00232292 0.00028589 -0.00037079 0.00072527
1778556607.028565 0.07639943 -0.05746553 0.00232292 0.00066998 -0.00214672 0.00324059
1778556607.095282 0.07639943 -0.05746553 0.00232292 -0.00107293 0.00126549 -0.00025317
1778556607.161997 0.07639942 -0.05746553 0.00232292 -0.00202495 0.00150513 -0.00058437
1778556607.228712 0.07639942 -0.05746553 0.00232292 -0.00059490 0.00007811 -0.00076225
1778556607.295428 0.07639942 -0.05746553 0.00232292 -0.00113512 0.00077198 -0.00017694
1778556607.362143 0.07639942 -0.05746553 0.00232292 -0.00035912 -0.00087285 0.00065074
1778556607.428858 0.07639942 -0.05746553 0.00232291 0.00113148 0.00101104 0.00083147
1778556607.495574 0.07639942 -0.05746553 0.00232290 0.00007233 -0.00155354 0.00136765
1778556607.562289 0.07639943 -0.05746553 0.00232290 0.00060409 -0.00058063 -0.00000475
1778556607.629004 0.07639942 -0.05746552 0.00232291 0.00076466 -0.00041467 -0.00020623
1778556607.695719 0.07639942 -0.05746552 0.00232291 0.00092992 -0.00055154 -0.00035136
1778556607.762434 0.07639942 -0.05746552 0.00232291 0.00057784 -0.00014280 0.00056728
1778556607.829150 0.07639942 -0.05746552 0.00232291 0.00014399 -0.00000148 0.00024784
1778556607.895865 0.07639942 -0.05746552 0.00232291 -0.00027510 0.00009879 -0.00013530
1778556607.962580 0.07639941 -0.05746552 0.00232292 -0.00054087 0.00003181 -0.00000251
1778556608.029295 0.07639941 -0.05746552 0.00232292 -0.00096841 0.00045591 -0.00063209
1778556608.096011 0.07639941 -0.05746551 0.00232292 -0.00128462 0.00004473 -0.00048530
1778556608.162727 0.07639941 -0.05746552 0.00232291 -0.00050147 0.00020990 -0.00040745
1778556608.229443 0.07639941 -0.05746552 0.00232291 0.00013812 0.00051237 0.00016949
1778556608.296159 0.07639942 -0.05746552 0.00232291 0.00167385 -0.00064299 0.00128259
1778556608.362875 0.07639941 -0.05746551 0.00232291 0.00070909 -0.00016734 -0.00141626
1778556608.429590 0.07639940 -0.05746549 0.00232292 0.00028320 0.00001911 -0.00062716
1778556608.496306 0.07639940 -0.05746549 0.00232293 0.00015950 -0.00020640 -0.00001876
1778556608.563022 0.07639940 -0.05746549 0.00232293 0.00019347 0.00018823 0.00021911
1778556608.629738 0.07639940 -0.05746549 0.00232293 -0.00011526 0.00059980 0.00005880
1778556608.696454 0.07639939 -0.05746548 0.00232293 0.00025295 -0.00000151 0.00015763
1778556608.763170 0.07639940 -0.05746548 0.00232293 -0.00063362 0.00058362 -0.00019367
1778556608.829885 0.07639942 -0.05746551 0.00232292 -0.00113437 0.00113014 0.00027335
1778556608.896601 0.07639944 -0.05746552 0.00232291 -0.00022798 0.00007849 0.00001910
1778556608.963317 0.07639943 -0.05746551 0.00232292 0.00007191 0.00034351 0.00028312
1778556609.030032 0.07639943 -0.05746551 0.00232292 0.00086434 0.00029458 0.00042759
1778556609.096749 0.07639944 -0.05746552 0.00232291 0.00043920 0.00017916 0.00116866
1778556609.163466 0.07639943 -0.05746550 0.00232292 0.00096844 -0.00082333 0.00081466
1778556609.230183 0.07639943 -0.05746551 0.00232292 0.00159541 0.00001244 -0.00239783
1778556609.296901 0.07639944 -0.05746553 0.00232291 0.00115659 -0.00047866 -0.00175210
1778556609.363618 0.07639945 -0.05746554 0.00232291 0.00059225 0.00051995 -0.00065887
1778556609.430335 0.07639945 -0.05746554 0.00232292 0.00064069 -0.00002964 -0.00037980
1778556609.497052 0.07639945 -0.05746554 0.00232292 0.00029134 0.00026200 0.00037723
1778556609.563770 0.07639945 -0.05746554 0.00232292 0.00082494 -0.00049480 0.00091863
1778556609.630487 0.07639945 -0.05746554 0.00232292 0.00077944 -0.00098987 0.00052186
1778556609.697204 0.07639945 -0.05746554 0.00232292 -0.00002662 0.00076465 -0.00005560
1778556609.763921 0.07639944 -0.05746553 0.00232292 0.00008366 -0.00003206 0.00003985
1778556609.830639 0.07639943 -0.05746553 0.00232292 0.00086805 -0.00004375 -0.00012483
1778556609.897356 0.07639943 -0.05746553 0.00232292 0.00066086 -0.00039027 -0.00006573
1778556609.964073 0.07639943 -0.05746553 0.00232292 0.00034436 0.00014230 0.00067845
1778556610.030791 0.07639942 -0.05746552 0.00232293 -0.00081364 0.00095356 0.00057124
1778556610.097508 0.07639942 -0.05746551 0.00232293 0.00116505 -0.00064723 -0.00062324
1778556610.164226 0.07639941 -0.05746550 0.00232294 0.00032463 -0.00023902 0.00078872
1778556610.230943 0.07639941 -0.05746550 0.00232294 0.00070548 -0.00087072 -0.00020353
1778556610.297660 0.07639941 -0.05746550 0.00232294 0.00071757 0.00013314 -0.00006674
1778556610.364377 0.07639941 -0.05746550 0.00232294 0.00051122 -0.00042898 0.00009845
1778556610.431095 0.07639941 -0.05746552 0.00232295 -0.00004069 0.00044545 -0.00084240
1778556610.497812 0.07639941 -0.05746552 0.00232295 0.00013429 0.00070700 0.00109053
1778556610.564530 0.07639941 -0.05746552 0.00232295 0.00011273 0.00053658 0.00016884
1778556610.631247 0.07639941 -0.05746552 0.00232295 -0.00004014 -0.00006792 0.00053256
1778556610.697964 0.07639941 -0.05746552 0.00232295 -0.00001000 -0.00030772 0.00102082
1778556610.764682 0.07639941 -0.05746552 0.00232295 0.00020312 -0.00006648 0.00110869
1778556610.831399 0.07639941 -0.05746552 0.00232295 -0.00013475 0.00013761 0.00066685
1778556610.898117 0.07639942 -0.05746553 0.00232295 0.00006754 -0.00013173 0.00025221
1778556610.964834 0.07639941 -0.05746553 0.00232295 -0.00083189 0.00020753 -0.00008743
1778556611.031552 0.07639942 -0.05746554 0.00232294 -0.00196047 0.00119392 -0.00056712
1778556611.098269 0.07639942 -0.05746553 0.00232295 -0.00020634 -0.00034986 -0.00000233
1778556611.164986 0.07639942 -0.05746553 0.00232295 -0.00087717 -0.00000365 -0.00030281
1778556611.231703 0.07639944 -0.05746553 0.00232295 -0.00087638 -0.00009156 -0.00046800
1778556611.298420 0.07639944 -0.05746554 0.00232295 -0.00078751 0.00007349 0.00004348
1778556611.365138 0.07639944 -0.05746554 0.00232296 0.00049552 0.00011862 0.00014731
1778556611.431855 0.07639944 -0.05746554 0.00232296 0.00032476 0.00053175 -0.00035978
1778556611.498572 0.07639944 -0.05746554 0.00232296 -0.00036175 -0.00039769 -0.00179362
1778556611.565289 0.07639944 -0.05746554 0.00232296 -0.00014887 0.00019152 0.00127892
1778556611.632006 0.07876552 -0.06180076 0.05387809 -0.00021551 -0.00052162 -0.00012095
1778556611.698723 0.07106275 -0.05826724 0.03864624 -0.00010561 -0.00098240 -0.00029810
1778556611.765441 0.07194651 0.02437369 0.01281074 0.00021297 -0.00063728 0.00042388
1778556611.832158 0.06504032 -0.06683469 0.02193349 -0.00016546 -0.00062088 0.00035966
1778556611.898875 0.04691809 -0.05200618 0.00710431 -0.00004185 -0.00042089 0.00016724
1778556611.965592 0.11347815 -0.02807755 0.00770259 0.00017107 -0.00062936 0.00016560
1778556612.032310 0.08136987 -0.03022162 0.00594327 0.00022508 -0.00059737 0.00008857
1778556612.099026 0.06828279 -0.04495418 -0.01151320 0.00015471 -0.00053134 -0.00003898
1778556612.165742 0.10315895 -0.03897384 0.00972460 0.00018427 -0.00040208 -0.00007030
1778556612.232459 0.06193695 -0.03979663 0.00832640 0.00009392 -0.00026427 -0.00012466
1778556612.299175 0.14140179 -0.07226964 -0.01066152 0.00001403 -0.00023240 -0.00016346
1778556612.365891 0.03472764 -0.03577233 0.00482169 -0.00000400 -0.00020230 -0.00012005
1778556612.432607 0.13910717 -0.04552117 -0.00335663 -0.00004925 -0.00009114 -0.00005418
1778556612.499323 0.10778707 -0.04214925 -0.00781992 -0.00014188 -0.00007500 -0.00009151
1778556612.566039 0.04722253 -0.05470941 0.02083049 -0.00017833 -0.00002444 -0.00020928
1778556612.632755 0.07330577 -0.02154798 0.00897442 -0.00011652 -0.00007211 -0.00014393
1778556612.699471 0.12462414 -0.04820203 -0.00286847 -0.00019928 -0.00014364 0.00000046
1778556612.766187 0.09045879 -0.04673621 0.00297861 -0.00028761 -0.00011057 0.00004145
1778556612.832903 0.04979294 -0.02477039 0.00827045 -0.00029583 -0.00011003 0.00005881
1778556612.899619 0.09848267 -0.05286245 0.00857829 -0.00032187 -0.00013036 0.00004390
1778556612.966336 0.10635522 -0.04657398 -0.00453396 -0.00029769 -0.00006013 0.00003015
1778556613.033051 0.08454286 -0.03108908 0.00696371 -0.00027271 -0.00000854 0.00004200
1778556613.099768 0.08009156 -0.04711754 0.00100188 -0.00027200 -0.00000691 0.00004991
1778556613.166486 0.09385423 -0.04497078 0.00560218 -0.00028525 0.00002408 0.00004513
1778556613.233203 0.10555756 -0.03058027 -0.00190053 -0.00028799 0.00001070 0.00013449
1778556613.299921 0.09179206 -0.03878306 0.00425647 -0.00026700 0.00002152 0.00024837
1778556613.366638 0.08170019 -0.05089628 0.00499091 -0.00030972 0.00007558 0.00029135
1778556613.433356 0.08743021 -0.04489377 0.00462288 -0.00033990 0.00010356 0.00026518
1778556613.500073 0.07906036 -0.03581557 0.00063672 -0.00034628 0.00008148 0.00026482
1778556613.566791 0.10579014 -0.04516633 0.00807712 -0.00034586 0.00003294 0.00028881
1778556613.633508 0.08961148 -0.04998415 0.00934200 -0.00031488 0.00000904 0.00026968
1778556613.700226 0.08779650 -0.03382259 0.00517763 -0.00025960 0.00003527 0.00028224
1778556613.766944 0.09319801 -0.04061004 0.00602724 -0.00020799 0.00004997 0.00033718
1778556613.833661 0.10975557 -0.05181243 0.00332986 -0.00018595 0.00002744 0.00029548
1778556613.900379 0.10022196 -0.04011238 0.00529218 -0.00019983 0.00000229 0.00030120
1778556613.967097 0.08221607 -0.04266545 0.00250325 -0.00018582 0.00001536 0.00029171
1778556614.033814 0.10247534 -0.04475550 0.00301193 -0.00016332 0.00000360 0.00025969
1778556614.100533 0.09648789 -0.04714072 0.00998651 -0.00017128 -0.00002882 0.00024419
1778556614.167251 0.10343755 -0.04697704 0.00243302 -0.00016745 -0.00001174 0.00022711
1778556614.233970 0.08728399 -0.04112750 -0.00218782 -0.00015329 0.00000900 0.00021582
1778556614.300689 0.09137432 -0.04606628 0.00793642 -0.00011798 0.00002702 0.00022144
1778556614.367407 0.09971136 -0.04017771 0.00459032 -0.00009531 0.00002524 0.00024081
1778556614.434126 0.08693032 -0.04272503 0.00491984 -0.00007626 0.00001723 0.00023517
1778556614.500845 0.09175500 -0.04167027 0.00262063 -0.00003632 0.00002775 0.00025001
1778556614.567564 0.09855663 -0.03819864 -0.00078207 -0.00002986 0.00000249 0.00029964
1778556614.634282 0.09951451 -0.04630958 0.00076856 -0.00003292 0.00001864 0.00027590
1778556614.701001 0.09104626 -0.04356375 0.00723334 -0.00000833 0.00004355 0.00026265
1778556614.767720 0.09559240 -0.04226402 0.00284154 -0.00001043 0.00004813 0.00025309
1778556614.834439 0.09520189 -0.04585357 0.00465179 -0.00003321 0.00004610 0.00025982
1778556614.901158 0.09183673 -0.04009888 -0.00116949 -0.00001284 0.00004625 0.00024985
1778556614.967877 0.10616684 -0.04587062 0.00481971 -0.00002647 0.00004759 0.00025544
1778556615.034596 0.09169707 -0.04360580 0.00450477 -0.00006834 0.00005879 0.00026576
1778556615.101314 0.09554218 -0.04421859 0.00009540 -0.00007458 0.00007120 0.00024891
1778556615.168032 0.09673122 -0.04876604 0.00484844 -0.00007357 0.00007776 0.00023795
1778556615.234751 0.09113073 -0.04438176 0.00082269 -0.00006920 0.00008416 0.00023411
1778556615.301469 0.09604034 -0.04265212 0.00219463 -0.00006223 0.00009267 0.00022330
1778556615.368187 0.09908735 -0.04454134 0.00426532 -0.00005468 0.00009440 0.00021446
1778556615.434906 0.08942682 -0.04570248 -0.00052383 -0.00004004 0.00010704 0.00020376
1778556615.501624 0.09357203 -0.04543453 0.00503413 -0.00004381 0.00012876 0.00019891
1778556615.568342 0.09772206 -0.04289591 -0.00182975 -0.00003024 0.00011599 0.00020361
1778556615.635061 0.09459527 -0.04447063 0.00727396 -0.00004052 0.00011386 0.00019820
1778556615.701779 0.08542759 -0.04324792 0.00336341 -0.00006590 0.00009817 0.00019683
1778556615.768497 0.09405287 -0.04515594 0.00472656 -0.00004940 0.00009492 0.00018840
1778556615.835216 0.08990315 -0.04461331 0.00354173 -0.00004072 0.00009684 0.00018650
1778556615.901935 0.09131126 -0.04073477 0.00110773 -0.00002908 0.00009110 0.00019040
1778556615.968653 0.09280998 -0.04270253 0.00438996 -0.00000908 0.00007667 0.00019404
1778556616.035372 0.09561345 -0.04483582 0.00534780 -0.00000968 0.00006413 0.00020867
1778556616.102090 0.09824088 -0.04281512 0.00218093 -0.00000797 0.00006247 0.00020623
1778556616.168807 0.09912611 -0.04402997 0.00086111 -0.00000747 0.00005304 0.00019649
1778556616.235523 0.10123073 -0.04439700 0.00252622 -0.00001078 0.00005484 0.00019396
1778556616.302240 0.08663119 -0.04179019 0.00195513 -0.00001010 0.00006026 0.00019172
1778556616.368957 0.09676221 -0.04699468 0.00403361 -0.00001542 0.00007236 0.00016562
1778556616.435674 0.09680399 -0.04182313 0.00201723 -0.00002935 0.00006983 0.00015599
1778556616.502391 0.09482013 -0.04653131 0.00306091 -0.00003384 0.00006260 0.00014500
1778556616.569108 0.09316287 -0.04293513 0.00406477 -0.00005169 0.00004977 0.00014680
1778556616.635825 0.09972671 -0.04314211 0.00553302 -0.00006713 0.00001585 0.00016819
1778556616.702542 0.09809557 -0.04708236 0.00330241 -0.00007148 -0.00000380 0.00016600
1778556616.769258 0.09356094 -0.04545496 0.00392520 -0.00007176 -0.00001168 0.00015043
1778556616.835975 0.09804944 -0.04578315 0.00418503 -0.00005843 -0.00001581 0.00015168
1778556616.902692 0.10130364 -0.04359826 0.00030197 -0.00006131 -0.00001726 0.00014831
1778556616.969409 0.09754320 -0.04906873 0.00380762 -0.00007048 -0.00001173 0.00011901
1778556617.036126 0.09675234 -0.04534602 0.00240521 -0.00006966 0.00000240 0.00008943
1778556617.102843 0.09444428 -0.04272728 0.00401134 -0.00006516 -0.00000927 0.00010910
1778556617.169559 0.09543539 -0.04285176 0.00353111 -0.00007322 -0.00002608 0.00012262
1778556617.236275 0.10328941 -0.04533797 0.00275022 -0.00009244 -0.00004630 0.00012750
1778556617.302991 0.10084539 -0.04914367 0.00457137 -0.00011712 -0.00005396 0.00014278
1778556617.369708 0.09448673 -0.04637070 0.00057679 -0.00011708 -0.00004991 0.00013273
1778556617.436424 0.10311378 -0.04785049 0.00381523 -0.00011402 -0.00005186 0.00012982
1778556617.503140 0.09732997 -0.04673619 0.00277845 -0.00011572 -0.00005121 0.00012430
1778556617.569857 0.09322108 -0.04747651 0.00084073 -0.00010627 -0.00004901 0.00010947
1778556617.636573 0.10686672 -0.04586564 0.00316028 -0.00009829 -0.00005566 0.00010660
1778556617.703289 0.09330450 -0.04543964 0.00237223 -0.00008693 -0.00005702 0.00010376
1778556617.770005 0.09848468 -0.04662024 0.00289409 -0.00008755 -0.00005203 0.00010686
1778556617.836722 0.10265912 -0.04762532 0.00281794 -0.00009914 -0.00006680 0.00011526
1778556617.903438 0.09765783 -0.04557975 -0.00010792 -0.00010656 -0.00007340 0.00011676
1778556617.970154 0.10243058 -0.04746646 0.00171225 -0.00010022 -0.00005374 0.00011173
1778556618.036870 0.09974542 -0.04547547 0.00090616 -0.00009417 -0.00004237 0.00009738
1778556618.103587 0.09985215 -0.04672535 0.00217107 -0.00010434 -0.00004788 0.00008106
1778556618.170303 0.09847731 -0.04718405 0.00186174 -0.00011385 -0.00004454 0.00008571
1778556618.237020 0.09228636 -0.04582794 0.00309350 -0.00010699 -0.00003498 0.00008859
1778556618.303736 0.09802534 -0.04748596 0.00281853 -0.00011455 -0.00004299 0.00009194
1778556618.370452 0.09833028 -0.04571212 0.00041557 -0.00012261 -0.00004290 0.00008988
1778556618.437169 0.10165237 -0.04829377 0.00306638 -0.00012427 -0.00004354 0.00009373
1778556618.503885 0.10138402 -0.04817793 0.00085486 -0.00012751 -0.00004233 0.00008996
1778556618.570601 0.09481241 -0.04585903 0.00253661 -0.00013061 -0.00003984 0.00008704
1778556618.637318 0.09555648 -0.04530297 0.00240973 -0.00012028 -0.00003511 0.00008483
1778556618.704034 0.10451769 -0.04721375 -0.00076897 -0.00011721 -0.00004498 0.00008110
1778556618.770751 0.09612266 -0.04519416 0.00241849 -0.00012543 -0.00005407 0.00007865
1778556618.837467 0.09828297 -0.04819126 0.00403274 -0.00012780 -0.00005242 0.00007646
1778556618.904183 0.09927008 -0.04768509 -0.00016789 -0.00012530 -0.00004914 0.00006439
1778556618.970900 0.10267910 -0.04622163 0.00274438 -0.00012139 -0.00005114 0.00006969
1778556619.037616 0.09630024 -0.04622602 0.00141678 -0.00011072 -0.00004744 0.00007426
1778556619.104332 0.10206255 -0.04550859 0.00143135 -0.00011202 -0.00004836 0.00007001
1778556619.171048 0.09287595 -0.04438771 0.00098391 -0.00010267 -0.00003999 0.00006627
1778556619.237764 0.10507162 -0.04602748 0.00191520 -0.00009559 -0.00004456 0.00007622
1778556619.304481 0.09991759 -0.04604776 0.00025885 -0.00010164 -0.00004651 0.00008376
1778556619.371197 0.09357307 -0.04324810 0.00133776 -0.00009458 -0.00002828 0.00009169
1778556619.437913 0.10157598 -0.04822969 0.00121139 -0.00009368 -0.00002067 0.00008643
1778556619.504629 0.09533217 -0.04397283 0.00107443 -0.00009324 -0.00001577 0.00007557
1778556619.571345 0.10156795 -0.04484384 0.00024026 -0.00009118 -0.00000639 0.00008439
1778556619.638061 0.09273421 -0.04541981 0.00272685 -0.00009394 -0.00000366 0.00008756
1778556619.704777 0.10255063 -0.04593332 0.00070558 -0.00009617 -0.00000796 0.00008480
1778556619.771493 0.09478725 -0.04495883 0.00174565 -0.00010421 -0.00001769 0.00008849
1778556619.838209 0.09594322 -0.04703926 0.00162448 -0.00010671 -0.00001579 0.00008848
1778556619.904925 0.09642501 -0.04525459 0.00230195 -0.00010333 -0.00000760 0.00008116
1778556619.971641 0.10042529 -0.04527357 0.00017486 -0.00010403 -0.00002099 0.00008113
1778556620.038357 0.09725447 -0.04603858 0.00241340 -0.00009722 -0.00002012 0.00008213
1778556620.105073 0.09554933 -0.04546985 0.00230388 -0.00009217 -0.00001812 0.00008232
1778556620.171789 0.10099592 -0.04706972 0.00096632 -0.00009708 -0.00001792 0.00008455
1778556620.238506 0.09751114 -0.04624984 0.00180249 -0.00010789 -0.00001970 0.00008371
1778556620.305222 0.09404199 -0.04520231 0.00234349 -0.00010362 -0.00001786 0.00008020
1778556620.371938 0.09598303 -0.04559611 0.00089390 -0.00009770 -0.00001653 0.00007132
1778556620.438654 0.10083314 -0.04592180 0.00357511 -0.00009695 -0.00002726 0.00006290
1778556620.505371 0.09768269 -0.04729603 0.00233617 -0.00010506 -0.00003303 0.00006765
1778556620.572087 0.09753538 -0.04567308 0.00189797 -0.00011256 -0.00004037 0.00008121
1778556620.638803 0.09578308 -0.04525764 0.00166929 -0.00010818 -0.00004124 0.00008388
1778556620.705519 0.09807777 -0.04650898 0.00232314 -0.00010378 -0.00003831 0.00008160
1778556620.772235 0.09995568 -0.04576279 0.00186269 -0.00010291 -0.00004294 0.00008582
1778556620.838952 0.09729753 -0.04609391 0.00152610 -0.00010231 -0.00005543 0.00008186
1778556620.905668 0.10334467 -0.04770156 0.00234936 -0.00010576 -0.00006567 0.00007538
1778556620.972384 0.10010150 -0.04458190 0.00245800 -0.00010831 -0.00006804 0.00006874
1778556621.039100 0.09789006 -0.04599799 0.00180642 -0.00010099 -0.00006332 0.00006284
1778556621.105816 0.10091259 -0.04610470 0.00107353 -0.00008736 -0.00005417 0.00004891
1778556621.172533 0.10199107 -0.04622722 0.00276940 -0.00009422 -0.00006757 0.00004792
1778556621.239249 0.09952265 -0.04546218 0.00167819 -0.00010993 -0.00007568 0.00004631
1778556621.305965 0.10303485 -0.04699186 0.00191205 -0.00011038 -0.00007018 0.00004105
1778556621.372681 0.10008326 -0.04731768 0.00214379 -0.00011382 -0.00006556 0.00004526
1778556621.439398 0.10013192 -0.04637309 0.00026986 -0.00010946 -0.00005819 0.00004163
1778556621.506114 0.10180145 -0.04495219 0.00265735 -0.00009702 -0.00006464 0.00004176
1778556621.572830 0.10180144 -0.04495220 0.00265735 -0.00126516 0.00021761 0.00122608
1778556621.639546 0.10180145 -0.04495221 0.00265735 -0.00157672 0.00024434 -0.00000610
1778556621.706262 0.10180145 -0.04495225 0.00265736 -0.00108190 0.00162522 -0.00160572
1778556621.772979 0.10180165 -0.04495236 0.00265730 -0.00074768 -0.00115418 0.00304920
1778556621.839695 0.10180177 -0.04495239 0.00265725 -0.00124456 0.00051848 -0.00011721
1778556621.906411 0.10180162 -0.04495234 0.00265729 0.00025655 0.00175943 -0.00159351
1778556621.973127 0.10180167 -0.04495235 0.00265727 -0.00120714 0.00108226 -0.00115215
1778556622.039844 0.10180183 -0.04495241 0.00265725 0.00245359 0.00040268 -0.00006788
1778556622.106560 0.10180180 -0.04495242 0.00265727 -0.00175890 -0.00059368 0.00123467
1778556622.173276 0.10180180 -0.04495242 0.00265727 0.00055939 0.00016182 -0.00027026
1778556622.239992 0.10180181 -0.04495242 0.00265727 -0.00058241 -0.00031403 0.00031287
1778556622.306709 0.10180181 -0.04495242 0.00265727 -0.00082617 0.00164579 -0.00195270
1778556622.373425 0.10180199 -0.04495245 0.00265724 0.00047423 -0.00253904 0.00172623
1778556622.440141 0.10180188 -0.04495242 0.00265724 -0.00074604 0.00070950 -0.00036362
1778556622.506857 0.10180179 -0.04495239 0.00265722 -0.00081934 0.00009737 0.00038809
1778556622.573573 0.10180187 -0.04495241 0.00265723 0.00042584 -0.00051606 0.00020831
1778556622.640290 0.10180185 -0.04495241 0.00265724 0.00078500 0.00120175 -0.00119181
1778556622.707006 0.10180195 -0.04495243 0.00265722 -0.00081204 -0.00248946 0.00167241
1778556622.773722 0.10180187 -0.04495241 0.00265723 0.00110357 -0.00002778 0.00052181
1778556622.840438 0.10180189 -0.04495241 0.00265722 -0.00075343 0.00060310 -0.00004060
1778556622.907154 0.10180187 -0.04495241 0.00265723 0.00383442 0.00344688 -0.00134449
1778556622.973870 0.10180184 -0.04495241 0.00265724 -0.00264115 -0.00181215 -0.00067799
1778556623.040587 0.10180184 -0.04495241 0.00265724 -0.00011316 -0.00080871 0.00054759
1778556623.107303 0.10180188 -0.04495241 0.00265724 0.00101643 0.00135331 -0.00021448
1778556623.174020 0.10180182 -0.04495240 0.00265723 0.00046673 0.00089509 0.00033636
1778556623.240737 0.10180181 -0.04495237 0.00265726 0.00075708 -0.00143270 0.00195222
1778556623.307455 0.10180180 -0.04495237 0.00265726 -0.00170505 -0.00184456 -0.00001747
1778556623.374172 0.10180187 -0.04495235 0.00265726 -0.00085063 0.00021860 -0.00025516
1778556623.440889 0.10180188 -0.04495237 0.00265725 -0.00001018 0.00053984 -0.00093383
1778556623.507606 0.10180190 -0.04495238 0.00265725 -0.00073536 -0.00072737 -0.00068531
1778556623.574323 0.10180190 -0.04495238 0.00265725 0.00095476 -0.00053827 -0.00009668
1778556623.641041 0.10180191 -0.04495240 0.00265724 -0.00115594 -0.00058871 0.00049839
1778556623.707757 0.10180192 -0.04495237 0.00265724 0.00056580 -0.00093797 0.00045159
1778556623.774475 0.10180192 -0.04495237 0.00265724 -0.00008423 0.00091808 -0.00170149
1778556623.841192 0.10180197 -0.04495239 0.00265723 -0.00069412 0.00006064 0.00129120
1778556623.907909 0.10180194 -0.04495237 0.00265724 0.00131325 0.00005536 -0.00232035
1778556623.974627 0.10180194 -0.04495237 0.00265724 -0.00209899 -0.00058578 -0.00058282
1778556624.041343 0.10180192 -0.04495238 0.00265726 -0.00120966 -0.00155927 0.00014310
1778556624.108060 0.10180195 -0.04495238 0.00265722 0.00107368 0.00221393 -0.00046414
1778556624.174777 0.10180193 -0.04495237 0.00265723 -0.00220813 -0.00168235 0.00177922
1778556624.241493 0.10180185 -0.04495233 0.00265725 0.00057882 -0.00165173 0.00059924
1778556624.308210 0.10180182 -0.04495233 0.00265726 0.00063211 0.00151519 -0.00016113
1778556624.374926 0.10180181 -0.04495233 0.00265727 0.00097802 0.00025834 0.00205223
1778556624.441643 0.10180181 -0.04495233 0.00265727 0.00298295 -0.00152778 -0.00118443
1778556624.508359 0.10180181 -0.04495233 0.00265727 -0.00076545 -0.00092861 -0.00043706
1778556624.575075 0.10180181 -0.04495234 0.00265727 0.00071855 0.00051861 -0.00041793
1778556624.641792 0.10180179 -0.04495235 0.00265729 0.00010495 -0.00105025 0.00189888
1778556624.708508 0.10180173 -0.04495234 0.00265738 -0.00015653 -0.00001496 0.00108024
1778556624.775225 0.10180180 -0.04495235 0.00265736 0.00034468 -0.00022042 -0.00000777
1778556624.841941 0.10180188 -0.04495234 0.00265736 -0.00014721 -0.00099383 0.00032328
1778556624.908658 0.10180183 -0.04495233 0.00265735 0.00202282 -0.00051167 -0.00177382
1778556624.975374 0.10180185 -0.04495231 0.00265733 0.00061657 0.00315589 0.00043679
1778556625.042090 0.10180188 -0.04495231 0.00265730 0.00200763 -0.00115144 0.00161127
1778556625.108807 0.10180189 -0.04495231 0.00265732 -0.00075086 0.00056765 -0.00125077
1778556625.175523 0.10180190 -0.04495231 0.00265732 0.00028947 -0.00114060 -0.00306498
1778556625.242239 0.10180190 -0.04495231 0.00265732 0.00175095 -0.00064566 0.00162859
1778556625.308956 0.10180190 -0.04495231 0.00265732 0.00145614 0.00147185 -0.00066279
1778556625.375672 0.10180190 -0.04495231 0.00265732 0.00082228 0.00170951 -0.00111640
1778556625.442389 0.10180188 -0.04495231 0.00265732 0.00224750 -0.00145121 -0.00317694
1778556625.509105 0.10180183 -0.04495230 0.00265732 -0.00228376 0.00052601 0.00073717
1778556625.575821 0.10180182 -0.04495230 0.00265732 0.00293157 -0.00060272 -0.00143110
1778556625.642538 0.10180182 -0.04495230 0.00265732 0.00110445 -0.00114581 0.00112386
1778556625.709254 0.10180183 -0.04495230 0.00265732 -0.00111802 -0.00125808 -0.00045940
1778556625.775970 0.10180186 -0.04495232 0.00265733 0.00120223 0.00044333 0.00299426
1778556625.842687 0.10180192 -0.04495231 0.00265741 0.00142757 0.00183562 -0.00036330
1778556625.909403 0.10180192 -0.04495231 0.00265741 0.00040193 -0.00007272 0.00089465
1778556625.976119 0.10180192 -0.04495232 0.00265742 0.00065878 0.00008104 -0.00029443
1778556626.042836 0.10180192 -0.04495231 0.00265740 0.00236457 0.00183721 0.00177165
1778556626.109552 0.10180188 -0.04495229 0.00265740 0.00147834 0.00007169 -0.00031097
1778556626.176269 0.10180187 -0.04495230 0.00265741 -0.00229871 0.00149891 -0.00002431
1778556626.242985 0.10180185 -0.04495231 0.00265741 -0.00131519 -0.00053032 -0.00078753
1778556626.309702 0.10180186 -0.04495230 0.00265741 -0.00147521 0.00064067 0.00108915
1778556626.376418 0.10180185 -0.04495229 0.00265741 -0.00026486 -0.00015449 -0.00105348
1778556626.443135 0.10180185 -0.04495227 0.00265742 -0.00089026 0.00069625 0.00067251
1778556626.509851 0.10180178 -0.04495216 0.00265742 0.00051751 -0.00047422 -0.00019518
1778556626.576568 0.10180172 -0.04495215 0.00265745 -0.00001970 -0.00124309 0.00044312
1778556626.643285 0.10180172 -0.04495214 0.00265744 0.00063944 -0.00075035 0.00032703
1778556626.710001 0.10180169 -0.04495215 0.00265744 0.00098349 0.00070328 -0.00024386
1778556626.776718 0.10180168 -0.04495214 0.00265744 0.00076595 -0.00128369 0.00215060
1778556626.843434 0.10180167 -0.04495213 0.00265744 0.00031420 -0.00004175 -0.00001880
1778556626.910151 0.10180166 -0.04495212 0.00265743 -0.00038078 0.00233453 -0.00180031
1778556626.976867 0.10180167 -0.04495213 0.00265744 0.00048702 -0.00064799 -0.00151129
1778556627.043584 0.10180170 -0.04495213 0.00265744 0.00001105 -0.00049470 -0.00113221
1778556627.110301 0.10180171 -0.04495214 0.00265744 0.00144737 0.00097411 0.00122232
1778556627.177018 0.10180171 -0.04495214 0.00265744 -0.00183242 -0.00122166 -0.00111838
1778556627.243735 0.10180171 -0.04495216 0.00265745 -0.00150059 -0.00005181 -0.00142879
1778556627.310452 0.10180171 -0.04495215 0.00265743 0.00330419 0.00307216 -0.00023359
1778556627.377168 0.10180168 -0.04495216 0.00265747 -0.00160542 -0.00100267 0.00044787
1778556627.443885 0.10180171 -0.04495216 0.00265745 0.00089552 -0.00146821 -0.00000262
1778556627.510602 0.10180164 -0.04495217 0.00265750 0.00115291 0.00004797 -0.00066135
1778556627.577319 0.10180165 -0.04495216 0.00265748 -0.00183946 0.00074216 -0.00099221
1778556627.644036 0.10180164 -0.04495214 0.00265748 -0.00068234 -0.00302251 0.00035502
1778556627.710753 0.10180162 -0.04495214 0.00265750 -0.00101103 -0.00001279 -0.00024942
1778556627.777470 0.10180161 -0.04495212 0.00265748 0.00030597 -0.00004484 -0.00014378
1778556627.844187 0.10180160 -0.04495209 0.00265746 -0.00046200 0.00073856 0.00087819
1778556627.910904 0.10180160 -0.04495210 0.00265746 -0.00088187 0.00063680 -0.00066133
1778556627.977621 0.10180160 -0.04495209 0.00265746 -0.00143767 0.00077239 -0.00011034
1778556628.044338 0.10180161 -0.04495209 0.00265746 0.00053414 0.00011980 -0.00023886
1778556628.111055 0.10180158 -0.04495209 0.00265747 0.00010550 -0.00061648 0.00018881
1778556628.177771 0.10180155 -0.04495209 0.00265748 0.00073937 0.00063390 -0.00051384
1778556628.244487 0.10180154 -0.04495209 0.00265748 0.00107257 0.00036878 -0.00082819
1778556628.311203 0.10180153 -0.04495209 0.00265749 -0.00029626 -0.00094956 0.00037412
1778556628.377920 0.10180153 -0.04495208 0.00265749 -0.00082809 0.00064809 0.00065837
1778556628.444636 0.10180148 -0.04495201 0.00265748 0.00245633 -0.00076912 -0.00369192
1778556628.511352 0.10180156 -0.04495206 0.00265749 -0.00145187 -0.00115772 0.00136517
1778556628.578068 0.10180155 -0.04495206 0.00265749 -0.00085367 0.00104271 0.00053266
1778556628.644784 0.10180149 -0.04495206 0.00265750 0.00171779 -0.00000226 0.00053898
1778556628.711500 0.10180141 -0.04495202 0.00265749 -0.00327496 -0.00181450 -0.00190466
1778556628.778217 0.10180140 -0.04495203 0.00265750 -0.00180945 0.00081960 0.00054772
1778556628.844933 0.10180148 -0.04495204 0.00265750 -0.00093270 0.00017986 0.00122980
1778556628.911649 0.10180146 -0.04495203 0.00265750 -0.00026503 -0.00109442 0.00090372
1778556628.978365 0.10180147 -0.04495203 0.00265750 -0.00080053 0.00048921 -0.00014736
1778556629.045081 0.10180147 -0.04495203 0.00265750 -0.00025942 -0.00137661 0.00079240
1778556629.111797 0.10180147 -0.04495203 0.00265750 0.00011696 0.00129506 -0.00082023
1778556629.178514 0.10180147 -0.04495203 0.00265750 0.00039256 0.00057655 -0.00131383
1778556629.245230 0.10180146 -0.04495203 0.00265750 0.00015638 0.00051140 -0.00105572
1778556629.311946 0.10180147 -0.04495204 0.00265750 0.00168487 -0.00225166 0.00150650
1778556629.378663 0.10180154 -0.04495213 0.00265753 -0.00189718 -0.00184984 0.00134187
1778556629.445379 0.10180155 -0.04495215 0.00265755 -0.00148364 0.00002754 0.00064411
1778556629.512095 0.10180157 -0.04495217 0.00265755 -0.00167617 0.00037766 -0.00002237
1778556629.578811 0.10180157 -0.04495216 0.00265755 0.00283484 0.00079884 0.00000716
1778556629.645528 0.10180150 -0.04495215 0.00265756 -0.00338541 0.00152759 -0.00002372
1778556629.712244 0.10180145 -0.04495213 0.00265757 -0.00014737 -0.00066536 0.00281412
1778556629.778960 0.10180147 -0.04495214 0.00265756 -0.00037245 0.00047894 -0.00006959
1778556629.845676 0.10180141 -0.04495210 0.00265759 -0.00065464 -0.00110813 0.00024890
1778556629.912393 0.10180140 -0.04495210 0.00265759 0.00129266 0.00046750 -0.00134567
1778556629.979109 0.10180142 -0.04495210 0.00265759 0.00125613 -0.00008563 0.00205034
1778556630.045825 0.10180151 -0.04495216 0.00265758 0.00089642 0.00040022 -0.00059804
1778556630.112542 0.10180145 -0.04495212 0.00265760 -0.00019457 -0.00028225 0.00023525
1778556630.179259 0.10180149 -0.04495215 0.00265758 0.00276402 0.00192866 -0.00084025
1778556630.245976 0.10180149 -0.04495215 0.00265758 -0.00224868 0.00089155 0.00025741
1778556630.312694 0.10180150 -0.04495213 0.00265759 -0.00077178 -0.00062675 -0.00099787
1778556630.379411 0.10180157 -0.04495217 0.00265757 -0.00030648 -0.00172161 0.00062874
1778556630.446129 0.10180155 -0.04495216 0.00265757 -0.00030239 -0.00084842 -0.00028751
1778556630.512846 0.10180147 -0.04495210 0.00265760 -0.00141075 0.00014567 0.00190500
1778556630.579564 0.10180144 -0.04495206 0.00265760 0.00094991 -0.00093962 0.00126180
1778556630.646281 0.10180140 -0.04495207 0.00265762 0.00221477 0.00228208 -0.00088554
1778556630.712999 0.10180139 -0.04495207 0.00265762 0.00053327 0.00015452 -0.00037689
1778556630.779716 0.10180139 -0.04495209 0.00265763 0.00169727 -0.00148769 -0.00057934
1778556630.846434 0.10180139 -0.04495212 0.00265767 -0.00209178 -0.00072632 0.00032522
1778556630.913152 0.10180140 -0.04495211 0.00265767 -0.00023886 0.00045554 0.00034060
1778556630.979869 0.10180140 -0.04495210 0.00265766 0.00002475 -0.00077949 0.00127050
1778556631.046587 0.10180140 -0.04495212 0.00265768 0.00024341 0.00024283 0.00129943
1778556631.113304 0.10180140 -0.04495212 0.00265768 -0.00028880 -0.00184360 0.00147284
1778556631.180021 0.10180132 -0.04495207 0.00265767 -0.00113485 -0.00033245 0.00047497
1778556631.246737 0.10180132 -0.04495206 0.00265765 0.00176066 0.00102430 0.00101812
1778556631.313454 0.10180135 -0.04495207 0.00265765 -0.00271726 -0.00151500 0.00144290
1778556631.380171 0.10180135 -0.04495207 0.00265765 -0.00028241 0.00071506 0.00528052
1778556631.446888 0.10180135 -0.04495207 0.00265765 0.00009159 -0.00110378 0.00015752
1778556631.513604 0.10180134 -0.04495208 0.00265767 -0.00038859 0.00133388 -0.00273655
1778556631.580321 0.10180135 -0.04495208 0.00265768 0.00049520 0.00175653 -0.00044559
1778556631.647038 0.10180137 -0.04495208 0.00265767 0.00042514 -0.00212993 -0.00162993
1778556631.713755 0.10180137 -0.04495208 0.00265767 -0.00107194 0.00014508 -0.00096630
1778556631.780472 0.10180137 -0.04495208 0.00265767 0.00199579 0.00143730 0.00147651
1778556631.847188 0.10180138 -0.04495207 0.00265767 0.00127857 0.00127456 -0.00204637
1778556631.913905 0.10180139 -0.04495208 0.00265767 0.00011355 0.00166779 -0.00215599
1778556631.980622 0.10180139 -0.04495209 0.00265767 0.00009198 -0.00130948 -0.00028208
1778556632.047339 0.10180137 -0.04495208 0.00265767 0.00018869 0.00049936 0.00058087
1778556632.114056 0.10180137 -0.04495208 0.00265767 -0.00064525 0.00028776 -0.00042720
1778556632.180773 0.10180138 -0.04495209 0.00265767 -0.00193845 -0.00071086 0.00176601
1778556632.247489 0.10180139 -0.04495209 0.00265767 0.00031305 -0.00037007 -0.00027498
1778556632.314206 0.10180135 -0.04495207 0.00265768 0.00321338 0.00008775 -0.00138407
1778556632.380923 0.10180126 -0.04495205 0.00265770 -0.00294994 -0.00523812 0.00286450
1778556632.447640 0.10180124 -0.04495204 0.00265770 0.00046853 0.00122759 -0.00199849
1778556632.514357 0.10180124 -0.04495204 0.00265770 -0.00319517 0.00056530 0.00153894
1778556632.581074 0.10180125 -0.04495204 0.00265770 0.00354864 0.00100404 -0.00205051
1778556632.647790 0.10180127 -0.04495205 0.00265770 -0.00476647 0.00034580 -0.00025029
1778556632.714507 0.10180127 -0.04495204 0.00265769 0.00059953 0.00202062 0.00005560
1778556632.781224 0.10180127 -0.04495204 0.00265769 -0.00013179 -0.00043664 0.00139828
1778556632.847941 0.10180126 -0.04495204 0.00265769 0.00031862 0.00019799 0.00118776
1778556632.914658 0.10180126 -0.04495204 0.00265769 0.00148467 -0.00078077 0.00099534
1778556632.981375 0.10180135 -0.04495205 0.00265769 -0.00003567 0.00152056 0.00098487
1778556633.048092 0.10180134 -0.04495209 0.00265771 0.00008461 0.00211215 -0.00059331
1778556633.114809 0.10180133 -0.04495203 0.00265771 0.00136764 0.00110047 0.00021386
1778556633.181526 0.10180135 -0.04495204 0.00265771 -0.00058522 -0.00330338 0.00038747
1778556633.248243 0.10180138 -0.04495204 0.00265769 -0.00085989 -0.00088794 -0.00010345
1778556633.314960 0.10180140 -0.04495203 0.00265768 0.00119264 0.00101837 0.00092375
1778556633.381677 0.10180138 -0.04495204 0.00265769 -0.00099916 -0.00029665 -0.00009898
1778556633.448395 0.10180139 -0.04495204 0.00265767 -0.00146249 0.00081250 0.00015333
1778556633.515112 0.10180139 -0.04495204 0.00265767 0.00000266 0.00018630 -0.00001452
1778556633.581829 0.10180137 -0.04495201 0.00265767 0.00297461 0.00079151 -0.00031206
1778556633.648546 0.10180136 -0.04495200 0.00265766 -0.00326113 -0.00030406 0.00052967
1778556633.715263 0.10180137 -0.04495200 0.00265768 0.00238814 -0.00021163 0.00002988
1778556633.781981 0.10180136 -0.04495200 0.00265768 -0.00306529 -0.00008739 -0.00087834
1778556633.848698 0.10180135 -0.04495201 0.00265766 0.00033548 0.00024329 0.00156353
1778556633.915415 0.10180152 -0.04495206 0.00265772 0.00025427 -0.00049766 0.00057037
1778556633.982132 0.10180150 -0.04495205 0.00265772 0.00347622 0.00274831 -0.00469855
1778556634.048849 0.10180151 -0.04495205 0.00265772 0.00196043 -0.00454785 0.00137572
1778556634.115566 0.10180156 -0.04495205 0.00265769 -0.00455442 -0.00027828 0.00016258
1778556634.182283 0.10180156 -0.04495206 0.00265768 -0.00052843 -0.00075971 -0.00045742
1778556634.249001 0.10180153 -0.04495206 0.00265766 0.00003690 0.00091455 0.00004492
1778556634.315717 0.10180153 -0.04495206 0.00265766 0.00163040 -0.00092719 0.00012453
1778556634.382434 0.10180152 -0.04495204 0.00265765 -0.00039308 -0.00049764 -0.00067577
1778556634.449151 0.10180151 -0.04495203 0.00265762 0.00041712 0.00071852 -0.00031109
1778556634.515868 0.10180153 -0.04495204 0.00265764 -0.00189026 0.00009487 -0.00188921
1778556634.582585 0.10180153 -0.04495204 0.00265764 0.00342528 0.00035901 0.00132618
1778556634.649302 0.10180153 -0.04495204 0.00265764 0.00198970 0.00158814 -0.00095310
1778556634.716020 0.10180156 -0.04495203 0.00265763 -0.00343254 -0.00226849 -0.00144887
1778556634.782737 0.10180156 -0.04495203 0.00265763 0.00068407 0.00045425 0.00038983
1778556634.849454 0.10180153 -0.04495203 0.00265765 -0.00102710 -0.00306687 -0.00029389
1778556634.916171 0.10180158 -0.04495203 0.00265762 0.00353765 0.00179258 0.00026752
1778556634.982888 0.10180156 -0.04495203 0.00265762 0.00121112 0.00028540 0.00102460
1778556635.049605 0.10180154 -0.04495201 0.00265760 -0.00342388 0.00005546 -0.00033032
1778556635.116322 0.10180152 -0.04495199 0.00265759 -0.00143046 -0.00082396 0.00044735
1778556635.183039 0.10180147 -0.04495197 0.00265761 0.00045570 0.00150596 -0.00086443
1778556635.249756 0.10180148 -0.04495197 0.00265761 0.00007870 -0.00007292 -0.00014951
1778556635.316473 0.10180150 -0.04495198 0.00265762 0.00003831 0.00011167 -0.00144062
1778556635.383190 0.10180151 -0.04495198 0.00265761 -0.00050868 0.00142171 -0.00010711
1778556635.449907 0.10180148 -0.04495197 0.00265761 -0.00090051 -0.00075124 -0.00023999
1778556635.516624 0.10180138 -0.04495196 0.00265759 0.00319149 0.00122276 -0.00071245
1778556635.583341 0.10180137 -0.04495196 0.00265759 -0.00305108 -0.00213860 -0.00069590
1778556635.650058 0.10180135 -0.04495196 0.00265760 0.00034794 0.00060019 0.00057202
1778556635.716775 0.10180140 -0.04495198 0.00265760 -0.00031600 0.00039040 0.00040252
1778556635.783492 0.10180139 -0.04495197 0.00265760 0.00098047 0.00152205 -0.00017300
1778556635.850209 0.10180146 -0.04495202 0.00265758 0.00206092 0.00011872 0.00158400
1778556635.916926 0.10180145 -0.04495202 0.00265758 -0.00089356 -0.00152952 0.00009282
1778556635.983643 0.10180141 -0.04495201 0.00265758 -0.00068744 0.00175864 0.00161378
1778556636.050360 0.10180141 -0.04495201 0.00265758 0.00082188 0.00042367 -0.00158743
1778556636.117077 0.10180141 -0.04495201 0.00265758 -0.00060503 -0.00059773 0.00107753
1778556636.183794 0.10180136 -0.04495196 0.00265756 0.00001463 -0.00073245 0.00017110
1778556636.250510 0.10180137 -0.04495196 0.00265755 0.00016792 0.00127128 0.00081809
1778556636.317227 0.10180140 -0.04495195 0.00265753 -0.00047608 -0.00078000 -0.00182452
1778556636.383943 0.10180141 -0.04495195 0.00265751 0.00180617 0.00161364 0.00170104
1778556636.450660 0.10180141 -0.04495194 0.00265751 -0.00043277 -0.00070794 0.00060929
1778556636.517376 0.10180141 -0.04495194 0.00265751 -0.00092903 0.00109777 -0.00024186
1778556636.584092 0.10180167 -0.04495203 0.00265749 0.00197180 -0.00001526 0.00048460
1778556636.650809 0.10180167 -0.04495204 0.00265748 0.00018876 0.00047336 0.00028454
1778556636.717525 0.10180165 -0.04495203 0.00265746 0.00042252 -0.00043137 0.00035716
1778556636.784242 0.10180169 -0.04495205 0.00265746 -0.00054415 -0.00088180 0.00142944
1778556636.850958 0.10180161 -0.04495202 0.00265746 0.00234241 0.00184982 -0.00093413
1778556636.917675 0.10180163 -0.04495203 0.00265746 -0.00351005 -0.00169113 0.00081119
1778556636.984391 0.10180161 -0.04495201 0.00265746 -0.00070587 0.00206350 -0.00172530
1778556637.051107 0.10180159 -0.04495200 0.00265747 -0.00082487 0.00048917 -0.00141623
1778556637.117825 0.10180158 -0.04495200 0.00265746 0.00098996 -0.00115868 0.00219225
1778556637.184542 0.10180157 -0.04495199 0.00265745 0.00176734 0.00275095 0.00282779
1778556637.251259 0.10180157 -0.04495200 0.00265745 -0.00329738 0.00053878 -0.00228459
1778556637.317976 0.10180159 -0.04495200 0.00265745 0.00114060 -0.00231676 -0.00182008
1778556637.384694 0.10180160 -0.04495201 0.00265745 -0.00152153 0.00055991 -0.00032722
1778556637.451411 0.10180163 -0.04495202 0.00265744 0.00121799 -0.00057777 0.00073857
1778556637.518129 0.10180165 -0.04495202 0.00265742 0.00076786 0.00229202 0.00161217
1778556637.584846 0.10180166 -0.04495202 0.00265742 -0.00237944 -0.00053094 0.00145037
1778556637.651563 0.10180166 -0.04495198 0.00265742 -0.00109888 -0.00087597 0.00010271
1778556637.718281 0.10180165 -0.04495198 0.00265741 -0.00100221 -0.00098017 -0.00051093
1778556637.784998 0.10180165 -0.04495199 0.00265742 -0.00031963 0.00194314 0.00022472
1778556637.851716 0.10180166 -0.04495199 0.00265741 0.00126988 0.00003200 0.00090368
1778556637.918433 0.10180167 -0.04495199 0.00265741 -0.00255149 -0.00038938 -0.00111094
1778556637.985151 0.10180173 -0.04495199 0.00265740 0.00285740 -0.00045841 -0.00037178
1778556638.051868 0.10180173 -0.04495199 0.00265739 -0.00121310 -0.00163674 -0.00022929
1778556638.118585 0.10180173 -0.04495199 0.00265739 -0.00085256 0.00120948 -0.00062028
1778556638.185301 0.10180173 -0.04495199 0.00265739 0.00097886 -0.00011889 -0.00188783
1778556638.252017 0.10180169 -0.04495193 0.00265738 0.00050195 0.00047599 -0.00052496
1778556638.318734 0.10180169 -0.04495194 0.00265739 0.00222812 0.00092381 0.00111205
1778556638.385450 0.10180168 -0.04495195 0.00265740 -0.00074860 -0.00005575 -0.00137315
1778556638.452167 0.10180170 -0.04495194 0.00265738 -0.00057589 0.00110973 -0.00060710
1778556638.518883 0.10180166 -0.04495196 0.00265742 0.00013069 -0.00108115 -0.00058806
1778556638.585599 0.10180167 -0.04495196 0.00265741 -0.00065481 0.00037318 -0.00167771
1778556638.652315 0.10180178 -0.04495198 0.00265742 0.00011185 0.00098066 -0.00002085
1778556638.719032 0.10180179 -0.04495198 0.00265742 -0.00132625 -0.00154508 -0.00005451
1778556638.785748 0.10180178 -0.04495196 0.00265740 0.00121791 0.00105410 0.00085175
1778556638.852464 0.10180183 -0.04495200 0.00265741 0.00080814 0.00157631 -0.00215595
1778556638.919181 0.10180181 -0.04495199 0.00265741 -0.00032399 -0.00141378 0.00073578
1778556638.985897 0.10180179 -0.04495199 0.00265744 -0.00316784 -0.00073339 0.00070124
1778556639.052613 0.10180180 -0.04495200 0.00265744 -0.00083155 0.00056123 -0.00097252
1778556639.119332 0.10180181 -0.04495200 0.00265745 0.00003031 -0.00025295 0.00057994
1778556639.186050 0.10180186 -0.04495200 0.00265746 0.00278780 0.00100977 -0.00108501
1778556639.252768 0.10180186 -0.04495200 0.00265746 -0.00274183 -0.00107085 -0.00050123
1778556639.319487 0.10180187 -0.04495199 0.00265745 -0.00204431 -0.00066390 0.00048490
1778556639.386205 0.10180182 -0.04495199 0.00265748 0.00257529 0.00068221 0.00062344
1778556639.452923 0.10180178 -0.04495196 0.00265748 -0.00157861 -0.00164348 -0.00012923
1778556639.519642 0.10180163 -0.04495190 0.00265746 -0.00087004 0.00232734 -0.00131240
1778556639.586360 0.10180169 -0.04495192 0.00265747 -0.00023680 0.00007983 -0.00020382
1778556639.653079 0.10180169 -0.04495192 0.00265746 -0.00040945 -0.00052678 0.00103243
1778556639.719798 0.10180169 -0.04495191 0.00265747 -0.00069542 0.00069827 0.00172524
1778556639.786516 0.10180174 -0.04495196 0.00265745 0.00253273 0.00085689 -0.00097802
1778556639.853235 0.10180174 -0.04495196 0.00265745 0.00101869 -0.00024744 -0.00070399
1778556639.919953 0.10180181 -0.04495197 0.00265744 -0.00319255 -0.00109372 0.00228548
1778556639.986672 0.10180180 -0.04495196 0.00265744 -0.00067814 -0.00061442 0.00119727
1778556640.053391 0.10180178 -0.04495196 0.00265744 0.00450993 0.00052832 0.00065428
1778556640.120107 0.10180178 -0.04495196 0.00265744 -0.00101455 -0.00018768 -0.00303193
1778556640.186824 0.10180178 -0.04495196 0.00265744 0.00124711 0.00034301 0.00109140
1778556640.253541 0.10180176 -0.04495196 0.00265745 0.00115092 -0.00011011 -0.00144976
1778556640.320258 0.10180173 -0.04495196 0.00265746 -0.00080959 0.00011892 -0.00058578
1778556640.386974 0.10180173 -0.04495196 0.00265746 0.00139211 0.00059585 0.00141558
1778556640.453691 0.10180172 -0.04495195 0.00265746 0.00209981 -0.00114534 0.00177301
1778556640.520407 0.10180172 -0.04495195 0.00265746 -0.00275896 -0.00001140 -0.00248246
1778556640.587124 0.10180172 -0.04495196 0.00265746 -0.00202332 -0.00010851 0.00153313
1778556640.653841 0.10180171 -0.04495198 0.00265746 0.00124334 -0.00108765 -0.00279942
1778556640.720558 0.10180172 -0.04495197 0.00265746 0.00107054 0.00099352 -0.00263443
1778556640.787274 0.10180174 -0.04495198 0.00265745 -0.00047942 0.00016865 -0.00037302
1778556640.853991 0.10180173 -0.04495198 0.00265745 0.00271958 -0.00018512 0.00098636
1778556640.920708 0.10180173 -0.04495196 0.00265745 -0.00207880 0.00082498 0.00056936
1778556640.987424 0.10180173 -0.04495196 0.00265745 0.00013439 0.00048487 -0.00036133
1778556641.054141 0.10180173 -0.04495197 0.00265745 0.00003131 -0.00067221 0.00080785
1778556641.120857 0.10180172 -0.04495195 0.00265745 0.00181671 -0.00101036 0.00045538
1778556641.187574 0.10180175 -0.04495195 0.00265743 -0.00017370 -0.00019564 -0.00099864
1778556641.254290 0.10180175 -0.04495195 0.00265743 0.00041715 -0.00050874 0.00066103
1778556641.321007 0.10180179 -0.04495194 0.00265741 0.00294933 0.00123556 0.00113694
1778556641.387723 0.10180179 -0.04495194 0.00265741 -0.00082761 -0.00002663 -0.00098360
1778556641.454439 0.10180182 -0.04495193 0.00265740 0.00060039 0.00004997 -0.00028864
1778556641.521156 0.10180183 -0.04495192 0.00265739 -0.00114492 -0.00034991 -0.00055774
1778556641.587872 0.10180182 -0.04495191 0.00265738 0.00068471 -0.00193034 -0.00081182
1778556641.654588 0.10180182 -0.04495191 0.00265738 0.00021856 0.00218524 0.00064642
1778556641.721304 0.10180182 -0.04495191 0.00265738 -0.00026288 -0.00168630 -0.00017664
1778556641.788021 0.10180181 -0.04495187 0.00265734 0.00212393 0.00192221 -0.00076774
1778556641.854737 0.10180182 -0.04495186 0.00265732 -0.00313917 -0.00176537 0.00054178
1778556641.921453 0.10180182 -0.04495186 0.00265733 0.00241214 0.00074980 0.00155554
1778556641.988169 0.10180183 -0.04495187 0.00265733 -0.00413014 -0.00091166 -0.00039964
1778556642.054886 0.10180183 -0.04495188 0.00265733 -0.00021261 -0.00046525 0.00138511
1778556642.121603 0.10180176 -0.04495184 0.00265734 -0.00018908 0.00041341 0.00056353
1778556642.188320 0.10180177 -0.04495185 0.00265734 -0.00043044 -0.00159958 -0.00032588
1778556642.255037 0.10180177 -0.04495184 0.00265734 0.00228943 0.00096109 -0.00003051
1778556642.321754 0.10180178 -0.04495185 0.00265734 -0.00068572 0.00004241 -0.00252273
1778556642.388471 0.10180180 -0.04495186 0.00265733 -0.00097257 -0.00136680 0.00054833
1778556642.455189 0.10180182 -0.04495187 0.00265734 0.00025274 -0.00148358 -0.00017971
1778556642.521906 0.10180185 -0.04495188 0.00265734 -0.00041404 -0.00117308 -0.00110345
1778556642.588623 0.10180186 -0.04495188 0.00265735 0.00057133 -0.00223618 -0.00158236
1778556642.655340 0.10180185 -0.04495184 0.00265726 0.00025797 0.00223723 0.00006996
1778556642.722057 0.10180177 -0.04495181 0.00265731 -0.00205467 -0.00069442 0.00083956
1778556642.788775 0.10180180 -0.04495182 0.00265730 0.00076732 0.00057667 0.00032539
1778556642.855492 0.10180180 -0.04495182 0.00265730 0.00011373 0.00057831 0.00040421
1778556642.922209 0.10180180 -0.04495182 0.00265730 0.00006921 -0.00030746 -0.00062106
1778556642.988926 0.10180180 -0.04495183 0.00265733 0.00026994 -0.00004970 0.00042502
1778556643.055644 0.10180180 -0.04495183 0.00265733 0.00067139 0.00121288 -0.00059610
1778556643.122360 0.10180183 -0.04495185 0.00265733 -0.00352838 -0.00208916 -0.00169530
1778556643.189076 0.10180185 -0.04495184 0.00265727 0.00180270 0.00139916 0.00097104
1778556643.255792 0.10180185 -0.04495184 0.00265727 0.00102756 -0.00017784 0.00015836
1778556643.322508 0.10180183 -0.04495183 0.00265726 -0.00464645 -0.00157325 -0.00102348
1778556643.389224 0.10180185 -0.04495182 0.00265724 0.00093417 0.00271178 -0.00013514
1778556643.455941 0.10180181 -0.04495183 0.00265727 -0.00249365 -0.00111602 0.00093796
1778556643.522657 0.10180184 -0.04495183 0.00265725 0.00375964 0.00128491 0.00048564
1778556643.589373 0.10180179 -0.04495181 0.00265725 -0.00347111 0.00016723 0.00184826
1778556643.656089 0.10180179 -0.04495180 0.00265725 0.00280022 0.00174044 -0.00002793
1778556643.722806 0.10180177 -0.04495181 0.00265726 -0.00454702 -0.00133494 -0.00164302
1778556643.789521 0.10180177 -0.04495181 0.00265726 -0.00096892 0.00081791 0.00082035
1778556643.856238 0.10180177 -0.04495182 0.00265727 0.00165796 0.00035571 0.00047067
1778556643.922954 0.10180177 -0.04495182 0.00265727 -0.00140213 -0.00067813 0.00049098
1778556643.989670 0.10180174 -0.04495179 0.00265727 0.00072059 -0.00006112 -0.00201756
1778556644.056386 0.10180174 -0.04495179 0.00265727 0.00219046 0.00044392 -0.00030812
1778556644.123103 0.10180172 -0.04495180 0.00265728 -0.00266949 -0.00117001 -0.00031534
1778556644.189820 0.10180162 -0.04495178 0.00265727 -0.00108789 -0.00129439 0.00074310
1778556644.256538 0.10180172 -0.04495181 0.00265728 -0.00137996 0.00021036 -0.00074429
1778556644.323255 0.10180172 -0.04495180 0.00265728 -0.00078134 0.00145971 -0.00060615
1778556644.389972 0.10180171 -0.04495180 0.00265728 0.00149033 0.00202459 -0.00145063
1778556644.456689 0.10180172 -0.04495181 0.00265728 -0.00019243 0.00048035 -0.00204166
1778556644.523407 0.10180173 -0.04495181 0.00265728 -0.00191715 -0.00127465 -0.00015630
1778556644.590124 0.10180174 -0.04495181 0.00265728 0.00148557 0.00234696 0.00125920
1778556644.656841 0.10180173 -0.04495181 0.00265728 0.00102278 0.00009309 -0.00339014
1778556644.723558 0.10180171 -0.04495181 0.00265728 -0.00479331 -0.00126265 0.00017476
1778556644.790275 0.10180172 -0.04495180 0.00265728 -0.00111033 -0.00062332 -0.00009735
1778556644.856993 0.10180175 -0.04495181 0.00265728 -0.00014689 -0.00326010 0.00184725
1778556644.923710 0.10180189 -0.04495183 0.00265725 0.00377857 0.00095844 -0.00084999
1778556644.990427 0.10180188 -0.04495183 0.00265725 -0.00304889 -0.00140078 0.00084792
1778556645.057145 0.10180183 -0.04495181 0.00265724 -0.00088846 -0.00063765 -0.00013537
1778556645.123861 0.10180186 -0.04495184 0.00265725 0.00029878 0.00078902 0.00077427
1778556645.190577 0.10180171 -0.04495179 0.00265721 -0.00072684 -0.00114858 0.00091559
1778556645.257293 0.10180169 -0.04495178 0.00265721 0.00332662 0.00254202 -0.00006764
1778556645.324009 0.10180171 -0.04495179 0.00265719 -0.00340032 -0.00112002 0.00164172
1778556645.390725 0.10180174 -0.04495181 0.00265719 0.00035791 0.00133403 -0.00055631
1778556645.457441 0.10180169 -0.04495175 0.00265713 -0.00121133 0.00132202 -0.00124504
1778556645.524157 0.10180169 -0.04495176 0.00265714 -0.00071143 -0.00065877 -0.00162469
1778556645.590873 0.10180176 -0.04495177 0.00265715 0.00255307 0.00021415 -0.00019044
1778556645.657589 0.10180181 -0.04495179 0.00265716 0.00037496 -0.00084793 0.00087641
1778556645.724305 0.10180176 -0.04495177 0.00265716 0.00082981 0.00039234 -0.00184565
1778556645.791021 0.10180175 -0.04495176 0.00265717 -0.00048244 0.00050770 0.00046768
1778556645.857737 0.10180174 -0.04495175 0.00265716 -0.00064492 0.00016571 0.00007826
1778556645.924453 0.10180175 -0.04495177 0.00265719 0.00052272 -0.00010985 0.00044987
1778556645.991169 0.10180174 -0.04495177 0.00265719 0.00336722 0.00217308 0.00033695
1778556646.057885 0.10180173 -0.04495177 0.00265724 -0.00239150 0.00012905 -0.00052201
1778556646.124601 0.10180169 -0.04495176 0.00265721 -0.00216487 0.00114350 0.00138415
1778556646.191318 0.10180163 -0.04495174 0.00265724 -0.00083373 -0.00124583 -0.00014704
1778556646.258034 0.10180161 -0.04495174 0.00265725 0.00468392 0.00174985 -0.00025474
1778556646.324750 0.10180163 -0.04495174 0.00265724 0.00153060 -0.00116572 -0.00042304
1778556646.391467 0.10180165 -0.04495174 0.00265724 -0.00174477 -0.00042008 0.00153419
1778556646.458183 0.10180166 -0.04495174 0.00265724 0.00294727 0.00123291 -0.00094760
1778556646.524899 0.10180169 -0.04495177 0.00265726 -0.00239297 -0.00069941 0.00029542
1778556646.591616 0.10180170 -0.04495177 0.00265723 0.00034884 -0.00141216 0.00174653
1778556646.658332 0.10180169 -0.04495176 0.00265723 0.00137470 0.00008735 -0.00057534
1778556646.725048 0.10180171 -0.04495180 0.00265727 0.00032156 -0.00020089 -0.00095750
1778556646.791765 0.10180169 -0.04495175 0.00265731 0.00090856 -0.00112475 0.00132522
1778556646.858481 0.10180169 -0.04495171 0.00265731 0.00081359 -0.00053425 -0.00226091
1778556646.925197 0.10180173 -0.04495170 0.00265732 0.00084233 0.00132408 0.00021204
1778556646.991914 0.10180184 -0.04495174 0.00265730 0.00315693 -0.00132659 0.00114917
1778556647.058630 0.10180178 -0.04495173 0.00265730 -0.00218414 0.00037370 -0.00008552
1778556647.125346 0.10180173 -0.04495171 0.00265730 -0.00220233 -0.00058518 0.00140877
1778556647.192062 0.10180174 -0.04495171 0.00265730 -0.00098718 0.00152110 -0.00061330
1778556647.258778 0.10180173 -0.04495171 0.00265729 0.00447311 0.00094643 -0.00092953
1778556647.325494 0.10180191 -0.04495178 0.00265735 -0.00055831 -0.00054481 0.00010921
1778556647.392210 0.10180192 -0.04495178 0.00265735 0.00066857 -0.00126677 0.00017084
1778556647.458926 0.10180191 -0.04495177 0.00265735 0.00081461 0.00229303 -0.00164933
1778556647.525643 0.10180191 -0.04495177 0.00265735 0.00044186 0.00090854 0.00141730
1778556647.592359 0.10180187 -0.04495176 0.00265738 -0.00288764 -0.00023176 -0.00081387
1778556647.659075 0.10180186 -0.04495176 0.00265738 -0.00129496 0.00013583 -0.00181108
1778556647.725791 0.10180184 -0.04495175 0.00265737 0.00032888 0.00136315 -0.00014094
1778556647.792507 0.10180181 -0.04495177 0.00265736 0.00107014 0.00022701 -0.00029189
1778556647.859223 0.10180183 -0.04495177 0.00265735 -0.00056267 -0.00055318 -0.00028513
1778556647.925939 0.10180181 -0.04495176 0.00265736 0.00065422 0.00135451 -0.00062092
1778556647.992655 0.10180182 -0.04495176 0.00265736 0.00028634 -0.00059055 -0.00167057
1778556648.059371 0.10180184 -0.04495176 0.00265737 -0.00113368 -0.00116233 -0.00039813
1778556648.126087 0.10180180 -0.04495175 0.00265736 0.00139250 0.00050154 0.00164606
1778556648.192803 0.10180179 -0.04495175 0.00265736 -0.00054115 0.00057271 -0.00164923
1778556648.259520 0.10180175 -0.04495175 0.00265737 -0.00235048 -0.00015861 0.00069420
1778556648.326236 0.10180175 -0.04495175 0.00265737 -0.00015310 -0.00046664 -0.00035917
1778556648.392952 0.10180171 -0.04495174 0.00265739 0.00027034 0.00226870 -0.00052498
1778556648.459668 0.10180173 -0.04495174 0.00265738 0.00144901 0.00002077 0.00081073
1778556648.526384 0.10180174 -0.04495174 0.00265738 -0.00071688 -0.00078715 0.00009150
1778556648.593101 0.10180173 -0.04495172 0.00265736 -0.00080401 -0.00102525 -0.00061659
1778556648.659817 0.10180170 -0.04495175 0.00265739 -0.00059223 0.00056552 0.00015647
1778556648.726533 0.10180169 -0.04495175 0.00265739 -0.00039984 0.00016881 -0.00073764
1778556648.793249 0.10180174 -0.04495176 0.00265741 0.00118564 0.00057999 -0.00099798
1778556648.859965 0.10180172 -0.04495176 0.00265741 0.00145933 -0.00187130 0.00268771
1778556648.926681 0.10180165 -0.04495176 0.00265742 0.00082358 -0.00055829 -0.00008409
1778556648.993397 0.10180159 -0.04495175 0.00265748 -0.00073319 -0.00002670 0.00073543
1778556649.060113 0.10180158 -0.04495175 0.00265748 -0.00183130 0.00014774 0.00129814
1778556649.126830 0.10180157 -0.04495175 0.00265748 -0.00156006 -0.00178349 0.00062443
1778556649.193547 0.10180157 -0.04495176 0.00265749 0.00161847 -0.00077203 -0.00096061
1778556649.260264 0.10180156 -0.04495176 0.00265748 0.00009318 -0.00085983 -0.00090509
1778556649.326981 0.10180156 -0.04495175 0.00265747 -0.00116297 0.00012615 -0.00209599
1778556649.393698 0.10180156 -0.04495175 0.00265747 -0.00095146 0.00062019 0.00035451
1778556649.460415 0.10180156 -0.04495176 0.00265747 0.00251155 0.00087702 0.00032226
1778556649.527132 0.10180156 -0.04495177 0.00265747 -0.00214732 0.00102148 0.00003386
1778556649.593849 0.10180154 -0.04495177 0.00265746 0.00175354 -0.00145893 -0.00111315
1778556649.660566 0.10180153 -0.04495177 0.00265745 -0.00145298 -0.00022726 0.00137590
1778556649.727283 0.10180153 -0.04495176 0.00265745 0.00303642 0.00000321 -0.00224052
1778556649.793999 0.10180153 -0.04495176 0.00265745 -0.00035493 0.00297249 -0.00184090
1778556649.860717 0.10180152 -0.04495176 0.00265746 -0.00348520 -0.00231099 0.00009843
1778556649.927433 0.10180150 -0.04495174 0.00265746 -0.00183959 -0.00301972 -0.00378629
1778556649.994150 0.10180152 -0.04495171 0.00265737 -0.00096372 0.00297173 -0.00076538
1778556650.060867 0.10180161 -0.04495175 0.00265730 0.00048622 -0.00120257 0.00090427
1778556650.127584 0.10180161 -0.04495176 0.00265730 -0.00239687 -0.00246092 0.00107122
1778556650.194302 0.10180161 -0.04495175 0.00265728 -0.00324488 -0.00069757 -0.00034080
1778556650.261019 0.10180161 -0.04495175 0.00265728 -0.00168401 -0.00035281 0.00153378
1778556650.327736 0.10180161 -0.04495174 0.00265728 -0.00006473 -0.00070867 -0.00040456
1778556650.394454 0.10180160 -0.04495173 0.00265726 0.00014341 0.00127704 0.00176392
1778556650.461171 0.10180161 -0.04495173 0.00265725 0.00120634 -0.00112369 0.00187274
1778556650.527889 0.10180161 -0.04495173 0.00265726 -0.00034452 0.00042349 0.00033830
1778556650.594606 0.10180178 -0.04495174 0.00265734 0.00186818 0.00040773 -0.00102155
1778556650.661323 0.10180169 -0.04495171 0.00265728 -0.00092256 0.00005363 0.00101833
1778556650.728040 0.10180169 -0.04495171 0.00265727 0.00234366 0.00079489 0.00065819
1778556650.794758 0.10180174 -0.04495171 0.00265726 0.00010037 -0.00173928 0.00073025
1778556650.861475 0.10180174 -0.04495171 0.00265726 -0.00080654 -0.00031784 -0.00103043
1778556650.928192 0.10180166 -0.04495170 0.00265728 0.00003785 0.00043086 0.00043459
1778556650.994910 0.10180180 -0.04495170 0.00265722 -0.00051276 0.00068182 -0.00023502
1778556651.061627 0.10180171 -0.04495168 0.00265726 0.00042447 -0.00006359 0.00108179
1778556651.128344 0.10180170 -0.04495168 0.00265726 0.00073116 0.00029068 0.00048223
1778556651.195060 0.10180169 -0.04495169 0.00265726 0.00030176 0.00004630 -0.00015578
1778556651.261776 0.10180169 -0.04495169 0.00265726 -0.00025824 -0.00025149 -0.00069294
1778556651.328493 0.10180169 -0.04495169 0.00265726 0.00078915 0.00023089 0.00065563
1778556651.395209 0.10180169 -0.04495169 0.00265726 -0.00134764 -0.00105768 -0.00024684
1778556651.461925 0.10180169 -0.04495172 0.00265730 0.00026790 -0.00015376 0.00024254
1778556651.528642 0.10180169 -0.04495172 0.00265729 -0.00062562 0.00079572 -0.00020107
1778556651.595358 0.10180170 -0.04495173 0.00265728 -0.00286196 -0.00011007 0.00099721
1778556651.662075 0.10180168 -0.04495169 0.00265730 -0.00053301 0.00080096 0.00041906
1778556651.728791 0.10180180 -0.04495175 0.00265726 0.00556132 0.00193339 -0.00008375
1778556651.795507 0.10180179 -0.04495175 0.00265726 -0.00230623 -0.00101261 -0.00195017
1778556651.862223 0.10180189 -0.04495180 0.00265723 0.00103804 -0.00082495 0.00107894
1778556651.928940 0.10180187 -0.04495179 0.00265724 -0.00211168 -0.00090980 0.00028249
1778556651.995656 0.10180187 -0.04495178 0.00265724 -0.00015814 -0.00140241 0.00027745
1778556652.062372 0.10180186 -0.04495178 0.00265724 0.00098666 0.00108026 -0.00044651
1778556652.129089 0.10180182 -0.04495176 0.00265722 0.00009548 -0.00028873 0.00123688
1778556652.195807 0.10180184 -0.04495178 0.00265723 0.00255249 0.00081579 0.00015759
1778556652.262523 0.10180184 -0.04495179 0.00265721 -0.00019874 -0.00077955 -0.00084289
1778556652.329240 0.10180187 -0.04495181 0.00265723 -0.00271875 -0.00154497 0.00125839
1778556652.395957 0.10180189 -0.04495182 0.00265724 -0.00073561 -0.00135462 -0.00110230
1778556652.462674 0.10180193 -0.04495186 0.00265726 0.00186025 0.00018469 0.00148391
1778556652.529391 0.10180196 -0.04495188 0.00265726 -0.00018758 -0.00061354 -0.00166291
1778556652.596108 0.10180196 -0.04495188 0.00265725 0.00300001 -0.00081760 -0.00020785
1778556652.662825 0.10180195 -0.04495189 0.00265728 -0.00106046 -0.00081323 0.00002150
1778556652.729542 0.10180199 -0.04495191 0.00265727 0.00067582 -0.00003369 -0.00043318
1778556652.796259 0.10180197 -0.04495190 0.00265727 -0.00235809 0.00093479 -0.00085289
1778556652.862976 0.10180188 -0.04495189 0.00265725 0.00179902 -0.00079168 0.00295866
1778556652.929693 0.10180188 -0.04495193 0.00265721 -0.00091205 -0.00092794 0.00018437
1778556652.996410 0.10180188 -0.04495192 0.00265722 0.00088280 -0.00060309 0.00159629
1778556653.063127 0.10180190 -0.04495192 0.00265724 0.00199108 -0.00137001 0.00043576
1778556653.129844 0.10180189 -0.04495192 0.00265726 -0.00312100 -0.00138463 -0.00167054
1778556653.196561 0.10180194 -0.04495195 0.00265726 0.00326616 -0.00025914 0.00163010
1778556653.263278 0.10180201 -0.04495197 0.00265726 -0.00126243 0.00113614 0.00007301
1778556653.329996 0.10180201 -0.04495197 0.00265727 -0.00049630 0.00061893 0.00059163
1778556653.396713 0.10180200 -0.04495197 0.00265728 0.00304419 0.00224612 0.00188052
1778556653.463430 0.10180200 -0.04495197 0.00265730 -0.00126388 -0.00139389 0.00246538
1778556653.530147 0.10180199 -0.04495197 0.00265730 -0.00068581 -0.00130132 -0.00072523
1778556653.596864 0.10180197 -0.04495196 0.00265731 0.00263656 -0.00068975 0.00156323
1778556653.663581 0.10180197 -0.04495197 0.00265731 -0.00338642 0.00297475 -0.00081722
1778556653.730299 0.10180198 -0.04495197 0.00265731 0.00138194 0.00165220 -0.00141573
1778556653.797016 0.10180195 -0.04495197 0.00265733 0.00020338 0.00099597 -0.00100546
1778556653.863733 0.10180193 -0.04495197 0.00265735 0.00261539 0.00236772 0.00110209
1778556653.930450 0.10180194 -0.04495199 0.00265734 -0.00038556 0.00098619 -0.00080044
1778556653.997168 0.10180195 -0.04495199 0.00265734 0.00062078 -0.00079864 0.00159961
1778556654.063885 0.10180194 -0.04495199 0.00265734 -0.00150195 -0.00102826 0.00073312
1778556654.130601 0.10180189 -0.04495206 0.00265734 0.00088142 -0.00129288 -0.00019822
1778556654.197317 0.10180188 -0.04495202 0.00265736 0.00441530 0.00133777 0.00111990
1778556654.264033 0.10180188 -0.04495204 0.00265735 -0.00143591 -0.00063676 -0.00029329
1778556654.330749 0.10180187 -0.04495202 0.00265732 -0.00099445 -0.00044574 -0.00047044
1778556654.397465 0.10180189 -0.04495203 0.00265734 -0.00187280 -0.00005345 0.00063035
1778556654.464181 0.10180188 -0.04495204 0.00265735 -0.00076986 -0.00033004 0.00078506
1778556654.530897 0.10180188 -0.04495204 0.00265736 -0.00064417 -0.00103909 -0.00062401
1778556654.597614 0.10180189 -0.04495203 0.00265734 0.00272662 0.00275040 0.00104759
1778556654.664330 0.10180186 -0.04495204 0.00265735 -0.00302882 -0.00258116 -0.00036512
1778556654.731046 0.10180191 -0.04495203 0.00265736 -0.00128970 -0.00042836 0.00086366
1778556654.797762 0.10180196 -0.04495204 0.00265740 -0.00097718 0.00021601 0.00052048
1778556654.864478 0.10180195 -0.04495204 0.00265740 -0.00070294 -0.00092759 0.00089181
1778556654.931194 0.10180195 -0.04495204 0.00265741 0.00067537 0.00112641 -0.00022584
1778556654.997910 0.10180193 -0.04495205 0.00265743 0.00004460 0.00218502 0.00073625
1778556655.064626 0.10180194 -0.04495205 0.00265742 0.00028202 -0.00077400 0.00052403
1778556655.131343 0.10180195 -0.04495205 0.00265742 -0.00247348 -0.00012247 0.00014306
1778556655.198061 0.10180201 -0.04495211 0.00265740 0.00261445 0.00248032 -0.00228518
1778556655.264779 0.10180198 -0.04495209 0.00265741 -0.00074579 -0.00131793 0.00158679
1778556655.331496 0.10180191 -0.04495207 0.00265740 -0.00228784 -0.00143173 -0.00234484
1778556655.398214 0.10180190 -0.04495206 0.00265743 0.00126482 0.00215113 -0.00077740
1778556655.464932 0.10180189 -0.04495207 0.00265744 -0.00091727 -0.00345347 -0.00080700
1778556655.531649 0.10180189 -0.04495207 0.00265744 -0.00106681 0.00204477 -0.00016467
1778556655.598367 0.10180187 -0.04495206 0.00265743 -0.00036945 0.00038152 0.00022711
1778556655.665085 0.10180187 -0.04495206 0.00265743 0.00127384 -0.00087134 -0.00127480
1778556655.731803 0.10180187 -0.04495206 0.00265743 -0.00120316 -0.00003541 -0.00032546
1778556655.798521 0.10180183 -0.04495207 0.00265745 0.00249355 0.00055636 0.00076015
1778556655.865238 0.10180188 -0.04495205 0.00265744 0.00085019 0.00028765 -0.00070195
1778556655.931956 0.10180189 -0.04495205 0.00265744 -0.00339000 -0.00134929 -0.00013749
1778556655.998674 0.10180190 -0.04495206 0.00265744 0.00314327 0.00148985 -0.00132078
1778556656.065392 0.10180190 -0.04495206 0.00265744 0.00066892 -0.00035829 0.00021662
1778556656.132108 0.10180187 -0.04495205 0.00265744 -0.00418875 -0.00298174 0.00016205
1778556656.198825 0.10180176 -0.04495201 0.00265746 0.00213167 0.00171628 -0.00091341
1778556656.265541 0.10180178 -0.04495200 0.00265743 -0.00231786 -0.00079717 -0.00099136
1778556656.332258 0.10180185 -0.04495210 0.00265751 0.00057789 -0.00104404 0.00210218
1778556656.398974 0.10180188 -0.04495212 0.00265751 -0.00095861 0.00197621 -0.00078076
1778556656.465690 0.10180188 -0.04495213 0.00265751 0.00213513 -0.00025086 -0.00154946
1778556656.532407 0.10180188 -0.04495213 0.00265751 0.00243357 0.00062238 -0.00036916
1778556656.599123 0.10180190 -0.04495213 0.00265751 0.00209624 -0.00109230 -0.00011187
1778556656.665840 0.10180193 -0.04495213 0.00265749 -0.00219567 -0.00080863 -0.00096151
1778556656.732556 0.10180195 -0.04495212 0.00265747 0.00005204 0.00294236 -0.00226404
1778556656.799272 0.10180195 -0.04495212 0.00265746 0.00060524 -0.00034356 0.00041228
1778556656.865988 0.10180195 -0.04495211 0.00265747 -0.00334426 -0.00107868 -0.00005338
1778556656.932705 0.10180195 -0.04495211 0.00265747 0.00035079 -0.00006015 0.00040283
1778556656.999421 0.10180196 -0.04495212 0.00265747 0.00336469 0.00029781 -0.00139095
1778556657.066138 0.10180196 -0.04495213 0.00265747 0.00376449 0.00086647 -0.00070379
1778556657.132855 0.10180196 -0.04495214 0.00265747 -0.00475302 -0.00050854 -0.00117383
1778556657.199574 0.10180197 -0.04495215 0.00265747 -0.00256902 0.00036196 0.00035487
1778556657.266292 0.10180197 -0.04495215 0.00265747 -0.00113661 -0.00096707 0.00033592
1778556657.333009 0.10180196 -0.04495215 0.00265747 0.00186396 0.00033525 0.00262122
1778556657.399727 0.10180198 -0.04495216 0.00265747 0.00078342 -0.00049305 -0.00186060
1778556657.466445 0.10180203 -0.04495219 0.00265746 -0.00078553 -0.00168398 0.00146338
1778556657.533163 0.10180204 -0.04495220 0.00265746 0.00191435 -0.00171624 0.00081573
1778556657.599881 0.10180203 -0.04495220 0.00265747 -0.00230960 0.00213394 0.00164584
1778556657.666599 0.10180203 -0.04495220 0.00265747 0.00070376 -0.00104572 0.00186272
1778556657.733317 0.10180210 -0.04495224 0.00265746 -0.00145254 0.00085633 -0.00022821
1778556657.800035 0.10180215 -0.04495226 0.00265745 -0.00217033 -0.00140427 0.00090005
1778556657.866753 0.10180218 -0.04495226 0.00265743 -0.00008744 0.00141608 0.00081473
1778556657.933471 0.10180217 -0.04495226 0.00265744 -0.00090675 -0.00090689 0.00159516
1778556658.000190 0.10180208 -0.04495218 0.00265748 0.00029550 0.00001955 -0.00140994
1778556658.066907 0.10180210 -0.04495225 0.00265746 0.00021345 0.00021723 0.00016328
1778556658.133624 0.10180210 -0.04495224 0.00265746 0.00095805 0.00088383 -0.00098426
1778556658.200340 0.10180205 -0.04495223 0.00265747 0.00263334 -0.00017577 0.00098030
1778556658.267057 0.10180209 -0.04495223 0.00265746 -0.00339067 -0.00134430 -0.00019132
1778556658.333773 0.10180208 -0.04495224 0.00265749 0.00009175 -0.00059431 -0.00036609
1778556658.400490 0.10180207 -0.04495224 0.00265750 0.00194491 0.00119713 0.00014984
1778556658.467206 0.10180218 -0.04495226 0.00265750 0.00151790 0.00064372 0.00078115
1778556658.533923 0.10180215 -0.04495227 0.00265750 -0.00088307 0.00096103 -0.00055698
1778556658.600639 0.10180218 -0.04495223 0.00265750 -0.00058805 -0.00116272 0.00152757
1778556658.667356 0.10180218 -0.04495223 0.00265750 -0.00080736 -0.00052311 -0.00150747
1778556658.734072 0.10180218 -0.04495222 0.00265749 -0.00031401 0.00068494 0.00145679
1778556658.800789 0.10180221 -0.04495222 0.00265747 0.00040697 -0.00210318 0.00009768
1778556658.867505 0.10180221 -0.04495220 0.00265745 0.00367433 -0.00048730 0.00138724
1778556658.934222 0.10180228 -0.04495229 0.00265751 0.00116976 -0.00028985 -0.00067784
1778556659.000938 0.10180228 -0.04495225 0.00265746 -0.00060240 0.00010255 0.00004083
1778556659.067655 0.10180225 -0.04495226 0.00265750 -0.00065331 -0.00083665 -0.00034623
1778556659.134371 0.10180224 -0.04495223 0.00265750 -0.00094970 -0.00094225 -0.00087583
1778556659.201088 0.10180223 -0.04495222 0.00265749 0.00014306 0.00019462 -0.00006010
1778556659.267804 0.10180228 -0.04495224 0.00265751 0.00043604 0.00005561 -0.00040428
1778556659.334521 0.10180229 -0.04495225 0.00265751 0.00113056 -0.00042839 0.00058573
1778556659.401237 0.10180232 -0.04495227 0.00265753 -0.00188136 -0.00212813 -0.00154880
1778556659.467954 0.10180226 -0.04495229 0.00265756 0.00157840 -0.00043714 0.00119266
1778556659.534670 0.10180234 -0.04495229 0.00265757 0.00083601 0.00133144 0.00079009
1778556659.601387 0.10180235 -0.04495229 0.00265759 -0.00010781 -0.00273942 0.00182038
1778556659.668103 0.10180239 -0.04495232 0.00265754 0.00117802 -0.00021853 -0.00106272
1778556659.734820 0.10180240 -0.04495233 0.00265754 -0.00182566 -0.00136664 0.00074273
1778556659.801536 0.10180238 -0.04495232 0.00265756 -0.00153886 0.00077069 0.00042004
1778556659.868253 0.10180238 -0.04495231 0.00265755 0.00239802 -0.00004613 -0.00058734
1778556659.934969 0.10180239 -0.04495232 0.00265754 -0.00305562 -0.00283670 -0.00101780
1778556660.001686 0.10180240 -0.04495233 0.00265753 0.00206279 0.00042742 -0.00048766
1778556660.068402 0.10180248 -0.04495231 0.00265749 -0.00211200 0.00284696 -0.00045561
1778556660.135120 0.10180246 -0.04495231 0.00265752 0.00251875 -0.00031647 0.00198239
1778556660.201838 0.10180246 -0.04495231 0.00265750 -0.00055406 0.00074322 -0.00008148
1778556660.268556 0.10180246 -0.04495231 0.00265751 0.00027596 -0.00032184 0.00060918
1778556660.335274 0.10180246 -0.04495231 0.00265750 0.00013317 -0.00108074 -0.00015400
1778556660.401992 0.10180238 -0.04495230 0.00265751 -0.00066435 0.00042104 -0.00140822
1778556660.468710 0.10180254 -0.04495233 0.00265748 -0.00213301 -0.00080712 0.00040435
1778556660.535428 0.10180253 -0.04495233 0.00265748 0.00226817 0.00097182 -0.00036045
1778556660.602146 0.10180255 -0.04495232 0.00265745 0.00020503 0.00125753 -0.00029164
1778556660.668864 0.10180241 -0.04495230 0.00265751 0.00115180 -0.00273454 0.00059501
1778556660.735583 0.10180250 -0.04495230 0.00265746 -0.00278432 0.00112976 0.00248502
1778556660.802301 0.10180251 -0.04495231 0.00265746 -0.00125227 0.00012277 0.00023334
1778556660.869019 0.10180251 -0.04495230 0.00265747 -0.00059495 -0.00019114 -0.00012635
1778556660.935737 0.10180239 -0.04495231 0.00265751 -0.00074126 -0.00076918 0.00089730
1778556661.002455 0.10180239 -0.04495229 0.00265748 0.00425858 0.00086005 0.00013848
1778556661.069174 0.10180250 -0.04495233 0.00265750 0.00180835 -0.00060717 -0.00168122
1778556661.135891 0.10180248 -0.04495233 0.00265750 -0.00158860 0.00019205 0.00127940
1778556661.202608 0.10180254 -0.04495234 0.00265750 -0.00022272 0.00042159 -0.00192184
1778556661.269326 0.10180257 -0.04495234 0.00265749 -0.00132687 -0.00213278 -0.00100520
1778556661.336043 0.10180258 -0.04495233 0.00265747 0.00016205 0.00037564 0.00113095
1778556661.402761 0.10180261 -0.04495236 0.00265747 -0.00030851 -0.00022846 0.00023293
1778556661.469478 0.10180262 -0.04495238 0.00265744 -0.00076705 0.00238113 0.00102953
1778556661.536196 0.10180262 -0.04495238 0.00265743 -0.00136831 0.00062208 0.00106470
1778556661.602913 0.10180262 -0.04495238 0.00265743 -0.00078446 -0.00017738 0.00008511
1778556661.669631 0.10180260 -0.04495238 0.00265745 -0.00141702 0.00177055 0.00138868
1778556661.736348 0.10180262 -0.04495238 0.00265742 -0.00171594 0.00012835 0.00048263
1778556661.803066 0.10180266 -0.04495238 0.00265742 0.00172110 0.00018776 0.00024038
1778556661.869783 0.10180262 -0.04495239 0.00265742 0.00347226 -0.00031012 -0.00041003
1778556661.936501 0.10180264 -0.04495235 0.00265742 -0.00075437 0.00058954 0.00186893
1778556662.003218 0.10180261 -0.04495229 0.00265744 0.00029035 0.00171810 -0.00097928
1778556662.069936 0.10180260 -0.04495228 0.00265744 0.00014649 0.00075641 0.00092754
1778556662.136652 0.10180267 -0.04495232 0.00265743 -0.00040777 0.00177168 -0.00152534
1778556662.203368 0.10180285 -0.04495233 0.00265742 -0.00251665 -0.00132811 -0.00038462
1778556662.270084 0.10180284 -0.04495233 0.00265742 -0.00026818 0.00024659 -0.00047417
1778556662.336800 0.10180277 -0.04495233 0.00265736 0.00194589 0.00136545 -0.00210928
1778556662.403516 0.10180277 -0.04495233 0.00265737 0.00170512 0.00050954 -0.00091627
1778556662.470232 0.10180278 -0.04495229 0.00265738 -0.00047230 -0.00003736 0.00107105
1778556662.536947 0.10180276 -0.04495220 0.00265744 0.00367107 -0.00050071 0.00115365
1778556662.603663 0.10180274 -0.04495218 0.00265745 -0.00333754 0.00053772 -0.00163868
1778556662.670379 0.10180274 -0.04495217 0.00265745 0.00266406 -0.00054142 0.00088247
1778556662.737095 0.10180275 -0.04495218 0.00265744 0.00135410 -0.00005828 0.00064228
1778556662.803811 0.10180275 -0.04495218 0.00265745 -0.00040409 -0.00140457 0.00165495
1778556662.870527 0.10180275 -0.04495218 0.00265746 -0.00036994 0.00131297 0.00007368
1778556662.937243 0.10180276 -0.04495219 0.00265747 0.00430099 0.00020920 -0.00041774
1778556663.003958 0.10180275 -0.04495217 0.00265747 -0.00254608 -0.00052771 0.00013198
1778556663.070675 0.10180276 -0.04495217 0.00265747 0.00186476 -0.00107793 0.00052558
1778556663.137391 0.10180276 -0.04495217 0.00265747 0.00059779 0.00028832 -0.00035747
1778556663.204108 0.10180277 -0.04495215 0.00265747 -0.00019175 -0.00045951 -0.00056133
1778556663.270824 0.10180272 -0.04495221 0.00265747 0.00002741 -0.00057735 -0.00067608
1778556663.337541 0.10180272 -0.04495220 0.00265747 -0.00011458 0.00186604 0.00136170
1778556663.404257 0.10180272 -0.04495219 0.00265746 0.00063983 -0.00109456 -0.00038302
1778556663.470974 0.10180273 -0.04495219 0.00265745 -0.00035624 0.00124607 0.00037075
1778556663.537690 0.10180266 -0.04495215 0.00265749 0.00030645 -0.00132452 0.00229956
1778556663.604407 0.10180271 -0.04495219 0.00265747 0.00016217 0.00066827 -0.00003740
1778556663.671123 0.10180271 -0.04495218 0.00265748 -0.00006213 -0.00125640 0.00065225
1778556663.737840 0.10180271 -0.04495218 0.00265748 0.00183347 0.00033028 -0.00009996
1778556663.804556 0.10180270 -0.04495220 0.00265749 -0.00213123 0.00001336 -0.00114932
1778556663.871273 0.10180274 -0.04495216 0.00265749 0.00055711 0.00164670 0.00036947
1778556663.937989 0.10180270 -0.04495218 0.00265752 0.00001283 -0.00226023 0.00060810
1778556664.004706 0.10180270 -0.04495219 0.00265753 0.00157645 0.00021374 -0.00064515
1778556664.071422 0.10180272 -0.04495220 0.00265753 -0.00146904 0.00096174 -0.00008906
1778556664.138138 0.10180266 -0.04495217 0.00265754 0.00081877 -0.00038777 0.00104882
1778556664.204854 0.10180264 -0.04495217 0.00265755 -0.00124977 -0.00181465 0.00114001
1778556664.271570 0.10180266 -0.04495218 0.00265756 0.00326761 -0.00018623 -0.00107586
1778556664.338286 0.10180267 -0.04495219 0.00265757 -0.00292261 -0.00097532 -0.00096337
1778556664.405001 0.10180267 -0.04495219 0.00265757 -0.00002790 0.00010746 0.00042102
1778556664.471717 0.10180268 -0.04495218 0.00265757 -0.00128691 0.00102297 0.00122010
1778556664.538433 0.10180270 -0.04495219 0.00265759 -0.00104839 0.00158978 0.00144368
1778556664.605149 0.10180283 -0.04495228 0.00265765 0.00123578 0.00118000 0.00215732
1778556664.671865 0.10180278 -0.04495225 0.00265765 0.00077894 0.00034433 0.00214390
1778556664.738580 0.10180278 -0.04495225 0.00265765 -0.00094792 -0.00030363 -0.00125293
1778556664.805296 0.10180280 -0.04495228 0.00265766 -0.00051216 0.00072373 0.00164597
1778556664.872012 0.10180280 -0.04495227 0.00265766 0.00364918 0.00021560 0.00026691
1778556664.938728 0.10180279 -0.04495226 0.00265766 -0.00013571 -0.00106640 0.00295709
1778556665.005444 0.10180287 -0.04495231 0.00265764 -0.00228526 0.00077227 -0.00098165
1778556665.072159 0.10180279 -0.04495231 0.00265767 -0.00098642 -0.00193649 -0.00076795
1778556665.138875 0.10180281 -0.04495231 0.00265766 0.00096770 0.00222030 -0.00084409
1778556665.205591 0.10180282 -0.04495231 0.00265766 -0.00265743 -0.00014329 0.00090911
1778556665.272307 0.10180278 -0.04495236 0.00265771 -0.00059974 -0.00099621 -0.00114191
1778556665.339023 0.10180277 -0.04495239 0.00265774 -0.00269350 0.00045377 0.00058698
1778556665.405740 0.10180278 -0.04495236 0.00265772 0.00074611 0.00001577 -0.00036164
1778556665.472456 0.10180278 -0.04495235 0.00265772 0.00005063 -0.00076580 0.00017601
1778556665.539171 0.10180277 -0.04495234 0.00265774 0.00006680 -0.00128285 -0.00025091
1778556665.605887 0.10180277 -0.04495233 0.00265774 -0.00074645 0.00026287 -0.00091045
1778556665.672604 0.10180280 -0.04495238 0.00265773 -0.00013259 -0.00100379 0.00163685
1778556665.739320 0.10180280 -0.04495239 0.00265773 0.00094901 0.00022992 -0.00056286
1778556665.806036 0.10180276 -0.04495236 0.00265770 -0.00013034 0.00069013 0.00097062
1778556665.872751 0.10180276 -0.04495236 0.00265769 0.00416232 -0.00047970 0.00026595
1778556665.939467 0.10180276 -0.04495239 0.00265773 -0.00052616 -0.00012664 -0.00048167
1778556666.006183 0.10180276 -0.04495240 0.00265774 0.00006819 0.00109302 0.00075422
1778556666.072899 0.10180276 -0.04495240 0.00265774 -0.00262174 0.00069795 -0.00184582
1778556666.139616 0.10180277 -0.04495240 0.00265774 0.00033634 -0.00039534 0.00000028
1778556666.206332 0.10180276 -0.04495241 0.00265771 0.00247899 -0.00047929 0.00031481
1778556666.273049 0.10180274 -0.04495241 0.00265774 -0.00051618 0.00043660 -0.00174880
1778556666.339765 0.10180274 -0.04495241 0.00265775 -0.00101431 0.00028760 -0.00034231
1778556666.406482 0.10180274 -0.04495241 0.00265775 -0.00125373 -0.00084041 -0.00010641
1778556666.473198 0.10180277 -0.04495243 0.00265777 0.00046899 -0.00105304 0.00184352
1778556666.539914 0.10180270 -0.04495241 0.00265777 0.00044129 0.00084521 -0.00103535
1778556666.606631 0.10180296 -0.04495244 0.00265773 0.00087576 0.00018811 -0.00160953
1778556666.673347 0.10180297 -0.04495243 0.00265773 -0.00251149 -0.00032069 -0.00066850
1778556666.740063 0.10180291 -0.04495237 0.00265775 0.00130572 0.00032005 -0.00121413
1778556666.806780 0.10180290 -0.04495238 0.00265775 -0.00193732 0.00026306 -0.00183933
1778556666.873496 0.10180290 -0.04495239 0.00265774 -0.00169029 -0.00202434 -0.00053089
1778556666.940213 0.10180290 -0.04495238 0.00265775 0.00235360 -0.00002647 0.00016265
1778556667.006929 0.10180289 -0.04495238 0.00265775 0.00036777 0.00032796 0.00017633
1778556667.073646 0.10180289 -0.04495240 0.00265774 0.00064282 -0.00169022 0.00105532
1778556667.140362 0.10180289 -0.04495240 0.00265773 0.00066790 -0.00014553 0.00150046
1778556667.207078 0.10180289 -0.04495239 0.00265774 -0.00075092 0.00158606 -0.00020398
1778556667.273794 0.10180289 -0.04495239 0.00265774 0.00285389 0.00086458 0.00122803
1778556667.340510 0.10180285 -0.04495238 0.00265775 0.00079029 0.00153336 -0.00031565
1778556667.407226 0.10180285 -0.04495239 0.00265775 -0.00164185 -0.00091547 0.00111707
1778556667.473942 0.10180287 -0.04495240 0.00265776 -0.00168799 -0.00038694 -0.00079277
1778556667.540658 0.10180287 -0.04495239 0.00265775 0.00090659 0.00126332 -0.00114697
1778556667.607373 0.10180291 -0.04495240 0.00265772 -0.00021072 -0.00073140 -0.00090309
1778556667.674089 0.10180290 -0.04495239 0.00265772 -0.00069681 -0.00171050 0.00173136
1778556667.740805 0.10180289 -0.04495238 0.00265772 0.00084928 -0.00008219 0.00000343
1778556667.807521 0.10180297 -0.04495242 0.00265774 0.00234193 0.00035600 0.00064510
1778556667.874237 0.10180297 -0.04495242 0.00265774 -0.00016526 0.00103762 0.00080633
1778556667.940953 0.10180296 -0.04495242 0.00265775 -0.00048564 -0.00027038 -0.00090869
1778556668.007669 0.10180291 -0.04495238 0.00265776 0.00086997 0.00086330 0.00014141
1778556668.074384 0.10180292 -0.04495240 0.00265776 0.00041960 -0.00015166 -0.00012869
1778556668.141101 0.10180292 -0.04495240 0.00265776 -0.00294732 -0.00226397 0.00048631
1778556668.207818 0.10180292 -0.04495239 0.00265778 -0.00060577 -0.00204681 0.00076309
1778556668.274534 0.11346333 -0.05027931 0.03044023 0.00132187 -0.00058985 -0.00025477
1778556668.341251 0.11200068 -0.04746661 0.02019987 0.00074327 -0.00020723 -0.00017691
1778556668.407968 0.11002911 -0.04488642 0.02988038 0.00075479 0.00004601 0.00005554
1778556668.474684 0.10906354 -0.04583432 -0.00067368 0.00066808 0.00015670 0.00019299
1778556668.541401 0.10941771 -0.06528613 0.01461080 0.00045670 0.00014103 0.00041423
1778556668.608117 0.11683095 -0.05396304 -0.00245931 0.00069913 0.00016812 0.00046892
1778556668.674834 0.10249406 -0.03621487 0.02513375 0.00054188 0.00000391 0.00057274
1778556668.741550 0.12033034 -0.05585968 -0.01347897 0.00030697 -0.00006310 0.00056165
1778556668.808267 0.12868989 -0.05952660 -0.00260142 0.00036996 0.00003191 0.00042438
1778556668.874984 0.11957254 -0.06712222 0.00976413 0.00028819 0.00009671 0.00043393
1778556668.941700 0.13006277 -0.05542772 -0.00144155 0.00023922 0.00009379 0.00049229
1778556669.008417 0.12974205 -0.05506747 0.00360229 0.00019770 0.00010567 0.00042624
1778556669.075134 0.12653229 -0.06248354 0.00396474 0.00014938 0.00011595 0.00037688
1778556669.141851 0.14255917 -0.06912991 -0.00910910 0.00020459 0.00020837 0.00035667
1778556669.208569 0.10082389 -0.04788544 0.01455239 0.00014940 0.00022659 0.00030746
1778556669.275287 0.14097774 -0.06558170 -0.00678951 0.00008918 0.00023100 0.00029556
1778556669.342005 0.11633906 -0.05475103 0.00691901 0.00007517 0.00022602 0.00029753
1778556669.408723 0.11613807 -0.05969071 -0.00364978 0.00009522 0.00022050 0.00023850
1778556669.475441 0.13754989 -0.06594083 0.00471495 0.00010569 0.00021867 0.00023450
1778556669.542159 0.11870008 -0.05524361 -0.00164918 0.00016332 0.00019081 0.00023399
1778556669.608877 0.10888955 -0.05191121 0.01291624 0.00020366 0.00017106 0.00022429
1778556669.675595 0.11644919 -0.06609820 0.00032556 0.00018445 0.00019147 0.00022062
1778556669.742312 0.13805634 -0.05613269 -0.00314919 0.00023366 0.00022255 0.00019550
1778556669.809031 0.10322399 -0.05606277 0.00591509 0.00020714 0.00021892 0.00020762
1778556669.875749 0.12115144 -0.05301116 0.00144295 0.00021494 0.00019729 0.00022399
1778556669.942466 0.11005911 -0.05213878 0.00291970 0.00024562 0.00016133 0.00023629
1778556670.009185 0.12622726 -0.06074259 0.00364134 0.00026928 0.00015700 0.00021158
1778556670.075903 0.11220620 -0.05408863 0.00553662 0.00030278 0.00018270 0.00015246
1778556670.142620 0.14227686 -0.06093327 -0.00043874 0.00038893 0.00020341 0.00011792
1778556670.209337 0.11928327 -0.05722723 0.00271040 0.00042367 0.00021478 0.00011398
1778556670.276054 0.11803798 -0.05591802 0.00082495 0.00039186 0.00018790 0.00011354
1778556670.342772 0.10812687 -0.05156392 0.00930033 0.00038678 0.00016961 0.00011019
1778556670.409489 0.12134599 -0.05586047 -0.00145276 0.00033726 0.00016582 0.00014136
1778556670.476207 0.10894978 -0.05208957 0.00752443 0.00031679 0.00017231 0.00012181
1778556670.542924 0.12388035 -0.05631436 0.00379770 0.00030457 0.00015422 0.00011783
1778556670.609641 0.11808584 -0.05430227 0.00309849 0.00028730 0.00011468 0.00016574
1778556670.676359 0.11706773 -0.05507917 0.00518412 0.00031330 0.00009580 0.00016152
1778556670.743076 0.11887151 -0.05645112 0.00219038 0.00029652 0.00010204 0.00015408
1778556670.809793 0.10821659 -0.05245846 0.00190684 0.00026709 0.00011550 0.00016087
1778556670.876511 0.12584865 -0.05744089 0.00146390 0.00026556 0.00010643 0.00015621
1778556670.943228 0.11966028 -0.05462993 0.00477164 0.00025307 0.00009475 0.00017133
1778556671.009945 0.11471317 -0.05450388 0.00097348 0.00028199 0.00008573 0.00017323
1778556671.076663 0.12012550 -0.05635919 0.00403279 0.00029217 0.00008011 0.00016514
1778556671.143380 0.11437305 -0.05723676 0.00116542 0.00025545 0.00006970 0.00016469
1778556671.210097 0.12428718 -0.05547965 0.00220233 0.00022917 0.00007692 0.00017697
1778556671.276815 0.11935021 -0.05843687 -0.00164435 0.00023559 0.00009360 0.00019192
1778556671.343532 0.12064458 -0.05665553 0.00011549 0.00024039 0.00010841 0.00019869
1778556671.410249 0.11771099 -0.05656722 0.00025889 0.00022312 0.00013564 0.00020403
1778556671.476967 0.11316713 -0.05573160 0.00489186 0.00018221 0.00015213 0.00021455
1778556671.543684 0.11821844 -0.05935797 -0.00015387 0.00017966 0.00014425 0.00022255
1778556671.610401 0.11900686 -0.05727218 0.00356649 0.00020703 0.00013956 0.00022053
1778556671.677119 0.11537546 -0.05767779 0.00060778 0.00018682 0.00014140 0.00020301
1778556671.743836 0.11353236 -0.05748053 0.00098809 0.00017121 0.00013787 0.00019680
1778556671.810554 0.12416124 -0.05958980 -0.00028487 0.00017221 0.00013151 0.00019779
1778556671.877271 0.11818639 -0.05719234 0.00256065 0.00017892 0.00014254 0.00018469
1778556671.943988 0.11443635 -0.05762754 0.00167447 0.00017941 0.00015590 0.00016892
1778556672.010706 0.11683839 -0.05491873 -0.00101807 0.00018018 0.00015462 0.00018386
1778556672.077423 0.12118281 -0.05820681 0.00163145 0.00019085 0.00015581 0.00020161
1778556672.144139 0.11276975 -0.05658154 0.00152526 0.00016427 0.00014272 0.00021057
1778556672.210855 0.11341230 -0.05952403 0.00429009 0.00013479 0.00013525 0.00020705
1778556672.277571 0.12504738 -0.05857089 -0.00005482 0.00013459 0.00013994 0.00018895
1778556672.344287 0.11579963 -0.05830143 0.00165205 0.00014289 0.00015149 0.00017628
1778556672.411002 0.12137001 -0.05549800 -0.00118858 0.00015682 0.00017893 0.00018979
1778556672.477718 0.12406167 -0.06168037 0.00050653 0.00014603 0.00020036 0.00020363
1778556672.544434 0.11099028 -0.05399382 0.00353124 0.00014592 0.00020050 0.00021027
1778556672.611150 0.11656290 -0.05654570 0.00136221 0.00015416 0.00018272 0.00021078
1778556672.677866 0.11503088 -0.05635453 0.00238508 0.00015806 0.00019383 0.00020485
1778556672.744581 0.11538604 -0.05362625 0.00291339 0.00017608 0.00020064 0.00021045
1778556672.811297 0.11488237 -0.05509429 0.00173078 0.00017681 0.00018115 0.00021158
1778556672.878013 0.11802623 -0.05751649 0.00359365 0.00015957 0.00015774 0.00019952
1778556672.944728 0.11828854 -0.05709966 0.00122434 0.00015083 0.00015545 0.00018431
1778556673.011444 0.11765769 -0.05671395 0.00254723 0.00013837 0.00015876 0.00018197
1778556673.078160 0.11733828 -0.05658407 0.00177328 0.00012572 0.00015621 0.00019444
1778556673.144879 0.11756115 -0.05641682 0.00171815 0.00013703 0.00015840 0.00020238
1778556673.211598 0.11431183 -0.05449456 0.00247337 0.00013911 0.00014350 0.00021324
1778556673.278317 0.11901893 -0.05729584 0.00345968 0.00013387 0.00013310 0.00021805
1778556673.345037 0.11568696 -0.05482309 0.00158542 0.00015231 0.00014599 0.00021189
1778556673.411756 0.11931030 -0.05732148 0.00264125 0.00015356 0.00015247 0.00021040
1778556673.478476 0.11975806 -0.05498114 0.00182633 0.00015601 0.00015805 0.00021466
1778556673.545195 0.11834488 -0.05431581 0.00206570 0.00016081 0.00016911 0.00021422
1778556673.611914 0.11449221 -0.05733725 0.00421843 0.00014119 0.00016087 0.00020707
1778556673.678634 0.12003240 -0.05583343 0.00224944 0.00013097 0.00015273 0.00020360
1778556673.745353 0.12033573 -0.05615863 0.00197027 0.00013835 0.00014815 0.00020153
1778556673.812073 0.11752710 -0.05458936 0.00191531 0.00016989 0.00014300 0.00019560
1778556673.878793 0.11772517 -0.05375166 0.00202721 0.00019992 0.00013581 0.00018934
1778556673.945513 0.11687558 -0.05440695 0.00507279 0.00019576 0.00012423 0.00018007
1778556674.012232 0.12078460 -0.05399164 0.00223057 0.00019279 0.00011770 0.00016829
1778556674.078952 0.11737029 -0.05210944 0.00284455 0.00020623 0.00011429 0.00016704
1778556674.145668 0.11865212 -0.05316235 0.00167010 0.00020297 0.00010856 0.00017389
1778556674.212384 0.11771539 -0.05270602 0.00405847 0.00020123 0.00010332 0.00016680
1778556674.279101 0.11857782 -0.05504701 0.00272065 0.00018921 0.00008791 0.00016305
1778556674.345817 0.12231184 -0.05434470 0.00222795 0.00017500 0.00007596 0.00017161
1778556674.412533 0.11956415 -0.05226342 0.00109755 0.00019496 0.00008294 0.00017858
1778556674.479249 0.11853970 -0.05312042 0.00314989 0.00020261 0.00009119 0.00017984
1778556674.545966 0.11809374 -0.05447131 0.00267052 0.00017741 0.00007241 0.00017985
1778556674.612682 0.12038669 -0.05323063 0.00248728 0.00016972 0.00005719 0.00018773
1778556674.679398 0.12151130 -0.05375861 0.00373780 0.00017491 0.00005533 0.00018555
1778556674.746114 0.12100710 -0.05670000 0.00310559 0.00014382 0.00005843 0.00017511
1778556674.812830 0.12092635 -0.05732311 0.00271061 0.00011339 0.00005631 0.00017502
1778556674.879547 0.12373881 -0.05565985 0.00188035 0.00011958 0.00006047 0.00018028
1778556674.946263 0.12175829 -0.05368045 0.00170276 0.00014360 0.00007007 0.00018684
1778556675.012979 0.11763184 -0.05567129 0.00305369 0.00014243 0.00006648 0.00019272
1778556675.079695 0.11864555 -0.05454453 0.00493478 0.00013862 0.00005726 0.00021300
1778556675.146413 0.12417332 -0.05536854 0.00184490 0.00015474 0.00005138 0.00021536
1778556675.213131 0.11851343 -0.05477239 0.00181888 0.00014123 0.00005340 0.00019704
1778556675.279850 0.12003315 -0.05698885 0.00232034 0.00013107 0.00007050 0.00018847
1778556675.346568 0.12063561 -0.05654674 0.00285946 0.00014387 0.00008739 0.00018579
1778556675.413286 0.11984116 -0.05640597 0.00295694 0.00013546 0.00009364 0.00018334
1778556675.480004 0.11414526 -0.05655179 0.00359636 0.00011602 0.00008869 0.00018285
1778556675.546722 0.12068147 -0.05573917 0.00243908 0.00010853 0.00008255 0.00018468
1778556675.613441 0.11945493 -0.05823213 0.00413225 0.00010429 0.00007544 0.00017542
1778556675.680158 0.12093122 -0.05788622 0.00285894 0.00009316 0.00007086 0.00016334
1778556675.746877 0.11932399 -0.05844134 0.00244551 0.00009557 0.00006984 0.00016017
1778556675.813595 0.12271433 -0.05497445 0.00292461 0.00010141 0.00006897 0.00015846
1778556675.880313 0.11592494 -0.05649399 0.00334646 0.00010235 0.00006496 0.00015662
1778556675.947031 0.11981742 -0.05613292 0.00335930 0.00009739 0.00005831 0.00015842
1778556676.013750 0.12278389 -0.05915160 0.00192993 0.00008875 0.00005766 0.00016454
1778556676.080468 0.11886076 -0.05520524 0.00371555 0.00008813 0.00006152 0.00016826
1778556676.147184 0.11921833 -0.05758266 0.00405582 0.00007306 0.00005466 0.00017146
1778556676.213901 0.11996595 -0.05695384 0.00289464 0.00007206 0.00004940 0.00017488
1778556676.280617 0.12000740 -0.05826344 0.00462119 0.00007645 0.00004575 0.00018093
1778556676.347333 0.12027631 -0.05749276 0.00311211 0.00007344 0.00004897 0.00018225
1778556676.414049 0.11832600 -0.05720043 0.00409756 0.00006712 0.00004881 0.00018363
1778556676.480766 0.12028072 -0.05900330 0.00298932 0.00005591 0.00004328 0.00018859
1778556676.547482 0.12191602 -0.05760815 0.00317713 0.00005933 0.00003897 0.00019143
1778556676.614198 0.11939628 -0.05582098 0.00482748 0.00006904 0.00004099 0.00019465
1778556676.680914 0.12025976 -0.05832904 0.00321686 0.00007391 0.00004864 0.00018373
1778556676.747631 0.12351821 -0.05799771 0.00216751 0.00009041 0.00005498 0.00018228
1778556676.814347 0.11620813 -0.05489122 0.00503023 0.00009478 0.00005686 0.00019163
1778556676.881063 0.12184504 -0.05639073 0.00271751 0.00007549 0.00004741 0.00020015
1778556676.947779 0.11920967 -0.05566038 0.00422833 0.00007056 0.00004518 0.00020596
1778556677.014496 0.11848283 -0.05674429 0.00312697 0.00008229 0.00005780 0.00020455
1778556677.081212 0.12268797 -0.05604850 0.00293491 0.00008019 0.00006016 0.00020798
1778556677.147928 0.11691969 -0.05764695 0.00470707 0.00006089 0.00005604 0.00020561
1778556677.214645 0.11963116 -0.05747814 0.00432102 0.00005266 0.00005829 0.00020883
1778556677.281362 0.11940854 -0.05845869 0.00396881 0.00004859 0.00005487 0.00021552
1778556677.348079 0.12152756 -0.05737178 0.00363000 0.00006073 0.00005315 0.00021725
1778556677.414796 0.11775074 -0.05718402 0.00471373 0.00006577 0.00005587 0.00021553
1778556677.481512 0.12259685 -0.05781395 0.00318552 0.00006993 0.00006016 0.00021842
1778556677.548229 0.12006237 -0.05615041 0.00367447 0.00007294 0.00006818 0.00021476
1778556677.614946 0.11702664 -0.05726638 0.00436364 0.00006742 0.00007735 0.00020953
1778556677.681663 0.11757612 -0.05758948 0.00470991 0.00005072 0.00006724 0.00021756
1778556677.748379 0.11932394 -0.05804838 0.00460906 0.00004789 0.00006458 0.00022045
1778556677.815096 0.11900455 -0.05703238 0.00452525 0.00006251 0.00007436 0.00021386
1778556677.881813 0.11634109 -0.05616048 0.00445771 0.00007051 0.00007741 0.00021600
1778556677.948530 0.12045891 -0.05659884 0.00448602 0.00006783 0.00007845 0.00022557
1778556678.015247 0.11709053 -0.05636858 0.00594141 0.00006216 0.00006503 0.00023523
1778556678.081963 0.12015690 -0.05600594 0.00429576 0.00007430 0.00005944 0.00024400
1778556678.148679 0.12246183 -0.05836070 0.00353502 0.00008220 0.00006718 0.00023424
1778556678.215395 0.12246188 -0.05836074 0.00353501 0.00022941 0.00129769 -0.00052428
1778556678.282111 0.12246188 -0.05836074 0.00353500 -0.00191936 -0.00216099 -0.00171727
1778556678.348826 0.12246178 -0.05836078 0.00353499 -0.00086398 0.00053258 0.00184678
1778556678.415542 0.12246177 -0.05836079 0.00353499 0.00103720 -0.00136660 0.00143656
1778556678.482258 0.12246174 -0.05836074 0.00353500 0.00400435 0.00124918 -0.00166570
1778556678.548974 0.12246176 -0.05836079 0.00353498 -0.00033008 -0.00092979 0.00165907
1778556678.615689 0.12246176 -0.05836079 0.00353498 -0.00263642 -0.00132370 0.00001608
1778556678.682405 0.12246183 -0.05836080 0.00353495 -0.00064575 0.00068450 0.00032874
1778556678.749121 0.12246184 -0.05836081 0.00353495 0.00179569 0.00146616 0.00072805
1778556678.815836 0.12246184 -0.05836081 0.00353495 0.00115281 0.00037637 -0.00095943
1778556678.882552 0.12246184 -0.05836081 0.00353495 -0.00095404 -0.00000486 -0.00084476
1778556678.949267 0.12246186 -0.05836079 0.00353494 0.00618235 0.00144911 0.00186964
1778556679.015983 0.12246184 -0.05836076 0.00353495 -0.00216481 -0.00067418 -0.00087750
1778556679.082699 0.12246194 -0.05836082 0.00353492 -0.00036399 0.00023488 0.00178211
1778556679.149415 0.12246189 -0.05836080 0.00353493 0.00093862 0.00054052 0.00013430
1778556679.216131 0.12246190 -0.05836080 0.00353493 -0.00407123 -0.00106685 0.00083707
1778556679.282847 0.12246190 -0.05836081 0.00353493 0.00116266 0.00251138 0.00000458
1778556679.349563 0.12246191 -0.05836079 0.00353494 -0.00470176 -0.00270190 -0.00008158
1778556679.416279 0.12246192 -0.05836078 0.00353495 0.00400555 0.00126355 0.00003947
1778556679.482995 0.12246190 -0.05836079 0.00353495 -0.00263328 -0.00150644 -0.00014696
1778556679.549711 0.12246190 -0.05836079 0.00353495 0.00098250 0.00185221 -0.00183928
1778556679.616427 0.12246189 -0.05836079 0.00353496 -0.00302415 -0.00004417 0.00366818
1778556679.683143 0.12246187 -0.05836077 0.00353496 -0.00150049 -0.00085169 -0.00012194
1778556679.749859 0.12246185 -0.05836076 0.00353496 0.00243710 0.00102305 0.00012042
1778556679.816575 0.12246185 -0.05836075 0.00353496 -0.00041968 0.00063219 0.00167172
1778556679.883291 0.12246177 -0.05836076 0.00353496 -0.00094286 0.00034723 0.00018617
1778556679.950007 0.12246176 -0.05836076 0.00353497 -0.00032606 -0.00036937 0.00076342
1778556680.016723 0.12246174 -0.05836077 0.00353497 -0.00119838 -0.00008976 0.00139860
1778556680.083439 0.12246174 -0.05836076 0.00353497 0.00321768 -0.00003116 0.00042038
1778556680.150155 0.12246171 -0.05836078 0.00353497 0.00025152 -0.00004438 0.00048883
1778556680.216871 0.12246171 -0.05836078 0.00353497 0.00038782 -0.00057521 0.00027580
1778556680.283587 0.12246174 -0.05836079 0.00353496 0.00120031 0.00022015 0.00116169
1778556680.350302 0.12246170 -0.05836077 0.00353497 0.00075560 -0.00062633 0.00014378
1778556680.417018 0.12246175 -0.05836078 0.00353496 -0.00052476 0.00094739 -0.00052627
1778556680.483734 0.12246173 -0.05836078 0.00353497 -0.00383358 -0.00282557 -0.00100852
1778556680.550450 0.12246183 -0.05836079 0.00353494 0.00025901 -0.00022493 0.00107360
1778556680.617165 0.12246180 -0.05836078 0.00353495 0.00051501 0.00031223 -0.00125948
1778556680.683881 0.12246177 -0.05836077 0.00353496 -0.00086247 -0.00136043 0.00155411
1778556680.750597 0.12246176 -0.05836077 0.00353496 0.00088782 -0.00037790 0.00107744
1778556680.817312 0.12246175 -0.05836077 0.00353496 -0.00243012 -0.00074382 0.00115367
1778556680.884028 0.12246176 -0.05836077 0.00353495 0.00196508 -0.00078818 0.00110202
1778556680.950744 0.12246177 -0.05836078 0.00353498 0.00108428 0.00018635 0.00202190
1778556681.017459 0.12246175 -0.05836077 0.00353497 -0.00102868 -0.00015143 0.00036258
1778556681.084175 0.12246175 -0.05836077 0.00353497 0.00116635 0.00024545 0.00071217
1778556681.150891 0.12246175 -0.05836077 0.00353497 -0.00093477 -0.00130492 0.00020778
1778556681.217607 0.12246173 -0.05836076 0.00353497 -0.00052629 0.00085397 -0.00213616
1778556681.284322 0.12246173 -0.05836076 0.00353497 0.00363927 0.00136708 -0.00017601
1778556681.351038 0.12246172 -0.05836074 0.00353496 0.00081646 -0.00046832 0.00165578
1778556681.417754 0.12246166 -0.05836069 0.00353496 -0.00288222 -0.00021673 -0.00173418
1778556681.484469 0.12246171 -0.05836071 0.00353496 -0.00075901 0.00064545 0.00196012
1778556681.551185 0.12246174 -0.05836071 0.00353495 -0.00072006 0.00051842 0.00075401
1778556681.617901 0.12246175 -0.05836072 0.00353495 -0.00157180 -0.00020568 -0.00025320
1778556681.684617 0.12246174 -0.05836071 0.00353496 0.00407948 -0.00000991 0.00067537
1778556681.751332 0.12246173 -0.05836071 0.00353494 -0.00015986 0.00049357 -0.00018984
1778556681.818048 0.12246178 -0.05836073 0.00353494 -0.00229656 -0.00012796 -0.00029163
1778556681.884763 0.12246180 -0.05836074 0.00353493 0.00001037 -0.00019611 -0.00048201
1778556681.951479 0.12246179 -0.05836076 0.00353495 -0.00054927 -0.00063129 -0.00079188
1778556682.018195 0.12246177 -0.05836077 0.00353499 0.00259171 -0.00052733 0.00057262
1778556682.084910 0.12246180 -0.05836078 0.00353496 -0.00161773 0.00020164 0.00020297
1778556682.151626 0.12246185 -0.05836079 0.00353492 -0.00241995 -0.00068937 -0.00034727
1778556682.218343 0.12246185 -0.05836079 0.00353492 -0.00030619 0.00123047 0.00077925
1778556682.285058 0.12246187 -0.05836081 0.00353492 0.00068200 0.00010548 -0.00152508
1778556682.351775 0.12246190 -0.05836082 0.00353491 0.00027221 0.00005353 0.00172829
1778556682.418491 0.12246177 -0.05836081 0.00353493 0.00101195 0.00024659 -0.00005302
1778556682.485207 0.12246178 -0.05836080 0.00353493 -0.00395045 -0.00086693 -0.00043708
1778556682.551923 0.12246175 -0.05836080 0.00353494 0.00272564 -0.00000643 0.00055580
1778556682.618639 0.12246179 -0.05836083 0.00353493 0.00046293 0.00042812 -0.00104791
1778556682.685355 0.12246173 -0.05836076 0.00353495 -0.00139029 -0.00147782 0.00024778
1778556682.752072 0.12246173 -0.05836076 0.00353495 0.00219214 0.00064884 0.00054555
1778556682.818788 0.12246173 -0.05836075 0.00353495 0.00129505 0.00107892 0.00184690
1778556682.885504 0.12246173 -0.05836073 0.00353494 -0.00007121 0.00055126 -0.00033592
1778556682.952220 0.12246168 -0.05836073 0.00353496 -0.00164223 0.00089145 -0.00226872
1778556683.018935 0.12246159 -0.05836071 0.00353500 -0.00117780 -0.00179906 -0.00064326
1778556683.085652 0.12246160 -0.05836071 0.00353499 0.00163297 0.00001628 -0.00014903
1778556683.152368 0.12246160 -0.05836071 0.00353499 -0.00074118 0.00141441 -0.00025219
1778556683.219084 0.12246159 -0.05836071 0.00353500 0.00200674 -0.00000267 0.00009140
1778556683.285800 0.12246156 -0.05836070 0.00353501 -0.00049627 0.00117721 -0.00249204
1778556683.352517 0.12246154 -0.05836069 0.00353502 -0.00134958 -0.00060552 0.00365677
1778556683.419233 0.12246153 -0.05836070 0.00353502 -0.00144946 -0.00178123 0.00094811
1778556683.485950 0.12246153 -0.05836070 0.00353502 0.00119866 -0.00100255 0.00141672
1778556683.552666 0.12246153 -0.05836070 0.00353502 -0.00347812 -0.00021095 -0.00105405
1778556683.619382 0.12246154 -0.05836070 0.00353502 0.00271288 -0.00102433 -0.00110303
1778556683.686098 0.12246157 -0.05836070 0.00353502 -0.00157342 0.00070346 -0.00362212
1778556683.752815 0.12246158 -0.05836070 0.00353501 -0.00204374 -0.00237008 0.00352755
1778556683.819531 0.12246142 -0.05836066 0.00353506 0.00147499 0.00301249 -0.00234671
1778556683.886247 0.12246128 -0.05836061 0.00353509 0.00203612 -0.00050015 0.00198068
1778556683.952963 0.12246128 -0.05836061 0.00353509 -0.00090721 -0.00140532 -0.00170413
1778556684.019680 0.12246119 -0.05836054 0.00353505 -0.00014503 -0.00041998 0.00104725
1778556684.086396 0.12246117 -0.05836052 0.00353504 0.00459550 -0.00117679 -0.00015954
1778556684.153112 0.12246123 -0.05836051 0.00353501 -0.00363674 0.00000595 0.00013583
1778556684.219828 0.12246125 -0.05836051 0.00353500 -0.00059739 -0.00065013 0.00488621
1778556684.286544 0.12246125 -0.05836052 0.00353500 0.00157707 0.00010843 0.00104086
1778556684.353261 0.12246126 -0.05836052 0.00353500 -0.00188831 -0.00099384 -0.00114204
1778556684.419976 0.12246129 -0.05836053 0.00353500 -0.00068064 -0.00068302 0.00077969
1778556684.486693 0.12246133 -0.05836053 0.00353499 0.00204850 0.00235525 0.00042345
1778556684.553409 0.12246136 -0.05836054 0.00353498 0.00012250 -0.00038993 0.00099509
1778556684.620125 0.12246137 -0.05836054 0.00353497 -0.00319418 -0.00071423 0.00085610
1778556684.686841 0.12246142 -0.05836055 0.00353495 -0.00180001 -0.00132019 -0.00076978
1778556684.753557 0.12246140 -0.05836054 0.00353495 -0.00152756 -0.00202417 -0.00278412
1778556684.820273 0.12246140 -0.05836054 0.00353495 -0.00106032 -0.00093637 -0.00087574
1778556684.886990 0.12246139 -0.05836054 0.00353496 0.00555046 0.00286611 -0.00322619
1778556684.953706 0.12246139 -0.05836054 0.00353496 -0.00473605 -0.00189548 0.00123756
1778556685.020422 0.12246135 -0.05836052 0.00353498 0.00090427 -0.00399718 -0.00182466
1778556685.087138 0.12246134 -0.05836051 0.00353498 -0.00431234 -0.00286751 -0.00218459
1778556685.153857 0.12246121 -0.05836044 0.00353498 0.00232792 -0.00108610 0.00069653
1778556685.220575 0.12246117 -0.05836042 0.00353498 -0.00174290 -0.00072611 -0.00108711
1778556685.287294 0.12246124 -0.05836044 0.00353496 0.00369260 0.00129790 -0.00030779
1778556685.354012 0.12246122 -0.05836044 0.00353497 -0.00143102 -0.00188948 -0.00001242
1778556685.420731 0.12246122 -0.05836044 0.00353497 -0.00218658 0.00031401 0.00028699
1778556685.487450 0.12246123 -0.05836046 0.00353497 -0.01231562 0.08789313 -0.00056058
1778556685.554169 0.12246116 -0.05836043 0.00353499 0.00187146 -0.01623876 0.00086559
1778556685.620888 0.12246110 -0.05836040 0.00353500 0.15936712 0.06267974 0.00676824
1778556685.687606 -0.09511290 -0.36915908 0.10932502 0.15494893 0.05007269 0.00438704
1778556685.754325 -0.34858799 0.07711808 0.54161733 0.09404765 0.00686714 -0.00188299
1778556685.821044 -0.60957654 0.00956190 0.10612553 0.07388656 -0.00409504 0.00327401
1778556685.887763 -0.43370503 -0.14416836 0.34095256 0.06367981 -0.01478833 0.00021315
1778556685.954482 0.03808550 0.05837106 0.04880911 0.07973060 -0.01348799 0.00664526
1778556686.021201 0.11012298 0.09002504 -0.02735903 0.08111159 -0.01424996 0.00780902
1778556686.087920 0.09204372 0.09192363 -0.01046453 0.08328869 -0.01457595 0.00865288
1778556686.154637 0.11427201 0.09554185 -0.06560935 0.08470441 -0.01500294 0.00877269
1778556686.221422 0.05658909 0.09069185 0.00366181 0.08225599 -0.01615307 0.00913024
1778556686.288207 0.07569991 0.09778472 -0.03305775 0.07878644 -0.01655173 0.00883637
1778556686.354994 0.18984098 0.07933705 -0.02714381 0.07509277 -0.01688205 0.00876788
1778556686.421781 0.12486477 0.08357521 -0.06202567 0.07589805 -0.01731990 0.00888058
1778556686.488569 0.12606319 0.08379426 -0.06253667 0.07589831 -0.01731474 0.00887918
1778556686.555359 0.12686374 0.08383945 -0.06277286 0.07590463 -0.01731225 0.00887943
1778556686.622149 0.12664172 0.08384493 -0.06275782 0.07590169 -0.01731399 0.00887852
1778556686.688940 0.19946530 0.08368472 -0.01224085 0.06986451 -0.01691822 0.00722726
1778556686.755731 0.14670208 0.09649799 -0.09851764 0.07581266 -0.01759919 0.00898363
1778556686.822524 0.12727769 0.08397590 -0.06310874 0.07591121 -0.01731201 0.00887971
1778556686.889318 0.12667897 0.08385400 -0.06278524 0.07590146 -0.01731414 0.00887840
1778556686.956112 0.12667672 0.08385374 -0.06278565 0.07590111 -0.01731425 0.00887832
1778556687.022907 0.44742305 0.05029365 0.02475211 0.06007649 -0.01512300 0.00431924
1778556687.089704 0.40270885 0.05501100 0.04139329 0.05624864 -0.01624266 0.00289701
1778556687.156500 0.31429527 0.05924919 0.09400442 0.04448488 -0.01911745 -0.00175099
1778556687.223209 0.27937630 0.08856967 0.07408323 0.03306968 -0.02273864 -0.00595467
1778556687.289919 0.24715097 0.06559033 0.10265721 0.03292496 -0.02210130 -0.00521680
1778556687.356628 0.23654007 0.06180523 0.10735922 0.03181005 -0.02237551 -0.00584195
1778556687.423338 0.23697139 0.03324689 0.11826875 0.03107177 -0.02129181 -0.00632552
1778556687.490047 0.25976051 -0.00483879 0.12575771 0.03085567 -0.01933049 -0.00630747
1778556687.556756 0.26903933 0.00150445 0.11148047 0.02891320 -0.01945493 -0.00632670
1778556687.623465 0.27818422 0.01295760 0.10900664 0.02653311 -0.02105762 -0.00479830
1778556687.690174 0.28848337 0.02162329 0.10415469 0.02552144 -0.02226919 -0.00371091
1778556687.756882 0.28567720 0.04377117 0.09673633 0.02858499 -0.02204600 -0.00381566
1778556687.823591 0.28624732 0.06534029 0.08599781 0.02714396 -0.02248762 -0.00225003
1778556687.890299 0.27915877 0.05894857 0.08711079 0.02752367 -0.02182003 -0.00203267
1778556687.957008 0.27320934 0.05963493 0.07845310 0.03052693 -0.02010841 -0.00321677
1778556688.023716 0.24626060 0.04487411 0.05285547 0.02976465 -0.01672001 -0.00145788
1778556688.090424 0.24226198 0.02594167 0.04923650 0.02818116 -0.01678248 -0.00032049
1778556688.157132 0.24474329 0.03859805 0.03602109 0.03114409 -0.01621462 -0.00095701
1778556688.223842 0.24006753 0.03519262 0.02747941 0.02977578 -0.01632802 -0.00072379
1778556688.290551 0.23218593 0.03574470 0.01208803 0.02755734 -0.01639892 0.00043124
1778556688.357260 0.23347337 0.04298562 0.00880756 0.02838779 -0.01661296 0.00088758
1778556688.423969 0.22654676 0.04615644 -0.00439146 0.02668328 -0.01645628 0.00164823
1778556688.490677 0.21186284 0.05124160 -0.02376583 0.02531389 -0.01542912 0.00129466
1778556688.557386 0.20146908 0.05632501 -0.03384148 0.02639351 -0.01471674 0.00015709
1778556688.624094 0.20130836 0.04690944 -0.03028815 0.02452732 -0.01488761 0.00103581
1778556688.690803 0.19714554 0.05115966 -0.03569277 0.02406481 -0.01452744 0.00110427
1778556688.757511 0.19502937 0.05518706 -0.03817093 0.02470943 -0.01431881 0.00107174
1778556688.824219 0.19259891 0.05882884 -0.03872284 0.02491164 -0.01434026 0.00129460
1778556688.890927 0.19092138 0.05935831 -0.04331970 0.02470891 -0.01422206 0.00124126
1778556688.957635 0.19139158 0.05872612 -0.03920002 0.02497155 -0.01428803 0.00122866
1778556689.024343 0.19219080 0.06005074 -0.03770389 0.02509136 -0.01433936 0.00102970
1778556689.091050 0.19057407 0.05995296 -0.03807421 0.02506575 -0.01420093 0.00054019
1778556689.157758 0.19185588 0.07286973 -0.03824103 0.02562987 -0.01319707 0.00074252
1778556689.224469 0.19220016 0.07899443 -0.03680435 0.02608140 -0.01281203 0.00095745
1778556689.291179 0.18952486 0.07731171 -0.03561796 0.02597457 -0.01302056 0.00094900
1778556689.357890 0.19609435 0.08631348 -0.03206573 0.02651401 -0.01275576 0.00172905
1778556689.424600 0.19669460 0.09561971 -0.03833739 0.02688668 -0.01157710 0.00207470
1778556689.491310 0.19095780 0.11729123 -0.05132920 0.02751991 -0.00896274 0.00237352
1778556689.558020 0.19478315 0.11534552 -0.04556857 0.02781486 -0.00951387 0.00228753
1778556689.624731 0.18386274 0.10840320 -0.05208414 0.02708013 -0.00926374 0.00091627
1778556689.691440 0.17166429 0.10968066 -0.06624946 0.02713753 -0.00893194 -0.00012170
1778556689.758150 0.18627403 0.09093980 -0.05644775 0.02568557 -0.01130626 0.00101327
1778556689.824860 0.15576638 0.12130268 -0.09481013 0.02613935 -0.00692526 -0.00122049
1778556689.891570 0.15674403 0.11323259 -0.08708075 0.02496909 -0.00768238 -0.00061764
1778556689.958279 0.16658260 0.09980803 -0.08144293 0.02549607 -0.01057617 0.00043876
1778556690.024988 0.17131885 0.10902331 -0.08179678 0.02586582 -0.00914205 0.00051053
1778556690.091698 0.17283318 0.10248543 -0.08037354 0.02503889 -0.00986452 0.00062607
1778556690.158407 0.17364969 0.09927414 -0.07970487 0.02465548 -0.01017238 0.00054934
1778556690.225117 0.17860863 0.10098035 -0.07220096 0.02505075 -0.01011721 0.00100350
1778556690.291827 0.16756262 0.10302571 -0.07775025 0.02482884 -0.01002559 0.00092059
1778556690.358536 0.15548077 0.10553592 -0.08998341 0.02408166 -0.00981842 0.00022339
1778556690.425246 0.13310171 0.10309479 -0.09734075 0.02482101 -0.00981648 -0.00017283
1778556690.491955 0.13470128 0.10614286 -0.09090168 0.02574391 -0.00896515 0.00039369
1778556690.558665 0.15539005 0.12100796 -0.07782960 0.02664566 -0.00775020 0.00101071
1778556690.625374 0.18776803 0.14315573 -0.05879752 0.02851700 -0.00653777 0.00158584
1778556690.692082 0.16614243 0.13332003 -0.06639415 0.02721078 -0.00685496 0.00169207
1778556690.758791 0.17381568 0.14297317 -0.06252909 0.02828184 -0.00580164 0.00157616
1778556690.825500 0.16856189 0.13690573 -0.06406981 0.02729444 -0.00665239 0.00158943
1778556690.892209 0.16856189 0.13690573 -0.06406981 0.02729444 -0.00665239 0.00158943
1778556690.958917 0.16856189 0.13690573 -0.06406981 0.02729444 -0.00665239 0.00158943
1778556691.025626 0.17528974 0.13679041 -0.06091869 0.02720426 -0.00734112 0.00141671
1778556691.092334 0.16026545 0.12730968 -0.06478404 0.02620862 -0.00824630 0.00141447
1778556691.159042 0.14758691 0.12093952 -0.06732707 0.02550692 -0.00880713 0.00158558
1778556691.225754 0.12842404 0.11765010 -0.07020045 0.02544014 -0.00942961 0.00157222
1778556691.292465 0.13515121 0.11534276 -0.06706333 0.02492773 -0.00909474 0.00198884
1778556691.359176 0.13886803 0.11874968 -0.06809674 0.02482900 -0.00874476 0.00157758
1778556691.425887 0.13563540 0.11420381 -0.06900918 0.02437186 -0.00956649 0.00143084
1778556691.492598 0.12709269 0.10560973 -0.06286092 0.02418804 -0.01077201 0.00268591
1778556691.559309 0.12927133 0.09548194 -0.05621705 0.02455600 -0.01195434 0.00358798
1778556691.626020 0.13153713 0.09632510 -0.05944866 0.02425265 -0.01167200 0.00322272
1778556691.692731 0.12887960 0.09240716 -0.05999280 0.02389925 -0.01207434 0.00312188
1778556691.759442 0.12271107 0.08781928 -0.06131444 0.02299429 -0.01252705 0.00281991
1778556691.826152 0.11315734 0.08487086 -0.06527421 0.02195872 -0.01282653 0.00213457
1778556691.892863 0.10904469 0.09134399 -0.07294375 0.02167651 -0.01198261 0.00117041
1778556691.959574 0.10356487 0.09626506 -0.07892823 0.02099215 -0.01125590 0.00040657
1778556692.026284 0.10534243 0.09998607 -0.08200507 0.02078670 -0.01052912 0.00007837
1778556692.092994 0.09773315 0.09725402 -0.08370212 0.02013404 -0.01089696 -0.00057151
1778556692.159704 0.09300785 0.10168191 -0.08759473 0.01973477 -0.01009667 -0.00147966
1778556692.226414 0.08957675 0.10451372 -0.09038125 0.01948775 -0.00947396 -0.00196689
1778556692.293124 0.08572273 0.10547482 -0.09241892 0.01930193 -0.00927508 -0.00225723
1778556692.359834 0.08017923 0.10222711 -0.09518132 0.01871608 -0.00955636 -0.00267722
1778556692.426543 0.07356617 0.09999183 -0.09943429 0.01805662 -0.00958414 -0.00319640
1778556692.493253 0.06871568 0.09526789 -0.10009785 0.01726204 -0.00995483 -0.00332201
1778556692.559963 0.06578793 0.09812108 -0.10281774 0.01676487 -0.00939291 -0.00356066
1778556692.626672 0.06740085 0.10470358 -0.10410702 0.01690543 -0.00865287 -0.00374282
1778556692.693381 0.06726916 0.10983228 -0.10569108 0.01683467 -0.00787516 -0.00405390
1778556692.760090 0.06531747 0.10815462 -0.10468196 0.01681607 -0.00807799 -0.00439341
1778556692.826799 0.06375256 0.10698900 -0.10574875 0.01675625 -0.00823161 -0.00476458
1778556692.893507 0.06208871 0.10640940 -0.10669642 0.01668137 -0.00824022 -0.00504689
1778556692.960216 0.06245789 0.10793328 -0.10731225 0.01678524 -0.00802892 -0.00504598
1778556693.026925 0.06245508 0.11082893 -0.10986312 0.01719122 -0.00755430 -0.00551553
1778556693.093633 0.06436500 0.10969674 -0.10756423 0.01741835 -0.00769918 -0.00522751
1778556693.160341 0.06636255 0.10947377 -0.10598414 0.01745135 -0.00773005 -0.00504188
1778556693.227051 0.06765570 0.10809295 -0.10426419 0.01731500 -0.00789191 -0.00499532
1778556693.293761 0.06673813 0.10621687 -0.10342964 0.01708366 -0.00799560 -0.00509577
1778556693.360471 0.06572245 0.10535113 -0.10190808 0.01677124 -0.00804645 -0.00504141
1778556693.427181 0.06420882 0.10847777 -0.10236038 0.01663572 -0.00757241 -0.00505041
1778556693.493890 0.06420355 0.11112046 -0.10309784 0.01690466 -0.00727651 -0.00533169
1778556693.560600 0.06329290 0.11370705 -0.10448931 0.01652484 -0.00651128 -0.00548018
1778556693.627309 0.06215163 0.11376540 -0.10506731 0.01615066 -0.00637650 -0.00557939
1778556693.694018 0.06150640 0.11257661 -0.10437770 0.01552648 -0.00623195 -0.00555326
1778556693.760727 0.06135696 0.11138301 -0.10294576 0.01495832 -0.00613940 -0.00534835
1778556693.827436 0.06054522 0.11082630 -0.10249930 0.01498427 -0.00623185 -0.00543509
1778556693.894145 0.06070278 0.11140721 -0.10043233 0.01487398 -0.00624635 -0.00520418
1778556693.960854 0.06077573 0.11245593 -0.10093557 0.01471854 -0.00612911 -0.00518689
1778556694.027563 0.06014895 0.11307219 -0.10103580 0.01476849 -0.00618779 -0.00531307
1778556694.094271 0.05919527 0.11318500 -0.10167153 0.01493290 -0.00627503 -0.00559437
1778556694.160980 0.05856169 0.11414503 -0.10295847 0.01508492 -0.00616623 -0.00581009
1778556694.227690 0.05645664 0.11317972 -0.10546022 0.01528300 -0.00606085 -0.00621136
1778556694.294401 0.05378504 0.11091505 -0.10672893 0.01538082 -0.00594433 -0.00656761
1778556694.361111 0.05374449 0.10985137 -0.10580965 0.01557840 -0.00617841 -0.00681000
1778556694.427822 0.05329634 0.10990122 -0.10585602 0.01561577 -0.00618401 -0.00689565
1778556694.494532 0.05186848 0.11020735 -0.10646624 0.01559209 -0.00598838 -0.00686262
1778556694.561242 0.05052688 0.10875824 -0.10851410 0.01564949 -0.00586069 -0.00706572
1778556694.627952 0.05029029 0.10890544 -0.11038262 0.01569843 -0.00583518 -0.00707361
1778556694.694662 0.05054313 0.10960121 -0.11097934 0.01570480 -0.00581633 -0.00704677
1778556694.761372 0.05102621 0.11014995 -0.11188679 0.01570556 -0.00588923 -0.00705432
1778556694.828081 0.05163777 0.11004351 -0.11231784 0.01558919 -0.00590708 -0.00708716
1778556694.894791 0.05172716 0.11011271 -0.11207011 0.01546187 -0.00584924 -0.00706645
1778556694.961500 0.05124844 0.11103363 -0.11156351 0.01542672 -0.00566377 -0.00703287
1778556695.028209 0.05030302 0.11205876 -0.11169589 0.01533398 -0.00544293 -0.00710889
1778556695.094919 0.05053048 0.11307092 -0.11051241 0.01511976 -0.00526669 -0.00696461
1778556695.161628 0.05029125 0.11415474 -0.10994612 0.01492909 -0.00507784 -0.00691692
1778556695.228338 0.05022997 0.11500990 -0.10950243 0.01487056 -0.00496443 -0.00690277
1778556695.295047 0.04978484 0.11595767 -0.10933434 0.01468845 -0.00486832 -0.00683506
1778556695.361756 0.04978484 0.11595767 -0.10933434 0.01468845 -0.00486832 -0.00683506
1778556695.428465 0.04902501 0.11879300 -0.11038706 0.01451305 -0.00464420 -0.00673987
1778556695.495174 0.04840790 0.11929866 -0.11141138 0.01450170 -0.00463196 -0.00689021
1778556695.561883 0.04879804 0.11981097 -0.11123934 0.01469765 -0.00454491 -0.00708441
1778556695.628592 0.04916355 0.12061104 -0.11118785 0.01460201 -0.00438473 -0.00706525
1778556695.695300 0.04905704 0.12051279 -0.11179647 0.01462985 -0.00442794 -0.00706979
1778556695.762008 0.04882488 0.12050489 -0.11257621 0.01457957 -0.00443660 -0.00707433
1778556695.828717 0.04860252 0.12053808 -0.11338536 0.01460200 -0.00445286 -0.00711925
1778556695.895425 0.04832616 0.12079766 -0.11399383 0.01456941 -0.00441609 -0.00712068
1778556695.962133 0.04826442 0.12119599 -0.11443271 0.01451367 -0.00434961 -0.00707002
1778556696.028841 0.04822437 0.12128685 -0.11521355 0.01444494 -0.00430186 -0.00702333
1778556696.095549 0.04720149 0.11974829 -0.11571431 0.01418403 -0.00431023 -0.00702224
1778556696.162258 0.04343933 0.11600844 -0.11880374 0.01375177 -0.00444835 -0.00730221
1778556696.228967 0.04023494 0.11468164 -0.12129011 0.01343653 -0.00446055 -0.00756025
1778556696.295677 0.03832150 0.11422488 -0.12321297 0.01322807 -0.00439178 -0.00765117
1778556696.362387 0.03667981 0.11384683 -0.12506859 0.01310369 -0.00436763 -0.00776012
1778556696.429096 0.03681271 0.11411630 -0.12526474 0.01310971 -0.00434691 -0.00776806
1778556696.495806 0.03627889 0.11291689 -0.12426285 0.01308654 -0.00443741 -0.00775416
1778556696.562515 0.03624605 0.11256347 -0.12359749 0.01309434 -0.00446892 -0.00774182
1778556696.629224 0.03266782 0.10961656 -0.12495306 0.01292705 -0.00466242 -0.00789635
1778556696.695933 0.03417769 0.11038267 -0.12373412 0.01299215 -0.00463892 -0.00781625
1778556696.762642 0.03356766 0.10989299 -0.12304880 0.01292904 -0.00466707 -0.00777509
1778556696.829350 0.03542730 0.11141115 -0.11913018 0.01301231 -0.00460232 -0.00758997
1778556696.896059 0.03181235 0.11301922 -0.12202768 0.01281314 -0.00445236 -0.00781917
1778556696.962767 0.03172357 0.11178452 -0.11863375 0.01280132 -0.00445687 -0.00766397
1778556697.029476 0.02973657 0.10836030 -0.11812406 0.01264934 -0.00464478 -0.00763826
1778556697.096184 0.02599575 0.09986239 -0.11481794 0.01235935 -0.00506177 -0.00747028
1778556697.162893 0.02601038 0.09814176 -0.11215129 0.01218113 -0.00503746 -0.00726257
1778556697.229603 0.02630129 0.09859645 -0.11034000 0.01192505 -0.00486095 -0.00701548
1778556697.296313 0.02434368 0.09885996 -0.11186804 0.01164681 -0.00473488 -0.00699332
1778556697.363022 0.02165994 0.09780711 -0.11389785 0.01129102 -0.00469265 -0.00704269
1778556697.429731 0.02014116 0.09770835 -0.11535772 0.01097837 -0.00460426 -0.00703294
1778556697.496440 0.02020398 0.09790894 -0.11482634 0.01048500 -0.00438685 -0.00676665
1778556697.563150 0.01840590 0.09866312 -0.11758801 0.01032628 -0.00432181 -0.00690122
1778556697.629858 0.01758579 0.09868568 -0.11889931 0.00971614 -0.00398625 -0.00675305
1778556697.696567 0.01684828 0.09853857 -0.12059557 0.00961955 -0.00401827 -0.00684268
1778556697.763276 0.01607195 0.09864477 -0.12236948 0.00918435 -0.00380788 -0.00670660
1778556697.829985 0.01550179 0.09843612 -0.12318508 0.00889718 -0.00371164 -0.00659704
1778556697.896693 0.01477590 0.09802641 -0.12310419 0.00869263 -0.00363991 -0.00653750
1778556697.963402 0.01372995 0.09814076 -0.12313357 0.00853570 -0.00358148 -0.00658380
1778556698.030110 0.01264018 0.09858977 -0.12366175 0.00852533 -0.00355342 -0.00674160
1778556698.096818 0.01186357 0.09865715 -0.12382814 0.00852772 -0.00352508 -0.00686628
1778556698.163527 0.01077471 0.09834882 -0.12434679 0.00852049 -0.00351684 -0.00698947
1778556698.230237 0.00955930 0.09818451 -0.12463543 0.00854594 -0.00347779 -0.00709007
1778556698.296947 0.00940208 0.09814035 -0.12398814 0.00855122 -0.00340561 -0.00717259
1778556698.363657 0.00903393 0.09730753 -0.12234615 0.00855845 -0.00334204 -0.00722931
1778556698.430367 0.00882088 0.09674696 -0.12147458 0.00857457 -0.00334525 -0.00728766
1778556698.497077 0.00871093 0.09641789 -0.12090442 0.00858360 -0.00335445 -0.00731386
1778556698.563786 0.00797900 0.09619380 -0.12087296 0.00862758 -0.00335792 -0.00740122
1778556698.630495 0.00738043 0.09515202 -0.11981278 0.00861732 -0.00332186 -0.00745106
1778556698.697205 0.00747015 0.09484349 -0.11897874 0.00862112 -0.00332905 -0.00747322
1778556698.763914 0.00764465 0.09438791 -0.11843160 0.00859635 -0.00326372 -0.00749150
1778556698.830623 0.00720871 0.09470166 -0.11875329 0.00866783 -0.00331676 -0.00752275
1778556698.897332 0.00697897 0.09216048 -0.11573917 0.00863075 -0.00316232 -0.00752793
1778556698.964041 0.00512079 0.09113761 -0.11487560 0.00866713 -0.00317146 -0.00747604
1778556699.030749 0.00360755 0.09019288 -0.11411359 0.00867521 -0.00305892 -0.00740334
1778556699.097458 0.00363165 0.08998553 -0.11293479 0.00856996 -0.00291589 -0.00735986
1778556699.164167 0.00370487 0.09047652 -0.11189473 0.00848266 -0.00281100 -0.00733914
1778556699.230878 0.00430103 0.09010542 -0.11193858 0.00846654 -0.00277981 -0.00741117
1778556699.297589 0.00418043 0.09058168 -0.11276891 0.00842692 -0.00280506 -0.00743935
1778556699.364299 0.00411315 0.09083437 -0.11288341 0.00836143 -0.00276811 -0.00741997
1778556699.431009 0.00384465 0.09121238 -0.11243313 0.00832973 -0.00272736 -0.00740689
1778556699.497720 0.00333431 0.09116032 -0.11209281 0.00823872 -0.00270905 -0.00733145
1778556699.564430 0.00307418 0.09092350 -0.11190941 0.00817852 -0.00270036 -0.00731199
1778556699.631140 0.00281535 0.09074609 -0.11169859 0.00813134 -0.00268537 -0.00731739
1778556699.697849 0.00267968 0.09105419 -0.11062554 0.00818021 -0.00267601 -0.00728180
1778556699.764559 0.00402044 0.09189222 -0.10799631 0.00835196 -0.00257091 -0.00719941
1778556699.831269 0.00390053 0.09178202 -0.10643420 0.00844005 -0.00250876 -0.00711119
1778556699.897978 0.00343344 0.09170792 -0.10645740 0.00839438 -0.00253287 -0.00707572
1778556699.964688 0.00302050 0.09146179 -0.10640602 0.00842591 -0.00256309 -0.00701075
1778556700.031397 0.00337702 0.09109829 -0.10587534 0.00854467 -0.00261561 -0.00697094
1778556700.098106 0.00454738 0.09121510 -0.10506493 0.00861249 -0.00254563 -0.00689325
1778556700.164816 0.00519519 0.09047369 -0.10426660 0.00865440 -0.00259888 -0.00675969
1778556700.231526 0.00540435 0.08991646 -0.10389433 0.00869163 -0.00266652 -0.00671358
1778556700.298235 0.00574352 0.08943042 -0.10380707 0.00873871 -0.00274104 -0.00675003
1778556700.364945 0.00609463 0.08837022 -0.10321834 0.00874784 -0.00284409 -0.00680943
1778556700.431654 0.00641064 0.08790119 -0.10309347 0.00870257 -0.00285572 -0.00680384
1778556700.498363 0.00680649 0.08769681 -0.10244641 0.00860771 -0.00281667 -0.00670566
1778556700.565073 0.00709549 0.08788065 -0.10163393 0.00870172 -0.00281950 -0.00666528
1778556700.631782 0.00747479 0.08793522 -0.10057573 0.00872629 -0.00283459 -0.00664989
1778556700.698490 0.00787703 0.08800089 -0.09920841 0.00873091 -0.00285505 -0.00656709
1778556700.765199 0.00798356 0.08801104 -0.09821208 0.00876932 -0.00290677 -0.00655099
1778556700.831908 0.00780850 0.08794100 -0.09791680 0.00874044 -0.00291985 -0.00652030
1778556700.898617 0.00727203 0.08796837 -0.09796180 0.00863948 -0.00290270 -0.00645289
1778556700.965325 0.00689818 0.08788714 -0.09786020 0.00858292 -0.00291952 -0.00639513
1778556701.032033 0.00792861 0.08828335 -0.09682936 0.00862049 -0.00286739 -0.00628201
1778556701.098741 0.00876604 0.08864468 -0.09517254 0.00875329 -0.00283768 -0.00619377
1778556701.165451 0.00882228 0.08879734 -0.09442686 0.00873325 -0.00279580 -0.00614861
1778556701.232162 0.00872883 0.08860762 -0.09396176 0.00877072 -0.00288965 -0.00617130
1778556701.298872 0.00874941 0.08865736 -0.09372072 0.00880193 -0.00290917 -0.00612586
1778556701.365583 0.00928515 0.08828906 -0.09331913 0.00888106 -0.00297891 -0.00608941
1778556701.432294 0.00979226 0.08767570 -0.09300649 0.00885893 -0.00298372 -0.00600590
1778556701.499004 0.00970169 0.08711983 -0.09306505 0.00883736 -0.00303682 -0.00599239
1778556701.565715 0.00955476 0.08680783 -0.09305853 0.00880866 -0.00309715 -0.00599679
1778556701.632425 0.00957974 0.08669468 -0.09293378 0.00871233 -0.00310424 -0.00598768
1778556701.699135 0.00952655 0.08629373 -0.09334223 0.00869577 -0.00315370 -0.00607516
1778556701.765845 0.00967945 0.08615342 -0.09325321 0.00857419 -0.00312731 -0.00602568
1778556701.832556 0.00978938 0.08691366 -0.09322187 0.00855234 -0.00300375 -0.00595691
1778556701.899265 0.00994133 0.08748742 -0.09319291 0.00845506 -0.00288766 -0.00580973
1778556701.965975 0.01023807 0.08761914 -0.09271626 0.00846070 -0.00289105 -0.00581214
1778556702.032685 0.01062943 0.08798481 -0.09212496 0.00834687 -0.00282014 -0.00565574
1778556702.099395 0.01073568 0.08846137 -0.09159846 0.00823274 -0.00274739 -0.00551150
1778556702.166123 0.01067590 0.08857444 -0.09134241 0.00818787 -0.00274384 -0.00546409
1778556702.232872 0.01060596 0.08849028 -0.09125739 0.00812764 -0.00277683 -0.00543383
1778556702.299621 0.01045031 0.08832826 -0.09126483 0.00809804 -0.00283253 -0.00546255
1778556702.366371 0.01032939 0.08828451 -0.09143801 0.00806987 -0.00287805 -0.00547933
1778556702.433122 0.00989915 0.08800358 -0.09147164 0.00823047 -0.00291305 -0.00556326
1778556702.499874 0.00826706 0.08634329 -0.09228819 0.00840210 -0.00284822 -0.00567318
1778556702.566627 0.00737041 0.08599144 -0.09321087 0.00847918 -0.00285862 -0.00567999
1778556702.633381 0.00726085 0.08645167 -0.09363402 0.00863488 -0.00297317 -0.00573985
1778556702.700135 0.00678791 0.08643691 -0.09421958 0.00867556 -0.00299976 -0.00577961
1778556702.766891 0.00709754 0.08691264 -0.09445029 0.00863057 -0.00298714 -0.00579421
1778556702.833647 0.00781489 0.08713023 -0.09418136 0.00855312 -0.00297789 -0.00572517
1778556702.900404 0.00783207 0.08708833 -0.09419415 0.00847631 -0.00294763 -0.00568700
1778556702.967162 0.00752004 0.08701334 -0.09464898 0.00840451 -0.00287118 -0.00566069
1778556703.033921 0.00678409 0.08697221 -0.09556690 0.00848869 -0.00291597 -0.00575248
1778556703.100681 0.00545815 0.08619950 -0.09674379 0.00866096 -0.00302062 -0.00596208
1778556703.167419 0.00541549 0.08692864 -0.09729035 0.00846453 -0.00285151 -0.00587114
1778556703.234135 0.00452579 0.08653206 -0.09760513 0.00824281 -0.00271997 -0.00572806
1778556703.300852 0.00395512 0.08681248 -0.09785345 0.00799052 -0.00255257 -0.00552649
1778556703.367568 0.00341596 0.08633178 -0.09793691 0.00787904 -0.00248077 -0.00544714
1778556703.434285 0.00255667 0.08614562 -0.09862037 0.00772039 -0.00235929 -0.00531248
1778556703.501001 0.00221358 0.08648434 -0.09932243 0.00751609 -0.00218252 -0.00517630
1778556703.567718 0.00180031 0.08662040 -0.09936391 0.00747903 -0.00211821 -0.00512281
1778556703.634434 0.00135943 0.08694089 -0.09934514 0.00738639 -0.00200164 -0.00504785
1778556703.701150 0.00097006 0.08605518 -0.09866877 0.00723601 -0.00186781 -0.00494946
1778556703.767866 0.00100794 0.08601508 -0.09812107 0.00709625 -0.00176569 -0.00483516
1778556703.834583 0.00086826 0.08627460 -0.09838762 0.00705654 -0.00173111 -0.00481566
1778556703.901299 0.00058364 0.08635630 -0.09865386 0.00702320 -0.00171640 -0.00480546
1778556703.968016 0.00051319 0.08641351 -0.09858954 0.00697206 -0.00168648 -0.00475543
1778556704.034732 0.00049960 0.08680928 -0.09836704 0.00694246 -0.00167605 -0.00473857
1778556704.101448 -0.00158565 0.08477806 -0.09875480 0.00690179 -0.00163953 -0.00476000
1778556704.168165 -0.00214324 0.08735840 -0.10146718 0.00694820 -0.00160174 -0.00473176
1778556704.234882 -0.00093427 0.08892646 -0.10291291 0.00693907 -0.00161603 -0.00473295
1778556704.301600 0.00053564 0.09031349 -0.10313354 0.00688534 -0.00158197 -0.00473295
1778556704.368317 0.00183743 0.09168259 -0.10309302 0.00687162 -0.00156822 -0.00471833
1778556704.435035 0.00331036 0.09317873 -0.10276540 0.00680091 -0.00151903 -0.00465051
1778556704.501752 0.00339286 0.09292648 -0.10247954 0.00671403 -0.00146308 -0.00459703
1778556704.568469 0.00170097 0.08917738 -0.10149691 0.00671585 -0.00149023 -0.00462438
1778556704.635187 -0.00053282 0.08661065 -0.10225779 0.00645861 -0.00133760 -0.00446926
1778556704.701904 -0.00093712 0.08678260 -0.10291157 0.00650822 -0.00135143 -0.00451308
1778556704.768622 0.00007991 0.08834625 -0.10288566 0.00636594 -0.00124974 -0.00439190
1778556704.835339 -0.00054014 0.08824863 -0.10304757 0.00624815 -0.00117365 -0.00431392
1778556704.902056 -0.00172209 0.08808653 -0.10382220 0.00620187 -0.00113920 -0.00430318
1778556704.968774 -0.00243389 0.08755844 -0.10431830 0.00619119 -0.00115557 -0.00435292
1778556705.035491 -0.00248451 0.08871656 -0.10518831 0.00620268 -0.00116141 -0.00443166
1778556705.102209 -0.00268008 0.09004844 -0.10624561 0.00621752 -0.00115711 -0.00449098
1778556705.168926 -0.00327740 0.08994437 -0.10670076 0.00624922 -0.00117063 -0.00456488
1778556705.235642 -0.00460498 0.08805183 -0.10674074 0.00630780 -0.00120783 -0.00464663
1778556705.302359 -0.00676794 0.08651665 -0.10785028 0.00635038 -0.00121351 -0.00471513
1778556705.369076 -0.00944256 0.08228949 -0.10801767 0.00638296 -0.00125883 -0.00476174
1778556705.435792 -0.01041945 0.08131007 -0.10838019 0.00640340 -0.00127889 -0.00477540
1778556705.502508 -0.01062680 0.08113533 -0.10837917 0.00641580 -0.00129350 -0.00477780
1778556705.569225 -0.01048070 0.08089386 -0.10797596 0.00642176 -0.00130365 -0.00477048
1778556705.635942 -0.01136362 0.07874739 -0.10730129 0.00644205 -0.00131877 -0.00478765
1778556705.702658 -0.01327567 0.07522818 -0.10716303 0.00650059 -0.00134972 -0.00483833
1778556705.769375 -0.01444180 0.07519234 -0.10897478 0.00648345 -0.00133765 -0.00482582
1778556705.836091 -0.01469491 0.07636247 -0.11027192 0.00639927 -0.00128194 -0.00478086
1778556705.902807 -0.01426866 0.07805196 -0.11131737 0.00637758 -0.00127436 -0.00477947
1778556705.969524 -0.01358621 0.07953906 -0.11176299 0.00634092 -0.00125787 -0.00477065
1778556706.036241 -0.01340573 0.08002017 -0.11165520 0.00632707 -0.00125414 -0.00477177
1778556706.102957 -0.01364908 0.07956289 -0.11123668 0.00633254 -0.00124075 -0.00476199
1778556706.169673 -0.01399060 0.07831796 -0.11020361 0.00642298 -0.00125473 -0.00483337
1778556706.236390 -0.01405866 0.07901805 -0.11063741 0.00626854 -0.00114840 -0.00477797
1778556706.303106 -0.01377032 0.08001010 -0.11113887 0.00608492 -0.00100845 -0.00466176
1778556706.369823 -0.01398903 0.08088514 -0.11188321 0.00592231 -0.00087341 -0.00455811
1778556706.436539 -0.01484146 0.08063179 -0.11226743 0.00585181 -0.00079615 -0.00450148
1778556706.503255 -0.01548289 0.08055955 -0.11253737 0.00581476 -0.00074576 -0.00449035
1778556706.569972 -0.01594340 0.08115537 -0.11337877 0.00576892 -0.00069076 -0.00446466
1778556706.636688 -0.01588127 0.08201644 -0.11396653 0.00573072 -0.00064824 -0.00445815
1778556706.703404 -0.01585836 0.08256407 -0.11439563 0.00577141 -0.00069672 -0.00456501
1778556706.770121 -0.01622984 0.08241227 -0.11477419 0.00581203 -0.00073495 -0.00463473
1778556706.836837 -0.01693024 0.08157212 -0.11511164 0.00584608 -0.00075093 -0.00468723
1778556706.903553 -0.01741596 0.07996370 -0.11442198 0.00589678 -0.00074924 -0.00471226
1778556706.970269 -0.01756979 0.07753766 -0.11271486 0.00586640 -0.00072895 -0.00467830
1778556707.036986 -0.01815442 0.07688744 -0.11321838 0.00591737 -0.00075250 -0.00470122
1778556707.103702 -0.01857459 0.07636458 -0.11346503 0.00591141 -0.00074422 -0.00467015
1778556707.170419 -0.01922022 0.07593900 -0.11405408 0.00588996 -0.00075148 -0.00465068
1778556707.237137 -0.01945671 0.07602230 -0.11449642 0.00588900 -0.00077682 -0.00466528
1778556707.303854 -0.01952615 0.07635190 -0.11484079 0.00585367 -0.00078911 -0.00465659
1778556707.370572 -0.01956627 0.07698644 -0.11518266 0.00577368 -0.00076983 -0.00460895
1778556707.437289 -0.01932073 0.07736596 -0.11519800 0.00573225 -0.00076185 -0.00461023
1778556707.504007 -0.01958847 0.07673050 -0.11495900 0.00585685 -0.00086999 -0.00474099
1778556707.570725 -0.01914740 0.07681954 -0.11429683 0.00576563 -0.00080912 -0.00465551
1778556707.637442 -0.01926702 0.07670364 -0.11430167 0.00575857 -0.00078931 -0.00464630
1778556707.704160 -0.01914397 0.07752593 -0.11494174 0.00560412 -0.00069261 -0.00453265
1778556707.770878 -0.01893572 0.07792390 -0.11531245 0.00551014 -0.00064792 -0.00451580
1778556707.837595 -0.01899216 0.07805570 -0.11561669 0.00542653 -0.00058784 -0.00444539
1778556707.904313 -0.01888158 0.07832325 -0.11537252 0.00538529 -0.00051436 -0.00435493
1778556707.971031 -0.01896198 0.07890125 -0.11546660 0.00538495 -0.00046712 -0.00433512
1778556708.037749 -0.01930361 0.07916267 -0.11583287 0.00538280 -0.00048596 -0.00436126
1778556708.104466 -0.01960314 0.07927593 -0.11630532 0.00534337 -0.00049663 -0.00437011
1778556708.171183 -0.01973009 0.07903747 -0.11635498 0.00530895 -0.00050791 -0.00435203
1778556708.237900 -0.01958624 0.07881598 -0.11609503 0.00530599 -0.00048287 -0.00428801
1778556708.304617 -0.01928877 0.07831839 -0.11509414 0.00534460 -0.00041797 -0.00417558
1778556708.371334 -0.01961118 0.07798928 -0.11500335 0.00534480 -0.00041058 -0.00413526
1778556708.438051 -0.01953676 0.07803314 -0.11498690 0.00531706 -0.00042962 -0.00410296
1778556708.504767 -0.01968242 0.07769341 -0.11466732 0.00534766 -0.00043140 -0.00408750
1778556708.571484 -0.01973458 0.07749500 -0.11451017 0.00536707 -0.00041348 -0.00404825
1778556708.638201 -0.01977568 0.07719826 -0.11491094 0.00541113 -0.00045418 -0.00409006
1778556708.704918 -0.02009301 0.07690428 -0.11508190 0.00538699 -0.00052111 -0.00406537
1778556708.771635 -0.02008643 0.07684743 -0.11517235 0.00533937 -0.00054917 -0.00405317
1778556708.838351 -0.02031162 0.07664741 -0.11543366 0.00548166 -0.00069038 -0.00421707
1778556708.905068 -0.02038298 0.07645383 -0.11556766 0.00555405 -0.00076674 -0.00431410
1778556708.971785 -0.02009129 0.07670340 -0.11545962 0.00547918 -0.00074243 -0.00426931
1778556709.038502 -0.02013763 0.07661306 -0.11550486 0.00545399 -0.00075886 -0.00427699
1778556709.105218 -0.02034015 0.07653630 -0.11572592 0.00546780 -0.00078285 -0.00429899
1778556709.171935 -0.01998619 0.07656265 -0.11533945 0.00536629 -0.00075099 -0.00428859
1778556709.238651 -0.02016192 0.07671591 -0.11588008 0.00527267 -0.00070635 -0.00429104
1778556709.305368 -0.02056041 0.07666990 -0.11643933 0.00514422 -0.00065516 -0.00426801
1778556709.372084 -0.02103081 0.07649082 -0.11667123 0.00505393 -0.00065350 -0.00424227
1778556709.438800 -0.02130752 0.07662347 -0.11679388 0.00499279 -0.00062603 -0.00422558
1778556709.505517 -0.02164257 0.07664221 -0.11672461 0.00493105 -0.00061859 -0.00418868
1778556709.572233 -0.02182012 0.07642871 -0.11651803 0.00486059 -0.00060824 -0.00413676
1778556709.638949 -0.02171503 0.07620333 -0.11594446 0.00481112 -0.00058874 -0.00405399
1778556709.705665 -0.02136746 0.07591006 -0.11546642 0.00477160 -0.00056983 -0.00395029
1778556709.772382 -0.02105369 0.07606787 -0.11481542 0.00476766 -0.00052640 -0.00385246
1778556709.839098 -0.02121533 0.07606309 -0.11487181 0.00473972 -0.00052180 -0.00383026
1778556709.905814 -0.02149442 0.07591101 -0.11494714 0.00472998 -0.00055443 -0.00384335
1778556709.972530 -0.02142309 0.07602466 -0.11478205 0.00472383 -0.00053352 -0.00380674
1778556710.039247 -0.02142309 0.07602466 -0.11478205 0.00472383 -0.00053352 -0.00380674
1778556710.105963 -0.02111613 0.07612805 -0.11433603 0.00475337 -0.00052415 -0.00373208
1778556710.172680 -0.02101692 0.07588285 -0.11408869 0.00474721 -0.00056764 -0.00369278
1778556710.239399 -0.02123863 0.07571363 -0.11436671 0.00473273 -0.00061986 -0.00373966
1778556710.306117 -0.02147390 0.07551686 -0.11459539 0.00474168 -0.00068686 -0.00380673
1778556710.372836 -0.02181247 0.07513688 -0.11483936 0.00479590 -0.00076788 -0.00391546
1778556710.439554 -0.02176529 0.07521997 -0.11497416 0.00478979 -0.00076803 -0.00395416
1778556710.506273 -0.02184341 0.07525781 -0.11497570 0.00478544 -0.00078083 -0.00397674
1778556710.572991 -0.02188565 0.07529192 -0.11475686 0.00474152 -0.00079024 -0.00394229
1778556710.639710 -0.02163146 0.07574279 -0.11473271 0.00475046 -0.00076296 -0.00396052
1778556710.706429 -0.02148524 0.07576112 -0.11455972 0.00470607 -0.00074020 -0.00391164
1778556710.773147 -0.02151351 0.07598423 -0.11459105 0.00466428 -0.00069205 -0.00387894
1778556710.839866 -0.02155156 0.07582984 -0.11434064 0.00464319 -0.00070697 -0.00384061
1778556710.906585 -0.02155156 0.07582984 -0.11434064 0.00464319 -0.00070697 -0.00384061
1778556710.973303 -0.02173025 0.07581837 -0.11394612 0.00465195 -0.00073740 -0.00382893
1778556711.040022 -0.02203084 0.07569587 -0.11383786 0.00466994 -0.00077716 -0.00386101
1778556711.106741 -0.02219716 0.07543157 -0.11372412 0.00466847 -0.00081770 -0.00386626
1778556711.173459 -0.02245835 0.07508708 -0.11367974 0.00466627 -0.00085802 -0.00389257
1778556711.240175 -0.02270532 0.07473535 -0.11357422 0.00464199 -0.00090249 -0.00388309
1778556711.306892 -0.02282338 0.07464443 -0.11331847 0.00466419 -0.00092733 -0.00389081
1778556711.373608 -0.02282338 0.07464443 -0.11331847 0.00466419 -0.00092733 -0.00389081
1778556711.440325 -0.02314121 0.07440407 -0.11272884 0.00471172 -0.00092986 -0.00387794
1778556711.507041 -0.02340544 0.07402216 -0.11240991 0.00473002 -0.00098238 -0.00387039
1778556711.573758 -0.02370201 0.07367169 -0.11231537 0.00474994 -0.00103773 -0.00389193
1778556711.640474 -0.02398237 0.07339358 -0.11233071 0.00480175 -0.00110056 -0.00394216
1778556711.707191 -0.02440189 0.07306974 -0.11244300 0.00487366 -0.00117871 -0.00400698
1778556711.773907 -0.02479743 0.07297306 -0.11265762 0.00491140 -0.00123053 -0.00404683
1778556711.840624 -0.02485321 0.07285017 -0.11278878 0.00494171 -0.00128357 -0.00408242
1778556711.907340 -0.02522851 0.07236338 -0.11309421 0.00511263 -0.00142648 -0.00425721
1778556711.974057 -0.02536913 0.07237406 -0.11321961 0.00522876 -0.00150098 -0.00437998
1778556712.040773 -0.02566437 0.07205455 -0.11321186 0.00527984 -0.00155590 -0.00446189
1778556712.107490 -0.02614580 0.07169408 -0.11335595 0.00529310 -0.00159492 -0.00452589
1778556712.174207 -0.02651281 0.07194791 -0.11367749 0.00520790 -0.00154624 -0.00450677
1778556712.240925 -0.02674907 0.07233455 -0.11404797 0.00508544 -0.00147683 -0.00447111
1778556712.307644 -0.02657839 0.07279919 -0.11397669 0.00499691 -0.00138946 -0.00438859
1778556712.374362 -0.02619438 0.07313440 -0.11366448 0.00491957 -0.00131152 -0.00427152
1778556712.441081 -0.02568532 0.07332863 -0.11318767 0.00486083 -0.00124486 -0.00414743
1778556712.507799 -0.02532728 0.07342116 -0.11279120 0.00479441 -0.00119724 -0.00404157
1778556712.574517 -0.02504019 0.07343849 -0.11234328 0.00468731 -0.00114337 -0.00390688
1778556712.641236 -0.02518244 0.07344907 -0.11242639 0.00466419 -0.00113903 -0.00390162
1778556712.707954 -0.02490251 0.07321781 -0.11183603 0.00454155 -0.00109390 -0.00375584
1778556712.774673 -0.02515169 0.07328727 -0.11201619 0.00453024 -0.00109328 -0.00377018
1778556712.841391 -0.02529342 0.07326943 -0.11204876 0.00450018 -0.00108699 -0.00375705
1778556712.908110 -0.02558913 0.07326984 -0.11216612 0.00438822 -0.00104726 -0.00369788
1778556712.974829 -0.02547991 0.07318187 -0.11195894 0.00436437 -0.00103948 -0.00365596
1778556713.041547 -0.02567504 0.07311631 -0.11205688 0.00423819 -0.00099488 -0.00358001
1778556713.108266 -0.02574951 0.07293634 -0.11198816 0.00421257 -0.00100451 -0.00356380
1778556713.174983 -0.02586648 0.07283764 -0.11199628 0.00417871 -0.00100315 -0.00354878
1778556713.241699 -0.02598840 0.07274350 -0.11201198 0.00414701 -0.00100227 -0.00353600
1778556713.308414 -0.02608554 0.07264304 -0.11200011 0.00411794 -0.00100242 -0.00352221
1778556713.375130 -0.02623779 0.07256868 -0.11202664 0.00408948 -0.00100306 -0.00351323
1778556713.441846 -0.02637193 0.07244863 -0.11202259 0.00406491 -0.00101022 -0.00350314
1778556713.508562 -0.02663410 0.07222480 -0.11201939 0.00395435 -0.00099090 -0.00344787
1778556713.575278 -0.02649344 0.07218699 -0.11178083 0.00394424 -0.00098839 -0.00340854
1778556713.641994 -0.02660978 0.07207137 -0.11175180 0.00392205 -0.00099555 -0.00339767
1778556713.708709 -0.02720297 0.07167012 -0.11199310 0.00382667 -0.00101935 -0.00338796
1778556713.775425 -0.02691446 0.07190564 -0.11177044 0.00382509 -0.00098231 -0.00334183
1778556713.842140 -0.02689973 0.07192444 -0.11170983 0.00379167 -0.00096329 -0.00331088
1778556713.908856 -0.02686686 0.07190941 -0.11161774 0.00376556 -0.00095036 -0.00328132
1778556713.975572 -0.02690963 0.07175805 -0.11155343 0.00373697 -0.00095426 -0.00325994
1778556714.042287 -0.02677833 0.07179206 -0.11140642 0.00370978 -0.00093120 -0.00322049
1778556714.109003 -0.02686273 0.07154319 -0.11131456 0.00367089 -0.00094172 -0.00319394
1778556714.175720 -0.02654076 0.07151078 -0.11093617 0.00356808 -0.00088278 -0.00307434
1778556714.242438 -0.02670827 0.07151590 -0.11104078 0.00355645 -0.00088424 -0.00308351
1778556714.309156 -0.02681427 0.07151909 -0.11110601 0.00353443 -0.00087720 -0.00307973
1778556714.375874 -0.02689508 0.07152061 -0.11116334 0.00351134 -0.00086813 -0.00307348
1778556714.442592 -0.02702837 0.07153916 -0.11128449 0.00348737 -0.00085926 -0.00307597
1778556714.509310 -0.02706130 0.07154311 -0.11128876 0.00347918 -0.00085605 -0.00307187
1778556714.576027 -0.02708139 0.07149085 -0.11123813 0.00347503 -0.00086131 -0.00306540
1778556714.642745 -0.02754877 0.07140812 -0.11172242 0.00339757 -0.00084990 -0.00308804
1778556714.709463 -0.02730991 0.07130776 -0.11135284 0.00340174 -0.00085478 -0.00304145
1778556714.776181 -0.02727779 0.07126101 -0.11126633 0.00337734 -0.00084541 -0.00301553
1778556714.842899 -0.02724253 0.07130270 -0.11123732 0.00334419 -0.00082173 -0.00298703
1778556714.909617 -0.02721023 0.07128109 -0.11115615 0.00330448 -0.00080182 -0.00294989
1778556714.976336 -0.02707595 0.07134086 -0.11101760 0.00326922 -0.00077241 -0.00290281
1778556715.043053 -0.02688630 0.07126825 -0.11075249 0.00316349 -0.00071658 -0.00279619
1778556715.109771 -0.02704351 0.07114395 -0.11076149 0.00315101 -0.00073088 -0.00279523
1778556715.176489 -0.02680818 0.07102080 -0.11043312 0.00310911 -0.00071418 -0.00272810
1778556715.243204 -0.02694167 0.07114570 -0.11048817 0.00310585 -0.00070632 -0.00273320
1778556715.309920 -0.02661940 0.07110034 -0.11002235 0.00304733 -0.00066948 -0.00263282
1778556715.376636 -0.02676446 0.07113692 -0.11011074 0.00303166 -0.00066400 -0.00263341
1778556715.443352 -0.02685633 0.07109129 -0.11009326 0.00300953 -0.00066208 -0.00261998
1778556715.510068 -0.02695220 0.07100742 -0.11005987 0.00299441 -0.00066832 -0.00261124
1778556715.576783 -0.02709438 0.07086874 -0.11005477 0.00298686 -0.00068536 -0.00261560
1778556715.643499 -0.02733946 0.07071066 -0.11002253 0.00294698 -0.00069437 -0.00259930
1778556715.710215 -0.02744926 0.07053479 -0.10990180 0.00292818 -0.00071021 -0.00258295
1778556715.776931 -0.02732587 0.07058996 -0.10981044 0.00291989 -0.00069667 -0.00255900
1778556715.843647 -0.02733357 0.07061010 -0.10981640 0.00290863 -0.00069256 -0.00255541
1778556715.910362 -0.02737287 0.07058593 -0.10984433 0.00289968 -0.00069146 -0.00255344
1778556715.977078 -0.02739781 0.07048313 -0.10983983 0.00288335 -0.00069458 -0.00254523
1778556716.043794 -0.02740122 0.07033838 -0.10978168 0.00286171 -0.00069822 -0.00252844
1778556716.110509 -0.02737810 0.07025017 -0.10968894 0.00284023 -0.00069627 -0.00250506
1778556716.177226 -0.02740024 0.07020039 -0.10962450 0.00282326 -0.00069366 -0.00248790
1778556716.243943 -0.02744956 0.06999567 -0.10950031 0.00276226 -0.00069105 -0.00243580
1778556716.310661 -0.02749770 0.07013435 -0.10954136 0.00274548 -0.00067192 -0.00242323
1778556716.377378 -0.02732551 0.06974483 -0.10908367 0.00270799 -0.00068929 -0.00235640
1778556716.444096 -0.02744887 0.07000757 -0.10921136 0.00269881 -0.00066801 -0.00235590
1778556716.510813 -0.02726762 0.06986627 -0.10873796 0.00268510 -0.00066820 -0.00228744
1778556716.577531 -0.02733397 0.06990024 -0.10876084 0.00265798 -0.00065518 -0.00226392
1778556716.644249 -0.02744949 0.06967003 -0.10872419 0.00264138 -0.00067363 -0.00227150
1778556716.710966 -0.02772125 0.06974881 -0.10897765 0.00260345 -0.00065907 -0.00228268
1778556716.777684 -0.02818642 0.06958354 -0.10931716 0.00260355 -0.00068198 -0.00237941
1778556716.844401 -0.02839873 0.06952398 -0.10944363 0.00257940 -0.00066742 -0.00239937
1778556716.911119 -0.02856433 0.06946376 -0.10965108 0.00260345 -0.00066379 -0.00244671
1778556716.977837 -0.02871889 0.06957492 -0.10980640 0.00264437 -0.00065718 -0.00249625
1778556717.044554 -0.02913126 0.06950166 -0.11028439 0.00268441 -0.00066187 -0.00257105
1778556717.111272 -0.02971776 0.06936958 -0.11090531 0.00273113 -0.00067310 -0.00268029
1778556717.177988 -0.03017335 0.06912175 -0.11130801 0.00274978 -0.00068702 -0.00274514
1778556717.244704 -0.03051974 0.06905306 -0.11168104 0.00272904 -0.00067599 -0.00276025
1778556717.311420 -0.03067563 0.06918320 -0.11199654 0.00269968 -0.00064930 -0.00275641
1778556717.378135 -0.03080082 0.06940460 -0.11223122 0.00265201 -0.00060595 -0.00273126
1778556717.444851 -0.03073429 0.06945965 -0.11187952 0.00258912 -0.00056867 -0.00266672
1778556717.511567 -0.03054986 0.06946524 -0.11122433 0.00251897 -0.00053153 -0.00258381
1778556717.578282 -0.03020827 0.06899239 -0.10982683 0.00247377 -0.00053275 -0.00249411
1778556717.644998 -0.03033784 0.06876557 -0.10955902 0.00238631 -0.00050513 -0.00241845
1778556717.711714 -0.03067520 0.06818326 -0.10898464 0.00231425 -0.00050574 -0.00235378
1778556717.778429 -0.03055497 0.06793692 -0.10850867 0.00226787 -0.00049562 -0.00229392
1778556717.845145 -0.03038260 0.06777992 -0.10793735 0.00226208 -0.00049649 -0.00225986
1778556717.911860 -0.02909620 0.06802194 -0.10637509 0.00230504 -0.00048395 -0.00219145
1778556717.978576 -0.02759908 0.06716881 -0.10408793 0.00237030 -0.00053403 -0.00212128
1778556718.045291 -0.02694577 0.06520589 -0.10199732 0.00239695 -0.00063135 -0.00206262
1778556718.112007 -0.02733911 0.06401574 -0.10169674 0.00236657 -0.00067883 -0.00204857
1778556718.178723 -0.02817784 0.06331709 -0.10240359 0.00230976 -0.00069683 -0.00206728
1778556718.245440 -0.02915629 0.06292020 -0.10331398 0.00225950 -0.00070378 -0.00209192
1778556718.312156 -0.02983032 0.06251104 -0.10381386 0.00223137 -0.00071253 -0.00210819
1778556718.378873 -0.02992933 0.06242312 -0.10394986 0.00222511 -0.00071231 -0.00212063
1778556718.445590 -0.02969155 0.06258565 -0.10366892 0.00225102 -0.00071123 -0.00211516
1778556718.512307 -0.02897617 0.06293268 -0.10287488 0.00226009 -0.00069300 -0.00212409
1778556718.579023 -0.02861544 0.06329937 -0.10279714 0.00228121 -0.00069706 -0.00217801
1778556718.645740 -0.02943818 0.06336784 -0.10423870 0.00214142 -0.00062385 -0.00215022
1778556718.712457 -0.02979512 0.06306892 -0.10437693 0.00207284 -0.00059676 -0.00211544
1778556718.779174 -0.02974121 0.06278324 -0.10366792 0.00204976 -0.00059904 -0.00208702
1778556718.845890 -0.03019314 0.06250292 -0.10370637 0.00201913 -0.00060761 -0.00208151
1778556718.912607 -0.03060149 0.06223940 -0.10394669 0.00199901 -0.00061847 -0.00208196
1778556718.979324 -0.03094174 0.06199601 -0.10424983 0.00195693 -0.00061644 -0.00206256
1778556719.046041 -0.03095305 0.06186312 -0.10410122 0.00186389 -0.00057316 -0.00197773
1778556719.112758 -0.03072219 0.06166328 -0.10329186 0.00183817 -0.00055233 -0.00190634
1778556719.179474 -0.03053781 0.06137689 -0.10246609 0.00184713 -0.00052400 -0.00184324
1778556719.246190 -0.03069419 0.06084731 -0.10229635 0.00185149 -0.00055840 -0.00182703
1778556719.312906 -0.03048905 0.06057201 -0.10191413 0.00185797 -0.00057195 -0.00179163
1778556719.379622 -0.03005004 0.06067670 -0.10158202 0.00186614 -0.00055607 -0.00175050
1778556719.446338 -0.02980426 0.06069285 -0.10152465 0.00187906 -0.00055414 -0.00173833
1778556719.513053 -0.03015572 0.06023410 -0.10180948 0.00190438 -0.00060895 -0.00178198
1778556719.579769 -0.03056812 0.05981118 -0.10221243 0.00191166 -0.00066925 -0.00183056
1778556719.646485 -0.03092887 0.05961502 -0.10272709 0.00191788 -0.00071983 -0.00188943
1778556719.713201 -0.03103330 0.05968784 -0.10296335 0.00194531 -0.00074696 -0.00195185
1778556719.779917 -0.03077746 0.06011157 -0.10288597 0.00191948 -0.00071968 -0.00193952
1778556719.846633 -0.03029967 0.06047232 -0.10245667 0.00182256 -0.00064377 -0.00185941
1778556719.913348 -0.03015579 0.06068272 -0.10224392 0.00184142 -0.00063429 -0.00182638
1778556719.980064 -0.02969821 0.06089346 -0.10184731 0.00189612 -0.00065665 -0.00186487
1778556720.046780 -0.02955934 0.06086103 -0.10172378 0.00194413 -0.00068340 -0.00191803
1778556720.113496 -0.02963811 0.06085566 -0.10171475 0.00189752 -0.00065997 -0.00188231
1778556720.180212 -0.02992496 0.06070700 -0.10171840 0.00188110 -0.00067034 -0.00188058
1778556720.246928 -0.03042340 0.06063459 -0.10194380 0.00186186 -0.00067702 -0.00190190
1778556720.313644 -0.03089227 0.06044867 -0.10207337 0.00187989 -0.00071814 -0.00195938
1778556720.380360 -0.03129648 0.06042552 -0.10222118 0.00187909 -0.00073669 -0.00200678
1778556720.447076 -0.03150219 0.06042004 -0.10236047 0.00183892 -0.00073140 -0.00200573
1778556720.513793 -0.03158832 0.06036936 -0.10251126 0.00177451 -0.00071575 -0.00197609
1778556720.580509 -0.03157142 0.06044744 -0.10253082 0.00171485 -0.00069222 -0.00194808
1778556720.647225 -0.03179510 0.06012346 -0.10244175 0.00171074 -0.00071379 -0.00194594
1778556720.713941 -0.03198922 0.05983600 -0.10242483 0.00172099 -0.00074810 -0.00196001
1778556720.780657 -0.03188728 0.05985809 -0.10236745 0.00171075 -0.00074307 -0.00194345
1778556720.847373 -0.03172811 0.05993999 -0.10226286 0.00171069 -0.00072601 -0.00191717
1778556720.914090 -0.03164159 0.05987395 -0.10222151 0.00171891 -0.00072960 -0.00191419
1778556720.980806 -0.03162420 0.05986825 -0.10214898 0.00174446 -0.00072870 -0.00189327
1778556721.047522 -0.03156088 0.05979789 -0.10221974 0.00173420 -0.00074450 -0.00188982
1778556721.114238 -0.03153763 0.05968990 -0.10222922 0.00171432 -0.00076334 -0.00188894
1778556721.180954 -0.03160076 0.05946113 -0.10224517 0.00169793 -0.00078317 -0.00190413
1778556721.247671 -0.03166839 0.05924279 -0.10231833 0.00169813 -0.00079248 -0.00192943
1778556721.314387 -0.03163772 0.05924480 -0.10238203 0.00167989 -0.00078833 -0.00192983
1778556721.381104 -0.03153437 0.05931632 -0.10220139 0.00168649 -0.00079041 -0.00191573
1778556721.447820 -0.03161183 0.05923032 -0.10217317 0.00167850 -0.00079693 -0.00191928
1778556721.514536 -0.03155849 0.05904491 -0.10206422 0.00168901 -0.00080236 -0.00194814
1778556721.581253 -0.03155965 0.05910788 -0.10207305 0.00167117 -0.00078120 -0.00193870
1778556721.647969 -0.03186789 0.05885407 -0.10212907 0.00164385 -0.00078668 -0.00192928
1778556721.714685 -0.03216431 0.05853778 -0.10232787 0.00163352 -0.00079958 -0.00193625
1778556721.781402 -0.03223984 0.05833990 -0.10222836 0.00163786 -0.00081932 -0.00193924
1778556721.848118 -0.03231853 0.05818932 -0.10202961 0.00166126 -0.00084716 -0.00196043
1778556721.914834 -0.03242856 0.05837475 -0.10206413 0.00172923 -0.00086009 -0.00204403
1778556721.981551 -0.03226443 0.05842368 -0.10144375 0.00178254 -0.00087643 -0.00206898
1778556722.048267 -0.03218901 0.05828174 -0.10116314 0.00179491 -0.00087977 -0.00205648
1778556722.114984 -0.03187515 0.05794092 -0.10023956 0.00182608 -0.00089748 -0.00201828
1778556722.181701 -0.03217815 0.05752375 -0.10023712 0.00177179 -0.00091536 -0.00197243
1778556722.248419 -0.03205250 0.05723918 -0.09956397 0.00180375 -0.00091740 -0.00194068
1778556722.315136 -0.03184739 0.05716113 -0.09905921 0.00179330 -0.00089730 -0.00187849
1778556722.381855 -0.03123210 0.05768985 -0.09861513 0.00181359 -0.00084944 -0.00182111
1778556722.448572 -0.03141453 0.05665407 -0.09814611 0.00180872 -0.00090686 -0.00179080
1778556722.515290 -0.03172409 0.05616165 -0.09804489 0.00178908 -0.00093384 -0.00178621
1778556722.582009 -0.03197748 0.05603518 -0.09829084 0.00175352 -0.00094277 -0.00179070
1778556722.648726 -0.03228072 0.05607590 -0.09902047 0.00177800 -0.00097568 -0.00188269
1778556722.715445 -0.03253473 0.05602080 -0.09939223 0.00182581 -0.00101256 -0.00197133
1778556722.782163 -0.03240411 0.05646852 -0.09956553 0.00181032 -0.00099262 -0.00199693
1778556722.848881 -0.03213601 0.05687447 -0.09937765 0.00182848 -0.00098780 -0.00199614
1778556722.915599 -0.03164734 0.05746500 -0.09928810 0.00175836 -0.00092770 -0.00198562
1778556722.982317 -0.03170612 0.05758722 -0.09970482 0.00171575 -0.00090819 -0.00199100
1778556723.049035 -0.03166602 0.05766640 -0.09975986 0.00165987 -0.00086438 -0.00197048
1778556723.115753 -0.03147614 0.05776883 -0.09939831 0.00163949 -0.00084362 -0.00191458
1778556723.182470 -0.03134683 0.05791266 -0.09912116 0.00164392 -0.00083362 -0.00188255
1778556723.249186 -0.03139614 0.05797034 -0.09909956 0.00167805 -0.00084540 -0.00190574
1778556723.315902 -0.03154338 0.05798430 -0.09920935 0.00169952 -0.00085584 -0.00193343
1778556723.382618 -0.03159430 0.05804284 -0.09925057 0.00169858 -0.00084672 -0.00194642
1778556723.449334 -0.03155883 0.05814165 -0.09942201 0.00165239 -0.00081342 -0.00193100
1778556723.516050 -0.03152186 0.05817006 -0.09920570 0.00164495 -0.00078174 -0.00187841
1778556723.582766 -0.03165397 0.05802567 -0.09918083 0.00162868 -0.00078431 -0.00184790
1778556723.649482 -0.03154260 0.05801720 -0.09924727 0.00161472 -0.00080473 -0.00182974
1778556723.716198 -0.03149104 0.05809176 -0.09923932 0.00161734 -0.00081198 -0.00180707
1778556723.782914 -0.03140002 0.05810446 -0.09946435 0.00160375 -0.00079536 -0.00180335
1778556723.849630 -0.03142435 0.05803236 -0.09946265 0.00159580 -0.00080362 -0.00178812
1778556723.916346 -0.03143334 0.05802474 -0.09950479 0.00158411 -0.00081119 -0.00178870
1778556723.983062 -0.03142321 0.05798998 -0.09954330 0.00156168 -0.00081927 -0.00178633
1778556724.049778 -0.03148942 0.05775348 -0.09947662 0.00158794 -0.00086023 -0.00183918
1778556724.116494 -0.03159382 0.05743420 -0.09953847 0.00164425 -0.00089393 -0.00192775
1778556724.183210 -0.03136141 0.05763807 -0.09945595 0.00161592 -0.00087200 -0.00192719
1778556724.249926 -0.03115832 0.05783342 -0.09936479 0.00160368 -0.00084058 -0.00191972
1778556724.316641 -0.03132325 0.05786017 -0.09956401 0.00156820 -0.00082607 -0.00189790
1778556724.383357 -0.03104242 0.05808641 -0.09932007 0.00155965 -0.00080325 -0.00187091
1778556724.450073 -0.03099464 0.05823444 -0.09924022 0.00152388 -0.00076484 -0.00183699
1778556724.516789 -0.03090581 0.05820459 -0.09910469 0.00152568 -0.00077168 -0.00182360
1778556724.583505 -0.03103643 0.05803039 -0.09902427 0.00152068 -0.00079792 -0.00181745
1778556724.650220 -0.03129320 0.05783001 -0.09901555 0.00151443 -0.00082282 -0.00181737
1778556724.716936 -0.03153610 0.05759853 -0.09888903 0.00150540 -0.00084794 -0.00181670
1778556724.783652 -0.03151893 0.05749646 -0.09862589 0.00158742 -0.00087820 -0.00188638
1778556724.850368 -0.03114375 0.05749288 -0.09779969 0.00163526 -0.00088240 -0.00187600
1778556724.917084 -0.03106373 0.05725884 -0.09720643 0.00166919 -0.00089805 -0.00185263
1778556724.983799 -0.03110913 0.05720199 -0.09716043 0.00164999 -0.00089721 -0.00183333
1778556725.050515 -0.03124530 0.05718960 -0.09722333 0.00161517 -0.00089749 -0.00183020
1778556725.117231 -0.03128589 0.05721939 -0.09717908 0.00159640 -0.00088964 -0.00181522
1778556725.183947 -0.03120717 0.05730828 -0.09708667 0.00158872 -0.00087696 -0.00179684
1778556725.250665 -0.03114405 0.05722913 -0.09705073 0.00158128 -0.00087880 -0.00177924
1778556725.317382 -0.03114049 0.05711466 -0.09697511 0.00157044 -0.00088539 -0.00176588
1778556725.384100 -0.03124913 0.05673185 -0.09720312 0.00154029 -0.00091540 -0.00176744
1778556725.450817 -0.03128185 0.05664654 -0.09789891 0.00148199 -0.00090605 -0.00178286
1778556725.517535 -0.03139675 0.05660778 -0.09831229 0.00143421 -0.00089294 -0.00180140
1778556725.584252 -0.03115553 0.05688272 -0.09808424 0.00144665 -0.00088306 -0.00179887
1778556725.650970 -0.03068275 0.05739362 -0.09752896 0.00149918 -0.00087074 -0.00179150
1778556725.717688 -0.03040723 0.05753851 -0.09725534 0.00149768 -0.00084946 -0.00178069
1778556725.784405 -0.03034809 0.05776146 -0.09751157 0.00147222 -0.00081331 -0.00179459
1778556725.851122 -0.03025268 0.05780673 -0.09733620 0.00144918 -0.00079586 -0.00177071
1778556725.917840 -0.03001212 0.05769694 -0.09675059 0.00148990 -0.00082198 -0.00177398
1778556725.984558 -0.03000603 0.05762955 -0.09642164 0.00151337 -0.00084023 -0.00178797
1778556726.051275 -0.03027653 0.05764065 -0.09660685 0.00151935 -0.00084924 -0.00181987
1778556726.117993 -0.03062387 0.05763115 -0.09687953 0.00153704 -0.00087513 -0.00187903
1778556726.184710 -0.03087285 0.05761966 -0.09692542 0.00155531 -0.00090293 -0.00196006
1778556726.251426 -0.03100980 0.05753920 -0.09675063 0.00154164 -0.00091822 -0.00199764
1778556726.318143 -0.03106529 0.05763878 -0.09687410 0.00148605 -0.00089189 -0.00197774
1778556726.384859 -0.03124143 0.05738439 -0.09660043 0.00151927 -0.00090246 -0.00198174
1778556726.451576 -0.03137412 0.05704545 -0.09643459 0.00154393 -0.00090190 -0.00198231
1778556726.518292 -0.03137650 0.05693596 -0.09634705 0.00154870 -0.00090770 -0.00197473
1778556726.585009 -0.03130499 0.05701281 -0.09636939 0.00153837 -0.00089943 -0.00195755
1778556726.651725 -0.03128450 0.05705994 -0.09643225 0.00153304 -0.00088103 -0.00194209
1778556726.718442 -0.03114173 0.05712225 -0.09662442 0.00154830 -0.00085064 -0.00193367
1778556726.785158 -0.03110142 0.05714375 -0.09681722 0.00154951 -0.00085187 -0.00192629
1778556726.851875 -0.03099147 0.05721843 -0.09699745 0.00153843 -0.00086172 -0.00193384
1778556726.918591 -0.03086101 0.05718345 -0.09713740 0.00153115 -0.00087530 -0.00195843
1778556726.985308 -0.03074241 0.05707978 -0.09715505 0.00155171 -0.00088329 -0.00198548
1778556727.052025 -0.03038998 0.05744908 -0.09695409 0.00150633 -0.00084559 -0.00193585
1778556727.118741 -0.03020199 0.05757037 -0.09679623 0.00152100 -0.00084997 -0.00193076
1778556727.185457 -0.03015532 0.05763894 -0.09676661 0.00154241 -0.00085410 -0.00195235
1778556727.252173 -0.02975906 0.05786624 -0.09641530 0.00159284 -0.00085600 -0.00199373
1778556727.318889 -0.02975723 0.05783503 -0.09634889 0.00159211 -0.00084444 -0.00201441
1778556727.385605 -0.02995568 0.05763253 -0.09648492 0.00157127 -0.00085093 -0.00201789
1778556727.452321 -0.03004303 0.05766746 -0.09646607 0.00155334 -0.00085170 -0.00201233
1778556727.519037 -0.03037149 0.05774355 -0.09664292 0.00153406 -0.00085058 -0.00201990
1778556727.585752 -0.03050428 0.05780192 -0.09662886 0.00153713 -0.00085088 -0.00203825
1778556727.652468 -0.03069703 0.05766115 -0.09648337 0.00154572 -0.00086579 -0.00207375
1778556727.719184 -0.03102709 0.05739677 -0.09658632 0.00149712 -0.00086604 -0.00207414
1778556727.785900 -0.03103938 0.05725134 -0.09630102 0.00146769 -0.00085761 -0.00201936
1778556727.852616 -0.03104226 0.05701631 -0.09599469 0.00144497 -0.00087792 -0.00198010
1778556727.919331 -0.03104851 0.05688511 -0.09579140 0.00144654 -0.00088701 -0.00195293
1778556727.986047 -0.03095928 0.05677580 -0.09563128 0.00144349 -0.00089521 -0.00192636
1778556728.052763 -0.03066045 0.05654840 -0.09511398 0.00147760 -0.00091429 -0.00188877
1778556728.119478 -0.03053143 0.05629397 -0.09500559 0.00149599 -0.00094013 -0.00187106
1778556728.186196 -0.03054286 0.05615926 -0.09502220 0.00149707 -0.00095864 -0.00187601
1778556728.252915 -0.03076356 0.05594989 -0.09511155 0.00149285 -0.00097822 -0.00189619
1778556728.319633 -0.03081768 0.05589470 -0.09539143 0.00146738 -0.00096395 -0.00190031
1778556728.386352 -0.03079653 0.05572653 -0.09532753 0.00149913 -0.00097116 -0.00193486
1778556728.453071 -0.03034026 0.05584486 -0.09489678 0.00145829 -0.00094797 -0.00189764
1778556728.519790 -0.03006004 0.05590049 -0.09442993 0.00148632 -0.00096033 -0.00188649
1778556728.586509 -0.02957059 0.05606813 -0.09384912 0.00154806 -0.00098072 -0.00191565
1778556728.653228 -0.02942351 0.05622834 -0.09375310 0.00150002 -0.00094824 -0.00186634
1778556728.719947 -0.02938225 0.05617154 -0.09366302 0.00150863 -0.00095419 -0.00187497
1778556728.786666 -0.02947422 0.05611537 -0.09362672 0.00150911 -0.00096037 -0.00187933
1778556728.853385 -0.02974256 0.05590356 -0.09357074 0.00153640 -0.00100076 -0.00190715
1778556728.920104 -0.03002035 0.05565137 -0.09345483 0.00158635 -0.00104805 -0.00195490
1778556728.986824 -0.03020369 0.05555283 -0.09344736 0.00160503 -0.00106689 -0.00197642
1778556729.053543 -0.03007682 0.05551606 -0.09306703 0.00162442 -0.00105921 -0.00195622
1778556729.120262 -0.03009238 0.05533680 -0.09289881 0.00160770 -0.00104614 -0.00191228
1778556729.186980 -0.03005128 0.05523293 -0.09283592 0.00156967 -0.00103544 -0.00186795
1778556729.253696 -0.03003197 0.05516728 -0.09282943 0.00154761 -0.00102870 -0.00185188
1778556729.320412 -0.03005602 0.05515095 -0.09276822 0.00154373 -0.00102828 -0.00185079
1778556729.387128 -0.03024366 0.05554641 -0.09273594 0.00150865 -0.00095890 -0.00185772
1778556729.453845 -0.03052420 0.05610958 -0.09307804 0.00144471 -0.00088208 -0.00187694
1778556729.520561 -0.03070160 0.05619331 -0.09317417 0.00140821 -0.00086307 -0.00187018
1778556729.587277 -0.03076185 0.05622255 -0.09329470 0.00132912 -0.00084367 -0.00183933
1778556729.653993 -0.03077768 0.05617707 -0.09350567 0.00129054 -0.00083956 -0.00185834
1778556729.720709 -0.03077768 0.05617707 -0.09350567 0.00129054 -0.00083956 -0.00185834
1778556729.787425 -0.03079380 0.05628404 -0.09381434 0.00117910 -0.00080017 -0.00184866
1778556729.854142 -0.03096803 0.05643028 -0.09397944 0.00117671 -0.00079609 -0.00185909
1778556729.920858 -0.03101582 0.05620912 -0.09408869 0.00123924 -0.00084519 -0.00194926
1778556729.987574 -0.03101806 0.05589977 -0.09428780 0.00132854 -0.00090634 -0.00205346
1778556730.054290 -0.03090116 0.05583195 -0.09420951 0.00137002 -0.00091944 -0.00209126
1778556730.121006 -0.03096612 0.05586990 -0.09407499 0.00137834 -0.00091817 -0.00209000
1778556730.187723 -0.03110256 0.05588548 -0.09399688 0.00141796 -0.00093652 -0.00211494
1778556730.254440 -0.03135804 0.05581254 -0.09395116 0.00148264 -0.00097464 -0.00217260
1778556730.321157 -0.03163237 0.05576173 -0.09394135 0.00154002 -0.00101261 -0.00223113
1778556730.387875 -0.03156927 0.05590946 -0.09395576 0.00156320 -0.00100954 -0.00224080
1778556730.454592 -0.03153406 0.05596718 -0.09397180 0.00158554 -0.00100482 -0.00224769
1778556730.521310 -0.03158945 0.05614152 -0.09416771 0.00156050 -0.00099768 -0.00222279
1778556730.588027 -0.03131439 0.05628491 -0.09393606 0.00149649 -0.00097228 -0.00216981
1778556730.654744 -0.03110733 0.05632933 -0.09353936 0.00147922 -0.00095194 -0.00217341
1778556730.721462 -0.03121788 0.05621243 -0.09348042 0.00147729 -0.00091452 -0.00221644
1778556730.788179 -0.03154404 0.05596870 -0.09342992 0.00147488 -0.00090354 -0.00225042
1778556730.854897 -0.03182962 0.05583853 -0.09347895 0.00148337 -0.00090417 -0.00227862
1778556730.921614 -0.03209921 0.05563646 -0.09353347 0.00160233 -0.00097021 -0.00241196
1778556730.988332 -0.03220786 0.05560452 -0.09347857 0.00166217 -0.00099016 -0.00248424
1778556731.055050 -0.03220651 0.05566488 -0.09336994 0.00175666 -0.00102785 -0.00259054
1778556731.121767 -0.03188259 0.05572443 -0.09300559 0.00176828 -0.00102787 -0.00263337
1778556731.188484 -0.03176559 0.05562439 -0.09286664 0.00178207 -0.00104435 -0.00267117
1778556731.255200 -0.03164438 0.05572512 -0.09297081 0.00172015 -0.00101508 -0.00262953
1778556731.321916 -0.03157475 0.05574004 -0.09293692 0.00162428 -0.00096930 -0.00254958
1778556731.388631 -0.03173259 0.05564922 -0.09292697 0.00151493 -0.00092704 -0.00245680
1778556731.455347 -0.03187407 0.05571895 -0.09297461 0.00143797 -0.00089084 -0.00238072
1778556731.522063 -0.03180158 0.05590382 -0.09255613 0.00143919 -0.00089715 -0.00234493
1778556731.588778 -0.03167851 0.05580042 -0.09184204 0.00146620 -0.00093484 -0.00232654
1778556731.655494 -0.03162653 0.05579222 -0.09176911 0.00148298 -0.00094817 -0.00232711
1778556731.722210 -0.03082464 0.05592031 -0.09107652 0.00156958 -0.00097057 -0.00231810
1778556731.788925 -0.03057898 0.05575366 -0.09088017 0.00160157 -0.00099687 -0.00229727
1778556731.855641 -0.03054857 0.05552065 -0.09072671 0.00163732 -0.00103172 -0.00230518
1778556731.922357 -0.03048165 0.05558898 -0.09087346 0.00162265 -0.00103363 -0.00229469
1778556731.989072 -0.03050914 0.05557960 -0.09096177 0.00162638 -0.00103966 -0.00230851
1778556732.055788 -0.03064763 0.05575420 -0.09111496 0.00162473 -0.00103212 -0.00232059
1778556732.122503 -0.03106401 0.05629355 -0.09160450 0.00161128 -0.00100427 -0.00235092
1778556732.189219 -0.03123781 0.05626485 -0.09151546 0.00159735 -0.00099767 -0.00235093
1778556732.255936 -0.03136730 0.05624967 -0.09144930 0.00161556 -0.00100827 -0.00237033
1778556732.322653 -0.03150849 0.05631374 -0.09174420 0.00170255 -0.00104792 -0.00245454
1778556732.389369 -0.03115413 0.05675612 -0.09145230 0.00160602 -0.00098429 -0.00236942
1778556732.456086 -0.03128357 0.05671644 -0.09146344 0.00163430 -0.00100220 -0.00239655
1778556732.522803 -0.03124591 0.05678186 -0.09142191 0.00162564 -0.00099647 -0.00239465
1778556732.589520 -0.03148697 0.05627345 -0.09152468 0.00160614 -0.00101706 -0.00239841
1778556732.656236 -0.03137387 0.05606512 -0.09142088 0.00162011 -0.00103206 -0.00242166
1778556732.722953 -0.03117634 0.05539309 -0.09104344 0.00164503 -0.00107364 -0.00243278
1778556732.789670 -0.03099853 0.05510128 -0.09074278 0.00160892 -0.00105946 -0.00237514
1778556732.856386 -0.03103104 0.05492178 -0.09064838 0.00159746 -0.00105778 -0.00235569
1778556732.923103 -0.03095513 0.05481018 -0.09044772 0.00161934 -0.00106690 -0.00236769
1778556732.989820 -0.03090870 0.05472413 -0.09016213 0.00165501 -0.00108688 -0.00238378
1778556733.056537 -0.03073169 0.05473935 -0.08965655 0.00169646 -0.00110082 -0.00241310
1778556733.123254 -0.03064665 0.05485581 -0.08946166 0.00171669 -0.00109715 -0.00242693
1778556733.189970 -0.03064153 0.05431558 -0.08906236 0.00174088 -0.00112382 -0.00240809
1778556733.256687 -0.03078826 0.05405150 -0.08920105 0.00170602 -0.00114767 -0.00238208
1778556733.323403 -0.03086170 0.05372934 -0.08890991 0.00167006 -0.00113324 -0.00233351
1778556733.390120 -0.03084751 0.05368207 -0.08882704 0.00164758 -0.00113159 -0.00231779
1778556733.456836 -0.03095960 0.05364106 -0.08881753 0.00165179 -0.00113792 -0.00233259
1778556733.523552 -0.03121978 0.05357621 -0.08890959 0.00167222 -0.00114343 -0.00235507
1778556733.590269 -0.03121978 0.05357621 -0.08890959 0.00167222 -0.00114343 -0.00235507
1778556733.656985 -0.03151967 0.05382251 -0.08927447 0.00177604 -0.00118115 -0.00246265
1778556733.723702 -0.03142165 0.05440629 -0.08946165 0.00180304 -0.00118032 -0.00251225
1778556733.790418 -0.03154591 0.05467658 -0.08962374 0.00181541 -0.00117400 -0.00253539
1778556733.857135 -0.03135063 0.05521700 -0.08968293 0.00170964 -0.00111742 -0.00247477
1778556733.923851 -0.03143407 0.05501606 -0.08971735 0.00175665 -0.00115683 -0.00252885
1778556733.990567 -0.03134190 0.05518759 -0.08986702 0.00173439 -0.00115269 -0.00256474
1778556734.057284 -0.03143205 0.05504445 -0.09015773 0.00166948 -0.00114059 -0.00252551
1778556734.124000 -0.03139255 0.05510602 -0.09012023 0.00160304 -0.00111939 -0.00246377
1778556734.190716 -0.03132061 0.05514013 -0.08984059 0.00160464 -0.00112020 -0.00245916
1778556734.257433 -0.03126848 0.05519437 -0.08947514 0.00161056 -0.00112043 -0.00244986
1778556734.324149 -0.03133039 0.05519637 -0.08924138 0.00163894 -0.00112734 -0.00244980
1778556734.390865 -0.03136972 0.05515183 -0.08888314 0.00167537 -0.00113162 -0.00244584
1778556734.457581 -0.03130576 0.05507976 -0.08879890 0.00167014 -0.00111949 -0.00242593
1778556734.524297 -0.03142615 0.05494959 -0.08871709 0.00165420 -0.00111281 -0.00238237
1778556734.591014 -0.03145309 0.05501875 -0.08890272 0.00164139 -0.00112328 -0.00235011
1778556734.657730 -0.03152081 0.05502909 -0.08905605 0.00163057 -0.00112018 -0.00231774
1778556734.724446 -0.03147209 0.05507471 -0.08903049 0.00161245 -0.00111529 -0.00230168
1778556734.791162 -0.03151151 0.05514176 -0.08901364 0.00161258 -0.00112549 -0.00232273
1778556734.857878 -0.03176896 0.05507433 -0.08896853 0.00162366 -0.00112373 -0.00234621
1778556734.924594 -0.03197051 0.05502608 -0.08900702 0.00162769 -0.00112156 -0.00236470
1778556734.991311 -0.03211450 0.05505880 -0.08904233 0.00162565 -0.00111809 -0.00238268
1778556735.058027 -0.03213698 0.05520413 -0.08910703 0.00160837 -0.00110738 -0.00239002
1778556735.124743 -0.03229077 0.05510185 -0.08928078 0.00166214 -0.00113053 -0.00245354
1778556735.191459 -0.03229077 0.05510185 -0.08928078 0.00166214 -0.00113053 -0.00245354
1778556735.258175 -0.03202118 0.05519367 -0.08926694 0.00161518 -0.00112342 -0.00247413
1778556735.324891 -0.03186402 0.05531908 -0.08919750 0.00164780 -0.00113002 -0.00252142
1778556735.391607 -0.03181689 0.05520087 -0.08924637 0.00163936 -0.00113362 -0.00252899
1778556735.458323 -0.03178975 0.05516449 -0.08923243 0.00161078 -0.00112227 -0.00251071
1778556735.525039 -0.03166834 0.05516847 -0.08904710 0.00161119 -0.00112924 -0.00249441
1778556735.591755 -0.03172246 0.05519646 -0.08907523 0.00158479 -0.00111971 -0.00246600
1778556735.658471 -0.03171626 0.05525009 -0.08898283 0.00159550 -0.00112097 -0.00246313
1778556735.725187 -0.03180399 0.05530932 -0.08870616 0.00162004 -0.00113268 -0.00246791
1778556735.791903 -0.03174965 0.05537161 -0.08807440 0.00167593 -0.00114638 -0.00247438
1778556735.858619 -0.03182467 0.05530677 -0.08803458 0.00166259 -0.00115268 -0.00245201
1778556735.925335 -0.03185625 0.05518416 -0.08807051 0.00165663 -0.00118071 -0.00243007
1778556735.992051 -0.03171281 0.05526318 -0.08815480 0.00160566 -0.00117936 -0.00239518
1778556736.058767 -0.03172673 0.05530561 -0.08822559 0.00159350 -0.00118143 -0.00238278
1778556736.125483 -0.03185830 0.05531254 -0.08826131 0.00159659 -0.00118862 -0.00239696
1778556736.192199 -0.03193077 0.05548114 -0.08836516 0.00157518 -0.00116559 -0.00239758
1778556736.258915 -0.03197355 0.05547651 -0.08838882 0.00154916 -0.00115625 -0.00238459
1778556736.325631 -0.03194222 0.05552280 -0.08838391 0.00152205 -0.00114771 -0.00236896
1778556736.392347 -0.03190372 0.05562381 -0.08839805 0.00151260 -0.00113907 -0.00235704
1778556736.459063 -0.03186136 0.05566515 -0.08831291 0.00149526 -0.00113013 -0.00234558
1778556736.525779 -0.03199907 0.05536371 -0.08827204 0.00152185 -0.00115946 -0.00237616
1778556736.592495 -0.03176086 0.05533043 -0.08795515 0.00150109 -0.00114743 -0.00235984
1778556736.659211 -0.03176911 0.05519061 -0.08788089 0.00149489 -0.00115209 -0.00234611
1778556736.725927 -0.03196931 0.05447622 -0.08798987 0.00154845 -0.00120907 -0.00242394
1778556736.792643 -0.03216480 0.05392059 -0.08824287 0.00153914 -0.00122863 -0.00243201
1778556736.859359 -0.03202631 0.05358904 -0.08777903 0.00153640 -0.00125497 -0.00240496
1778556736.926075 -0.03197976 0.05360136 -0.08758509 0.00155509 -0.00126449 -0.00240627
1778556736.992790 -0.03200824 0.05363863 -0.08746247 0.00157697 -0.00127649 -0.00242134
1778556737.059506 -0.03205094 0.05355232 -0.08746344 0.00158741 -0.00128440 -0.00244042
1778556737.126222 -0.03202311 0.05369346 -0.08734445 0.00159997 -0.00127466 -0.00244184
1778556737.192938 -0.03191781 0.05381181 -0.08691639 0.00162868 -0.00125493 -0.00243140
1778556737.259654 -0.03197375 0.05354651 -0.08644330 0.00162797 -0.00126458 -0.00240707
1778556737.326371 -0.03209893 0.05332438 -0.08629771 0.00162776 -0.00130385 -0.00240331
1778556737.393087 -0.03180726 0.05338015 -0.08599522 0.00156953 -0.00131621 -0.00237109
1778556737.459803 -0.03166058 0.05347983 -0.08585641 0.00156825 -0.00132087 -0.00238000
1778556737.526519 -0.03168474 0.05344504 -0.08577680 0.00154395 -0.00130906 -0.00238056
1778556737.593235 -0.03184704 0.05329672 -0.08568838 0.00155225 -0.00131131 -0.00240254
1778556737.659952 -0.03208056 0.05321870 -0.08569068 0.00154595 -0.00130854 -0.00241233
1778556737.726668 -0.03207871 0.05329852 -0.08576105 0.00153579 -0.00131286 -0.00241917
1778556737.793384 -0.03185809 0.05345297 -0.08574765 0.00155910 -0.00132052 -0.00247187
1778556737.860101 -0.03172354 0.05338343 -0.08550667 0.00159852 -0.00131925 -0.00251606
1778556737.926817 -0.03163426 0.05328322 -0.08518306 0.00160271 -0.00130725 -0.00251474
1778556737.993533 -0.03157352 0.05283571 -0.08473755 0.00164304 -0.00132932 -0.00255402
1778556738.060249 -0.03173769 0.05286546 -0.08503257 0.00158124 -0.00130219 -0.00249330
1778556738.126965 -0.03173103 0.05271502 -0.08478179 0.00160347 -0.00131079 -0.00250901
1778556738.193682 -0.03169784 0.05285991 -0.08487578 0.00150181 -0.00124252 -0.00241658
1778556738.260399 -0.03179680 0.05279017 -0.08488623 0.00143681 -0.00121240 -0.00236945
1778556738.327116 -0.03161691 0.05303383 -0.08471230 0.00138231 -0.00117348 -0.00230762
1778556738.393834 -0.03161800 0.05305764 -0.08454473 0.00134117 -0.00115698 -0.00225743
1778556738.460551 -0.03139351 0.05292465 -0.08387649 0.00133846 -0.00116539 -0.00222849
1778556738.527268 -0.03137136 0.05243591 -0.08332421 0.00133273 -0.00118456 -0.00221568
1778556738.593986 -0.03140585 0.05207539 -0.08286279 0.00132686 -0.00119999 -0.00220588
1778556738.660703 -0.03153444 0.05173386 -0.08276405 0.00131197 -0.00121027 -0.00218795
1778556738.727420 -0.03145625 0.05126880 -0.08230855 0.00132011 -0.00123258 -0.00217682
1778556738.794138 -0.03119462 0.05069723 -0.08153771 0.00134452 -0.00126479 -0.00216849
1778556738.860855 -0.03086121 0.05062615 -0.08117955 0.00135647 -0.00126632 -0.00215214
1778556738.927572 -0.03069777 0.04879836 -0.08014990 0.00139890 -0.00136186 -0.00214952
1778556738.994290 -0.03086935 0.04797474 -0.07976415 0.00139382 -0.00139765 -0.00213689
1778556739.061007 -0.03091863 0.04823685 -0.08016477 0.00139769 -0.00139262 -0.00215342
1778556739.127725 -0.03102779 0.04852705 -0.08042932 0.00139399 -0.00137618 -0.00217195
1778556739.194442 -0.03114238 0.04880586 -0.08080935 0.00140652 -0.00137451 -0.00220355
1778556739.261158 -0.03113361 0.04872240 -0.08080948 0.00136818 -0.00136752 -0.00217796
1778556739.327874 -0.03108113 0.04891854 -0.08094610 0.00134283 -0.00134523 -0.00217382
1778556739.394590 -0.03110470 0.04896555 -0.08103033 0.00138404 -0.00136160 -0.00221592
1778556739.461306 -0.03105706 0.04912267 -0.08112659 0.00134840 -0.00132648 -0.00219882
1778556739.528023 -0.03125613 0.04921434 -0.08130769 0.00132937 -0.00131114 -0.00219770
1778556739.594738 -0.03143695 0.04978953 -0.08177614 0.00129927 -0.00127923 -0.00219743
1778556739.661455 -0.03126216 0.04952818 -0.08135180 0.00138416 -0.00131543 -0.00226026
1778556739.728171 -0.03149788 0.04958611 -0.08154397 0.00142347 -0.00132310 -0.00232482
1778556739.794887 -0.03174124 0.04964890 -0.08184205 0.00145593 -0.00132672 -0.00238571
1778556739.861603 -0.03179626 0.04951053 -0.08185272 0.00142183 -0.00130909 -0.00237885
1778556739.928319 -0.03170797 0.04951723 -0.08195317 0.00140081 -0.00128983 -0.00238186
1778556739.995035 -0.03177262 0.04947531 -0.08225421 0.00139764 -0.00129281 -0.00237135
1778556740.061751 -0.03182151 0.04945610 -0.08229006 0.00135433 -0.00127205 -0.00233098
1778556740.128467 -0.03182118 0.04942068 -0.08196535 0.00129658 -0.00123750 -0.00225191
1778556740.195184 -0.03178057 0.04952104 -0.08154850 0.00124815 -0.00124083 -0.00218466
1778556740.261900 -0.03172602 0.04964756 -0.08127388 0.00120015 -0.00124098 -0.00212905
1778556740.328617 -0.03170650 0.04974960 -0.08109705 0.00116237 -0.00125020 -0.00211007
1778556740.395334 -0.03172714 0.04981623 -0.08102406 0.00115174 -0.00126369 -0.00211751
1778556740.462050 -0.03166907 0.04980165 -0.08084904 0.00119610 -0.00130424 -0.00216508
1778556740.528767 -0.03152376 0.04948034 -0.08024259 0.00143265 -0.00142486 -0.00233621
1778556740.595484 -0.03172483 0.04913804 -0.07998930 0.00152333 -0.00147244 -0.00240352
1778556740.662201 -0.03185880 0.04887337 -0.07974111 0.00164668 -0.00155203 -0.00250030
1778556740.728918 -0.03189318 0.04893146 -0.07975470 0.00159324 -0.00153094 -0.00245763
1778556740.795634 -0.03189060 0.04857588 -0.07962319 0.00167776 -0.00159988 -0.00253149
1778556740.862351 -0.03188318 0.04822537 -0.07946954 0.00174494 -0.00165943 -0.00258786
1778556740.929068 -0.03170341 0.04816965 -0.07926396 0.00180398 -0.00172440 -0.00262901
1778556740.995784 -0.03154946 0.04808766 -0.07911817 0.00186164 -0.00179129 -0.00268308
1778556741.062501 -0.03160937 0.04800413 -0.07907389 0.00189570 -0.00183750 -0.00271082
1778556741.129218 -0.03174096 0.04791500 -0.07909891 0.00188878 -0.00184320 -0.00270001
1778556741.195935 -0.03201361 0.04793194 -0.07915632 0.00186377 -0.00183449 -0.00266153
1778556741.262652 -0.03207821 0.04800642 -0.07923467 0.00173051 -0.00175962 -0.00254341
1778556741.329369 -0.03216673 0.04805348 -0.07930350 0.00157117 -0.00167659 -0.00241609
1778556741.396086 -0.03213917 0.04810329 -0.07919257 0.00148321 -0.00161115 -0.00233041
1778556741.462804 -0.03211413 0.04813041 -0.07911780 0.00136077 -0.00153749 -0.00223197
1778556741.529521 -0.03210569 0.04816631 -0.07909829 0.00126942 -0.00148160 -0.00215659
1778556741.596239 -0.03211317 0.04812518 -0.07907336 0.00121886 -0.00145703 -0.00211196
1778556741.662956 -0.03200422 0.04809766 -0.07909079 0.00115108 -0.00142473 -0.00204814
1778556741.729673 -0.03193069 0.04807347 -0.07900864 0.00108413 -0.00138895 -0.00197697
1778556741.796391 -0.03183414 0.04818607 -0.07884322 0.00104715 -0.00136019 -0.00192378
1778556741.863108 -0.03182558 0.04812864 -0.07875624 0.00102394 -0.00135387 -0.00189552
1778556741.929826 -0.03192555 0.04814163 -0.07895896 0.00102547 -0.00135474 -0.00187402
1778556741.996543 -0.03187887 0.04807381 -0.07891712 0.00102761 -0.00135186 -0.00185174
1778556742.063261 -0.03193325 0.04802486 -0.07896708 0.00101754 -0.00135196 -0.00185222
1778556742.129978 -0.03193658 0.04781545 -0.07889007 0.00098904 -0.00133892 -0.00181844
1778556742.196695 -0.03199475 0.04773901 -0.07889074 0.00095455 -0.00132163 -0.00178205
1778556742.263411 -0.03202195 0.04777028 -0.07886594 0.00091975 -0.00129512 -0.00174868
1778556742.330128 -0.03215668 0.04780793 -0.07895443 0.00091178 -0.00127875 -0.00173890
1778556742.396844 -0.03230643 0.04780378 -0.07908730 0.00094590 -0.00128682 -0.00177027
1778556742.463561 -0.03247746 0.04780360 -0.07927081 0.00100046 -0.00130389 -0.00183582
1778556742.530277 -0.03269159 0.04782935 -0.07953477 0.00101519 -0.00131073 -0.00189329
1778556742.596993 -0.03275946 0.04800382 -0.07974864 0.00098933 -0.00128491 -0.00190804
1778556742.663709 -0.03273035 0.04822986 -0.07978866 0.00097946 -0.00127009 -0.00189394
1778556742.730426 -0.03289064 0.04827815 -0.07997710 0.00101668 -0.00128238 -0.00196329
1778556742.797142 -0.03308930 0.04805694 -0.08008054 0.00107669 -0.00131474 -0.00203987
1778556742.863859 -0.03317036 0.04787775 -0.08010206 0.00106747 -0.00131282 -0.00204572
1778556742.930575 -0.03323243 0.04762148 -0.08003104 0.00108909 -0.00133259 -0.00207045
1778556742.997291 -0.03313078 0.04751679 -0.07980334 0.00108385 -0.00132774 -0.00204568
1778556743.064008 -0.03303747 0.04744247 -0.07955216 0.00104519 -0.00131100 -0.00199606
1778556743.130724 -0.03304589 0.04740804 -0.07946648 0.00103871 -0.00131262 -0.00198676
1778556743.197440 -0.03295227 0.04732128 -0.07924100 0.00100220 -0.00129410 -0.00193288
1778556743.264158 -0.03295088 0.04714528 -0.07905326 0.00098086 -0.00129683 -0.00190539
1778556743.330874 -0.03294850 0.04729173 -0.07903112 0.00085935 -0.00124969 -0.00180394
1778556743.397592 -0.03294932 0.04729796 -0.07890963 0.00085630 -0.00125186 -0.00179997
1778556743.464308 -0.03305686 0.04744972 -0.07908536 0.00078851 -0.00121947 -0.00174622
1778556743.531025 -0.03319705 0.04748878 -0.07919403 0.00076686 -0.00120931 -0.00172928
1778556743.597742 -0.03327038 0.04744681 -0.07921706 0.00080408 -0.00124053 -0.00177831
1778556743.664459 -0.03329183 0.04745025 -0.07919299 0.00084366 -0.00125530 -0.00182018
1778556743.731176 -0.03332279 0.04754298 -0.07925455 0.00081926 -0.00124499 -0.00180894
1778556743.797893 -0.03333118 0.04743101 -0.07914893 0.00090638 -0.00128849 -0.00188015
1778556743.864610 -0.03333788 0.04729586 -0.07906441 0.00099690 -0.00133830 -0.00195019
1778556743.931327 -0.03354116 0.04727238 -0.07911184 0.00105696 -0.00138634 -0.00200397
1778556743.998044 -0.03365435 0.04727303 -0.07915026 0.00109378 -0.00141995 -0.00203841
1778556744.064761 -0.03371694 0.04735023 -0.07926407 0.00105016 -0.00141420 -0.00201133
1778556744.131478 -0.03373859 0.04739825 -0.07935702 0.00099885 -0.00140147 -0.00197145
1778556744.198195 -0.03376113 0.04748521 -0.07938887 0.00095702 -0.00138560 -0.00192581
1778556744.265016 -0.03370964 0.04758978 -0.07941094 0.00090041 -0.00135068 -0.00185692
1778556744.331839 -0.03361589 0.04760264 -0.07936745 0.00080898 -0.00130224 -0.00176536
1778556744.398662 -0.03359508 0.04753671 -0.07940947 0.00080580 -0.00130124 -0.00177217
1778556744.465487 -0.03350775 0.04745469 -0.07936833 0.00076077 -0.00127950 -0.00172843
1778556744.532314 -0.03354057 0.04741789 -0.07942679 0.00074525 -0.00127504 -0.00172876
1778556744.599142 -0.03348172 0.04753892 -0.07938187 0.00070330 -0.00124622 -0.00168767
1778556744.665971 -0.03359668 0.04754750 -0.07943323 0.00071361 -0.00124850 -0.00169761
1778556744.732801 -0.03368582 0.04745108 -0.07948157 0.00070978 -0.00125418 -0.00170223
1778556744.799633 -0.03369580 0.04732531 -0.07949074 0.00067249 -0.00124189 -0.00168462
1778556744.866466 -0.03368362 0.04730198 -0.07952536 0.00065440 -0.00123603 -0.00168130
1778556744.933301 -0.03368855 0.04734497 -0.07949958 0.00061007 -0.00121479 -0.00165871
1778556745.000136 -0.03368121 0.04738843 -0.07942125 0.00059332 -0.00121117 -0.00164968
1778556745.066974 -0.03371102 0.04741279 -0.07944470 0.00060082 -0.00121317 -0.00165320
1778556745.133812 -0.03377289 0.04732277 -0.07946730 0.00058357 -0.00122272 -0.00166651
1778556745.200651 -0.03374276 0.04739293 -0.07944249 0.00058314 -0.00121436 -0.00166129
1778556745.267360 -0.03382091 0.04742932 -0.07943443 0.00059138 -0.00120705 -0.00168953
1778556745.334068 -0.03381009 0.04743573 -0.07942092 0.00059472 -0.00120512 -0.00168662
1778556745.400776 -0.03382542 0.04745368 -0.07948418 0.00062356 -0.00120475 -0.00174040
1778556745.467485 -0.03382130 0.04744075 -0.07951632 0.00060133 -0.00119636 -0.00171707
1778556745.534193 -0.03383834 0.04751668 -0.07959208 0.00061607 -0.00118875 -0.00174182
1778556745.600901 -0.03383690 0.04750252 -0.07960398 0.00061147 -0.00119344 -0.00173793
1778556745.667608 -0.03383134 0.04748943 -0.07960109 0.00060631 -0.00119341 -0.00173202
1778556745.734316 -0.03375269 0.04747592 -0.07951472 0.00059452 -0.00118351 -0.00171781
1778556745.801023 -0.03380551 0.04747934 -0.07962401 0.00059366 -0.00118968 -0.00172469
1778556745.867731 -0.03381441 0.04737669 -0.07949382 0.00052983 -0.00117247 -0.00166465
1778556745.934438 -0.03383234 0.04736374 -0.07942097 0.00050828 -0.00116583 -0.00163134
1778556746.001145 -0.03386050 0.04736726 -0.07939520 0.00051449 -0.00116977 -0.00163288
1778556746.067852 -0.03387941 0.04733895 -0.07943431 0.00045199 -0.00114668 -0.00156919
1778556746.134559 -0.03389319 0.04733552 -0.07944670 0.00044909 -0.00114597 -0.00157182
1778556746.201265 -0.03388785 0.04732636 -0.07943596 0.00044006 -0.00114346 -0.00156537
1778556746.267972 -0.03388244 0.04731570 -0.07942492 0.00043126 -0.00114103 -0.00155879
1778556746.334678 -0.03388366 0.04730069 -0.07942003 0.00042284 -0.00113955 -0.00155419
1778556746.401385 -0.03388555 0.04728774 -0.07942039 0.00041291 -0.00113731 -0.00154974
1778556746.468091 -0.03391886 0.04723961 -0.07941385 0.00039199 -0.00114644 -0.00152843
1778556746.534797 -0.03389814 0.04725823 -0.07941017 0.00039489 -0.00114424 -0.00152265
1778556746.601502 -0.03390756 0.04726573 -0.07941546 0.00038883 -0.00114283 -0.00151922
1778556746.668208 -0.03391876 0.04726484 -0.07942016 0.00037890 -0.00114036 -0.00151449
1778556746.734914 -0.03391673 0.04726610 -0.07941647 0.00037536 -0.00114077 -0.00151166
1778556746.801619 -0.03390766 0.04727110 -0.07940003 0.00035143 -0.00114272 -0.00148298
1778556746.868324 -0.03392840 0.04729530 -0.07940792 0.00035769 -0.00114459 -0.00149056
1778556746.935029 -0.03398394 0.04729108 -0.07940620 0.00036868 -0.00116706 -0.00149412
1778556747.001733 -0.03398003 0.04731421 -0.07941821 0.00037622 -0.00116648 -0.00150101
1778556747.068438 -0.03398131 0.04722215 -0.07938367 0.00035255 -0.00116627 -0.00149243
1778556747.135142 -0.03399498 0.04724146 -0.07941087 0.00034913 -0.00115926 -0.00149347
1778556747.201847 -0.03396249 0.04715326 -0.07934773 0.00035259 -0.00117377 -0.00150869
1778556747.268553 -0.03398431 0.04718669 -0.07937955 0.00035163 -0.00116970 -0.00150462
1778556747.335259 -0.03400612 0.04717890 -0.07934873 0.00036278 -0.00118243 -0.00152320
1778556747.401965 -0.03404675 0.04722670 -0.07935031 0.00038359 -0.00120244 -0.00155880
1778556747.468671 -0.03410221 0.04735201 -0.07941840 0.00040662 -0.00122657 -0.00160594
1778556747.535377 -0.03419443 0.04741495 -0.07957225 0.00038375 -0.00121637 -0.00160576
1778556747.602082 -0.03433979 0.04736509 -0.07971426 0.00036332 -0.00120808 -0.00161703
1778556747.668787 -0.03430688 0.04732572 -0.07968343 0.00034749 -0.00119506 -0.00159774
1778556747.735493 -0.03449173 0.04713952 -0.07975847 0.00035414 -0.00119993 -0.00163637
1778556747.802198 -0.03442801 0.04711502 -0.07974831 0.00031586 -0.00117278 -0.00159302
1778556747.868903 -0.03450661 0.04689829 -0.07971474 0.00034562 -0.00118132 -0.00163662
1778556747.935607 -0.03448935 0.04684454 -0.07966420 0.00035782 -0.00117234 -0.00165471
1778556748.002311 -0.03441528 0.04677694 -0.07957702 0.00036147 -0.00116144 -0.00167371
1778556748.069016 -0.03432071 0.04665645 -0.07945507 0.00036805 -0.00115441 -0.00169406
1778556748.135720 -0.03425745 0.04644308 -0.07938270 0.00036767 -0.00114153 -0.00171100
1778556748.202424 -0.03424559 0.04631139 -0.07937498 0.00037289 -0.00113065 -0.00171524
1778556748.269130 -0.03422001 0.04627850 -0.07934082 0.00037204 -0.00112304 -0.00171359
1778556748.335836 -0.03424078 0.04633046 -0.07929935 0.00037000 -0.00111144 -0.00169904
1778556748.402543 -0.03436035 0.04653516 -0.07922092 0.00033738 -0.00109207 -0.00165920
1778556748.469248 -0.03449571 0.04678274 -0.07901164 0.00031969 -0.00108683 -0.00163421
1778556748.535954 -0.03457279 0.04706815 -0.07892364 0.00025513 -0.00106974 -0.00159219
1778556748.602659 -0.03467658 0.04729407 -0.07893901 0.00021437 -0.00105382 -0.00155629
1778556748.669364 -0.03477444 0.04745269 -0.07903798 0.00018469 -0.00104562 -0.00152966
1778556748.736069 -0.03504131 0.04745968 -0.07925571 0.00018675 -0.00103761 -0.00150789
1778556748.802774 -0.03535330 0.04736671 -0.07983026 0.00025637 -0.00105116 -0.00151660
1778556748.869479 -0.03550561 0.04748418 -0.08024103 0.00029178 -0.00107038 -0.00151621
1778556748.936183 -0.03556975 0.04757371 -0.08035397 0.00030133 -0.00108904 -0.00151347
1778556749.002888 -0.03552377 0.04758606 -0.08048778 0.00028115 -0.00109155 -0.00151314
1778556749.069592 -0.03549406 0.04759176 -0.08046288 0.00026552 -0.00109295 -0.00151579
1778556749.136296 -0.03550082 0.04757883 -0.08038679 0.00023645 -0.00107625 -0.00150519
1778556749.203000 -0.03562565 0.04742944 -0.08039248 0.00023175 -0.00106393 -0.00150698
1778556749.269706 -0.03554091 0.04747373 -0.08023917 0.00017280 -0.00105092 -0.00147622
1778556749.336413 -0.03544361 0.04728679 -0.07998546 0.00019245 -0.00106843 -0.00151484
1778556749.403119 -0.03514425 0.04711120 -0.07955344 0.00024552 -0.00110339 -0.00157812
1778556749.469826 -0.03509394 0.04707538 -0.07949675 0.00023392 -0.00109618 -0.00157536
1778556749.536531 -0.03521183 0.04713351 -0.07960182 0.00018204 -0.00106715 -0.00152150
1778556749.603237 -0.03527451 0.04721749 -0.07958769 0.00014920 -0.00105560 -0.00148430
1778556749.669943 -0.03528832 0.04734348 -0.07954174 0.00014090 -0.00105369 -0.00147107
1778556749.736648 -0.03525010 0.04733479 -0.07942969 0.00013742 -0.00105545 -0.00146754
1778556749.803354 -0.03522485 0.04731011 -0.07933085 0.00013376 -0.00105571 -0.00146440
1778556749.870059 -0.03529222 0.04735056 -0.07941892 0.00011737 -0.00104854 -0.00144767
1778556749.936764 -0.03522720 0.04732905 -0.07931311 0.00013017 -0.00105182 -0.00144037
1778556750.003468 -0.03469213 0.04745829 -0.07837789 0.00020845 -0.00107013 -0.00142484
1778556750.070173 -0.03428845 0.04784893 -0.07761480 0.00023652 -0.00104135 -0.00139452
1778556750.136877 -0.03427554 0.04710076 -0.07780407 0.00025741 -0.00111010 -0.00138689
1778556750.203582 -0.03420478 0.04704150 -0.07787293 0.00024243 -0.00112864 -0.00137627
1778556750.270289 -0.03408726 0.04705920 -0.07814562 0.00021540 -0.00114358 -0.00137123
1778556750.336996 -0.03398443 0.04722926 -0.07832237 0.00018580 -0.00113431 -0.00138111
1778556750.403703 -0.03400908 0.04741261 -0.07829422 0.00017691 -0.00110969 -0.00138396
1778556750.470409 -0.03409181 0.04748747 -0.07820497 0.00015723 -0.00109318 -0.00137231
1778556750.537116 -0.03411917 0.04751475 -0.07822674 0.00011837 -0.00108627 -0.00136766
1778556750.603822 -0.03411616 0.04749408 -0.07849720 0.00009963 -0.00108771 -0.00135582
1778556750.670528 -0.03391204 0.04773958 -0.07867649 0.00019522 -0.00113989 -0.00145219
1778556750.737234 -0.03359876 0.04789004 -0.07856619 0.00020268 -0.00115255 -0.00148146
1778556750.803940 -0.03358540 0.04808305 -0.07853124 0.00014556 -0.00111863 -0.00144634
1778556750.870646 -0.03397225 0.04817031 -0.07873890 0.00014586 -0.00111204 -0.00143533
1778556750.937351 -0.03421105 0.04817385 -0.07872033 0.00013702 -0.00109278 -0.00141523
1778556751.004056 -0.03435241 0.04813702 -0.07863594 0.00008494 -0.00105628 -0.00138112
1778556751.070761 -0.03437206 0.04838434 -0.07873476 0.00005861 -0.00105065 -0.00136285
1778556751.137467 -0.03444230 0.04834179 -0.07877273 0.00003859 -0.00103677 -0.00134201
1778556751.204171 -0.03452412 0.04824879 -0.07874376 0.00004699 -0.00103901 -0.00134195
1778556751.270878 -0.03460411 0.04829009 -0.07882568 0.00003697 -0.00102855 -0.00132844
1778556751.337584 -0.03499533 0.04782280 -0.07904009 0.00003937 -0.00100760 -0.00132246
1778556751.404290 -0.03493257 0.04759484 -0.07858194 0.00001679 -0.00099719 -0.00132582
1778556751.470996 -0.03463065 0.04790245 -0.07864717 0.00000852 -0.00100137 -0.00132821
1778556751.537702 -0.03458297 0.04796489 -0.07850475 0.00001280 -0.00101069 -0.00133970
1778556751.604408 -0.03424883 0.04815678 -0.07835633 0.00001371 -0.00102214 -0.00135542
1778556751.671113 -0.03365091 0.04854935 -0.07788805 -0.00000989 -0.00103196 -0.00136832
1778556751.737818 -0.03378049 0.04859922 -0.07803268 0.00000845 -0.00104030 -0.00137036
1778556751.804523 -0.03378051 0.04855470 -0.07794496 0.00000037 -0.00103296 -0.00136940
1778556751.871228 -0.03370071 0.04855749 -0.07763878 -0.00001552 -0.00102438 -0.00137171
1778556751.937933 -0.03397225 0.04832447 -0.07828142 -0.00000464 -0.00102642 -0.00135694
1778556752.004637 -0.03414542 0.04815183 -0.07871269 0.00001016 -0.00102717 -0.00135077
1778556752.071341 -0.03398264 0.04846504 -0.07827636 -0.00000422 -0.00103186 -0.00135268
1778556752.138045 -0.03400969 0.04836163 -0.07798054 -0.00000445 -0.00102032 -0.00135942
1778556752.204750 -0.03395357 0.04850071 -0.07798647 0.00000684 -0.00103414 -0.00136884
1778556752.271457 -0.03396962 0.04853823 -0.07797288 0.00000858 -0.00103477 -0.00136935
1778556752.338164 -0.03420207 0.04840008 -0.07815820 0.00002280 -0.00102648 -0.00136419
1778556752.404871 -0.03398993 0.04848989 -0.07805363 0.00000641 -0.00103276 -0.00136705
1778556752.471578 -0.03400414 0.04851889 -0.07807863 0.00000556 -0.00103353 -0.00136561
1778556752.538285 -0.03392411 0.04857270 -0.07792926 -0.00000183 -0.00103448 -0.00136754
1778556752.604991 -0.03373876 0.04859862 -0.07751919 -0.00001855 -0.00103205 -0.00137548
1778556752.671697 -0.03398015 0.04822294 -0.07774681 0.00000100 -0.00102150 -0.00137563
1778556752.738403 -0.03399200 0.04854422 -0.07827215 0.00001233 -0.00103751 -0.00136552
1778556752.805109 -0.03388583 0.04844747 -0.07808922 0.00000449 -0.00103308 -0.00137101
1778556752.871815 -0.03385960 0.04866452 -0.07805782 0.00000170 -0.00104142 -0.00136836
1778556752.938520 -0.03372971 0.04876298 -0.07794185 -0.00000660 -0.00104521 -0.00137063
1778556753.005226 -0.03397342 0.04847232 -0.07802581 0.00000556 -0.00103256 -0.00136929
1778556753.071931 -0.03418090 0.04837341 -0.07782956 0.00001106 -0.00102219 -0.00137009
1778556753.138636 -0.03397276 0.04847315 -0.07802576 0.00000566 -0.00103266 -0.00136938
1778556753.205341 -0.03397224 0.04847374 -0.07802565 0.00000573 -0.00103273 -0.00136944
1778556753.272047 -0.03397182 0.04847424 -0.07802558 0.00000579 -0.00103279 -0.00136949
1778556753.338754 -0.03397126 0.04847488 -0.07802548 0.00000588 -0.00103287 -0.00136957
1778556753.405459 -0.03396662 0.04845385 -0.07808303 0.00000560 -0.00103210 -0.00136684
1778556753.472165 -0.03397012 0.04847617 -0.07802528 0.00000605 -0.00103304 -0.00136972
1778556753.538871 -0.03390797 0.04854682 -0.07796579 0.00000171 -0.00103633 -0.00137062
1778556753.605576 -0.03396875 0.04847776 -0.07802505 0.00000626 -0.00103324 -0.00136990
1778556753.672282 -0.03396804 0.04847859 -0.07802495 0.00000634 -0.00103334 -0.00136999
1778556753.738986 -0.03382635 0.04879874 -0.07787584 -0.00000620 -0.00104667 -0.00136998
1778556753.805691 -0.03396655 0.04848032 -0.07802472 0.00000655 -0.00103355 -0.00137018
1778556753.872396 -0.03396577 0.04848124 -0.07802462 0.00000662 -0.00103365 -0.00137026
1778556753.939100 -0.03412622 0.04784658 -0.07766915 0.00001336 -0.00100464 -0.00138449
1778556754.005805 -0.03398096 0.04711769 -0.07657676 -0.00001196 -0.00096186 -0.00142091
1778556754.072509 -0.03398096 0.04711769 -0.07657676 -0.00001196 -0.00096186 -0.00142091
1778556754.139213 -0.03385895 0.04799653 -0.07715480 -0.00001675 -0.00100406 -0.00140090
1778556754.205916 -0.03280335 0.04854353 -0.07739486 -0.00004575 -0.00104794 -0.00141168
1778556754.272623 -0.03411099 0.04741872 -0.07648549 -0.00002158 -0.00095540 -0.00142576
1778556754.339329 -0.03285017 0.04893608 -0.07742137 -0.00002559 -0.00103023 -0.00137931
1778556754.406035 -0.03308174 0.04904550 -0.07724713 -0.00002016 -0.00102146 -0.00137735
1778556754.472741 -0.03321748 0.04907334 -0.07710135 -0.00001356 -0.00101753 -0.00137330
1778556754.539446 -0.03322257 0.04884178 -0.07721855 -0.00000999 -0.00102410 -0.00138480
1778556754.606152 -0.03315496 0.04870316 -0.07725392 -0.00001555 -0.00102407 -0.00139335
1778556754.672857 -0.03316093 0.04863964 -0.07723083 -0.00002017 -0.00103063 -0.00139746
1778556754.739562 -0.03286352 0.04877146 -0.07709107 -0.00001368 -0.00102649 -0.00138937
1778556754.806267 -0.03312735 0.04876734 -0.07715949 -0.00002143 -0.00103405 -0.00140158
1778556754.872971 -0.03319503 0.04887860 -0.07713194 -0.00001900 -0.00102843 -0.00140165
1778556754.939676 -0.03315238 0.04891399 -0.07705191 -0.00001464 -0.00102605 -0.00140174
1778556755.006380 -0.03309694 0.04888537 -0.07701320 -0.00000958 -0.00102780 -0.00140628
1778556755.073084 -0.03308562 0.04887988 -0.07700015 -0.00001136 -0.00102735 -0.00140414
1778556755.139788 -0.03394396 0.04838998 -0.07799885 -0.00006096 -0.00101995 -0.00144354
1778556755.206492 -0.03428338 0.04840876 -0.07803910 -0.00006645 -0.00102285 -0.00144519
1778556755.273199 -0.03398488 0.04810065 -0.07787802 -0.00005237 -0.00103991 -0.00144455
1778556755.339906 -0.03448995 0.04742600 -0.07742173 -0.00003552 -0.00110185 -0.00143657
1778556755.406612 -0.03214155 0.04902774 -0.07638359 0.00002989 -0.00102340 -0.00138130
1778556755.473319 -0.03008922 0.05035110 -0.07483476 0.00012042 -0.00098870 -0.00130597
1778556755.540025 -0.03158235 0.05027534 -0.07554761 0.00007645 -0.00098718 -0.00134295
1778556755.606731 -0.03273937 0.04856228 -0.07653918 0.00000837 -0.00105362 -0.00138834
1778556755.673437 -0.03298125 0.04800700 -0.07647852 -0.00000233 -0.00108171 -0.00138484
1778556755.740143 -0.03210553 0.04904771 -0.07653161 0.00001802 -0.00101786 -0.00138216
1778556755.806848 -0.03280805 0.04744999 -0.07623152 -0.00000755 -0.00110679 -0.00136640
1778556755.873554 -0.03271451 0.04773660 -0.07609646 0.00000603 -0.00109979 -0.00135964
1778556755.940259 -0.03341576 0.04791498 -0.07617944 -0.00000092 -0.00110403 -0.00136401
1778556756.006964 -0.03343186 0.04867837 -0.07624583 0.00000924 -0.00107558 -0.00136539
1778556756.073669 -0.03312217 0.04863302 -0.07654000 -0.00000569 -0.00104901 -0.00137868
1778556756.140374 -0.03308836 0.04839715 -0.07631132 -0.00000440 -0.00106115 -0.00137113
1778556756.207078 -0.03299019 0.04820306 -0.07642408 -0.00000660 -0.00106422 -0.00137710
1778556756.273785 -0.03292908 0.04815994 -0.07647978 -0.00000707 -0.00106355 -0.00137943
1778556756.340491 -0.03306620 0.04830212 -0.07651916 -0.00000754 -0.00106007 -0.00138250
1778556756.407197 -0.03302352 0.04833115 -0.07658974 -0.00000726 -0.00105735 -0.00138634
1778556756.473903 -0.03296279 0.04861376 -0.07657310 0.00000167 -0.00104718 -0.00138747
1778556756.540609 -0.03304502 0.04846935 -0.07671470 -0.00000522 -0.00104920 -0.00139694
1778556756.607315 -0.03303166 0.04844329 -0.07662907 -0.00000268 -0.00105072 -0.00139399
1778556756.674020 -0.03314995 0.04841974 -0.07669578 -0.00001602 -0.00104821 -0.00138730
1778556756.740725 -0.03326743 0.05013592 -0.07723902 -0.00001926 -0.00095545 -0.00139192
1778556756.807431 -0.03293823 0.04826121 -0.07648510 -0.00000332 -0.00105823 -0.00138335
1778556756.874135 -0.03254607 0.04807501 -0.07539557 0.00004385 -0.00108871 -0.00133829
1778556756.940840 -0.03271997 0.04785737 -0.07566565 0.00002938 -0.00109725 -0.00134972
1778556757.007545 -0.03289564 0.04744949 -0.07568914 0.00001877 -0.00112513 -0.00135192
1778556757.074249 -0.03299765 0.04719485 -0.07573578 0.00000850 -0.00114184 -0.00135257
1778556757.140953 -0.03311215 0.04729333 -0.07584576 0.00000117 -0.00113608 -0.00135914
1778556757.207657 -0.03209736 0.04674508 -0.07541281 0.00001813 -0.00113880 -0.00130112
1778556757.274364 -0.03225239 0.04717959 -0.07520395 0.00002576 -0.00111166 -0.00129162
1778556757.341070 -0.03231840 0.04761001 -0.07520662 0.00002323 -0.00108868 -0.00129586
1778556757.407776 -0.03255288 0.04788803 -0.07533255 0.00001364 -0.00107500 -0.00130219
1778556757.474483 -0.03302727 0.04802217 -0.07545832 0.00000352 -0.00108933 -0.00132283
1778556757.541188 -0.03333209 0.04791012 -0.07570744 -0.00002812 -0.00110089 -0.00134269
1778556757.607894 -0.03378885 0.04788581 -0.07612577 -0.00002854 -0.00110396 -0.00135890
1778556757.674599 -0.03352214 0.04773462 -0.07617442 -0.00002872 -0.00110042 -0.00135748
1778556757.741305 -0.03327500 0.04749239 -0.07605099 -0.00002254 -0.00111118 -0.00135157
1778556757.808010 -0.03299669 0.04753479 -0.07610244 -0.00001817 -0.00110513 -0.00135089
1778556757.874715 -0.03293773 0.04756231 -0.07608672 -0.00001466 -0.00110509 -0.00134879
1778556757.941420 -0.03299547 0.04786664 -0.07612044 -0.00000614 -0.00108278 -0.00135946
1778556758.008124 -0.03311729 0.04815525 -0.07609747 0.00000211 -0.00107394 -0.00135842
1778556758.074829 -0.03299694 0.04805158 -0.07625313 -0.00000747 -0.00106870 -0.00136299
1778556758.141533 -0.03318142 0.04820427 -0.07623373 -0.00001176 -0.00105999 -0.00135978
1778556758.208237 -0.03326025 0.04806030 -0.07604513 -0.00000391 -0.00108559 -0.00134941
1778556758.275097 -0.03304990 0.04806805 -0.07615009 -0.00000184 -0.00106617 -0.00135026
1778556758.341959 -0.03411471 0.04812456 -0.07564448 0.00001065 -0.00117035 -0.00133020
1778556758.408823 -0.03271482 0.04745784 -0.07569937 0.00005903 -0.00112892 -0.00131925
1778556758.475689 -0.03249007 0.04751970 -0.07570259 0.00006849 -0.00111623 -0.00131897
1778556758.542557 -0.03255085 0.04758437 -0.07567786 0.00005161 -0.00110946 -0.00131325
1778556758.609426 -0.03234857 0.04759570 -0.07566899 0.00004253 -0.00111062 -0.00132417
1778556758.676297 -0.03249834 0.04767426 -0.07566885 0.00003126 -0.00111957 -0.00131217
1778556758.743170 -0.03238616 0.04774390 -0.07562792 0.00001755 -0.00113159 -0.00132182
1778556758.810045 -0.03245497 0.04784565 -0.07566746 0.00001227 -0.00115058 -0.00132019
1778556758.876921 -0.03287075 0.04774472 -0.07571940 0.00002987 -0.00110770 -0.00130881
1778556758.943800 -0.03332923 0.04789109 -0.07575186 0.00003573 -0.00110433 -0.00129178
1778556759.010680 -0.03300538 0.04776125 -0.07575613 0.00001818 -0.00110578 -0.00129228
1778556759.077562 -0.03292795 0.04771297 -0.07578569 0.00001315 -0.00110141 -0.00130130
1778556759.144446 -0.03263794 0.04748818 -0.07590070 0.00002852 -0.00109371 -0.00129130
1778556759.211329 -0.03290058 0.04757161 -0.07574771 0.00000456 -0.00112853 -0.00130404
1778556759.278021 -0.03290658 0.04764590 -0.07572868 0.00000105 -0.00112376 -0.00131047
1778556759.344712 -0.03276355 0.04759775 -0.07583107 0.00000407 -0.00110599 -0.00131021
1778556759.411402 -0.03290765 0.04764520 -0.07577914 0.00000391 -0.00111432 -0.00131214
1778556759.478093 -0.03298705 0.04767697 -0.07578573 -0.00000184 -0.00110692 -0.00131373
1778556759.544782 -0.03300381 0.04778367 -0.07575599 0.00001507 -0.00109731 -0.00130554
1778556759.611472 -0.03301643 0.04779188 -0.07575795 0.00001466 -0.00109760 -0.00130367
1778556759.678161 -0.03301649 0.04779054 -0.07575898 0.00001496 -0.00109787 -0.00130417
1778556759.744849 -0.03301648 0.04779011 -0.07575934 0.00001510 -0.00109799 -0.00130436
1778556759.811537 -0.03274911 0.04711739 -0.07594052 -0.00008444 -0.00118999 -0.00133395
1778556759.878225 -0.03278324 0.04747199 -0.07578410 -0.00000337 -0.00115347 -0.00130559
1778556759.944912 -0.03245328 0.04761367 -0.07573761 0.00007364 -0.00110786 -0.00127451
1778556760.011599 -0.03284025 0.04774147 -0.07579677 0.00002397 -0.00109419 -0.00130228
1778556760.078285 -0.03210249 0.04709327 -0.07583980 0.00002197 -0.00122708 -0.00127175
1778556760.144971 -0.03228794 0.04722272 -0.07588908 -0.00000951 -0.00119541 -0.00129355
1778556760.211657 -0.03293500 0.04771900 -0.07578937 0.00000358 -0.00111145 -0.00130663
1778556760.278405 -0.03301415 0.04778951 -0.07575876 0.00001538 -0.00109849 -0.00130463
1778556760.345155 -0.03324248 0.04742900 -0.07565802 -0.00006691 -0.00127866 -0.00129911
1778556760.411905 -0.03367054 0.04782429 -0.07549590 -0.00002702 -0.00124414 -0.00130724
1778556760.478657 -0.03399728 0.04789283 -0.07538421 -0.00002299 -0.00124768 -0.00129576
1778556760.545409 -0.03377219 0.04768701 -0.07542521 -0.00002669 -0.00125001 -0.00128759
1778556760.612163 -0.03369215 0.04758754 -0.07548935 -0.00004005 -0.00124449 -0.00129106
1778556760.678917 -0.03341626 0.04744714 -0.07563567 -0.00005184 -0.00123064 -0.00130099
1778556760.745673 -0.03348193 0.04746124 -0.07557570 -0.00006153 -0.00124178 -0.00130201
1778556760.812430 -0.03344767 0.04763555 -0.07557898 -0.00003722 -0.00123182 -0.00130808
1778556760.879188 -0.03344489 0.04762608 -0.07557204 -0.00003770 -0.00123126 -0.00131552
1778556760.945946 -0.03367180 0.04769508 -0.07555319 -0.00004293 -0.00123062 -0.00129440
1778556761.012706 -0.03355555 0.04758603 -0.07561943 -0.00005615 -0.00121876 -0.00130153
1778556761.079467 -0.03352763 0.04752515 -0.07565551 -0.00005685 -0.00121915 -0.00130303
1778556761.146229 -0.03360208 0.04774101 -0.07555356 -0.00004160 -0.00121594 -0.00129892
1778556761.212992 -0.03360134 0.04774053 -0.07555340 -0.00004132 -0.00121614 -0.00129916
1778556761.279696 -0.03360086 0.04774054 -0.07555316 -0.00004115 -0.00121625 -0.00129930
1778556761.346400 -0.03360042 0.04774048 -0.07555295 -0.00004099 -0.00121635 -0.00129942
1778556761.413104 -0.03363040 0.04800163 -0.07536282 -0.00001822 -0.00121617 -0.00129346
1778556761.479807 -0.03359973 0.04774028 -0.07555264 -0.00004073 -0.00121653 -0.00129962
1778556761.546510 -0.03365011 0.04645306 -0.07530388 -0.00005648 -0.00129682 -0.00130737
1778556761.613213 -0.03365831 0.04512663 -0.07484299 -0.00006340 -0.00138094 -0.00131542
1778556761.679916 -0.03304024 0.04475624 -0.07439151 -0.00002525 -0.00141238 -0.00131084
1778556761.746619 -0.03265935 0.04486228 -0.07377330 -0.00000132 -0.00142870 -0.00128898
1778556761.813321 -0.03310326 0.04504718 -0.07238037 0.00003245 -0.00147997 -0.00125142
1778556761.880023 -0.03341272 0.04474128 -0.07217601 0.00002339 -0.00148246 -0.00123321
1778556761.946725 -0.03386731 0.04436251 -0.07235129 -0.00000011 -0.00149080 -0.00123952
1778556762.013427 -0.03433083 0.04391599 -0.07263564 -0.00002465 -0.00148856 -0.00124044
1778556762.080128 -0.03465102 0.04346447 -0.07294360 -0.00003628 -0.00148697 -0.00124557
1778556762.146830 -0.03430778 0.04406309 -0.07297454 -0.00003459 -0.00147054 -0.00124154
1778556762.213531 -0.03444980 0.04419539 -0.07314593 -0.00003855 -0.00146602 -0.00124679
1778556762.280232 -0.03417561 0.04452670 -0.07329215 -0.00002941 -0.00145326 -0.00124916
1778556762.346934 -0.03436597 0.04429131 -0.07324178 -0.00004063 -0.00145612 -0.00124172
1778556762.413635 -0.03413208 0.04436233 -0.07278793 -0.00005400 -0.00145017 -0.00121709
1778556762.480335 -0.03443686 0.04432171 -0.07321800 -0.00007325 -0.00143644 -0.00121409
1778556762.547035 -0.03419182 0.04439474 -0.07286456 -0.00006813 -0.00144033 -0.00120784
1778556762.613735 -0.03413452 0.04435365 -0.07277933 -0.00006319 -0.00144405 -0.00120957
1778556762.680435 -0.03421547 0.04436755 -0.07289093 -0.00006536 -0.00144231 -0.00121094
1778556762.747134 -0.03421534 0.04436685 -0.07289037 -0.00006540 -0.00144231 -0.00121090
1778556762.813833 -0.03421521 0.04436605 -0.07288976 -0.00006544 -0.00144231 -0.00121086
1778556762.880533 -0.03400138 0.04437465 -0.07259448 -0.00006073 -0.00144692 -0.00120679
1778556762.947231 -0.03424304 0.04434283 -0.07290504 -0.00006501 -0.00144296 -0.00121201
1778556763.013929 -0.03303988 0.04526933 -0.07182541 -0.00004597 -0.00143332 -0.00118300
1778556763.080628 -0.03600884 0.04246847 -0.07386139 -0.00008203 -0.00147907 -0.00125388
1778556763.147326 -0.03643293 0.03892812 -0.07156520 -0.00004028 -0.00159049 -0.00127404
1778556763.214023 -0.03664817 0.03857982 -0.07143960 -0.00003634 -0.00160265 -0.00127972
1778556763.280725 -0.03542842 0.04074605 -0.07209957 -0.00004780 -0.00153957 -0.00125540
1778556763.347426 -0.03478463 0.04167189 -0.07214054 -0.00005576 -0.00150935 -0.00123498
1778556763.414126 -0.03470157 0.04148338 -0.07146953 -0.00005569 -0.00152057 -0.00122279
1778556763.480827 -0.03423804 0.04196386 -0.07130872 -0.00005554 -0.00150708 -0.00121057
1778556763.547527 -0.03442124 0.04373249 -0.07272558 -0.00006759 -0.00145735 -0.00121410
1778556763.614227 -0.03435544 0.04347279 -0.07231052 -0.00006578 -0.00146656 -0.00120942
1778556763.680927 -0.03445517 0.04417382 -0.07313762 -0.00007138 -0.00144545 -0.00121533
1778556763.747627 -0.03361808 0.04155533 -0.06981594 -0.00005551 -0.00151955 -0.00117808
1778556763.814326 -0.03363914 0.04238684 -0.07005703 -0.00005726 -0.00150634 -0.00117552
1778556763.881025 -0.03401073 0.04306993 -0.07160391 -0.00006356 -0.00147648 -0.00119693
1778556763.947723 -0.03491727 0.04377411 -0.07371790 -0.00007907 -0.00144234 -0.00122837
1778556764.014422 -0.03491727 0.04377411 -0.07371790 -0.00007907 -0.00144234 -0.00122837
1778556764.081120 -0.03441996 0.04430190 -0.07310882 -0.00007352 -0.00143802 -0.00121157
1778556764.147818 -0.03481736 0.04376405 -0.07358658 -0.00007686 -0.00144365 -0.00122719
1778556764.214515 -0.03320539 0.03968964 -0.06801761 -0.00004683 -0.00155969 -0.00116637
1778556764.281219 -0.03336762 0.04046893 -0.06890968 -0.00005166 -0.00153878 -0.00117491
1778556764.347921 -0.03346788 0.03991559 -0.06819211 -0.00005177 -0.00155346 -0.00116632
1778556764.414623 -0.03345654 0.03928559 -0.06798510 -0.00005313 -0.00156048 -0.00116533
1778556764.481326 -0.03329657 0.03797693 -0.06686718 -0.00004235 -0.00159086 -0.00116047
1778556764.548028 -0.03305430 0.03835890 -0.06710107 -0.00004205 -0.00157946 -0.00116024
1778556764.614729 -0.03377093 0.03137873 -0.06275949 -0.00000829 -0.00173541 -0.00116019
1778556764.681431 -0.03373572 0.03477403 -0.06506540 -0.00002941 -0.00165860 -0.00116178
1778556764.748132 -0.03548627 0.03341779 -0.06664148 -0.00004089 -0.00167222 -0.00120126
1778556764.814833 -0.03578897 0.03289357 -0.06663402 -0.00005115 -0.00167570 -0.00119896
1778556764.881534 -0.03577767 0.03245716 -0.06657736 -0.00007251 -0.00166822 -0.00118285
1778556764.948234 -0.03593270 0.03159668 -0.06630260 -0.00009527 -0.00167050 -0.00116068
1778556765.014934 -0.03516464 0.03150329 -0.06499593 -0.00008620 -0.00166197 -0.00112339
1778556765.081634 -0.03376925 0.03238929 -0.06372878 -0.00005799 -0.00164735 -0.00110759
1778556765.148334 -0.03275356 0.03272356 -0.06278945 -0.00003725 -0.00164340 -0.00109620
1778556765.215034 -0.03350645 0.03174075 -0.06345162 -0.00005515 -0.00166257 -0.00110351
1778556765.281735 -0.03399593 0.03173717 -0.06435314 -0.00002401 -0.00168991 -0.00116047
1778556765.348436 -0.03407054 0.03198129 -0.06446581 -0.00005227 -0.00167318 -0.00113661
1778556765.415137 -0.03366822 0.03229811 -0.06413609 -0.00005842 -0.00165726 -0.00111986
1778556765.481837 -0.03371733 0.03214036 -0.06410664 -0.00006559 -0.00165820 -0.00111376
1778556765.548537 -0.03365564 0.03243991 -0.06413957 -0.00008565 -0.00163923 -0.00109564
1778556765.615237 -0.03380908 0.03249195 -0.06417422 -0.00008739 -0.00163891 -0.00109481
1778556765.681937 -0.03351690 0.03263790 -0.06386979 -0.00007616 -0.00163593 -0.00109453
1778556765.748636 -0.03384057 0.03229190 -0.06412415 -0.00008034 -0.00164747 -0.00109955
1778556765.815336 -0.03386095 0.03226524 -0.06413254 -0.00007888 -0.00164902 -0.00110113
1778556765.882034 -0.03356001 0.03235721 -0.06380982 -0.00007071 -0.00164246 -0.00109559
1778556765.948733 -0.03512919 0.03159639 -0.06477028 -0.00008490 -0.00169058 -0.00111657
1778556766.015431 -0.03329864 0.03059005 -0.06268644 -0.00000024 -0.00169270 -0.00108546
1778556766.082129 -0.03232351 0.03115569 -0.06171920 0.00002505 -0.00166557 -0.00106793
1778556766.148827 -0.03184492 0.03130741 -0.06139056 0.00003982 -0.00165594 -0.00106818
1778556766.215524 -0.03307900 0.03062413 -0.06206040 0.00001015 -0.00169285 -0.00105781
1778556766.282226 -0.03341227 0.03090887 -0.06288179 -0.00002295 -0.00168659 -0.00107419
1778556766.348927 -0.03379821 0.03141748 -0.06365398 -0.00005713 -0.00167505 -0.00108560
1778556766.415629 -0.03402919 0.03153039 -0.06409070 -0.00007337 -0.00167623 -0.00109354
1778556766.482330 -0.03404197 0.03137230 -0.06395393 -0.00007204 -0.00167931 -0.00108588
1778556766.549030 -0.03321336 0.03168760 -0.06369667 -0.00006276 -0.00165138 -0.00108397
1778556766.615731 -0.03320072 0.03126634 -0.06303393 -0.00005243 -0.00165262 -0.00104477
1778556766.682431 -0.03346230 0.03119730 -0.06302343 -0.00005250 -0.00166164 -0.00104662
1778556766.749130 -0.03331901 0.03105362 -0.06304385 -0.00005172 -0.00166574 -0.00104720
1778556766.815830 -0.03336851 0.03103633 -0.06290150 -0.00004264 -0.00167147 -0.00103723
1778556766.882529 -0.03334107 0.03111066 -0.06290780 -0.00002627 -0.00167641 -0.00104615
1778556766.949228 -0.03333920 0.03118753 -0.06296552 -0.00001814 -0.00168104 -0.00105279
1778556767.015927 -0.03340989 0.03116991 -0.06297071 -0.00001465 -0.00168340 -0.00105605
1778556767.082625 -0.03353390 0.03109855 -0.06306175 -0.00002284 -0.00168525 -0.00105362
1778556767.149323 -0.03336080 0.03121429 -0.06285768 -0.00001329 -0.00167559 -0.00104556
1778556767.216022 -0.03330719 0.03119802 -0.06281845 -0.00001464 -0.00167505 -0.00104170
1778556767.282724 -0.03327539 0.03113705 -0.06279663 -0.00000600 -0.00168230 -0.00105008
1778556767.349427 -0.03330965 0.03111452 -0.06276749 -0.00002770 -0.00167395 -0.00102844
1778556767.416129 -0.03331294 0.03106291 -0.06274267 -0.00002853 -0.00167671 -0.00102798
1778556767.482831 -0.03330680 0.03105914 -0.06273485 -0.00002710 -0.00167764 -0.00102850
1778556767.549532 -0.03329927 0.03131219 -0.06256793 -0.00003082 -0.00164453 -0.00101768
1778556767.616234 -0.03314324 0.03119168 -0.06259888 -0.00001858 -0.00166035 -0.00102043
1778556767.682935 -0.03275396 0.03123687 -0.06243870 0.00001764 -0.00166145 -0.00102382
1778556767.749636 -0.03330838 0.03106214 -0.06273926 -0.00002799 -0.00167714 -0.00102788
1778556767.816337 -0.03330566 0.03084376 -0.06275312 -0.00002139 -0.00170721 -0.00102596
1778556767.883037 -0.03326934 0.03191430 -0.06352544 -0.00010182 -0.00159082 -0.00107685
1778556767.949737 -0.03312242 0.03093053 -0.06289472 -0.00003021 -0.00169797 -0.00103021
1778556768.016437 -0.03312242 0.03093053 -0.06289472 -0.00003021 -0.00169797 -0.00103021
1778556768.083137 -0.03314415 0.03120337 -0.06288061 -0.00002661 -0.00166556 -0.00104573
1778556768.149836 -0.03378989 0.03113299 -0.06267817 -0.00003104 -0.00170746 -0.00105860
1778556768.216535 -0.03382945 0.03110499 -0.06267704 -0.00002993 -0.00172136 -0.00106343
1778556768.283237 -0.03391075 0.03103089 -0.06264003 -0.00003200 -0.00172985 -0.00105922
1778556768.349939 -0.03393254 0.03092658 -0.06266514 -0.00004518 -0.00173766 -0.00105964
1778556768.416640 -0.03404949 0.03102078 -0.06260963 -0.00004777 -0.00173447 -0.00105746
1778556768.483341 -0.03413419 0.03082149 -0.06259797 -0.00006597 -0.00173773 -0.00104853
1778556768.550041 -0.03398237 0.03083031 -0.06253230 -0.00001345 -0.00176503 -0.00109528
1778556768.616742 -0.03383309 0.03078919 -0.06257837 0.00001535 -0.00178025 -0.00112802
1778556768.683442 -0.03401256 0.03080915 -0.06248589 -0.00002317 -0.00175758 -0.00109322
1778556768.750142 -0.03406830 0.03083974 -0.06252469 -0.00005163 -0.00173825 -0.00106442
1778556768.816842 -0.03410985 0.03083893 -0.06253126 -0.00005617 -0.00173863 -0.00105989
1778556768.883541 -0.03415350 0.03083291 -0.06256468 -0.00007401 -0.00172957 -0.00104450
1778556768.950240 -0.03420316 0.03080291 -0.06262692 -0.00008553 -0.00172857 -0.00104254
1778556769.016939 -0.03418770 0.03081804 -0.06258945 -0.00007635 -0.00172505 -0.00104185
1778556769.083638 -0.03418561 0.03079326 -0.06261070 -0.00007678 -0.00172872 -0.00104328
1778556769.150336 -0.03419432 0.03079686 -0.06262402 -0.00008174 -0.00172613 -0.00103978
1778556769.217034 -0.03416938 0.03082346 -0.06255743 -0.00006249 -0.00171718 -0.00104034
1778556769.283736 -0.03414506 0.03082410 -0.06251833 -0.00003382 -0.00172588 -0.00103664
1778556769.350437 -0.03391324 0.03078452 -0.06269865 0.00000159 -0.00170013 -0.00104117
1778556769.417138 -0.03419565 0.03079699 -0.06262621 -0.00008224 -0.00172586 -0.00103951
1778556769.483839 -0.03407762 0.03082391 -0.06274456 -0.00006684 -0.00173724 -0.00103374
1778556769.550540 -0.03384034 0.03096640 -0.06296933 -0.00008928 -0.00177499 -0.00103782
1778556769.617240 -0.03361891 0.03098377 -0.06310310 -0.00010425 -0.00176974 -0.00105086
1778556769.683940 -0.03379167 0.03102296 -0.06297267 -0.00011814 -0.00177310 -0.00103678
1778556769.750640 -0.03383615 0.03094490 -0.06298050 -0.00011754 -0.00175787 -0.00103725
1778556769.817339 -0.03393659 0.03066060 -0.06306678 -0.00009575 -0.00171677 -0.00103589
1778556769.884039 -0.03398266 0.03067936 -0.06293715 -0.00008944 -0.00171354 -0.00103587
1778556769.950737 -0.03395858 0.03081783 -0.06278511 -0.00009711 -0.00173255 -0.00104270
1778556770.017436 -0.03388335 0.03076891 -0.06280851 -0.00010589 -0.00173249 -0.00105006
1778556770.084135 -0.03378545 0.03076498 -0.06292732 -0.00010596 -0.00174771 -0.00104503
1778556770.150833 -0.03385684 0.03084856 -0.06283820 -0.00009915 -0.00175788 -0.00104378
1778556770.217531 -0.03369703 0.03058323 -0.06319795 -0.00009770 -0.00175942 -0.00103802
1778556770.284232 -0.03386173 0.03082664 -0.06283119 -0.00010559 -0.00174734 -0.00104154
1778556770.350933 -0.03384893 0.03081993 -0.06282502 -0.00010734 -0.00174807 -0.00104486
1778556770.417634 -0.03386204 0.03081243 -0.06283509 -0.00010246 -0.00174582 -0.00104398
1778556770.484334 -0.03386010 0.03081300 -0.06283318 -0.00010092 -0.00174587 -0.00104533
1778556770.551034 -0.03385245 0.03081151 -0.06283514 -0.00009999 -0.00174702 -0.00104655
1778556770.617734 -0.03384036 0.03080865 -0.06283485 -0.00009810 -0.00174922 -0.00104900
1778556770.684434 -0.03385830 0.03080500 -0.06282730 -0.00010206 -0.00174152 -0.00104635
1778556770.751133 -0.03385888 0.03080518 -0.06282714 -0.00010146 -0.00174154 -0.00104651
1778556770.817832 -0.03403144 0.03099897 -0.06264948 -0.00010711 -0.00172137 -0.00104313
1778556770.884531 -0.03390146 0.03069180 -0.06286890 -0.00012747 -0.00174080 -0.00105208
1778556770.951230 -0.03368733 0.03055703 -0.06287464 -0.00010459 -0.00176763 -0.00105039
1778556771.017928 -0.03363354 0.03064353 -0.06266939 -0.00009341 -0.00179072 -0.00105183
1778556771.084626 -0.03363354 0.03064353 -0.06266939 -0.00009341 -0.00179072 -0.00105183
1778556771.151324 -0.03302124 0.03141628 -0.06216882 -0.00004060 -0.00178076 -0.00100992
1778556771.218021 -0.03378258 0.03123758 -0.06201186 -0.00003118 -0.00178618 -0.00101122
1778556771.284724 -0.03420142 0.03108838 -0.06185555 -0.00005691 -0.00178968 -0.00101822
1778556771.351426 -0.03401708 0.03076467 -0.06223683 -0.00006115 -0.00178043 -0.00101362
1778556771.418128 -0.03392205 0.03068495 -0.06247409 -0.00006619 -0.00176997 -0.00101378
1778556771.484830 -0.03380802 0.03040063 -0.06247577 -0.00007370 -0.00177232 -0.00101090
1778556771.551532 -0.03378412 0.03030495 -0.06246034 -0.00007908 -0.00177165 -0.00100986
1778556771.618234 -0.03391573 0.03044758 -0.06245371 -0.00008036 -0.00177376 -0.00101424
1778556771.684935 -0.03389768 0.03048286 -0.06241090 -0.00006399 -0.00177750 -0.00102504
1778556771.751636 -0.03377258 0.03067423 -0.06237749 -0.00005257 -0.00176333 -0.00102994
1778556771.818336 -0.03380572 0.03072511 -0.06241513 -0.00007068 -0.00175236 -0.00101595
1778556771.885037 -0.03390894 0.03067048 -0.06256760 -0.00008482 -0.00174395 -0.00100946
1778556771.951737 -0.03397801 0.03062794 -0.06265121 -0.00009095 -0.00174072 -0.00100731
1778556772.018437 -0.03397893 0.03058075 -0.06263197 -0.00008908 -0.00174400 -0.00100839
1778556772.085136 -0.03397056 0.03059030 -0.06262032 -0.00009082 -0.00174321 -0.00100662
1778556772.151836 -0.03397127 0.03058606 -0.06261997 -0.00009012 -0.00174363 -0.00100715
1778556772.218535 -0.03397215 0.03058447 -0.06262055 -0.00009004 -0.00174369 -0.00100724
1778556772.285236 -0.03397192 0.03058502 -0.06262092 -0.00009000 -0.00174368 -0.00100726
1778556772.351937 -0.03240649 0.02905817 -0.05877727 -0.00001268 -0.00185747 -0.00100593
1778556772.418638 -0.03363786 0.02592240 -0.05775906 0.00002876 -0.00195339 -0.00107444
1778556772.485338 -0.03335302 0.02464348 -0.05647763 0.00002549 -0.00197832 -0.00107260
1778556772.552039 -0.03329142 0.02435653 -0.05630609 0.00001405 -0.00197722 -0.00106275
1778556772.618738 -0.03320736 0.02473119 -0.05649083 0.00000126 -0.00196578 -0.00105064
1778556772.685438 -0.03310435 0.02501235 -0.05658897 -0.00001306 -0.00195386 -0.00103699
1778556772.752137 -0.03306416 0.02526178 -0.05687568 -0.00002588 -0.00194005 -0.00102415
1778556772.818836 -0.03316990 0.02529837 -0.05694559 -0.00004112 -0.00193162 -0.00101437
1778556772.885535 -0.03312738 0.02564512 -0.05759231 -0.00004366 -0.00191643 -0.00100983
1778556772.952233 -0.03244262 0.02581284 -0.05654985 -0.00003057 -0.00192571 -0.00100654
1778556773.018932 -0.03217450 0.02598839 -0.05620510 -0.00006939 -0.00190445 -0.00097198
1778556773.085630 -0.03233509 0.02556252 -0.05630550 -0.00009480 -0.00189239 -0.00095640
1778556773.152327 -0.03240377 0.02557350 -0.05630446 -0.00009671 -0.00189264 -0.00095514
1778556773.219025 -0.03240316 0.02556099 -0.05629523 -0.00009540 -0.00189341 -0.00095608
1778556773.285726 -0.03240301 0.02556148 -0.05629553 -0.00009528 -0.00189346 -0.00095617
1778556773.352427 -0.03240281 0.02556213 -0.05629593 -0.00009512 -0.00189354 -0.00095629
1778556773.419128 -0.03240264 0.02556284 -0.05629640 -0.00009495 -0.00189362 -0.00095642
1778556773.485829 -0.03256454 0.02572081 -0.05660460 -0.00010057 -0.00188950 -0.00095467
1778556773.552529 -0.03185790 0.02429871 -0.05445526 -0.00005878 -0.00192168 -0.00097012
1778556773.619229 -0.03134536 0.02359629 -0.05303454 -0.00003000 -0.00194008 -0.00097938
1778556773.685929 -0.03108916 0.02471448 -0.05367096 -0.00005022 -0.00191817 -0.00096399
1778556773.752628 -0.03113025 0.02548394 -0.05458649 -0.00007511 -0.00189767 -0.00095019
1778556773.819327 -0.03380484 0.02088376 -0.05416999 -0.00000524 -0.00198793 -0.00101964
1778556773.886026 -0.03419418 0.01942169 -0.05417974 0.00000824 -0.00200975 -0.00103042
1778556773.952725 -0.03417744 0.01957516 -0.05452613 -0.00000607 -0.00200075 -0.00102375
1778556774.019423 -0.03431716 0.01982708 -0.05505852 -0.00002415 -0.00199115 -0.00101673
1778556774.086122 -0.03451299 0.02000907 -0.05512950 -0.00003732 -0.00198528 -0.00100722
1778556774.152820 -0.03424925 0.02016269 -0.05481138 -0.00004704 -0.00197377 -0.00099533
1778556774.219517 -0.03402170 0.02034748 -0.05434586 -0.00005250 -0.00196582 -0.00098288
1778556774.286304 -0.03374873 0.02037045 -0.05418569 -0.00006282 -0.00196220 -0.00097108
1778556774.353092 -0.03299905 0.02042334 -0.05342883 -0.00002970 -0.00196755 -0.00097824
1778556774.419883 -0.03317003 0.02053774 -0.05393010 -0.00007548 -0.00194955 -0.00095439
1778556774.486675 -0.03304021 0.02041381 -0.05355564 -0.00007561 -0.00194753 -0.00094494
1778556774.553469 -0.03333773 0.02046294 -0.05390577 -0.00007982 -0.00195092 -0.00095347
1778556774.620266 -0.03335560 0.02043838 -0.05385475 -0.00007942 -0.00195101 -0.00095214
1778556774.687064 -0.03332586 0.02042544 -0.05380410 -0.00008106 -0.00194948 -0.00094937
1778556774.753864 -0.03358229 0.02062591 -0.05424801 -0.00009536 -0.00194543 -0.00095453
1778556774.820666 -0.03283359 0.02044071 -0.05325314 -0.00006692 -0.00194403 -0.00094131
1778556774.887470 -0.03327696 0.02042751 -0.05377427 -0.00008014 -0.00194936 -0.00094928
1778556774.954277 -0.03327817 0.02042484 -0.05377586 -0.00007962 -0.00194973 -0.00094976
1778556775.021085 -0.03332303 0.02015946 -0.05349016 -0.00006409 -0.00196069 -0.00094925
1778556775.087895 -0.03326865 0.02047497 -0.05377394 -0.00008128 -0.00194765 -0.00094842
1778556775.154707 -0.03168946 0.02042855 -0.05195329 -0.00001838 -0.00192817 -0.00092967
1778556775.221520 -0.03183761 0.02012069 -0.05206046 -0.00001051 -0.00194407 -0.00093553
1778556775.288236 -0.03282856 0.01987517 -0.05273396 -0.00003212 -0.00196441 -0.00094350
1778556775.354953 -0.03294041 0.01970651 -0.05307262 -0.00003939 -0.00197351 -0.00094386
1778556775.421669 -0.03379759 0.01925242 -0.05352679 -0.00004649 -0.00200161 -0.00094448
1778556775.488385 -0.03369531 0.01981586 -0.05341914 -0.00005850 -0.00196883 -0.00094320
1778556775.555102 -0.03342935 0.02027721 -0.05311037 -0.00005928 -0.00194155 -0.00093793
1778556775.621818 -0.03343824 0.02045804 -0.05274171 -0.00005103 -0.00191673 -0.00091786
1778556775.688534 -0.03371559 0.02030538 -0.05254668 -0.00004785 -0.00192934 -0.00090518
1778556775.755251 -0.03361423 0.02015048 -0.05237787 -0.00003457 -0.00193954 -0.00090381
1778556775.821967 -0.03341164 0.01996605 -0.05224135 -0.00003021 -0.00194269 -0.00089302
1778556775.888683 -0.03340921 0.01973353 -0.05223702 -0.00003910 -0.00194867 -0.00088084
1778556775.955400 -0.03348025 0.01970254 -0.05231310 -0.00004327 -0.00195201 -0.00087573
1778556776.022116 -0.03372870 0.01962622 -0.05228483 -0.00005544 -0.00195417 -0.00086081
1778556776.088832 -0.03368448 0.01976993 -0.05224549 -0.00002455 -0.00196305 -0.00088663
1778556776.155548 -0.03348819 0.01992183 -0.05212182 0.00004713 -0.00199713 -0.00093035
1778556776.222264 -0.03337065 0.01988742 -0.05201768 0.00006226 -0.00200245 -0.00094252
1778556776.288981 -0.03363223 0.01962970 -0.05219430 0.00002082 -0.00200272 -0.00092339
1778556776.355697 -0.03375936 0.01960618 -0.05217882 -0.00002186 -0.00197599 -0.00088534
1778556776.422413 -0.03370606 0.01959497 -0.05220534 -0.00002816 -0.00197051 -0.00087559
1778556776.489129 -0.03399434 0.01943597 -0.05251733 -0.00006769 -0.00197397 -0.00088191
1778556776.555845 -0.03381712 0.01954517 -0.05235354 -0.00005777 -0.00196285 -0.00086903
1778556776.622561 -0.03372290 0.01957362 -0.05210645 -0.00003712 -0.00196277 -0.00086440
1778556776.689278 -0.03374939 0.01962977 -0.05218212 -0.00005448 -0.00194810 -0.00085955
1778556776.755994 -0.03386577 0.01962156 -0.05229906 -0.00007713 -0.00194394 -0.00085922
1778556776.822710 -0.03374039 0.01961718 -0.05210921 -0.00004699 -0.00194262 -0.00086491
1778556776.889426 -0.03347049 0.01959818 -0.05197112 -0.00000372 -0.00196065 -0.00086217
1778556776.956142 -0.03364078 0.01958040 -0.05198237 -0.00002345 -0.00195800 -0.00086245
1778556777.022858 -0.03362955 0.01961373 -0.05221039 -0.00003889 -0.00196728 -0.00087525
1778556777.089574 -0.03363955 0.01943096 -0.05225420 -0.00002961 -0.00202252 -0.00087699
1778556777.156290 -0.03368437 0.01957601 -0.05247667 -0.00006109 -0.00201060 -0.00089740
1778556777.223006 -0.03384089 0.01967786 -0.05266593 -0.00009051 -0.00202032 -0.00093107
1778556777.289724 -0.03355505 0.01977544 -0.05259307 -0.00006777 -0.00196319 -0.00091209
1778556777.356441 -0.03370242 0.01990262 -0.05205229 -0.00002675 -0.00191204 -0.00089387
1778556777.423158 -0.03381372 0.01987785 -0.05181382 -0.00001165 -0.00191680 -0.00088839
1778556777.489875 -0.03377528 0.01973138 -0.05187713 -0.00001838 -0.00192588 -0.00088361
1778556777.556592 -0.03363390 0.01975963 -0.05210556 -0.00002372 -0.00191780 -0.00088821
1778556777.623310 -0.03371611 0.01981375 -0.05201818 -0.00002677 -0.00191333 -0.00088340
1778556777.690027 -0.03375642 0.01966255 -0.05210015 -0.00004241 -0.00192080 -0.00088170
1778556777.756745 -0.03374440 0.01976456 -0.05203609 -0.00003734 -0.00191673 -0.00087847
1778556777.823462 -0.03358719 0.01957423 -0.05225537 -0.00004421 -0.00192429 -0.00087096
1778556777.890179 -0.03367374 0.01948567 -0.05230695 -0.00003495 -0.00193921 -0.00090126
1778556777.956897 -0.03368525 0.01969369 -0.05213334 -0.00003041 -0.00191896 -0.00089016
1778556778.023614 -0.03369513 0.01982495 -0.05200790 -0.00002118 -0.00191542 -0.00088859
1778556778.090332 -0.03371346 0.01985021 -0.05198055 -0.00001954 -0.00191320 -0.00088865
1778556778.157049 -0.03364409 0.01958787 -0.05250978 -0.00005880 -0.00191906 -0.00090110
1778556778.223767 -0.03368820 0.01982018 -0.05200919 -0.00001879 -0.00191636 -0.00089097
1778556778.290483 -0.03368817 0.01982007 -0.05200926 -0.00001875 -0.00191639 -0.00089100
1778556778.357200 -0.03382304 0.01977892 -0.05207858 -0.00004576 -0.00191101 -0.00088889
1778556778.423916 -0.03366418 0.01956818 -0.05220655 -0.00003704 -0.00196694 -0.00089508
1778556778.490633 -0.03368753 0.01982023 -0.05200927 -0.00001860 -0.00191652 -0.00089113
1778556778.557350 -0.03373321 0.01978386 -0.05202412 -0.00002758 -0.00192537 -0.00089144
1778556778.624066 -0.03350350 0.01984805 -0.05199856 0.00001611 -0.00192614 -0.00088438
1778556778.690783 -0.03347210 0.01979352 -0.05216664 -0.00001264 -0.00195962 -0.00088946
1778556778.757499 -0.03329796 0.01972864 -0.05227474 -0.00001188 -0.00203612 -0.00087982
1778556778.824216 -0.03341364 0.01975898 -0.05230187 -0.00005181 -0.00201605 -0.00088171
1778556778.890932 -0.03342080 0.01981354 -0.05233892 -0.00009187 -0.00200055 -0.00091310
1778556778.957649 -0.03371105 0.01985232 -0.05203642 -0.00006944 -0.00199106 -0.00093115
1778556779.024365 -0.03357127 0.01981247 -0.05216939 -0.00006599 -0.00196598 -0.00093487
1778556779.091082 -0.03357655 0.01986848 -0.05211051 -0.00007247 -0.00198824 -0.00092530
1778556779.157799 -0.03341839 0.01985445 -0.05217881 -0.00007805 -0.00200008 -0.00092532
1778556779.224515 -0.03337379 0.01986252 -0.05213230 -0.00008233 -0.00200436 -0.00092875
1778556779.291383 -0.03336803 0.01989152 -0.05202334 -0.00009127 -0.00201421 -0.00093316
1778556779.358252 -0.03329733 0.01985023 -0.05206121 -0.00008775 -0.00202461 -0.00093936
1778556779.425123 -0.03354752 0.01995582 -0.05183428 -0.00008594 -0.00203084 -0.00092979
1778556779.491997 -0.03349247 0.02004054 -0.05175661 -0.00005736 -0.00204076 -0.00096290
1778556779.558872 -0.03334906 0.02001794 -0.05173243 -0.00004070 -0.00204201 -0.00099219
1778556779.625749 -0.03337714 0.01994447 -0.05171768 -0.00006483 -0.00203312 -0.00098056
1778556779.692628 -0.03378004 0.02034067 -0.05123643 -0.00009156 -0.00202510 -0.00093932
1778556779.759509 -0.03357413 0.02018682 -0.05153285 -0.00006853 -0.00202558 -0.00094694
1778556779.826392 -0.03351475 0.02005454 -0.05171358 -0.00007736 -0.00201122 -0.00094000
1778556779.893276 -0.03349439 0.01996981 -0.05177183 -0.00008490 -0.00201512 -0.00094479
1778556779.960163 -0.03350965 0.01996405 -0.05178954 -0.00008829 -0.00201317 -0.00094142
1778556780.027052 -0.03353291 0.02003168 -0.05173643 -0.00008247 -0.00200453 -0.00093758
1778556780.093942 -0.03356263 0.02028872 -0.05144171 -0.00002155 -0.00199771 -0.00093316
1778556780.160835 -0.03354244 0.01996169 -0.05168536 -0.00007665 -0.00203921 -0.00094529
1778556780.227727 -0.03351927 0.01979685 -0.05147793 -0.00006152 -0.00214454 -0.00095498
1778556780.294430 -0.03325768 0.01995371 -0.05128462 -0.00001342 -0.00216349 -0.00094813
1778556780.361132 -0.03298212 0.02017255 -0.05119384 0.00001954 -0.00215469 -0.00093250
1778556780.427834 -0.03304046 0.02020111 -0.05122339 0.00000842 -0.00214047 -0.00092475
1778556780.494536 -0.03312928 0.02008974 -0.05138155 -0.00000740 -0.00211091 -0.00091563
1778556780.561237 -0.03315831 0.02003216 -0.05144265 -0.00001883 -0.00209526 -0.00090829
1778556780.627939 -0.03323181 0.01999332 -0.05143997 -0.00003367 -0.00208766 -0.00090522
1778556780.694639 -0.03324271 0.01987858 -0.05158578 -0.00004097 -0.00207408 -0.00090788
1778556780.761340 -0.03329336 0.01987446 -0.05155446 -0.00004733 -0.00207609 -0.00090656
1778556780.828041 -0.03386371 0.01991747 -0.05142899 -0.00006907 -0.00208140 -0.00092223
1778556780.894741 -0.03370719 0.01999816 -0.05130767 -0.00008167 -0.00207039 -0.00088520
1778556780.961441 -0.03338268 0.01995770 -0.05136329 -0.00006638 -0.00206636 -0.00088814
1778556781.028141 -0.03343994 0.01990199 -0.05143763 -0.00008162 -0.00205749 -0.00088099
1778556781.094840 -0.03342180 0.01988998 -0.05133367 -0.00008453 -0.00206175 -0.00087330
1778556781.161540 -0.03347936 0.01986700 -0.05142310 -0.00009097 -0.00205696 -0.00087274
1778556781.228239 -0.03348155 0.01986192 -0.05142279 -0.00009131 -0.00205699 -0.00087267
1778556781.294941 -0.03348131 0.01986172 -0.05142243 -0.00009126 -0.00205704 -0.00087270
1778556781.361643 -0.03348113 0.01986144 -0.05142210 -0.00009122 -0.00205708 -0.00087272
1778556781.428344 -0.03348091 0.01986115 -0.05142171 -0.00009118 -0.00205712 -0.00087275
1778556781.495046 -0.03348078 0.01986069 -0.05142134 -0.00009116 -0.00205716 -0.00087276
1778556781.561747 -0.03348065 0.01986017 -0.05142093 -0.00009114 -0.00205719 -0.00087277
1778556781.628448 -0.03228122 0.02020695 -0.04931230 -0.00000047 -0.00213958 -0.00086629
1778556781.695148 -0.03282820 0.01853238 -0.04915530 0.00004102 -0.00219785 -0.00093375
1778556781.761848 -0.03281320 0.01847426 -0.04919982 0.00003831 -0.00219617 -0.00093405
1778556781.828548 -0.03258055 0.01789318 -0.04806674 0.00007740 -0.00224684 -0.00096103
1778556781.895248 -0.03236638 0.01790705 -0.04786989 0.00006692 -0.00224173 -0.00094590
1778556781.961947 -0.03243188 0.01788703 -0.04797495 0.00005018 -0.00223177 -0.00093136
1778556782.028647 -0.03282945 0.01733748 -0.04873249 0.00003382 -0.00222149 -0.00092876
1778556782.095346 -0.03363924 0.01709083 -0.04906161 -0.00001445 -0.00219437 -0.00091265
1778556782.162045 -0.03324888 0.01602887 -0.04779144 -0.00002828 -0.00221067 -0.00091164
1778556782.228743 -0.03251402 0.01631605 -0.04694758 0.00000784 -0.00222858 -0.00092541
1778556782.295445 -0.03253271 0.01657003 -0.04681644 -0.00000516 -0.00222091 -0.00091159
1778556782.362146 -0.03257755 0.01693075 -0.04706976 -0.00001071 -0.00221155 -0.00090500
1778556782.428848 -0.03278042 0.01729415 -0.04745665 -0.00002746 -0.00219673 -0.00089309
1778556782.495548 -0.03269955 0.01719884 -0.04764365 -0.00002663 -0.00219340 -0.00089228
1778556782.562249 -0.03311273 0.01847076 -0.04937483 -0.00007054 -0.00213382 -0.00085679
1778556782.628950 -0.03288986 0.01887875 -0.04964128 -0.00008356 -0.00211505 -0.00084146
1778556782.695650 -0.03289089 0.01888649 -0.04960857 -0.00008316 -0.00211581 -0.00084164
1778556782.762350 -0.03289236 0.01888148 -0.04960857 -0.00008335 -0.00211561 -0.00084166
1778556782.829050 -0.03289132 0.01888340 -0.04960740 -0.00008368 -0.00211560 -0.00084125
1778556782.895749 -0.03289150 0.01888176 -0.04960671 -0.00008395 -0.00211549 -0.00084106
1778556782.962448 -0.03289156 0.01888015 -0.04960591 -0.00008418 -0.00211540 -0.00084088
1778556783.029147 -0.03240583 0.01825865 -0.04824584 -0.00006535 -0.00213896 -0.00084868
1778556783.095845 -0.03114706 0.01869194 -0.04733528 -0.00006635 -0.00213185 -0.00083056
1778556783.162544 -0.03287738 0.01889270 -0.04959359 -0.00008499 -0.00211538 -0.00083930
1778556783.229242 -0.03422341 0.01645124 -0.04933311 -0.00003623 -0.00217308 -0.00089528
1778556783.295945 -0.03393651 0.01737135 -0.05028128 -0.00006247 -0.00214187 -0.00087712
1778556783.362647 -0.03355413 0.01699896 -0.04865391 -0.00005555 -0.00215834 -0.00086914
1778556783.429349 -0.03473480 0.01255287 -0.04662723 0.00000709 -0.00224915 -0.00092599
1778556783.496051 -0.03407685 0.01305288 -0.04587627 -0.00000776 -0.00223728 -0.00090266
1778556783.562752 -0.03197709 0.01346431 -0.04383775 -0.00001689 -0.00222475 -0.00086452
1778556783.629454 -0.03174407 0.01496141 -0.04407269 -0.00001912 -0.00220823 -0.00085820
1778556783.696155 -0.03215169 0.01461633 -0.04467769 -0.00003352 -0.00220262 -0.00085387
1778556783.762856 -0.03261984 0.01526849 -0.04569947 -0.00005471 -0.00218364 -0.00084609
1778556783.829556 -0.03251923 0.01567435 -0.04596283 -0.00006048 -0.00217429 -0.00084040
1778556783.896256 -0.03231290 0.01702989 -0.04708544 -0.00006643 -0.00215044 -0.00083985
1778556783.962956 -0.03287924 0.01815273 -0.04920280 -0.00008491 -0.00212311 -0.00083911
1778556784.029656 -0.03254455 0.01736284 -0.04774750 -0.00007514 -0.00213989 -0.00083520
1778556784.096356 -0.03236790 0.01571551 -0.04597756 -0.00006311 -0.00216620 -0.00083293
1778556784.163055 -0.03243907 0.01714928 -0.04749236 -0.00006713 -0.00214507 -0.00083825
1778556784.229755 -0.03287596 0.01885081 -0.04957363 -0.00008592 -0.00211487 -0.00083930
1778556784.296457 -0.03287543 0.01884878 -0.04957194 -0.00008619 -0.00211475 -0.00083908
1778556784.363158 -0.03287429 0.01884689 -0.04956967 -0.00008636 -0.00211468 -0.00083893
1778556784.429860 -0.03287307 0.01884501 -0.04956733 -0.00008650 -0.00211463 -0.00083880
1778556784.496561 -0.03287169 0.01884319 -0.04956484 -0.00008662 -0.00211458 -0.00083868
1778556784.563262 -0.03287017 0.01884143 -0.04956225 -0.00008670 -0.00211455 -0.00083859
1778556784.629963 -0.03190851 0.01316464 -0.04314803 -0.00002087 -0.00220329 -0.00083055
1778556784.696663 -0.03268988 0.01273809 -0.04411157 -0.00002454 -0.00220875 -0.00083655
1778556784.763364 -0.03302122 0.01821393 -0.04927538 -0.00008493 -0.00212341 -0.00083709
1778556784.830064 -0.03286186 0.01883436 -0.04954959 -0.00008675 -0.00211456 -0.00083839
1778556784.896763 -0.03368942 0.01920440 -0.05054893 -0.00009867 -0.00211075 -0.00084597
1778556784.963462 -0.02817093 0.01884009 -0.04370309 -0.00000598 -0.00211204 -0.00082753
1778556785.030162 -0.03333654 0.01165023 -0.04447214 -0.00004137 -0.00220285 -0.00081684
1778556785.096860 -0.03280276 0.01175789 -0.04424378 -0.00004351 -0.00219360 -0.00080815
1778556785.163559 -0.03263723 0.01184502 -0.04410647 -0.00004724 -0.00218521 -0.00080212
1778556785.230258 -0.03297862 0.01189941 -0.04434974 -0.00005879 -0.00219118 -0.00080177
1778556785.296960 -0.03316484 0.01202473 -0.04443540 -0.00006204 -0.00219129 -0.00080338
1778556785.363663 -0.03293626 0.01198546 -0.04434226 -0.00005772 -0.00218989 -0.00080209
1778556785.430365 -0.03306407 0.01187488 -0.04440551 -0.00005780 -0.00219456 -0.00079975
1778556785.497067 -0.03315148 0.01185055 -0.04442823 -0.00005518 -0.00219541 -0.00080199
1778556785.563769 -0.03294638 0.01179991 -0.04422259 -0.00005028 -0.00219444 -0.00080107
1778556785.630470 -0.03274115 0.01181527 -0.04428452 -0.00005975 -0.00219607 -0.00080630
1778556785.697171 -0.03262841 0.01177884 -0.04414198 -0.00004305 -0.00219509 -0.00080303
1778556785.763872 -0.03262786 0.01177498 -0.04414027 -0.00004295 -0.00219522 -0.00080277
1778556785.830573 -0.03272121 0.01174116 -0.04424388 -0.00005610 -0.00219856 -0.00080268
1778556785.897274 -0.03262731 0.01177406 -0.04414037 -0.00004320 -0.00219507 -0.00080256
1778556785.963974 -0.03262689 0.01177369 -0.04414036 -0.00004329 -0.00219501 -0.00080248
1778556786.030674 -0.03324634 0.01238288 -0.04420760 -0.00013436 -0.00210985 -0.00078402
1778556786.097373 -0.03345932 0.01232187 -0.04419800 -0.00011282 -0.00213703 -0.00079139
1778556786.164073 -0.03363482 0.01197298 -0.04444673 -0.00008864 -0.00221258 -0.00079952
1778556786.230772 -0.03339083 0.01174517 -0.04449535 -0.00007819 -0.00223390 -0.00081176
1778556786.297474 -0.03307435 0.01164786 -0.04461205 -0.00009395 -0.00223604 -0.00081042
1778556786.364177 -0.03305624 0.01169497 -0.04466723 -0.00010556 -0.00223594 -0.00082092
1778556786.430878 -0.03321750 0.01181424 -0.04466263 -0.00011009 -0.00222857 -0.00083464
1778556786.497580 -0.03324682 0.01193718 -0.04459734 -0.00010241 -0.00220829 -0.00083607
1778556786.564281 -0.03314938 0.01204777 -0.04456348 -0.00009237 -0.00219075 -0.00083703
1778556786.630982 -0.03289838 0.01196339 -0.04461992 -0.00009852 -0.00219429 -0.00084225
1778556786.697683 -0.03280918 0.01198026 -0.04461914 -0.00008599 -0.00220070 -0.00085637
1778556786.764383 -0.03276857 0.01198246 -0.04466521 -0.00008200 -0.00220096 -0.00086329
1778556786.831084 -0.03271124 0.01194679 -0.04471937 -0.00009204 -0.00219063 -0.00085527
1778556786.897784 -0.03286426 0.01187609 -0.04474778 -0.00011650 -0.00219921 -0.00085793
1778556786.964483 -0.03287591 0.01192086 -0.04474731 -0.00010874 -0.00219457 -0.00086066
1778556787.031183 -0.03283280 0.01193108 -0.04476279 -0.00010606 -0.00218905 -0.00085973
1778556787.097882 -0.03284157 0.01190481 -0.04476519 -0.00010851 -0.00219738 -0.00086372
1778556787.164581 -0.03286098 0.01201785 -0.04472947 -0.00010464 -0.00218017 -0.00086373
1778556787.231280 -0.03279870 0.01204998 -0.04471406 -0.00009792 -0.00217196 -0.00085662
1778556787.297983 -0.03289632 0.01199543 -0.04475017 -0.00011913 -0.00217697 -0.00085711
1778556787.364686 -0.03280324 0.01204410 -0.04471610 -0.00009953 -0.00217163 -0.00085535
1778556787.431388 -0.03280535 0.01199413 -0.04474414 -0.00010223 -0.00219819 -0.00086269
1778556787.498090 -0.03318371 0.01199062 -0.04477773 -0.00017687 -0.00212530 -0.00084383
1778556787.564792 -0.03314041 0.01226769 -0.04400396 0.00000006 -0.00226891 -0.00086969
1778556787.631494 -0.03294087 0.01222850 -0.04421729 -0.00000404 -0.00225654 -0.00086554
1778556787.698195 -0.03273545 0.01218721 -0.04443335 -0.00001175 -0.00225058 -0.00085867
1778556787.764896 -0.03238691 0.01212750 -0.04475340 -0.00003891 -0.00224157 -0.00084988
1778556787.831597 -0.03244969 0.01210603 -0.04477387 -0.00006195 -0.00223348 -0.00084574
1778556787.898298 -0.03212919 0.01206356 -0.04493432 -0.00006775 -0.00221965 -0.00084911
1778556787.964998 -0.03212919 0.01206356 -0.04493432 -0.00006775 -0.00221965 -0.00084911
1778556788.031699 -0.03350681 0.01214260 -0.04444173 -0.00007564 -0.00220538 -0.00083014
1778556788.098399 -0.03350681 0.01214260 -0.04444173 -0.00007564 -0.00220538 -0.00083014
1778556788.165098 -0.03366293 0.01211276 -0.04449386 -0.00007723 -0.00219477 -0.00081338
1778556788.231798 -0.03376228 0.01233778 -0.04480133 -0.00006661 -0.00224044 -0.00076507
1778556788.298501 -0.03371028 0.01228967 -0.04490245 -0.00006052 -0.00224174 -0.00076429
1778556788.365203 -0.03363190 0.01225239 -0.04493605 -0.00005591 -0.00223650 -0.00076986
1778556788.431906 -0.03364534 0.01234627 -0.04487215 -0.00005813 -0.00224424 -0.00077113
1778556788.498607 -0.03361887 0.01248432 -0.04476768 -0.00005530 -0.00226450 -0.00078001
1778556788.565309 -0.03359429 0.01247489 -0.04478255 -0.00005006 -0.00226452 -0.00078314
1778556788.632010 -0.03360103 0.01248326 -0.04480189 -0.00004056 -0.00226522 -0.00078420
1778556788.698712 -0.03358767 0.01251412 -0.04479791 -0.00002875 -0.00227124 -0.00079033
1778556788.765413 -0.03331456 0.01268989 -0.04464255 0.00005749 -0.00230696 -0.00087033
1778556788.832113 -0.03353570 0.01266688 -0.04468464 0.00001699 -0.00228385 -0.00083156
1778556788.898814 -0.03367588 0.01265445 -0.04457878 0.00001718 -0.00226495 -0.00082656
1778556788.965514 -0.03371438 0.01257290 -0.04453797 -0.00000143 -0.00225433 -0.00081916
1778556789.032214 -0.03394434 0.01245750 -0.04450827 -0.00008137 -0.00221745 -0.00076551
1778556789.098914 -0.03395847 0.01243712 -0.04457159 -0.00012247 -0.00222003 -0.00074776
1778556789.165613 -0.03381778 0.01240247 -0.04473395 -0.00011598 -0.00223115 -0.00075442
1778556789.232312 -0.03379334 0.01242797 -0.04475989 -0.00007455 -0.00223753 -0.00076549
1778556789.299014 -0.03384254 0.01237272 -0.04472831 -0.00007014 -0.00222807 -0.00076376
1778556789.365716 -0.03387387 0.01235383 -0.04469882 -0.00006871 -0.00222353 -0.00076309
1778556789.432417 -0.03413081 0.01215973 -0.04443619 -0.00014636 -0.00217802 -0.00073824
1778556789.499118 -0.03373845 0.01242162 -0.04475557 -0.00007815 -0.00223920 -0.00077338
1778556789.565819 -0.03373845 0.01242162 -0.04475557 -0.00007815 -0.00223920 -0.00077338
1778556789.632519 -0.03373528 0.01245810 -0.04462647 -0.00005542 -0.00224427 -0.00079737
1778556789.699220 -0.03386542 0.01256627 -0.04474722 0.00003427 -0.00224940 -0.00079450
1778556789.765920 -0.03392639 0.01260614 -0.04461463 0.00002254 -0.00225864 -0.00079293
1778556789.832620 -0.03383126 0.01257514 -0.04460774 -0.00001271 -0.00227388 -0.00079837
1778556789.899319 -0.03366265 0.01245422 -0.04469888 -0.00004630 -0.00225143 -0.00080355
1778556789.966018 -0.03370252 0.01240124 -0.04462623 -0.00007721 -0.00224404 -0.00080290
1778556790.032717 -0.03367291 0.01244222 -0.04460372 -0.00006738 -0.00225438 -0.00080999
1778556790.099416 -0.03363081 0.01245994 -0.04459757 -0.00006320 -0.00226072 -0.00081835
1778556790.166115 -0.03360884 0.01246960 -0.04459676 -0.00005990 -0.00226417 -0.00082295
1778556790.232813 -0.03360467 0.01247135 -0.04459974 -0.00005923 -0.00226452 -0.00082327
1778556790.299515 -0.03362634 0.01247644 -0.04459643 -0.00005551 -0.00226159 -0.00081975
1778556790.366217 -0.03362281 0.01246460 -0.04455676 -0.00005562 -0.00225827 -0.00082697
1778556790.432918 -0.03367500 0.01245097 -0.04455533 -0.00006607 -0.00225502 -0.00082027
1778556790.499619 -0.03371557 0.01246307 -0.04456096 -0.00006817 -0.00225492 -0.00081300
1778556790.566320 -0.03370529 0.01244484 -0.04456740 -0.00008343 -0.00225489 -0.00081442
1778556790.633020 -0.03387261 0.01246803 -0.04444776 -0.00004440 -0.00224630 -0.00080275
1778556790.699721 -0.03379754 0.01253617 -0.04446268 -0.00005178 -0.00227162 -0.00081168
1778556790.766421 -0.03378890 0.01267926 -0.04436474 -0.00004811 -0.00231512 -0.00082741
1778556790.833120 -0.03360267 0.01275587 -0.04446238 -0.00002398 -0.00233898 -0.00082467
1778556790.899820 -0.03365366 0.01285124 -0.04444528 0.00000815 -0.00235314 -0.00081898
1778556790.966519 -0.03370082 0.01281133 -0.04448500 0.00000413 -0.00232743 -0.00080963
1778556791.033218 -0.03379948 0.01268585 -0.04452381 -0.00001617 -0.00228220 -0.00079955
1778556791.099917 -0.03381340 0.01251399 -0.04453059 -0.00004696 -0.00224768 -0.00080165
1778556791.166615 -0.03384504 0.01249996 -0.04441528 -0.00007716 -0.00226893 -0.00081132
1778556791.233314 -0.03363246 0.01243003 -0.04464326 -0.00007743 -0.00225953 -0.00081586
1778556791.300015 -0.03347271 0.01240986 -0.04477580 -0.00007220 -0.00226144 -0.00081777
1778556791.366717 -0.03363553 0.01243937 -0.04461724 -0.00007430 -0.00225830 -0.00081832
1778556791.433419 -0.03367700 0.01242128 -0.04460575 -0.00007944 -0.00224996 -0.00081149
1778556791.500120 -0.03370699 0.01243418 -0.04458773 -0.00007633 -0.00225028 -0.00080879
1778556791.566821 -0.03371091 0.01243444 -0.04458702 -0.00007643 -0.00225002 -0.00080810
1778556791.633521 -0.03371267 0.01243406 -0.04458859 -0.00007675 -0.00224981 -0.00080767
1778556791.700222 -0.03380341 0.01249218 -0.04448990 -0.00007188 -0.00225583 -0.00081276
1778556791.766922 -0.03408322 0.01288748 -0.04418008 -0.00004041 -0.00233798 -0.00082173
1778556791.833622 -0.03400725 0.01284106 -0.04430546 -0.00001941 -0.00233373 -0.00082624
1778556791.900321 -0.03423245 0.01268735 -0.04436796 -0.00000043 -0.00230468 -0.00082418
1778556791.967021 -0.03410777 0.01274502 -0.04433046 -0.00002839 -0.00230419 -0.00081674
1778556792.033720 -0.03395802 0.01289657 -0.04424562 -0.00005639 -0.00231686 -0.00081515
1778556792.100418 -0.03387258 0.01293337 -0.04407082 -0.00006923 -0.00231466 -0.00083275
1778556792.167117 -0.03404665 0.01298030 -0.04396333 -0.00007034 -0.00230304 -0.00084789
1778556792.233815 -0.03414890 0.01302677 -0.04399500 -0.00008398 -0.00229045 -0.00083436
1778556792.300517 -0.03426260 0.01318702 -0.04410199 -0.00009264 -0.00229480 -0.00082025
1778556792.367219 -0.03434365 0.01318042 -0.04438490 -0.00011186 -0.00228860 -0.00078307
1778556792.433920 -0.03412287 0.01379375 -0.04455023 0.00009401 -0.00239084 -0.00093176
1778556792.500622 -0.03406588 0.01365444 -0.04432789 0.00001902 -0.00235781 -0.00088998
1778556792.567323 -0.03423465 0.01340614 -0.04436324 -0.00009391 -0.00230109 -0.00081268
1778556792.634023 -0.03436991 0.01346674 -0.04451311 -0.00005619 -0.00231407 -0.00083329
1778556792.700724 -0.03457185 0.01334127 -0.04460839 -0.00009030 -0.00229000 -0.00080372
1778556792.767424 -0.03446032 0.01340266 -0.04459668 -0.00011876 -0.00228268 -0.00078556
1778556792.834124 -0.03453809 0.01328137 -0.04462622 -0.00016539 -0.00225930 -0.00075227
1778556792.900824 -0.03451848 0.01329947 -0.04462557 -0.00015944 -0.00226445 -0.00075511
1778556792.967523 -0.03441492 0.01340076 -0.04458955 -0.00012266 -0.00228463 -0.00078187
1778556793.034223 -0.03439775 0.01343729 -0.04459571 -0.00011451 -0.00228898 -0.00078767
1778556793.100921 -0.03500299 0.01247495 -0.04443789 -0.00010905 -0.00224965 -0.00079203
1778556793.167620 -0.03449373 0.01331328 -0.04463533 -0.00010576 -0.00228818 -0.00078824
1778556793.234318 -0.03424924 0.01357638 -0.04471288 -0.00010749 -0.00229763 -0.00079020
1778556793.301021 -0.03412271 0.01380735 -0.04479809 -0.00010632 -0.00230876 -0.00078757
1778556793.367724 -0.03417206 0.01372028 -0.04465282 -0.00011815 -0.00230114 -0.00078555
1778556793.434426 -0.03346046 0.01381686 -0.04401263 -0.00016136 -0.00230562 -0.00079473
1778556793.501128 -0.03422389 0.01367491 -0.04470002 -0.00010962 -0.00230164 -0.00078800
1778556793.567830 -0.03427302 0.01360876 -0.04468174 -0.00011214 -0.00229772 -0.00078657
1778556793.634531 -0.03442659 0.01341099 -0.04466838 -0.00010928 -0.00228853 -0.00078697
1778556793.701232 -0.03423052 0.01347536 -0.04447835 -0.00011964 -0.00229226 -0.00079182
1778556793.767933 -0.03413565 0.01385425 -0.04463565 -0.00012336 -0.00230763 -0.00078365
1778556793.834634 -0.03421479 0.01356530 -0.04450684 -0.00012296 -0.00229459 -0.00078847
1778556793.901334 -0.03420036 0.01358085 -0.04450557 -0.00012235 -0.00229557 -0.00078910
1778556793.968035 -0.03419569 0.01358458 -0.04450379 -0.00012212 -0.00229586 -0.00078941
1778556794.034734 -0.03419597 0.01358417 -0.04450399 -0.00012216 -0.00229582 -0.00078936
1778556794.101434 -0.03419623 0.01358379 -0.04450419 -0.00012219 -0.00229579 -0.00078933
1778556794.168133 -0.03430012 0.01322442 -0.04443528 -0.00011224 -0.00228558 -0.00079808
1778556794.234833 -0.03430012 0.01322442 -0.04443528 -0.00011224 -0.00228558 -0.00079808
1778556794.301535 -0.03419857 0.01237816 -0.04399577 -0.00011159 -0.00225508 -0.00082000
1778556794.368236 -0.03434587 0.01220921 -0.04419461 -0.00010155 -0.00224717 -0.00081753
1778556794.434938 -0.03427690 0.01237775 -0.04411673 -0.00011567 -0.00224554 -0.00081118
1778556794.501639 -0.03398400 0.01252457 -0.04379228 -0.00013190 -0.00225070 -0.00081722
1778556794.568340 -0.03384807 0.01251871 -0.04345384 -0.00013272 -0.00225017 -0.00083140
1778556794.635040 -0.03389158 0.01252394 -0.04343434 -0.00013312 -0.00225421 -0.00083247
1778556794.701741 -0.03399157 0.01240452 -0.04353071 -0.00012227 -0.00225071 -0.00083616
1778556794.768441 -0.03424893 0.01216233 -0.04380994 -0.00010372 -0.00224413 -0.00083367
1778556794.835140 -0.03394369 0.01263763 -0.04365903 -0.00005765 -0.00228311 -0.00087493
1778556794.901840 -0.03371501 0.01299295 -0.04355242 -0.00002710 -0.00231484 -0.00090379
1778556794.968539 -0.03358574 0.01321622 -0.04346865 -0.00002211 -0.00232656 -0.00091304
1778556795.035238 -0.03361741 0.01328062 -0.04351220 -0.00001324 -0.00233047 -0.00091767
1778556795.101937 -0.03368747 0.01322228 -0.04354767 -0.00002778 -0.00232132 -0.00090633
1778556795.168636 -0.03382160 0.01303641 -0.04355923 -0.00004848 -0.00230511 -0.00089059
1778556795.235334 -0.03392044 0.01296322 -0.04365195 -0.00004445 -0.00230246 -0.00088742
1778556795.302119 -0.03401204 0.01281113 -0.04366879 -0.00005722 -0.00229131 -0.00087568
1778556795.368907 -0.03408482 0.01273079 -0.04369749 -0.00007081 -0.00228086 -0.00086467
1778556795.435697 -0.03407412 0.01279780 -0.04368183 -0.00008638 -0.00227950 -0.00085464
1778556795.502488 -0.03400244 0.01298737 -0.04369199 -0.00009040 -0.00228479 -0.00085293
1778556795.569281 -0.03389921 0.01307171 -0.04365271 -0.00009128 -0.00228823 -0.00085604
1778556795.636076 -0.03395419 0.01295532 -0.04362938 -0.00010029 -0.00227945 -0.00084996
1778556795.702874 -0.03435145 0.01256304 -0.04346395 -0.00010859 -0.00226006 -0.00084228
1778556795.769673 -0.03435762 0.01239377 -0.04327392 -0.00010244 -0.00225721 -0.00085403
1778556795.836474 -0.03408038 0.01235194 -0.04296782 -0.00012592 -0.00225289 -0.00085543
1778556795.903277 -0.03403115 0.01217017 -0.04299279 -0.00012301 -0.00225062 -0.00085874
1778556795.970082 -0.03424569 0.01213682 -0.04326530 -0.00009397 -0.00225809 -0.00086216
1778556796.036889 -0.03438851 0.01224910 -0.04362689 -0.00007361 -0.00227306 -0.00085839
1778556796.103698 -0.03438851 0.01224910 -0.04362689 -0.00007361 -0.00227306 -0.00085839
1778556796.170509 -0.03455966 0.01221080 -0.04366646 -0.00007267 -0.00226322 -0.00085159
1778556796.237320 -0.03447545 0.01217758 -0.04344596 -0.00008331 -0.00225741 -0.00085399
1778556796.304037 -0.03434437 0.01190700 -0.04314179 -0.00010345 -0.00224074 -0.00085352
1778556796.370754 -0.03419937 0.01167621 -0.04288166 -0.00013158 -0.00222440 -0.00084748
1778556796.437471 -0.03427013 0.01179818 -0.04299808 -0.00014665 -0.00222225 -0.00083292
1778556796.504188 -0.03437814 0.01199203 -0.04317716 -0.00013748 -0.00223104 -0.00083049
1778556796.570905 -0.03447741 0.01196293 -0.04322540 -0.00012575 -0.00222867 -0.00083279
1778556796.637622 -0.03434583 0.01202458 -0.04319975 -0.00011290 -0.00224000 -0.00084504
1778556796.704339 -0.03439797 0.01197225 -0.04316945 -0.00010860 -0.00223876 -0.00084654
1778556796.771056 -0.03451965 0.01182412 -0.04313837 -0.00010067 -0.00223159 -0.00084804
1778556796.837773 -0.03453511 0.01179806 -0.04315355 -0.00010103 -0.00222869 -0.00084725
1778556796.904490 -0.03415136 0.01151983 -0.04278708 -0.00014890 -0.00220876 -0.00084248
1778556796.971207 -0.03410397 0.01148800 -0.04258972 -0.00017103 -0.00220048 -0.00084039
1778556797.037924 -0.03414935 0.01165452 -0.04277018 -0.00015276 -0.00221355 -0.00084400
1778556797.104641 -0.03412266 0.01158400 -0.04262547 -0.00016503 -0.00220398 -0.00084191
1778556797.171358 -0.03401403 0.01149685 -0.04275029 -0.00014485 -0.00221214 -0.00085242
1778556797.238075 -0.03410930 0.01153455 -0.04277717 -0.00014118 -0.00221106 -0.00084820
1778556797.304792 -0.03410553 0.01165392 -0.04273263 -0.00015091 -0.00221418 -0.00084661
1778556797.371509 -0.03405158 0.01169639 -0.04270400 -0.00015452 -0.00221638 -0.00084781
1778556797.438226 -0.03394565 0.01165332 -0.04259484 -0.00015392 -0.00221717 -0.00085548
1778556797.504942 -0.03388850 0.01168282 -0.04256128 -0.00014790 -0.00222106 -0.00086363
1778556797.571659 -0.03381327 0.01172177 -0.04237323 -0.00012802 -0.00222742 -0.00088881
1778556797.638376 -0.03372541 0.01167777 -0.04220091 -0.00012194 -0.00222601 -0.00090266
1778556797.705093 -0.03362158 0.01162001 -0.04205745 -0.00013723 -0.00221905 -0.00090224
1778556797.771809 -0.03372390 0.01167968 -0.04212505 -0.00012534 -0.00222249 -0.00090231
1778556797.838526 -0.03372592 0.01167873 -0.04213101 -0.00012530 -0.00222261 -0.00090184
1778556797.905243 -0.03372684 0.01167762 -0.04213314 -0.00012608 -0.00222241 -0.00090126
1778556797.971960 -0.03372679 0.01167779 -0.04213328 -0.00012605 -0.00222243 -0.00090126
1778556798.038676 -0.03372676 0.01167794 -0.04213343 -0.00012603 -0.00222244 -0.00090126
1778556798.105393 -0.03333180 0.01162590 -0.04184403 -0.00018067 -0.00220947 -0.00090233
1778556798.172110 -0.03331750 0.01157619 -0.04180061 -0.00017909 -0.00221182 -0.00090467
1778556798.238827 -0.03337591 0.01160898 -0.04179121 -0.00018253 -0.00220846 -0.00090293
1778556798.305543 -0.03337327 0.01163344 -0.04183197 -0.00017182 -0.00221682 -0.00090743
1778556798.372260 -0.03326771 0.01141848 -0.04179572 -0.00016287 -0.00220592 -0.00091183
1778556798.438976 -0.03333401 0.01146855 -0.04184504 -0.00015840 -0.00220884 -0.00090882
1778556798.505692 -0.03330003 0.01146650 -0.04181899 -0.00016084 -0.00220939 -0.00091104
1778556798.572409 -0.03329239 0.01151491 -0.04184279 -0.00016046 -0.00221398 -0.00091061
1778556798.639125 -0.03327707 0.01156718 -0.04173683 -0.00015734 -0.00221774 -0.00092465
1778556798.705842 -0.03330180 0.01161674 -0.04173619 -0.00015118 -0.00222119 -0.00092803
1778556798.772558 -0.03328933 0.01161353 -0.04174308 -0.00014823 -0.00222094 -0.00092953
1778556798.839274 -0.03330253 0.01161090 -0.04172659 -0.00015279 -0.00221799 -0.00092702
1778556798.905990 -0.03331487 0.01162967 -0.04173846 -0.00014487 -0.00222020 -0.00092920
1778556798.972707 -0.03332000 0.01162926 -0.04173867 -0.00014355 -0.00222010 -0.00092899
1778556799.039423 -0.03328893 0.01162430 -0.04175965 -0.00014053 -0.00222134 -0.00092977
1778556799.106140 -0.03325260 0.01162947 -0.04174448 -0.00014472 -0.00222186 -0.00093077
1778556799.172856 -0.03329063 0.01162420 -0.04169916 -0.00014907 -0.00221987 -0.00093069
1778556799.239573 -0.03328356 0.01162539 -0.04169122 -0.00014880 -0.00222024 -0.00093183
1778556799.306289 -0.03328831 0.01162369 -0.04169567 -0.00014872 -0.00221988 -0.00093112
1778556799.373006 -0.03336826 0.01159687 -0.04171955 -0.00014673 -0.00221232 -0.00092809
1778556799.439723 -0.03346082 0.01159595 -0.04176636 -0.00014274 -0.00221144 -0.00092276
1778556799.506439 -0.03332876 0.01165184 -0.04173676 -0.00014468 -0.00222142 -0.00092878
1778556799.573156 -0.03330768 0.01164634 -0.04174152 -0.00014446 -0.00222235 -0.00092888
1778556799.639873 -0.03309371 0.01160003 -0.04162426 -0.00016010 -0.00222190 -0.00094035
1778556799.706590 -0.03336605 0.01155847 -0.04162555 -0.00014813 -0.00221011 -0.00093401
1778556799.773306 -0.03330186 0.01164891 -0.04172225 -0.00014546 -0.00222261 -0.00093093
1778556799.840023 -0.03330167 0.01164929 -0.04172243 -0.00014541 -0.00222265 -0.00093093
1778556799.906740 -0.03341519 0.01157348 -0.04164135 -0.00014853 -0.00221127 -0.00093192
1778556799.973457 -0.03330163 0.01167289 -0.04170407 -0.00014827 -0.00222451 -0.00093118
1778556800.040173 -0.03330131 0.01165019 -0.04172314 -0.00014531 -0.00222275 -0.00093092
1778556800.106890 -0.03283915 0.01155606 -0.04132862 -0.00018513 -0.00221872 -0.00096245
1778556800.173607 -0.03283915 0.01155606 -0.04132862 -0.00018513 -0.00221872 -0.00096245
1778556800.240324 -0.03330694 0.01162281 -0.04174150 -0.00014211 -0.00222096 -0.00093107
1778556800.307040 -0.03330914 0.01158804 -0.04174390 -0.00014131 -0.00221742 -0.00092968
1778556800.373757 -0.03358369 0.01157946 -0.04159952 -0.00014418 -0.00221043 -0.00093507
1778556800.440474 -0.03327468 0.01150054 -0.04155303 -0.00015061 -0.00220932 -0.00094405
1778556800.507190 -0.03328506 0.01169158 -0.04157959 -0.00015333 -0.00222448 -0.00094493
1778556800.573907 -0.03309911 0.01151620 -0.04136135 -0.00017120 -0.00220854 -0.00095358
1778556800.640624 -0.03319136 0.01163880 -0.04138645 -0.00016862 -0.00221855 -0.00094756
1778556800.707340 -0.03339946 0.01166770 -0.04152484 -0.00015897 -0.00222066 -0.00093685
1778556800.774057 -0.03329323 0.01202722 -0.04149478 -0.00016753 -0.00225057 -0.00093953
1778556800.840774 -0.03316305 0.01205447 -0.04134007 -0.00017558 -0.00225364 -0.00095298
1778556800.907490 -0.03327899 0.01191001 -0.04140999 -0.00016625 -0.00224296 -0.00095000
1778556800.974207 -0.03330428 0.01185197 -0.04122197 -0.00017681 -0.00223197 -0.00095739
1778556801.040924 -0.03318570 0.01170556 -0.04131746 -0.00017242 -0.00222497 -0.00095415
1778556801.107640 -0.03309330 0.01149898 -0.04128469 -0.00017158 -0.00221212 -0.00096010
1778556801.174357 -0.03321308 0.01167317 -0.04133062 -0.00017166 -0.00222329 -0.00095251
1778556801.241074 -0.03318618 0.01160708 -0.04135477 -0.00017044 -0.00222030 -0.00095181
1778556801.307791 -0.03319642 0.01162279 -0.04136835 -0.00016011 -0.00222457 -0.00096088
1778556801.374508 -0.03317385 0.01166861 -0.04126952 -0.00015665 -0.00223143 -0.00097713
1778556801.441226 -0.03321365 0.01164215 -0.04137307 -0.00015213 -0.00222825 -0.00097072
1778556801.507943 -0.03321365 0.01164215 -0.04137307 -0.00015213 -0.00222825 -0.00097072
1778556801.574660 -0.03326026 0.01161557 -0.04144897 -0.00014462 -0.00222708 -0.00097554
1778556801.641377 -0.03303091 0.01083570 -0.04116682 -0.00016086 -0.00218780 -0.00100158
1778556801.708095 -0.03306361 0.01136963 -0.04111198 -0.00016306 -0.00221577 -0.00099579
1778556801.774812 -0.03306436 0.01153611 -0.04094517 -0.00016658 -0.00222638 -0.00100359
1778556801.841529 -0.03320087 0.01136237 -0.04079720 -0.00016385 -0.00221717 -0.00102627
1778556801.908246 -0.03312142 0.01115977 -0.04071308 -0.00016964 -0.00220565 -0.00103484
1778556801.974963 -0.03287413 0.01110162 -0.04061280 -0.00019367 -0.00219905 -0.00103061
1778556802.041681 -0.03280888 0.01099391 -0.04056941 -0.00021264 -0.00218795 -0.00102575
1778556802.108398 -0.03277471 0.01091878 -0.04067927 -0.00021994 -0.00218280 -0.00101933
1778556802.175115 -0.03277397 0.01084976 -0.04070556 -0.00022014 -0.00217862 -0.00102162
1778556802.241832 -0.03275537 0.01083159 -0.04062893 -0.00020852 -0.00218260 -0.00103908
1778556802.308686 -0.03274692 0.01070624 -0.04057540 -0.00018779 -0.00218637 -0.00106387
1778556802.375542 -0.03261419 0.01053152 -0.04042190 -0.00018017 -0.00218324 -0.00108658
1778556802.442400 -0.03257537 0.01039677 -0.04033318 -0.00018079 -0.00217898 -0.00109588
1778556802.509259 -0.03224263 0.01036301 -0.04005230 -0.00019845 -0.00217540 -0.00109876
1778556802.576120 -0.03209551 0.01048813 -0.03981134 -0.00020950 -0.00217642 -0.00110054
1778556802.642982 -0.03212760 0.01067103 -0.03985047 -0.00020453 -0.00218041 -0.00110590
1778556802.709847 -0.03192140 0.01057362 -0.03958279 -0.00021066 -0.00217759 -0.00111048
1778556802.776713 -0.03196328 0.01063157 -0.03969615 -0.00020797 -0.00218157 -0.00110877
1778556802.843581 -0.03215765 0.01052104 -0.03983822 -0.00020607 -0.00217809 -0.00110622
1778556802.910451 -0.03220932 0.01054122 -0.03990358 -0.00020284 -0.00217840 -0.00110695
1778556802.977323 -0.03251035 0.01045703 -0.04021938 -0.00020181 -0.00217115 -0.00110206
1778556803.044196 -0.03275439 0.01036678 -0.04048063 -0.00020239 -0.00216446 -0.00109698
1778556803.111071 -0.03303776 0.01008570 -0.04062612 -0.00020279 -0.00215490 -0.00109498
1778556803.177948 -0.03325798 0.00978475 -0.04068077 -0.00020282 -0.00214796 -0.00109634
1778556803.244825 -0.03314501 0.00909962 -0.04018172 -0.00022195 -0.00213453 -0.00109305
1778556803.311528 -0.03321526 0.00864784 -0.03993834 -0.00022910 -0.00212569 -0.00109225
1778556803.378231 -0.03249936 0.00815783 -0.03866718 -0.00023592 -0.00213369 -0.00110909
1778556803.444934 -0.03260463 0.00811983 -0.03862540 -0.00023931 -0.00212997 -0.00110766
1778556803.511636 -0.03286077 0.00810991 -0.03873676 -0.00024748 -0.00212218 -0.00110097
1778556803.578338 -0.03300838 0.00809607 -0.03877470 -0.00025420 -0.00211603 -0.00109587
1778556803.645040 -0.03268398 0.00829939 -0.03859130 -0.00025695 -0.00211937 -0.00109655
1778556803.711742 -0.03262294 0.00842832 -0.03858665 -0.00025374 -0.00212313 -0.00109898
1778556803.778443 -0.03286668 0.00824262 -0.03860108 -0.00024323 -0.00212227 -0.00110575
1778556803.845145 -0.03305061 0.00809096 -0.03869157 -0.00023095 -0.00212459 -0.00111230
1778556803.911846 -0.03292407 0.00793494 -0.03851686 -0.00014786 -0.00216299 -0.00117611
1778556803.978546 -0.03313007 0.00774828 -0.03829653 -0.00011385 -0.00217142 -0.00120711
1778556804.045247 -0.03332871 0.00746459 -0.03823006 -0.00012307 -0.00216099 -0.00120130
1778556804.111947 -0.03368083 0.00645485 -0.03795580 -0.00021241 -0.00210505 -0.00113415
1778556804.178647 -0.03467286 0.00498887 -0.03790714 -0.00031769 -0.00203463 -0.00104544
1778556804.245347 -0.03383545 0.00561828 -0.03741824 -0.00028080 -0.00205521 -0.00108529
1778556804.312051 -0.03422903 0.00573161 -0.03780670 -0.00028576 -0.00205691 -0.00107882
1778556804.378755 -0.03424194 0.00573311 -0.03794427 -0.00027579 -0.00206307 -0.00108342
1778556804.445458 -0.03400654 0.00577591 -0.03777814 -0.00026203 -0.00206994 -0.00109688
1778556804.512161 -0.03334335 0.00591984 -0.03720026 -0.00024024 -0.00208011 -0.00112723
1778556804.578864 -0.03249052 0.00611046 -0.03655833 -0.00021441 -0.00208991 -0.00116020
1778556804.645567 -0.03294228 0.00545221 -0.03641075 -0.00023572 -0.00206774 -0.00113897
1778556804.712269 -0.03334802 0.00504764 -0.03651908 -0.00022104 -0.00206893 -0.00114000
1778556804.778971 -0.03337415 0.00484711 -0.03647281 -0.00021626 -0.00206809 -0.00114035
1778556804.845673 -0.03364790 0.00476570 -0.03664819 -0.00022010 -0.00206639 -0.00113332
1778556804.912375 -0.03365991 0.00474433 -0.03666188 -0.00022287 -0.00206495 -0.00113060
1778556804.979076 -0.03388886 0.00469117 -0.03697732 -0.00021176 -0.00208076 -0.00113050
1778556805.045777 -0.03413986 0.00470545 -0.03713539 -0.00022382 -0.00206979 -0.00112181
1778556805.112478 -0.03390802 0.00471516 -0.03684242 -0.00023666 -0.00205197 -0.00111997
1778556805.179179 -0.03408089 0.00474436 -0.03708725 -0.00021785 -0.00207245 -0.00112709
1778556805.245880 -0.03403969 0.00476363 -0.03704885 -0.00021814 -0.00207126 -0.00112792
1778556805.312584 -0.03406225 0.00474995 -0.03706383 -0.00021578 -0.00207317 -0.00112885
1778556805.379287 -0.03383533 0.00500188 -0.03707399 -0.00019721 -0.00208822 -0.00115268
1778556805.445990 -0.03441721 0.00475079 -0.03745490 -0.00020062 -0.00209964 -0.00113099
1778556805.512693 -0.03387784 0.00540743 -0.03738899 -0.00017024 -0.00211971 -0.00118543
1778556805.579396 -0.03360494 0.00529996 -0.03728653 -0.00017669 -0.00211983 -0.00118084
1778556805.646098 -0.03362714 0.00526690 -0.03726057 -0.00018563 -0.00211188 -0.00117461
1778556805.712801 -0.03354927 0.00518504 -0.03711263 -0.00019641 -0.00209695 -0.00116691
1778556805.779502 -0.03335079 0.00515831 -0.03687698 -0.00020106 -0.00208104 -0.00116572
1778556805.846204 -0.03347955 0.00513012 -0.03693502 -0.00020889 -0.00207854 -0.00115780
1778556805.912906 -0.03349836 0.00508113 -0.03691239 -0.00021124 -0.00207550 -0.00115401
1778556805.979607 -0.03350046 0.00506658 -0.03690090 -0.00021153 -0.00207441 -0.00115312
1778556806.046308 -0.03347569 0.00506563 -0.03688412 -0.00021030 -0.00207438 -0.00115437
1778556806.113009 -0.03342763 0.00483621 -0.03676194 -0.00020723 -0.00207432 -0.00114703
1778556806.179709 -0.03350760 0.00458120 -0.03672307 -0.00020771 -0.00207886 -0.00113031
1778556806.246410 -0.03348532 0.00438612 -0.03661543 -0.00023429 -0.00206072 -0.00109744
1778556806.313113 -0.03341050 0.00476908 -0.03673873 -0.00020918 -0.00207348 -0.00114494
1778556806.379816 -0.03344637 0.00466932 -0.03669083 -0.00022945 -0.00205796 -0.00112111
1778556806.446518 -0.03346118 0.00469288 -0.03669669 -0.00023234 -0.00205423 -0.00111914
1778556806.513220 -0.03326969 0.00523463 -0.03689179 -0.00017111 -0.00208922 -0.00121013
1778556806.579922 -0.03345266 0.00504404 -0.03686446 -0.00019363 -0.00207925 -0.00117511
1778556806.646624 -0.03344220 0.00498775 -0.03681828 -0.00020982 -0.00206510 -0.00115771
1778556806.713325 -0.03318188 0.00523450 -0.03676303 -0.00022768 -0.00202674 -0.00115974
1778556806.780026 -0.03350156 0.00501019 -0.03676782 -0.00024035 -0.00203272 -0.00112673
1778556806.846727 -0.03344166 0.00476750 -0.03673162 -0.00022334 -0.00206089 -0.00113300
1778556806.913428 -0.03336170 0.00460194 -0.03671687 -0.00021193 -0.00208178 -0.00114253
1778556806.980129 -0.03348615 0.00467789 -0.03674520 -0.00021597 -0.00207467 -0.00113588
1778556807.046829 -0.03342160 0.00467134 -0.03670508 -0.00021777 -0.00207031 -0.00113311
1778556807.113528 -0.03345481 0.00467587 -0.03673318 -0.00021775 -0.00207274 -0.00113541
1778556807.180228 -0.03342173 0.00469395 -0.03670469 -0.00021990 -0.00206699 -0.00113123
1778556807.246928 -0.03337551 0.00514358 -0.03695976 -0.00020745 -0.00206555 -0.00118550
1778556807.313632 -0.03341106 0.00471579 -0.03670711 -0.00021893 -0.00206591 -0.00113374
1778556807.380335 -0.03334085 0.00486233 -0.03677378 -0.00021278 -0.00206471 -0.00115251
1778556807.447038 -0.03340905 0.00471678 -0.03670627 -0.00021864 -0.00206601 -0.00113398
1778556807.513740 -0.03340811 0.00471722 -0.03670590 -0.00021851 -0.00206605 -0.00113409
1778556807.580443 -0.03319176 0.00457901 -0.03627755 -0.00024220 -0.00200987 -0.00106242
1778556807.647145 -0.03340592 0.00471823 -0.03670495 -0.00021825 -0.00206612 -0.00113432
1778556807.713847 -0.03340525 0.00471841 -0.03670475 -0.00021821 -0.00206611 -0.00113437
1778556807.780549 -0.03347497 0.00512536 -0.03666358 -0.00022141 -0.00202134 -0.00112214
1778556807.847250 -0.03336014 0.00525570 -0.03665845 -0.00022055 -0.00200784 -0.00113044
1778556807.913951 -0.03363214 0.00527749 -0.03673747 -0.00021744 -0.00202023 -0.00112462
1778556807.980653 -0.03369362 0.00524199 -0.03674195 -0.00021988 -0.00202575 -0.00112082
1778556808.047353 -0.03348754 0.00501773 -0.03658373 -0.00022116 -0.00203006 -0.00110890
1778556808.114054 -0.03331178 0.00457822 -0.03660800 -0.00021770 -0.00206907 -0.00112594
1778556808.180754 -0.03333263 0.00466292 -0.03662691 -0.00021582 -0.00206465 -0.00112807
1778556808.247454 -0.03321111 0.00452355 -0.03608331 -0.00019519 -0.00203345 -0.00105445
1778556808.314158 -0.03257228 0.00482150 -0.03599584 -0.00018188 -0.00199695 -0.00109290
1778556808.380861 -0.03303510 0.00505985 -0.03622236 -0.00018652 -0.00200102 -0.00109926
1778556808.447563 -0.03305643 0.00504829 -0.03624930 -0.00019012 -0.00200289 -0.00110031
1778556808.514266 -0.03308810 0.00503682 -0.03627317 -0.00019397 -0.00200346 -0.00110039
1778556808.580968 -0.03297080 0.00497738 -0.03623720 -0.00019496 -0.00200166 -0.00110006
1778556808.647670 -0.03298141 0.00499138 -0.03622211 -0.00018935 -0.00200434 -0.00110111
1778556808.714372 -0.03298739 0.00501009 -0.03621150 -0.00018532 -0.00200494 -0.00110147
1778556808.781073 -0.03291999 0.00505062 -0.03616776 -0.00017495 -0.00200156 -0.00110053
1778556808.847774 -0.03267969 0.00518766 -0.03603408 -0.00012346 -0.00201696 -0.00112872
1778556808.914475 -0.03271679 0.00546454 -0.03600129 -0.00008637 -0.00202122 -0.00113887
1778556808.981176 -0.03267785 0.00553146 -0.03604799 -0.00009446 -0.00200659 -0.00113247
1778556809.047876 -0.03285205 0.00570143 -0.03612221 -0.00010114 -0.00199133 -0.00111749
1778556809.114577 -0.03292597 0.00579280 -0.03615814 -0.00010000 -0.00198497 -0.00111374
1778556809.181277 -0.03305730 0.00590450 -0.03614219 -0.00009832 -0.00198307 -0.00110176
1778556809.247977 -0.03328247 0.00580069 -0.03617880 -0.00011488 -0.00198397 -0.00108679
1778556809.314681 -0.03315929 0.00571270 -0.03622177 -0.00013008 -0.00197273 -0.00108323
1778556809.381384 -0.03323849 0.00577590 -0.03618340 -0.00012527 -0.00197657 -0.00108137
1778556809.448087 -0.03324597 0.00578530 -0.03617384 -0.00012688 -0.00197588 -0.00107738
1778556809.514790 -0.03319993 0.00580817 -0.03607833 -0.00012684 -0.00197765 -0.00106794
1778556809.581493 -0.03347573 0.00583682 -0.03605970 -0.00012588 -0.00198256 -0.00105766
1778556809.648195 -0.03349186 0.00592415 -0.03599969 -0.00011995 -0.00198400 -0.00105534
1778556809.714897 -0.03353316 0.00599190 -0.03594269 -0.00011286 -0.00198919 -0.00105434
1778556809.781600 -0.03363440 0.00604174 -0.03601040 -0.00011674 -0.00198676 -0.00105109
1778556809.848301 -0.03365326 0.00598802 -0.03612899 -0.00011987 -0.00198216 -0.00105750
1778556809.915003 -0.03338078 0.00578722 -0.03585012 -0.00012036 -0.00198708 -0.00105855
1778556809.981704 -0.03347731 0.00581002 -0.03560088 -0.00011363 -0.00199942 -0.00104895
1778556810.048405 -0.03326232 0.00537085 -0.03521079 -0.00009697 -0.00202513 -0.00106016
1778556810.115106 -0.03322125 0.00509624 -0.03488886 -0.00007966 -0.00204793 -0.00106833
1778556810.181807 -0.03319512 0.00466118 -0.03458606 -0.00006404 -0.00207057 -0.00108093
1778556810.248507 -0.03358261 0.00428650 -0.03485572 -0.00005997 -0.00208003 -0.00109847
1778556810.315211 -0.03385159 0.00407192 -0.03513740 -0.00005697 -0.00208524 -0.00111408
1778556810.381914 -0.03426656 0.00349238 -0.03549108 -0.00005005 -0.00209902 -0.00113343
1778556810.448616 -0.03442012 0.00256424 -0.03516536 -0.00005646 -0.00211233 -0.00113522
1778556810.515319 -0.03411296 0.00235986 -0.03464309 -0.00004319 -0.00212227 -0.00113832
1778556810.582021 -0.03372194 0.00248336 -0.03422193 -0.00001697 -0.00213335 -0.00114702
1778556810.648723 -0.03337908 0.00265668 -0.03379451 0.00000159 -0.00213768 -0.00115105
1778556810.715424 -0.03315049 0.00272344 -0.03356528 -0.00003476 -0.00211250 -0.00111682
1778556810.782126 -0.03299265 0.00270679 -0.03336825 -0.00003620 -0.00211141 -0.00111150
1778556810.848827 -0.03296357 0.00282703 -0.03348539 -0.00006802 -0.00209105 -0.00108780
1778556810.915528 -0.03321015 0.00271542 -0.03363132 -0.00009626 -0.00207709 -0.00106813
1778556810.982229 -0.03327004 0.00286743 -0.03386674 -0.00012773 -0.00205724 -0.00104773
1778556811.048929 -0.03269907 0.00274165 -0.03306722 -0.00014439 -0.00204625 -0.00101965
1778556811.115629 -0.03379862 0.00261593 -0.03432580 -0.00014987 -0.00204980 -0.00104149
1778556811.182329 -0.03341455 0.00283564 -0.03387325 -0.00016344 -0.00203623 -0.00101723
1778556811.249029 -0.03335551 0.00251196 -0.03365320 -0.00016794 -0.00203796 -0.00101406
1778556811.315733 -0.03332174 0.00257554 -0.03363952 -0.00017304 -0.00203432 -0.00100946
1778556811.382436 -0.03323120 0.00242302 -0.03344461 -0.00016834 -0.00203794 -0.00101171
1778556811.449140 -0.03305446 0.00214935 -0.03304374 -0.00016039 -0.00204505 -0.00101361
1778556811.515843 -0.03305337 0.00199478 -0.03296667 -0.00015750 -0.00204893 -0.00101647
1778556811.582546 -0.03281024 0.00200321 -0.03270793 -0.00015340 -0.00204973 -0.00101571
1778556811.649248 -0.03269304 0.00144581 -0.03210003 -0.00016318 -0.00204851 -0.00099834
1778556811.715950 -0.03263865 0.00176099 -0.03229454 -0.00011966 -0.00207097 -0.00103202
1778556811.782653 -0.03220518 0.00164398 -0.03209078 -0.00013763 -0.00206519 -0.00102831
1778556811.849355 -0.03171882 0.00148575 -0.03182633 -0.00016929 -0.00205137 -0.00101436
1778556811.916056 -0.03175824 0.00167893 -0.03183861 -0.00016237 -0.00204795 -0.00101026
1778556811.982758 -0.03190329 0.00170986 -0.03178432 -0.00017148 -0.00203397 -0.00099049
1778556812.049459 -0.03177662 0.00199543 -0.03164644 -0.00018379 -0.00200800 -0.00097415
1778556812.116160 -0.03176564 0.00211080 -0.03161082 -0.00019468 -0.00199135 -0.00095858
1778556812.182861 -0.03154447 0.00207937 -0.03131044 -0.00019752 -0.00197730 -0.00094624
1778556812.249561 -0.03166524 0.00191473 -0.03132058 -0.00019654 -0.00198331 -0.00094010
1778556812.316265 -0.03149515 0.00212164 -0.03130161 -0.00018986 -0.00198391 -0.00096231
1778556812.382968 -0.03186314 0.00221387 -0.03174910 -0.00023090 -0.00196696 -0.00093622
1778556812.449671 -0.03208256 0.00243751 -0.03209027 -0.00019380 -0.00199145 -0.00097433
1778556812.516374 -0.03224863 0.00225458 -0.03221725 -0.00024897 -0.00196939 -0.00094000
1778556812.583077 -0.03206651 0.00226706 -0.03201169 -0.00016161 -0.00201381 -0.00099236
1778556812.649779 -0.03171027 0.00229051 -0.03171195 -0.00009118 -0.00205145 -0.00104410
1778556812.716481 -0.03149880 0.00219793 -0.03148183 -0.00009399 -0.00203940 -0.00104725
1778556812.783183 -0.03148085 0.00216763 -0.03148116 -0.00007197 -0.00207239 -0.00106702
1778556812.849885 -0.03143515 0.00220643 -0.03147467 -0.00006438 -0.00207182 -0.00107298
1778556812.916586 -0.03142100 0.00237614 -0.03146675 -0.00009868 -0.00202822 -0.00105202
                                                                                                                                                                                                                                                                                                                                                                                                                                                                                                                                                                                                                                                                                                                                                                                                                                                                                                                                                                                         