#timestamppx py pz qx qy qz qw
1778570861.067777 0.00001457 0.00010099 -0.00008045 0.99977090 0.00005523 -0.01178601 0.01786703
1778570861.134486 -0.00000432 0.00001878 -0.00013069 0.99977346 0.00018184 -0.01188438 0.01765677
1778570861.201197 -0.00002823 0.00000211 -0.00019184 0.99977326 0.00022017 -0.01180051 0.01772372
1778570861.267907 -0.00000791 -0.00000465 -0.00015476 0.99977378 0.00022268 -0.01171126 0.01775356
1778570861.334619 -0.00003276 0.00000131 -0.00025282 0.99977403 0.00021970 -0.01172815 0.01772839
1778570861.401330 -0.00002781 -0.00001735 -0.00024393 0.99977491 0.00025731 -0.01172349 0.01768108
1778570861.468040 -0.00002940 0.00001026 -0.00020308 0.99977286 0.00022023 -0.01175504 0.01777609
1778570861.534753 -0.00004639 0.00000703 -0.00023542 0.99977470 0.00027416 -0.01169403 0.01771219
1778570861.601464 -0.00002942 -0.00001306 -0.00024461 0.99977475 0.00027216 -0.01170102 0.01770470
1778570861.668175 -0.00003085 -0.00001703 -0.00023710 0.99977573 0.00026803 -0.01172406 0.01763434
1778570861.734887 -0.00004522 -0.00001416 -0.00022909 0.99977473 0.00024893 -0.01173780 0.01768168
1778570861.801598 -0.00002137 -0.00000622 -0.00024666 0.99977469 0.00025478 -0.01174000 0.01768273
1778570861.868310 -0.00006639 -0.00000608 -0.00019395 0.99977551 0.00031175 -0.01171449 0.01765207
1778570861.935021 -0.00004466 0.00000075 -0.00019950 0.99977314 0.00025368 -0.01182759 0.01771202
1778570862.001734 -0.00000473 -0.00003198 -0.00022653 0.99977368 0.00028168 -0.01182645 0.01768171
1778570862.068446 -0.00002648 0.00000831 -0.00021237 0.99977337 0.00024802 -0.01183525 0.01769376
1778570862.135159 -0.00002111 0.00000108 -0.00022491 0.99977341 0.00022461 -0.01183365 0.01769309
1778570862.201871 -0.00002665 0.00000520 -0.00023621 0.99977439 0.00023274 -0.01179492 0.01766363
1778570862.268586 -0.00002197 0.00000630 -0.00022389 0.99977507 0.00023652 -0.01184847 0.01758888
1778570862.335299 -0.00000869 0.00001601 -0.00021477 0.99977649 0.00023752 -0.01186303 0.01749784
1778570862.402013 -0.00002366 -0.00006979 -0.00025869 0.99977847 0.00029972 -0.01180706 0.01742187
1778570862.468726 -0.00002153 -0.00000600 -0.00026089 0.99977873 0.00028758 -0.01178816 0.01741948
1778570862.535441 -0.00001558 -0.00000285 -0.00023447 0.99977806 0.00023868 -0.01184340 0.01742143
1778570862.602155 -0.00001614 -0.00001718 -0.00025589 0.99977856 0.00025538 -0.01182853 0.01740279
1778570862.668869 -0.00003188 0.00000297 -0.00032862 0.99977991 0.00021814 -0.01174070 0.01738485
1778570862.735584 -0.00001742 -0.00000735 -0.00031208 0.99977954 0.00026448 -0.01180818 0.01735991
1778570862.802298 -0.00002221 -0.00000156 -0.00030140 0.99977952 0.00026695 -0.01175503 0.01739727
1778570862.869012 -0.00004338 -0.00002343 -0.00039119 0.99978092 0.00028872 -0.01182581 0.01726800
1778570862.935727 -0.00003894 -0.00002018 -0.00037292 0.99978204 0.00027891 -0.01188383 0.01716318
1778570863.002441 -0.00004207 -0.00004532 -0.00040639 0.99978539 0.00032122 -0.01188086 0.01696812
1778570863.069156 -0.00004464 -0.00004758 -0.00041251 0.99978761 0.00032167 -0.01190894 0.01681671
1778570863.135869 -0.00003914 -0.00003354 -0.00037822 0.99978853 0.00029679 -0.01195688 0.01672840
1778570863.202580 -0.00004154 -0.00005206 -0.00040903 0.99979183 0.00032937 -0.01193210 0.01654758
1778570863.269291 -0.00004457 -0.00005642 -0.00041828 0.99979478 0.00033080 -0.01195531 0.01635123
1778570863.336002 -0.00003841 -0.00004022 -0.00038480 0.99979559 0.00030187 -0.01203342 0.01624480
1778570863.402712 -0.00004173 -0.00004470 -0.00041025 0.99979819 0.00031056 -0.01200005 0.01610823
1778570863.469424 -0.00004430 -0.00006251 -0.00040267 0.99979912 0.00032288 -0.01198691 0.01606034
1778570863.536136 -0.00003807 -0.00003050 -0.00039055 0.99979888 0.00028994 -0.01203511 0.01603948
1778570863.602846 -0.00004079 -0.00004070 -0.00040769 0.99980263 0.00029669 -0.01203683 0.01580299
1778570863.669557 -0.00004313 -0.00005429 -0.00042979 0.99980579 0.00031803 -0.01202098 0.01561309
1778570863.736269 -0.00003829 -0.00003704 -0.00039839 0.99980619 0.00029096 -0.01207392 0.01554739
1778570863.802980 -0.00003964 -0.00004225 -0.00040703 0.99980828 0.00029962 -0.01205703 0.01542554
1778570863.869691 -0.00004243 -0.00004624 -0.00042981 0.99981077 0.00030244 -0.01205162 0.01526729
1778570863.936403 -0.00003768 -0.00002714 -0.00039691 0.99981070 0.00027097 -0.01214339 0.01519951
1778570864.003114 -0.00004056 -0.00003086 -0.00041146 0.99981283 0.00027581 -0.01210656 0.01508857
1778570864.069825 -0.00004156 -0.00004257 -0.00042848 0.99981554 0.00029060 -0.01209778 0.01491437
1778570864.136553 -0.00003655 -0.00003196 -0.00039665 0.99981575 0.00027734 -0.01214756 0.01486020
1778570864.203297 -0.00003839 -0.00003603 -0.00039853 0.99981743 0.00028712 -0.01207644 0.01480497
1778570864.270043 -0.00004092 -0.00005186 -0.00042703 0.99982112 0.00030578 -0.01196132 0.01464808
1778570864.336791 -0.00003624 -0.00002223 -0.00039016 0.99982005 0.00026245 -0.01202665 0.01466809
1778570864.403539 -0.00003908 -0.00002446 -0.00039751 0.99982311 0.00026027 -0.01188987 0.01457071
1778570864.470289 -0.00003708 -0.00004291 -0.00042129 0.99982578 0.00028918 -0.01185086 0.01441785
1778570864.537040 -0.00000888 -0.00003587 -0.00038895 0.99982308 0.00029163 -0.01217465 0.01433505
1778570864.603792 0.00002413 -0.00001825 -0.00036670 0.99982229 0.00026288 -0.01240103 0.01419628
1778570864.670547 -0.00001570 -0.00003575 -0.00042264 0.99982338 0.00029544 -0.01255218 0.01398464
1778570864.737301 0.00000057 -0.00001054 -0.00037414 0.99982287 0.00024731 -0.01278605 0.01380916
1778570864.804059 0.00003806 -0.00002120 -0.00035492 0.99982367 0.00027084 -0.01285810 0.01368275
1778570864.870817 0.00009857 -0.00003496 -0.00036854 0.99982535 0.00029695 -0.01290235 0.01351730
1778570864.937576 0.00059532 -0.00000068 -0.00013529 0.99982487 0.00024442 -0.01301471 0.01344534
1778570865.004336 0.00074158 0.00002355 -0.00006217 0.99982395 0.00022508 -0.01306250 0.01346817
1778570865.071098 0.00090927 0.00001764 -0.00001424 0.99982392 0.00023496 -0.01306585 0.01346705
1778570865.137838 0.00146157 0.00017863 0.00032045 0.99982630 0.00013006 -0.01294047 0.01341240
1778570865.204553 0.00151150 0.00013619 0.00035467 0.99982802 0.00014509 -0.01282194 0.01339784
1778570865.271269 0.00155451 0.00011898 0.00034477 0.99983196 0.00016409 -0.01258130 0.01333183
1778570865.337984 0.00150645 0.00014886 0.00035535 0.99983331 0.00012607 -0.01249761 0.01330956
1778570865.404699 0.00150549 0.00014095 0.00039176 0.99983392 0.00011939 -0.01245061 0.01330807
1778570865.471415 0.00152056 0.00002726 0.00044040 0.99983510 0.00013997 -0.01236243 0.01330118
1778570865.538131 0.00147255 -0.00028137 0.00040275 0.99983879 0.00025416 -0.01223962 0.01313475
1778570865.604846 0.00149339 -0.00024708 0.00011493 0.99984422 0.00022190 -0.01191668 0.01301852
1778570865.671562 0.00158046 -0.00017143 0.00024904 0.99985150 0.00019904 -0.01165347 0.01269365
1778570865.738277 0.00155411 -0.00020880 0.00020203 0.99985585 0.00020984 -0.01155898 0.01243506
1778570865.804993 0.00146935 -0.00023456 0.00020851 0.99985808 0.00019131 -0.01154748 0.01226529
1778570865.871709 0.00154132 -0.00015822 0.00034014 0.99986290 0.00018672 -0.01144803 0.01196179
1778570865.938425 0.00168134 -0.00010180 0.00032462 0.99986569 0.00016020 -0.01146050 0.01171508
1778570866.005141 0.00164908 -0.00019151 0.00036617 0.99986729 0.00017549 -0.01151530 0.01152218
1778570866.071856 0.00162178 -0.00011255 0.00044558 0.99987065 0.00016428 -0.01148753 0.01125586
1778570866.138572 0.00151476 -0.00015318 0.00031333 0.99987192 0.00016829 -0.01154408 0.01108389
1778570866.205288 0.00156095 -0.00017865 0.00039748 0.99987319 0.00016349 -0.01162448 0.01088362
1778570866.272003 0.00164653 -0.00008537 0.00048756 0.99987636 0.00013293 -0.01159300 0.01062321
1778570866.338719 0.00167726 -0.00012316 0.00040610 0.99987825 0.00015641 -0.01164219 0.01038840
1778570866.405435 0.00160082 -0.00018440 0.00046727 0.99987902 0.00015437 -0.01174695 0.01019460
1778570866.472150 0.00162593 -0.00014764 0.00048412 0.99988221 0.00016293 -0.01170623 0.00992533
1778570866.538866 0.00167364 -0.00016986 0.00038347 0.99988445 0.00019285 -0.01174519 0.00964836
1778570866.605582 0.00156644 -0.00023075 0.00043295 0.99988434 0.00019115 -0.01187607 0.00949906
1778570866.672298 0.00154752 -0.00014747 0.00048630 0.99988660 0.00016508 -0.01186061 0.00927779
1778570866.739013 0.00161530 -0.00014819 0.00047308 0.99988819 0.00017094 -0.01189297 0.00906284
1778570866.805728 0.00155067 -0.00017826 0.00046859 0.99988701 0.00015193 -0.01207173 0.00895620
1778570866.872445 0.00155123 -0.00014151 0.00043939 0.99988903 0.00015030 -0.01204402 0.00876577
1778570866.939161 0.00160499 -0.00011887 0.00047309 0.99989087 0.00015896 -0.01206119 0.00852881
1778570867.005877 0.00149620 -0.00020366 0.00050695 0.99988952 0.00017955 -0.01223669 0.00843705
1778570867.072593 0.00146429 -0.00016324 0.00050202 0.99989105 0.00017457 -0.01221757 0.00828128
1778570867.139307 0.00158442 -0.00015941 0.00049791 0.99989253 0.00018076 -0.01221186 0.00811021
1778570867.206024 0.00154390 -0.00020269 0.00048547 0.99989116 0.00016469 -0.01236707 0.00804345
1778570867.272739 0.00149048 -0.00024127 0.00039840 0.99989284 0.00021049 -0.01234014 0.00787348
1778570867.339454 0.00159711 -0.00022081 0.00044916 0.99989468 0.00021707 -0.01232098 0.00766707
1778570867.406170 0.00156118 -0.00028558 0.00055299 0.99989313 0.00021233 -0.01248754 0.00759960
1778570867.472884 0.00149359 -0.00022119 0.00047251 0.99989363 0.00019118 -0.01250038 0.00751190
1778570867.539601 0.00164258 -0.00016820 0.00048591 0.99989478 0.00017696 -0.01247714 0.00739732
1778570867.606316 0.00160057 -0.00025870 0.00049026 0.99989309 0.00019598 -0.01265090 0.00732987
1778570867.673032 0.00162095 -0.00021782 0.00055102 0.99989263 0.00015897 -0.01269765 0.00731205
1778570867.739747 0.00174973 -0.00023902 0.00030053 0.99989457 0.00020154 -0.01260354 0.00720770
1778570867.806463 0.00163791 -0.00031109 0.00038356 0.99989402 0.00022214 -0.01267405 0.00716032
1778570867.873177 0.00151394 -0.00032048 0.00036926 0.99989389 0.00023675 -0.01271510 0.00710548
1778570867.939893 0.00172839 -0.00025413 0.00018410 0.99989541 0.00021348 -0.01264552 0.00701566
1778570868.006608 0.00169339 -0.00032392 0.00028658 0.99989507 0.00023658 -0.01270498 0.00695500
1778570868.073325 0.00152946 -0.00037133 0.00035844 0.99989445 0.00026615 -0.01277303 0.00691827
1778570868.140040 0.00172083 -0.00026551 0.00022806 0.99989540 0.00021489 -0.01270756 0.00690295
1778570868.206755 0.00168437 -0.00035503 0.00033385 0.99989515 0.00025048 -0.01275838 0.00684538
1778570868.273470 0.00148442 -0.00038409 0.00044350 0.99989438 0.00026219 -0.01282329 0.00683495
1778570868.340186 0.00165295 -0.00029931 0.00028530 0.99989464 0.00023188 -0.01279243 0.00685690
1778570868.406901 0.00165693 -0.00033907 0.00039330 0.99989381 0.00023765 -0.01285570 0.00685900
1778570868.473615 0.00148021 -0.00039671 0.00047009 0.99989297 0.00026093 -0.01292235 0.00685472
1778570868.540331 0.00162548 -0.00030140 0.00030033 0.99989364 0.00022537 -0.01286703 0.00686268
1778570868.607046 0.00164904 -0.00034714 0.00037278 0.99989378 0.00023933 -0.01286617 0.00684394
1778570868.673762 0.00145890 -0.00038242 0.00048806 0.99989347 0.00024167 -0.01288228 0.00685877
1778570868.740477 0.00152707 -0.00038873 0.00038543 0.99989454 0.00027444 -0.01282592 0.00680667
1778570868.807193 0.00157704 -0.00037056 0.00044338 0.99989408 0.00024168 -0.01283831 0.00685227
1778570868.873908 0.00137079 -0.00043986 0.00049076 0.99989369 0.00028788 -0.01288168 0.00682620
1778570868.940624 0.00145315 -0.00041092 0.00041986 0.99989369 0.00028708 -0.01288226 0.00682460
1778570869.007338 0.00151808 -0.00043132 0.00048430 0.99989305 0.00028064 -0.01290853 0.00686831
1778570869.074053 0.00134309 -0.00043871 0.00054998 0.99989172 0.00028051 -0.01299175 0.00690526
1778570869.140769 0.00141578 -0.00043672 0.00051723 0.99988982 0.00030377 -0.01308368 0.00700536
1778570869.207484 0.00152935 -0.00041779 0.00057458 0.99988926 0.00025634 -0.01310768 0.00704236
1778570869.274198 0.00133854 -0.00043671 0.00058911 0.99988881 0.00027055 -0.01313950 0.00704604
1778570869.340912 0.00141435 -0.00040163 0.00054405 0.99988834 0.00026841 -0.01316442 0.00706607
1778570869.407628 0.00154610 -0.00046389 0.00051974 0.99988734 0.00029602 -0.01319699 0.00714561
1778570869.474342 0.00136646 -0.00049750 0.00056326 0.99988541 0.00030600 -0.01330948 0.00720672
1778570869.541057 0.00139993 -0.00039551 0.00050897 0.99988396 0.00024611 -0.01337871 0.00728070
1778570869.607772 0.00153286 -0.00050297 0.00052555 0.99988292 0.00031012 -0.01343957 0.00730972
1778570869.674486 0.00127772 -0.00047724 0.00057987 0.99988119 0.00029850 -0.01355478 0.00733338
1778570869.741201 0.00128887 -0.00041475 0.00053531 0.99987977 0.00026451 -0.01363132 0.00738608
1778570869.807914 0.00142042 -0.00041276 0.00055679 0.99987947 0.00024718 -0.01364307 0.00740678
1778570869.874630 0.00123095 -0.00041965 0.00064704 0.99987853 0.00026034 -0.01370984 0.00740972
1778570869.941345 0.00117906 -0.00037624 0.00059371 0.99987758 0.00025724 -0.01375591 0.00745164
1778570870.008060 0.00137355 -0.00041225 0.00059098 0.99987718 0.00025241 -0.01374890 0.00751810
1778570870.074774 0.00125016 -0.00042097 0.00063933 0.99987632 0.00025491 -0.01378850 0.00756060
1778570870.141489 0.00118077 -0.00034378 0.00061746 0.99987453 0.00022909 -0.01390818 0.00757817
1778570870.208204 0.00133806 -0.00037193 0.00060415 0.99987482 0.00022211 -0.01386017 0.00762839
1778570870.274919 0.00121585 -0.00037661 0.00068504 0.99987399 0.00022615 -0.01388537 0.00769054
1778570870.341635 0.00118626 -0.00037372 0.00066744 0.99987418 0.00025198 -0.01388091 0.00767395
1778570870.408350 0.00126838 -0.00037216 0.00072943 0.99987540 0.00024596 -0.01380697 0.00764750
1778570870.475065 0.00119374 -0.00037426 0.00071189 0.99987528 0.00023132 -0.01379739 0.00768113
1778570870.541779 0.00097245 -0.00036552 0.00050761 0.99987445 0.00027840 -0.01380270 0.00777788
1778570870.608495 0.00102620 -0.00034778 0.00055740 0.99987361 0.00025794 -0.01380163 0.00788797
1778570870.675210 0.00100686 -0.00037350 0.00058696 0.99987341 0.00025871 -0.01377733 0.00795451
1778570870.741925 0.00091207 -0.00035695 0.00051851 0.99987186 0.00029218 -0.01381455 0.00808313
1778570870.808640 0.00103145 -0.00038517 0.00062497 0.99986997 0.00031385 -0.01387441 0.00821224
1778570870.875354 0.00103418 -0.00041534 0.00063410 0.99986771 0.00030731 -0.01394601 0.00836483
1778570870.942070 0.00084899 -0.00037720 0.00046772 0.99986699 0.00033360 -0.01393689 0.00846525
1778570871.008786 0.00090163 -0.00034814 0.00053909 0.99986494 0.00031060 -0.01398263 0.00863066
1778570871.075500 0.00096045 -0.00042162 0.00057018 0.99986359 0.00033202 -0.01400131 0.00875484
1778570871.142215 0.00080912 -0.00034565 0.00046122 0.99986224 0.00031474 -0.01400769 0.00889842
1778570871.208930 0.00086006 -0.00033247 0.00054522 0.99986007 0.00032212 -0.01403967 0.00909011
1778570871.275645 0.00095888 -0.00038298 0.00059013 0.99985866 0.00031380 -0.01402029 0.00927297
1778570871.342359 0.00085521 -0.00036918 0.00046912 0.99985898 0.00032822 -0.01393339 0.00936861
1778570871.409074 0.00092521 -0.00036564 0.00057303 0.99985854 0.00033423 -0.01386007 0.00952255
1778570871.475789 0.00098792 -0.00041841 0.00058656 0.99985803 0.00034705 -0.01377843 0.00969267
1778570871.542503 0.00087760 -0.00040568 0.00049108 0.99985761 0.00036753 -0.01371930 0.00981892
1778570871.609218 0.00087846 -0.00035135 0.00058766 0.99985677 0.00035030 -0.01370106 0.00992937
1778570871.675933 0.00096946 -0.00039704 0.00059004 0.99985629 0.00033303 -0.01361119 0.01010059
1778570871.742646 0.00085624 -0.00036645 0.00050710 0.99985541 0.00034367 -0.01357174 0.01023977
1778570871.809362 0.00084264 -0.00034735 0.00056361 0.99985339 0.00037033 -0.01362057 0.01036981
1778570871.876076 0.00090193 -0.00037040 0.00061994 0.99985126 0.00035218 -0.01358869 0.01061483
1778570871.942790 0.00084102 -0.00038074 0.00050040 0.99984772 0.00037918 -0.01363311 0.01088731
1778570872.009506 0.00086954 -0.00036647 0.00054690 0.99984555 0.00038091 -0.01367820 0.01102913
1778570872.076220 0.00096237 -0.00042046 0.00060954 0.99984351 0.00038303 -0.01366554 0.01122769
1778570872.142934 0.00088209 -0.00039828 0.00050163 0.99984075 0.00038138 -0.01371119 0.01141662
1778570872.209649 0.00084189 -0.00035148 0.00053362 0.99984025 0.00038750 -0.01367433 0.01150377
1778570872.276364 0.00090606 -0.00037452 0.00059890 0.99983911 0.00036913 -0.01360250 0.01168726
1778570872.343078 0.00085798 -0.00039274 0.00054513 0.99983825 0.00039808 -0.01352574 0.01184794
1778570872.409792 0.00084563 -0.00039241 0.00056137 0.99983646 0.00043336 -0.01346290 0.01206729
1778570872.476507 0.00095612 -0.00040164 0.00067162 0.99983393 0.00039900 -0.01339022 0.01235512
1778570872.543221 0.00091679 -0.00040522 0.00064099 0.99983198 0.00040278 -0.01329385 0.01261475
1778570872.609936 0.00086904 -0.00035419 0.00061877 0.99982964 0.00039588 -0.01322358 0.01287141
1778570872.676650 0.00098834 -0.00039323 0.00068465 0.99982605 0.00038309 -0.01317907 0.01319248
1778570872.743364 0.00108388 -0.00052082 0.00046872 0.99983874 0.00040631 -0.01250156 0.01288573
1778570872.810078 0.00094207 -0.00038626 0.00046651 0.99984783 0.00034587 -0.01210799 0.01255340
1778570872.876793 0.00112428 -0.00051609 0.00053736 0.99985514 0.00038897 -0.01186609 0.01219607
1778570872.943506 0.00114770 -0.00057309 0.00050186 0.99986106 0.00039801 -0.01170193 0.01186459
1778570873.010222 0.00105136 -0.00048731 0.00047135 0.99986660 0.00037673 -0.01156196 0.01153112
1778570873.076936 0.00111756 -0.00050484 0.00053109 0.99986983 0.00034683 -0.01155482 0.01125559
1778570873.143650 0.00109238 -0.00053304 0.00048232 0.99987339 0.00035041 -0.01155078 0.01093871
1778570873.210365 0.00102824 -0.00048225 0.00046197 0.99987705 0.00036920 -0.01152244 0.01062888
1778570873.277079 0.00110084 -0.00053861 0.00050503 0.99988053 0.00037190 -0.01157383 0.01023930
1778570873.343794 0.00107254 -0.00054249 0.00043979 0.99988296 0.00035130 -0.01162509 0.00993940
1778570873.410508 0.00095272 -0.00043521 0.00043220 0.99988490 0.00033152 -0.01165980 0.00970181
1778570873.477222 0.00108918 -0.00053849 0.00047083 0.99988733 0.00037207 -0.01172548 0.00936490
1778570873.543937 0.00110579 -0.00055049 0.00045277 0.99988942 0.00033776 -0.01181851 0.00901997
1778570873.610651 0.00098875 -0.00044574 0.00043606 0.99989104 0.00031805 -0.01185094 0.00879525
1778570873.677366 0.00106358 -0.00048850 0.00049543 0.99989289 0.00031591 -0.01185504 0.00857671
1778570873.744081 0.00106069 -0.00051481 0.00048112 0.99989357 0.00031068 -0.01197305 0.00833038
1778570873.810795 0.00110162 -0.00055417 0.00043281 0.99989598 0.00037719 -0.01186115 0.00819715
1778570873.877509 0.00119884 -0.00060608 0.00051669 0.99989675 0.00038736 -0.01196816 0.00794344
1778570873.944223 0.00124283 -0.00066210 0.00053779 0.99989736 0.00038008 -0.01209539 0.00766923
1778570874.010938 0.00117371 -0.00060464 0.00047076 0.99989896 0.00037938 -0.01207856 0.00748533
1778570874.077653 0.00124619 -0.00064567 0.00053205 0.99989940 0.00038275 -0.01215764 0.00729564
1778570874.144368 0.00128412 -0.00069047 0.00054336 0.99989984 0.00037802 -0.01225968 0.00706144
1778570874.211086 0.00114874 -0.00060766 0.00046669 0.99990115 0.00038052 -0.01223625 0.00691532
1778570874.277803 0.00121063 -0.00061725 0.00052414 0.99990130 0.00037047 -0.01224838 0.00687315
1778570874.344520 0.00125396 -0.00072459 0.00043574 0.99990189 0.00039624 -0.01232210 0.00664999
1778570874.411237 0.00117012 -0.00062535 0.00046354 0.99990280 0.00038066 -0.01230629 0.00654279
1778570874.477953 0.00118638 -0.00062083 0.00051529 0.99990235 0.00037021 -0.01238646 0.00645925
1778570874.544672 0.00124151 -0.00072043 0.00042175 0.99990305 0.00039386 -0.01243329 0.00625656
1778570874.611389 0.00114733 -0.00065394 0.00037512 0.99990331 0.00038734 -0.01242847 0.00622513
1778570874.678107 0.00117109 -0.00066322 0.00042650 0.99990333 0.00038847 -0.01246935 0.00613897
1778570874.744824 0.00122858 -0.00072881 0.00041028 0.99990376 0.00039507 -0.01251304 0.00597739
1778570874.811541 0.00111942 -0.00065467 0.00036324 0.99990402 0.00039273 -0.01250089 0.00596072
1778570874.878259 0.00115109 -0.00065088 0.00040589 0.99990392 0.00038414 -0.01253508 0.00590607
1778570874.944977 0.00126354 -0.00074245 0.00042210 0.99990428 0.00039330 -0.01257109 0.00576600
1778570875.011695 0.00117996 -0.00067875 0.00037557 0.99990440 0.00039280 -0.01255534 0.00577848
1778570875.078413 0.00117017 -0.00065482 0.00039903 0.99990435 0.00038238 -0.01257417 0.00574790
1778570875.145128 0.00125509 -0.00074698 0.00040072 0.99990477 0.00039895 -0.01260438 0.00560555
1778570875.211844 0.00114019 -0.00067888 0.00034018 0.99990557 0.00038962 -0.01256453 0.00555325
1778570875.278558 0.00113874 -0.00064422 0.00037114 0.99990512 0.00038783 -0.01257888 0.00560099
1778570875.345272 0.00116923 -0.00069234 0.00035975 0.99990544 0.00037739 -0.01261462 0.00546259
1778570875.411988 0.00109629 -0.00066287 0.00030081 0.99990605 0.00039087 -0.01257081 0.00545036
1778570875.478703 0.00110912 -0.00064434 0.00036126 0.99990542 0.00038844 -0.01259357 0.00551394
1778570875.545418 0.00120206 -0.00071939 0.00035896 0.99990557 0.00039577 -0.01261364 0.00543945
1778570875.612133 0.00113865 -0.00068677 0.00031821 0.99990620 0.00039316 -0.01258804 0.00538392
1778570875.678847 0.00113060 -0.00065461 0.00036536 0.99990557 0.00038979 -0.01260495 0.00546013
1778570875.745562 0.00123289 -0.00073160 0.00037013 0.99990575 0.00039741 -0.01262340 0.00538369
1778570875.812277 0.00114906 -0.00069478 0.00032249 0.99990639 0.00038500 -0.01260954 0.00529690
1778570875.878991 0.00112172 -0.00065623 0.00034692 0.99990571 0.00039207 -0.01261315 0.00541445
1778570875.945706 0.00119700 -0.00072182 0.00036155 0.99990601 0.00038648 -0.01263873 0.00529939
1778570876.012421 0.00106529 -0.00065098 0.00026270 0.99990641 0.00037833 -0.01260083 0.00531535
1778570876.079136 0.00108528 -0.00063626 0.00031407 0.99990561 0.00038605 -0.01263172 0.00539174
1778570876.145851 0.00121558 -0.00070997 0.00040940 0.99990486 0.00039913 -0.01267434 0.00542932
1778570876.212565 0.00113165 -0.00066021 0.00038348 0.99990541 0.00038020 -0.01265449 0.00537462
1778570876.279279 0.00107896 -0.00061453 0.00038703 0.99990589 0.00038173 -0.01261019 0.00538920
1778570876.345995 0.00121754 -0.00072562 0.00040147 0.99990680 0.00039777 -0.01256850 0.00531582
1778570876.412710 0.00116020 -0.00069628 0.00037474 0.99990746 0.00037735 -0.01254695 0.00524521
1778570876.479424 0.00109121 -0.00063271 0.00039867 0.99990715 0.00038408 -0.01252050 0.00536537
1778570876.546139 0.00118821 -0.00070637 0.00041091 0.99990775 0.00038249 -0.01251757 0.00525807
1778570876.612854 0.00116188 -0.00072088 0.00033664 0.99990825 0.00038858 -0.01249489 0.00521668
1778570876.679569 0.00108615 -0.00063621 0.00037554 0.99990759 0.00038538 -0.01248958 0.00535487
1778570876.746284 0.00128121 -0.00074996 0.00042974 0.99990771 0.00039642 -0.01245127 0.00542080
1778570876.812999 0.00118482 -0.00071877 0.00034981 0.99990823 0.00037855 -0.01246178 0.00530014
1778570876.879713 0.00111425 -0.00065771 0.00034789 0.99990785 0.00038838 -0.01246665 0.00535924
1778570876.946428 0.00127906 -0.00076341 0.00042156 0.99990726 0.00040663 -0.01249531 0.00540053
1778570877.013143 0.00124652 -0.00077134 0.00036838 0.99990797 0.00039205 -0.01250323 0.00525083
1778570877.079858 0.00117205 -0.00070189 0.00037530 0.99990768 0.00039915 -0.01248036 0.00535894
1778570877.146573 0.00128439 -0.00076349 0.00042473 0.99990712 0.00040541 -0.01250329 0.00540795
1778570877.213287 0.00124016 -0.00077017 0.00035409 0.99990796 0.00039434 -0.01250482 0.00524857
1778570877.280001 0.00117163 -0.00070317 0.00035961 0.99990760 0.00039758 -0.01248524 0.00536267
1778570877.346716 0.00129718 -0.00076911 0.00043142 0.99990695 0.00040486 -0.01251588 0.00541126
1778570877.413432 0.00127034 -0.00078100 0.00035865 0.99990771 0.00039245 -0.01251953 0.00526184
1778570877.480147 0.00116455 -0.00069918 0.00034742 0.99990762 0.00040125 -0.01248640 0.00535611
1778570877.546861 0.00126406 -0.00074856 0.00041334 0.99990696 0.00040459 -0.01251469 0.00541197
1778570877.613577 0.00126981 -0.00078268 0.00035840 0.99990771 0.00039238 -0.01252271 0.00525296
1778570877.680290 0.00116025 -0.00069873 0.00032688 0.99990765 0.00040308 -0.01248698 0.00534910
1778570877.747006 0.00124548 -0.00073537 0.00040021 0.99990704 0.00040180 -0.01251432 0.00539761
1778570877.813721 0.00125190 -0.00077907 0.00033696 0.99990777 0.00039620 -0.01252334 0.00523943
1778570877.880436 0.00116814 -0.00071396 0.00032995 0.99990742 0.00040338 -0.01249510 0.00537149
1778570877.947151 0.00119413 -0.00070276 0.00042228 0.99990680 0.00039917 -0.01252987 0.00540736
1778570878.013865 0.00120784 -0.00074617 0.00033627 0.99990765 0.00039206 -0.01252560 0.00525752
1778570878.080580 0.00112285 -0.00069257 0.00031129 0.99990747 0.00040759 -0.01249322 0.00536640
1778570878.147296 0.00118421 -0.00070199 0.00038717 0.99990697 0.00040295 -0.01251849 0.00540231
1778570878.214014 0.00122030 -0.00075970 0.00031944 0.99990784 0.00039769 -0.01251275 0.00525234
1778570878.280730 0.00110923 -0.00068914 0.00028561 0.99990752 0.00041028 -0.01248873 0.00536859
1778570878.347448 0.00114787 -0.00068637 0.00036529 0.99990705 0.00040576 -0.01251675 0.00539091
1778570878.414165 0.00120828 -0.00076590 0.00030578 0.99990798 0.00040686 -0.01250576 0.00524136
1778570878.480881 0.00113653 -0.00071080 0.00028238 0.99990761 0.00041952 -0.01248393 0.00536081
1778570878.547600 0.00112456 -0.00067479 0.00035297 0.99990705 0.00040643 -0.01251588 0.00539242
1778570878.614317 0.00115647 -0.00074371 0.00026676 0.99990807 0.00040892 -0.01249807 0.00524165
1778570878.681034 0.00110222 -0.00069682 0.00025166 0.99990765 0.00041825 -0.01248414 0.00535465
1778570878.747751 0.00108704 -0.00066252 0.00033168 0.99990717 0.00040917 -0.01251249 0.00537832
1778570878.814468 0.00115362 -0.00073541 0.00027331 0.99990723 0.00041406 -0.01252481 0.00533810
1778570878.881186 0.00109327 -0.00069551 0.00025587 0.99990719 0.00042010 -0.01251429 0.00536869
1778570878.947903 0.00110502 -0.00066740 0.00031980 0.99990689 0.00040616 -0.01253158 0.00538525
1778570879.014620 0.00119262 -0.00075077 0.00029806 0.99990692 0.00041512 -0.01254374 0.00535068
1778570879.081336 0.00111065 -0.00071020 0.00024981 0.99990693 0.00042385 -0.01252807 0.00538443
1778570879.148053 0.00107172 -0.00066078 0.00030133 0.99990687 0.00041241 -0.01253429 0.00538330
1778570879.214768 0.00117526 -0.00074686 0.00027101 0.99990770 0.00041870 -0.01250314 0.00530061
1778570879.281483 0.00111538 -0.00070890 0.00026029 0.99990738 0.00041026 -0.01251745 0.00532649
1778570879.348199 0.00108710 -0.00067306 0.00030590 0.99990697 0.00041018 -0.01252305 0.00539064
1778570879.414913 0.00116410 -0.00073694 0.00027937 0.99990709 0.00041688 -0.01253423 0.00534118
1778570879.481629 0.00103511 -0.00068325 0.00016856 0.99990805 0.00040201 -0.01248538 0.00527620
1778570879.548345 0.00100635 -0.00064146 0.00023057 0.99990731 0.00041180 -0.01251174 0.00535355
1778570879.615060 0.00111903 -0.00072207 0.00025422 0.99990715 0.00042127 -0.01253421 0.00533012
1778570879.681775 0.00105818 -0.00069805 0.00018746 0.99990718 0.00041596 -0.01253438 0.00532479
1778570879.748491 0.00096224 -0.00062417 0.00021231 0.99990708 0.00041913 -0.01252983 0.00535272
1778570879.815206 0.00107575 -0.00070185 0.00021461 0.99990694 0.00043242 -0.01253079 0.00537666
1778570879.881921 0.00108289 -0.00072091 0.00018042 0.99990705 0.00042384 -0.01253989 0.00533425
1778570879.948636 0.00099143 -0.00064359 0.00021337 0.99990696 0.00042015 -0.01253576 0.00536275
1778570880.015352 0.00110892 -0.00072826 0.00022302 0.99990690 0.00043841 -0.01253605 0.00537012
1778570880.082067 0.00110536 -0.00074040 0.00017968 0.99990702 0.00042636 -0.01254370 0.00533144
1778570880.148782 0.00100699 -0.00066113 0.00020769 0.99990697 0.00042617 -0.01253786 0.00535485
1778570880.215498 0.00107275 -0.00071214 0.00021548 0.99990706 0.00042708 -0.01254853 0.00531347
1778570880.282213 0.00113513 -0.00076269 0.00016817 0.99990701 0.00042818 -0.01254827 0.00532328
1778570880.348927 0.00106634 -0.00070552 0.00020355 0.99990687 0.00043346 -0.01254080 0.00536575
1778570880.415643 0.00115460 -0.00076129 0.00022205 0.99990676 0.00043990 -0.01253839 0.00539219
1778570880.482358 0.00119133 -0.00080125 0.00018019 0.99990692 0.00043618 -0.01254383 0.00534831
1778570880.549073 0.00107429 -0.00072098 0.00019731 0.99990687 0.00043677 -0.01253804 0.00537226
1778570880.615789 0.00110568 -0.00074137 0.00019313 0.99990693 0.00044459 -0.01253109 0.00537600
1778570880.682503 0.00115659 -0.00079201 0.00014298 0.99990704 0.00043657 -0.01253620 0.00534536
1778570880.749219 0.00103744 -0.00070623 0.00016173 0.99990699 0.00043910 -0.01253025 0.00536736
1778570880.815934 0.00107334 -0.00072795 0.00018478 0.99990693 0.00044366 -0.01253080 0.00537726
1778570880.882649 0.00115699 -0.00078966 0.00015410 0.99990690 0.00043640 -0.01254121 0.00535992
1778570880.949365 0.00106691 -0.00072407 0.00016852 0.99990689 0.00044031 -0.01253342 0.00537875
1778570881.016080 0.00109582 -0.00073916 0.00021563 0.99990677 0.00044329 -0.01253939 0.00538704
1778570881.082795 0.00114584 -0.00078466 0.00013179 0.99990764 0.00041987 -0.01249949 0.00532012
1778570881.149511 0.00104985 -0.00071968 0.00015454 0.99990733 0.00042596 -0.01252373 0.00531977
1778570881.216228 0.00110774 -0.00073835 0.00021798 0.99990704 0.00042923 -0.01254232 0.00533143
1778570881.282944 0.00122298 -0.00082224 0.00019308 0.99990678 0.00043495 -0.01254472 0.00537268
1778570881.349659 0.00116270 -0.00077842 0.00020449 0.99990685 0.00043314 -0.01254628 0.00535658
1778570881.416376 0.00112929 -0.00075212 0.00021809 0.99990689 0.00043073 -0.01254906 0.00534250
1778570881.483092 0.00118643 -0.00081339 0.00016244 0.99990684 0.00044031 -0.01254408 0.00536237
1778570881.549809 0.00109711 -0.00075697 0.00016032 0.99990692 0.00043258 -0.01254084 0.00535583
1778570881.616524 0.00110337 -0.00075031 0.00019948 0.99990675 0.00044436 -0.01253295 0.00540616
1778570881.683241 0.00118834 -0.00082507 0.00016099 0.99990688 0.00044812 -0.01253483 0.00537685
1778570881.749958 0.00110277 -0.00076552 0.00014379 0.99990699 0.00043583 -0.01253253 0.00536164
1778570881.816674 0.00109804 -0.00075475 0.00018712 0.99990680 0.00044556 -0.01252774 0.00540736
1778570881.883390 0.00119990 -0.00082268 0.00017530 0.99990675 0.00044298 -0.01253740 0.00539560
1778570881.950107 0.00113028 -0.00078313 0.00013775 0.99990700 0.00043977 -0.01252624 0.00537438
1778570882.016824 0.00106138 -0.00073019 0.00018629 0.99990693 0.00043178 -0.01253931 0.00535910
1778570882.083540 0.00118626 -0.00082285 0.00016127 0.99990687 0.00044698 -0.01253365 0.00538148
1778570882.150256 0.00113934 -0.00079227 0.00014818 0.99990685 0.00044029 -0.01253376 0.00538455
1778570882.216972 0.00110999 -0.00076169 0.00018611 0.99990672 0.00044533 -0.01252953 0.00541957
1778570882.283687 0.00119408 -0.00082361 0.00017397 0.99990683 0.00044715 -0.01253596 0.00538285
1778570882.350402 0.00116206 -0.00080356 0.00014335 0.99990680 0.00043868 -0.01253438 0.00539404
1778570882.417118 0.00111740 -0.00076178 0.00018921 0.99990672 0.00044529 -0.01252814 0.00542138
1778570882.483835 0.00121546 -0.00083398 0.00019038 0.99990680 0.00044631 -0.01253457 0.00539292
1778570882.550550 0.00120657 -0.00083205 0.00014739 0.99990687 0.00044394 -0.01252905 0.00539270
1778570882.617266 0.00108885 -0.00074773 0.00018403 0.99990685 0.00043428 -0.01253998 0.00537128
1778570882.683982 0.00118180 -0.00081706 0.00017305 0.99990687 0.00044858 -0.01253651 0.00537459
1778570882.750698 0.00118512 -0.00082204 0.00013726 0.99990680 0.00044304 -0.01253517 0.00539160
1778570882.817414 0.00107499 -0.00074209 0.00016257 0.99990692 0.00043748 -0.01253977 0.00535851
1778570882.884130 0.00116544 -0.00080149 0.00016057 0.99990683 0.00044528 -0.01253963 0.00537531
1778570882.950846 0.00121537 -0.00083641 0.00014361 0.99990672 0.00044356 -0.01254539 0.00538133
1778570883.017561 0.00110833 -0.00075735 0.00017812 0.99990673 0.00043758 -0.01255164 0.00536532
1778570883.084277 0.00116525 -0.00080040 0.00017349 0.99990682 0.00044636 -0.01254516 0.00536305
1778570883.150992 0.00122577 -0.00084637 0.00014329 0.99990666 0.00044572 -0.01254640 0.00539151
1778570883.217708 0.00110024 -0.00075937 0.00016183 0.99990688 0.00044013 -0.01254696 0.00534823
1778570883.284424 0.00115529 -0.00079236 0.00016592 0.99990681 0.00044061 -0.01254442 0.00536705
1778570883.351139 0.00123952 -0.00085383 0.00014114 0.99990667 0.00044465 -0.01254272 0.00539814
1778570883.417855 0.00110085 -0.00075579 0.00016215 0.99990681 0.00043569 -0.01254683 0.00536287
1778570883.484570 0.00108914 -0.00075697 0.00015721 0.99990688 0.00044236 -0.01254363 0.00535689
1778570883.551286 0.00117037 -0.00082005 0.00011315 0.99990678 0.00044291 -0.01253892 0.00538663
1778570883.618001 0.00106675 -0.00074575 0.00013245 0.99990672 0.00044851 -0.01252594 0.00542662
1778570883.684716 0.00105998 -0.00073936 0.00014769 0.99990670 0.00044855 -0.01252423 0.00543404
1778570883.751432 0.00109919 -0.00077746 0.00009670 0.99990693 0.00044099 -0.01252645 0.00538671
1778570883.818147 0.00096613 -0.00069650 0.00007666 0.99990728 0.00043933 -0.01251857 0.00534120
1778570883.884863 0.00095805 -0.00068484 0.00009340 0.99990706 0.00044581 -0.01251189 0.00539706
1778570883.951578 0.00103433 -0.00074618 0.00007089 0.99990700 0.00044030 -0.01252986 0.00536647
1778570884.018294 0.00092788 -0.00067407 0.00007130 0.99990686 0.00042840 -0.01255112 0.00534438
1778570884.085008 0.00093494 -0.00067220 0.00008292 0.99990692 0.00044187 -0.01251699 0.00541093
1778570884.151725 0.00103207 -0.00074864 0.00005691 0.99990698 0.00044258 -0.01252353 0.00538429
1778570884.218441 0.00093011 -0.00068523 0.00004254 0.99990725 0.00043963 -0.01251674 0.00535047
1778570884.285157 0.00089817 -0.00065914 0.00006118 0.99990707 0.00044768 -0.01251136 0.00539588
1778570884.351873 0.00096238 -0.00070789 0.00002560 0.99990715 0.00043751 -0.01251523 0.00537376
1778570884.418588 0.00091368 -0.00067732 0.00001423 0.99990727 0.00043363 -0.01251312 0.00535497
1778570884.485305 0.00090505 -0.00066783 0.00005498 0.99990703 0.00044693 -0.01251228 0.00540203
1778570884.552021 0.00099356 -0.00072886 0.00003928 0.99990710 0.00044095 -0.01252104 0.00536884
1778570884.618737 0.00096677 -0.00070916 0.00003146 0.99990719 0.00043362 -0.01251849 0.00535741
1778570884.685453 0.00092324 -0.00067583 0.00006422 0.99990724 0.00043812 -0.01252336 0.00533699
1778570884.752169 0.00101433 -0.00073978 0.00004529 0.99990708 0.00043650 -0.01252331 0.00536711
1778570884.818884 0.00101235 -0.00073519 0.00004455 0.99990702 0.00043527 -0.01252655 0.00537130
1778570884.885601 0.00087585 -0.00065869 0.00002229 0.99990834 0.00042878 -0.01248292 0.00522459
1778570884.952317 0.00096217 -0.00071414 0.00002028 0.99990762 0.00043908 -0.01249830 0.00532446
1778570885.019032 0.00102352 -0.00074669 0.00004282 0.99990708 0.00043774 -0.01251773 0.00537956
1778570885.085750 0.00091929 -0.00067643 0.00006213 0.99990717 0.00043583 -0.01252059 0.00535688
1778570885.152464 0.00095777 -0.00071681 0.00003903 0.99990725 0.00044327 -0.01251462 0.00535504
1778570885.219178 0.00111133 -0.00080886 0.00007620 0.99990667 0.00047663 -0.01247461 0.00555115
1778570885.285892 0.00103482 -0.00075966 0.00012271 0.99990750 0.00047829 -0.01246139 0.00542977
1778570885.352607 0.00111378 -0.00081386 0.00011304 0.99990676 0.00049205 -0.01247832 0.00552413
1778570885.419321 0.00119204 -0.00086573 0.00010938 0.99990629 0.00049443 -0.01249814 0.00556407
1778570885.486035 0.00104340 -0.00077918 0.00009032 0.99990774 0.00048587 -0.01245206 0.00540503
1778570885.552749 0.00112917 -0.00083376 0.00010287 0.99990685 0.00049883 -0.01247599 0.00551278
1778570885.619462 0.00120106 -0.00088007 0.00008747 0.99990626 0.00049818 -0.01249390 0.00557867
1778570885.686177 0.00103295 -0.00077884 0.00007166 0.99990774 0.00048881 -0.01244937 0.00541196
1778570885.752891 0.00112387 -0.00083110 0.00008688 0.99990689 0.00049959 -0.01247350 0.00551152
1778570885.819605 0.00123848 -0.00090337 0.00008380 0.99990635 0.00050098 -0.01249317 0.00556347
1778570885.886320 0.00109976 -0.00081860 0.00007437 0.99990771 0.00049215 -0.01244780 0.00542040
1778570885.953034 0.00117680 -0.00086396 0.00010803 0.99990683 0.00050290 -0.01247577 0.00551710
1778570886.019747 0.00131636 -0.00095060 0.00010806 0.99990624 0.00050583 -0.01249398 0.00558181
1778570886.086462 0.00116549 -0.00085993 0.00008981 0.99990765 0.00049506 -0.01244842 0.00543073
1778570886.153177 0.00121759 -0.00089048 0.00011888 0.99990669 0.00051480 -0.01245907 0.00557806
1778570886.219891 0.00134492 -0.00097010 0.00012123 0.99990613 0.00050577 -0.01249210 0.00560501
1778570886.286608 0.00116117 -0.00086622 0.00008287 0.99990777 0.00049689 -0.01243827 0.00543060
1778570886.353323 0.00115801 -0.00085859 0.00010429 0.99990694 0.00050578 -0.01246584 0.00551805
1778570886.420038 0.00129348 -0.00094856 0.00009209 0.99990625 0.00050624 -0.01248653 0.00559647
1778570886.486753 0.00119735 -0.00088899 0.00009473 0.99990651 0.00050973 -0.01247918 0.00556530
1778570886.553468 0.00111532 -0.00084653 0.00005957 0.99990781 0.00050104 -0.01243512 0.00543090
1778570886.620184 0.00122835 -0.00091418 0.00004486 0.99990669 0.00050704 -0.01246097 0.00557451
1778570886.686899 0.00119832 -0.00089449 0.00007187 0.99990652 0.00051146 -0.01247107 0.00558209
1778570886.753614 0.00110773 -0.00084468 0.00003953 0.99990787 0.00050360 -0.01242765 0.00543640
1778570886.820329 0.00118388 -0.00089836 0.00000959 0.99990693 0.00051238 -0.01244896 0.00555892
1778570886.887044 0.00113999 -0.00086120 0.00003994 0.99990658 0.00050531 -0.01246594 0.00558280
1778570886.953759 0.00114999 -0.00086193 0.00006714 0.99990641 0.00051652 -0.01245877 0.00562957
1778570887.020475 0.00127092 -0.00094849 0.00004885 0.99990629 0.00051588 -0.01247293 0.00561891
1778570887.087190 0.00124163 -0.00092994 0.00004716 0.99990645 0.00051170 -0.01247029 0.00559624
1778570887.153906 0.00109375 -0.00084980 0.00002916 0.99990790 0.00050588 -0.01243005 0.00542577
1778570887.220619 0.00118398 -0.00090125 0.00000895 0.99990695 0.00051257 -0.01245156 0.00554809
1778570887.287335 0.00121047 -0.00091373 0.00002650 0.99990657 0.00051328 -0.01246496 0.00558743
1778570887.354050 0.00107178 -0.00083721 0.00001077 0.99990794 0.00050553 -0.01242722 0.00542320
1778570887.420765 0.00117165 -0.00089381 0.00000518 0.99990704 0.00051165 -0.01244846 0.00553884
1778570887.487480 0.00123803 -0.00093469 0.00001305 0.99990657 0.00051587 -0.01246308 0.00559123
1778570887.554195 0.00116144 -0.00088024 0.00003139 0.99990677 0.00051415 -0.01246133 0.00555888
1778570887.620910 0.00122411 -0.00093241 0.00000664 0.99990670 0.00051997 -0.01246057 0.00557183
1778570887.687625 0.00123243 -0.00093853 -0.00001650 0.99990650 0.00051716 -0.01246470 0.00560024
1778570887.754339 0.00113029 -0.00087658 -0.00000232 0.99990691 0.00052273 -0.01245826 0.00553909
1778570887.821055 0.00119181 -0.00092189 -0.00001595 0.99990667 0.00052147 -0.01246264 0.00557274
1778570887.887769 0.00121393 -0.00093703 -0.00003218 0.99990654 0.00052156 -0.01247491 0.00556833
1778570887.954485 0.00107769 -0.00085909 -0.00006323 0.99990816 0.00051328 -0.01241456 0.00541237
1778570888.021199 0.00116330 -0.00090818 -0.00004560 0.99990707 0.00051860 -0.01244123 0.00554908
1778570888.087913 0.00126224 -0.00097004 -0.00003244 0.99990665 0.00052063 -0.01245704 0.00558938
1778570888.154629 0.00116283 -0.00090195 -0.00000698 0.99990680 0.00052123 -0.01245952 0.00555650
1778570888.221343 0.00123864 -0.00095281 -0.00002148 0.99990680 0.00052703 -0.01245528 0.00556678
1778570888.288058 0.00130385 -0.00099519 -0.00003680 0.99990659 0.00052408 -0.01245945 0.00559429
1778570888.354771 0.00122238 -0.00094302 -0.00001537 0.99990679 0.00052791 -0.01245668 0.00556459
1778570888.421487 0.00127031 -0.00097996 -0.00002620 0.99990683 0.00053316 -0.01245257 0.00556569
1778570888.488201 0.00133083 -0.00101570 -0.00004412 0.99990659 0.00052921 -0.01245673 0.00559939
1778570888.554915 0.00124721 -0.00096437 -0.00003524 0.99990688 0.00053010 -0.01244961 0.00556348
1778570888.621630 0.00126612 -0.00098285 -0.00003813 0.99990690 0.00053304 -0.01244680 0.00556668
1778570888.688344 0.00132466 -0.00102187 -0.00006850 0.99990677 0.00053166 -0.01244990 0.00558213
1778570888.755058 0.00122489 -0.00095120 -0.00006713 0.99990691 0.00052623 -0.01243981 0.00558097
1778570888.821773 0.00120906 -0.00094630 -0.00006151 0.99990701 0.00053146 -0.01244133 0.00555808
1778570888.888487 0.00129363 -0.00099998 -0.00008891 0.99990684 0.00052829 -0.01243874 0.00559599
1778570888.955202 0.00120995 -0.00094612 -0.00007660 0.99990692 0.00052837 -0.01243845 0.00558175
1778570889.021916 0.00119915 -0.00093811 -0.00007875 0.99990685 0.00053610 -0.01241942 0.00563552
1778570889.088630 0.00126141 -0.00098706 -0.00009696 0.99990685 0.00053172 -0.01243705 0.00559646
1778570889.155344 0.00117254 -0.00089555 -0.00007870 0.99990583 0.00049307 -0.01247571 0.00569680
1778570889.222059 0.00116786 -0.00091577 -0.00009363 0.99990664 0.00053139 -0.01242435 0.00566315
1778570889.288774 0.00125229 -0.00098398 -0.00010912 0.99990699 0.00053042 -0.01243356 0.00557983
1778570889.355489 0.00121777 -0.00095440 -0.00011225 0.99990704 0.00052763 -0.01242664 0.00558729
1778570889.422204 0.00118982 -0.00091083 -0.00008318 0.99990601 0.00049939 -0.01246469 0.00568824
1778570889.488918 0.00126811 -0.00098733 -0.00011527 0.99990668 0.00052621 -0.01243740 0.00562758
1778570889.555633 0.00124722 -0.00098224 -0.00011663 0.99990706 0.00053642 -0.01242698 0.00558192
1778570889.622347 0.00122675 -0.00096684 -0.00010075 0.99990689 0.00054192 -0.01241045 0.00564867
1778570889.689061 0.00130069 -0.00101790 -0.00011560 0.99990696 0.00053859 -0.01242168 0.00561021
1778570889.755777 0.00124467 -0.00098152 -0.00013458 0.99990716 0.00053407 -0.01241469 0.00559042
1778570889.822490 0.00117145 -0.00093582 -0.00012693 0.99990728 0.00053638 -0.01241393 0.00557146
1778570889.889206 0.00121635 -0.00096536 -0.00014471 0.99990722 0.00053002 -0.01241006 0.00559122
1778570889.955919 0.00121816 -0.00097696 -0.00018220 0.99990847 0.00052787 -0.01236210 0.00547328
1778570890.022635 0.00117516 -0.00094126 -0.00015365 0.99990759 0.00054336 -0.01236676 0.00561939
1778570890.089348 0.00123954 -0.00098117 -0.00014218 0.99990729 0.00053417 -0.01239656 0.00560827
1778570890.156063 0.00124940 -0.00099144 -0.00015822 0.99990737 0.00053264 -0.01239439 0.00559916
1778570890.222779 0.00113350 -0.00092978 -0.00018115 0.99990874 0.00053257 -0.01235143 0.00544701
1778570890.289494 0.00116854 -0.00094876 -0.00018294 0.99990805 0.00053580 -0.01236707 0.00553739
1778570890.356208 0.00143869 -0.00115861 -0.00029610 0.99990803 0.00056668 -0.01234228 0.00559247
1778570890.422923 0.00160038 -0.00114436 -0.00034456 0.99990929 0.00053826 -0.01222931 0.00561880
1778570890.489637 0.00167845 -0.00134958 -0.00073898 0.99991185 0.00050942 -0.01204387 0.00556589
1778570890.556352 0.00196216 -0.00155144 -0.00085056 0.99991270 0.00051055 -0.01196930 0.00557458
1778570890.623067 0.00142219 -0.00117072 -0.00057517 0.99991326 0.00057592 -0.01191799 0.00557629
1778570890.689781 0.00177596 -0.00101284 -0.00065043 0.99991449 0.00042409 -0.01182541 0.00556709
1778570890.756497 0.00161918 -0.00102438 0.00059072 0.99991097 0.00047551 -0.01206945 0.00567035
1778570890.823211 0.00143915 -0.00116750 -0.00047874 0.99991666 0.00052873 -0.01165103 0.00553631
1778570890.889926 0.00184834 -0.00095788 -0.00072183 0.99991799 0.00037023 -0.01153349 0.00555466
1778570890.956641 0.00170849 -0.00090362 0.00069212 0.99991207 0.00043410 -0.01190227 0.00583093
1778570891.023355 0.00158718 -0.00118263 -0.00003943 0.99991576 0.00044652 -0.01161503 0.00577537
1778570891.090069 0.00172375 -0.00141653 -0.00040690 0.99991797 0.00041884 -0.01147244 0.00568050
1778570891.156785 0.00215896 -0.00041807 0.00055615 0.99991491 0.00021423 -0.01167821 0.00580946
1778570891.223500 0.00138203 -0.00105885 -0.00013901 0.99991841 0.00051464 -0.01140245 0.00573460
1778570891.290214 0.00142652 -0.00121508 -0.00045064 0.99991979 0.00042879 -0.01131114 0.00568237
1778570891.356928 0.00209027 -0.00078872 -0.00069864 0.99992149 0.00020278 -0.01117354 0.00566788
1778570891.423644 0.00415558 0.00251519 -0.00009912 0.99992155 -0.00063827 -0.01112382 0.00572325
1778570891.490358 0.00383327 0.00190445 0.00015151 0.99992193 -0.00043937 -0.01102291 0.00586755
1778570891.557073 0.00363122 0.00168448 0.00075646 0.99991980 -0.00039982 -0.01110508 0.00607626
1778570891.623787 0.00290448 0.00080869 0.00120913 0.99991918 -0.00012227 -0.01112908 0.00614478
1778570891.690501 0.00153078 -0.00081356 0.00061471 0.99992322 0.00043162 -0.01088781 0.00590124
1778570891.757216 0.00144371 -0.00111966 -0.00018882 0.99992690 0.00047365 -0.01060232 0.00579265
1778570891.823930 0.00178935 -0.00063870 0.00032894 0.99992490 0.00034551 -0.01072850 0.00591435
1778570891.890646 0.00137237 -0.00109840 -0.00034734 0.99992752 0.00053482 -0.01049349 0.00587809
1778570891.957359 0.00180108 -0.00081620 -0.00042888 0.99992812 0.00035335 -0.01044364 0.00587918
1778570892.024075 0.00126612 -0.00110933 -0.00034660 0.99992776 0.00054349 -0.01046461 0.00588822
1778570892.090789 0.00128792 -0.00105422 -0.00037331 0.99992893 0.00053209 -0.01039699 0.00580979
1778570892.157504 0.00127524 -0.00117864 -0.00060393 0.99993013 0.00044489 -0.01029033 0.00580068
1778570892.224218 0.00190210 -0.00076638 -0.00070294 0.99993045 0.00017675 -0.01023986 0.00584853
1778570892.290932 0.00370018 0.00201526 -0.00104771 0.99993273 -0.00042815 -0.01006175 0.00575402
1778570892.357647 0.00388442 0.00216064 -0.00112904 0.99993321 -0.00048295 -0.00999175 0.00578818
1778570892.424361 0.00408079 0.00235524 -0.00115609 0.99993336 -0.00055342 -0.00995534 0.00581911
1778570892.491076 0.00378442 0.00193594 -0.00108402 0.99993348 -0.00040681 -0.00991802 0.00587308
1778570892.557790 0.00403571 0.00232636 -0.00139435 0.99993591 -0.00054335 -0.00977100 0.00569303
1778570892.624503 0.00417538 0.00234475 -0.00123240 0.99993465 -0.00055718 -0.00982826 0.00581321
1778570892.691219 0.00392129 0.00218972 -0.00134035 0.99993616 -0.00049672 -0.00974779 0.00569252
1778570892.757933 0.00385970 0.00203876 -0.00126953 0.99993520 -0.00044698 -0.00978152 0.00580715
1778570892.824647 0.00410979 0.00234433 -0.00117505 0.99993424 -0.00055739 -0.00981876 0.00589866
1778570892.891360 0.00385211 0.00198482 -0.00111017 0.99993411 -0.00042806 -0.00980992 0.00594625
1778570892.958076 0.00391449 0.00228314 -0.00142521 0.99993660 -0.00051727 -0.00968318 0.00572365
1778570893.024789 0.00420105 0.00238261 -0.00129513 0.99993519 -0.00056853 -0.00974270 0.00586212
1778570893.091503 0.00399609 0.00231063 -0.00137228 0.99993640 -0.00053247 -0.00968307 0.00575798
1778570893.158219 0.00388799 0.00200609 -0.00126277 0.99993512 -0.00043209 -0.00971554 0.00593047
1778570893.224933 0.00413510 0.00233880 -0.00120304 0.99993443 -0.00055521 -0.00977141 0.00594497
1778570893.291647 0.00400096 0.00240142 -0.00140796 0.99993654 -0.00055559 -0.00966112 0.00576730
1778570893.358361 0.00398566 0.00231507 -0.00150362 0.99993709 -0.00052045 -0.00958967 0.00579462
1778570893.425076 0.00389176 0.00204776 -0.00109910 0.99993322 -0.00044899 -0.00981741 0.00608043
1778570893.491791 0.00367183 0.00187012 -0.00101969 0.99993307 -0.00038091 -0.00984311 0.00606899
1778570893.558505 0.00326768 0.00150126 -0.00111726 0.99993276 -0.00025295 -0.00983003 0.00614708
1778570893.625220 0.00392821 0.00202647 -0.00107988 0.99993286 -0.00044835 -0.00982098 0.00613301
1778570893.691934 0.00376588 0.00191878 -0.00104469 0.99993308 -0.00040166 -0.00983049 0.00608627
1778570893.758647 0.00363059 0.00163994 -0.00103835 0.99993275 -0.00031529 -0.00981989 0.00616109
1778570893.825363 0.00393923 0.00200162 -0.00110443 0.99993278 -0.00044461 -0.00982332 0.00614311
1778570893.892077 0.00377637 0.00197088 -0.00107129 0.99993277 -0.00042254 -0.00983836 0.00612250
1778570893.958791 0.00369849 0.00168373 -0.00103786 0.99993260 -0.00032825 -0.00982503 0.00617730
1778570894.025506 0.00358082 0.00171550 -0.00122998 0.99993196 -0.00036833 -0.00983851 0.00625694
1778570894.092220 0.00380104 0.00200593 -0.00106290 0.99993228 -0.00043722 -0.00985853 0.00616896
1778570894.158935 0.00368502 0.00173555 -0.00105096 0.99993240 -0.00034299 -0.00983593 0.00619074
1778570894.225652 0.00391804 0.00205511 -0.00112053 0.99993262 -0.00045414 -0.00982746 0.00616188
1778570894.292367 0.00394409 0.00211926 -0.00108089 0.99993248 -0.00047684 -0.00984873 0.00614917
1778570894.359082 0.00369990 0.00175155 -0.00105671 0.99993242 -0.00034930 -0.00983089 0.00619548
1778570894.425798 0.00389759 0.00197603 -0.00109533 0.99993252 -0.00043392 -0.00983884 0.00616103
1778570894.492514 0.00404819 0.00212943 -0.00108789 0.99993242 -0.00048859 -0.00984366 0.00616525
1778570894.559230 0.00368051 0.00175887 -0.00102284 0.99993244 -0.00035722 -0.00986791 0.00613321
1778570894.625946 0.00383896 0.00188349 -0.00112897 0.99993266 -0.00040372 -0.00983852 0.00614154
1778570894.692662 0.00371732 0.00174531 -0.00129250 0.99993189 -0.00039120 -0.00984826 0.00625133
1778570894.759377 0.00361525 0.00168773 -0.00106742 0.99993236 -0.00033311 -0.00987762 0.00613196
1778570894.826093 0.00346994 0.00154534 -0.00123707 0.99993172 -0.00031585 -0.00987091 0.00624679
1778570894.892809 0.00405957 0.00210854 -0.00112991 0.99993212 -0.00048874 -0.00986810 0.00617500
1778570894.959525 0.00363636 0.00173042 -0.00110825 0.99993261 -0.00033998 -0.00986690 0.00610762
1778570895.026241 0.00381040 0.00185250 -0.00110622 0.99993249 -0.00039087 -0.00986010 0.00613572
1778570895.092956 0.00375984 0.00179430 -0.00126484 0.99993156 -0.00040847 -0.00987808 0.00625528
1778570895.159670 0.00364190 0.00172354 -0.00109790 0.99993231 -0.00034352 -0.00988225 0.00613212
1778570895.226386 0.00331354 0.00146669 -0.00129853 0.99993214 -0.00027450 -0.00985767 0.00620183
1778570895.293101 0.00367402 0.00168347 -0.00128714 0.99993146 -0.00037113 -0.00987691 0.00627586
1778570895.359814 0.00333994 0.00136795 -0.00125044 0.99993160 -0.00025522 -0.00988815 0.00624215
1778570895.426530 0.00320225 0.00127656 -0.00129830 0.99993177 -0.00021625 -0.00988262 0.00622511
1778570895.493245 0.00342382 0.00143955 -0.00139293 0.99993263 -0.00024792 -0.00987387 0.00609770
1778570895.559959 0.00312536 0.00118196 -0.00132031 0.99993272 -0.00015483 -0.00988348 0.00607058
1778570895.626673 0.00295794 0.00104841 -0.00133149 0.99993294 -0.00010373 -0.00987531 0.00604860
1778570895.693389 0.00373540 0.00174568 -0.00130526 0.99993381 -0.00032228 -0.00983237 0.00596547
1778570895.760103 0.00322858 0.00154006 -0.00128239 0.99993374 -0.00023555 -0.00985590 0.00594351
1778570895.826818 0.00302950 0.00110853 -0.00137750 0.99993367 -0.00012176 -0.00981619 0.00602417
1778570895.893533 0.00339461 0.00145131 -0.00138706 0.99993320 -0.00024900 -0.00982277 0.00608590
1778570895.960247 0.00325232 0.00142593 -0.00136599 0.99993333 -0.00022871 -0.00982826 0.00605739
1778570896.026961 0.00300905 0.00121921 -0.00135524 0.99993353 -0.00014880 -0.00983279 0.00601946
1778570896.093677 0.00336141 0.00153044 -0.00140902 0.99993342 -0.00026405 -0.00981771 0.00605725
1778570896.160390 0.00327637 0.00151506 -0.00137503 0.99993344 -0.00025355 -0.00982725 0.00603999
1778570896.227105 0.00300956 0.00124333 -0.00136970 0.99993357 -0.00015864 -0.00983054 0.00601668
1778570896.293818 0.00337049 0.00151480 -0.00142347 0.99993347 -0.00026217 -0.00981461 0.00605555
1778570896.360533 0.00329376 0.00151255 -0.00142559 0.99993353 -0.00025820 -0.00981649 0.00604206
1778570896.427247 0.00300644 0.00117551 -0.00136504 0.99993362 -0.00013649 -0.00983246 0.00600495
1778570896.493961 0.00332154 0.00143454 -0.00144854 0.99993368 -0.00023794 -0.00980661 0.00603482
1778570896.560675 0.00339175 0.00151940 -0.00145254 0.99993365 -0.00026777 -0.00980652 0.00603805
1778570896.627388 0.00301737 0.00117149 -0.00137943 0.99993362 -0.00014218 -0.00983132 0.00600741
1778570896.694101 0.00327018 0.00137957 -0.00145779 0.99993380 -0.00021951 -0.00980199 0.00602159
1778570896.760816 0.00340051 0.00151868 -0.00145854 0.99993367 -0.00027047 -0.00981227 0.00602526
1778570896.827530 0.00304527 0.00120487 -0.00138335 0.99993355 -0.00015398 -0.00982864 0.00602270
1778570896.894244 0.00329077 0.00136442 -0.00145310 0.99993377 -0.00021593 -0.00980127 0.00602799
1778570896.960957 0.00345547 0.00164194 -0.00133256 0.99993274 -0.00032682 -0.00986884 0.00608383
1778570897.027672 0.00307484 0.00132544 -0.00131018 0.99993295 -0.00020519 -0.00987134 0.00605102
1778570897.094386 0.00313830 0.00145045 -0.00137848 0.99993316 -0.00024405 -0.00985313 0.00604377
1778570897.161100 0.00338719 0.00166230 -0.00137133 0.99993292 -0.00032611 -0.00986708 0.00605726
1778570897.227816 0.00299140 0.00136765 -0.00135763 0.99993319 -0.00020551 -0.00985993 0.00602879
1778570897.294531 0.00307440 0.00137051 -0.00140966 0.99993339 -0.00021479 -0.00984165 0.00602610
1778570897.361245 0.00332737 0.00177440 -0.00162216 0.99993374 -0.00036532 -0.00976568 0.00608451
1778570897.427961 0.00301131 0.00145493 -0.00156410 0.99993398 -0.00024443 -0.00977084 0.00604126
1778570897.494676 0.00302760 0.00139046 -0.00160608 0.99993413 -0.00022985 -0.00975367 0.00604533
1778570897.561390 0.00344679 0.00175727 -0.00164965 0.99993392 -0.00037741 -0.00974490 0.00608707
1778570897.628107 0.00311012 0.00137848 -0.00156857 0.99993355 -0.00023512 -0.00974941 0.00614651
1778570897.694822 0.00298284 0.00131795 -0.00161709 0.99993416 -0.00020727 -0.00974292 0.00605848
1778570897.761537 0.00336710 0.00171344 -0.00164290 0.99993401 -0.00035510 -0.00974339 0.00607505
1778570897.828251 0.00311623 0.00151104 -0.00161460 0.99993411 -0.00027402 -0.00974188 0.00606534
1778570897.894967 0.00298899 0.00140000 -0.00159749 0.99993415 -0.00022951 -0.00974299 0.00605887
1778570897.961682 0.00339151 0.00175641 -0.00169413 0.99993409 -0.00036995 -0.00971506 0.00610682
1778570898.028398 0.00314616 0.00163979 -0.00160990 0.99993398 -0.00031000 -0.00974064 0.00608719
1778570898.095113 0.00298707 0.00144166 -0.00161077 0.99993419 -0.00023892 -0.00973758 0.00606122
1778570898.161828 0.00342820 0.00185973 -0.00166727 0.99993397 -0.00039608 -0.00972281 0.00611272
1778570898.228542 0.00321139 0.00172592 -0.00162539 0.99993395 -0.00033937 -0.00972855 0.00611040
1778570898.295258 0.00300548 0.00146270 -0.00163884 0.99993420 -0.00024531 -0.00972275 0.00608334
1778570898.361973 0.00301802 0.00168080 -0.00169618 0.99993360 -0.00032843 -0.00974715 0.00613880
1778570898.428688 0.00327889 0.00167917 -0.00165604 0.99993408 -0.00033264 -0.00970416 0.00612850
1778570898.495403 0.00309269 0.00149358 -0.00163158 0.99993425 -0.00026194 -0.00970696 0.00609987
1778570898.562118 0.00303323 0.00164645 -0.00172221 0.99993365 -0.00032105 -0.00972900 0.00615998
1778570898.628833 0.00329573 0.00173391 -0.00167748 0.99993416 -0.00035150 -0.00969225 0.00613320
1778570898.695548 0.00309563 0.00149321 -0.00163212 0.99993428 -0.00026479 -0.00970049 0.00610514
1778570898.762263 0.00341685 0.00176117 -0.00169199 0.99993408 -0.00037068 -0.00968781 0.00615123
1778570898.828978 0.00337854 0.00184905 -0.00168669 0.99993408 -0.00039153 -0.00969357 0.00614063
1778570898.895693 0.00314119 0.00146585 -0.00167504 0.99993406 -0.00025341 -0.00967378 0.00618245
1778570898.962409 0.00337898 0.00177742 -0.00173376 0.99993424 -0.00036931 -0.00967528 0.00614488
1778570899.029123 0.00345933 0.00192115 -0.00170115 0.99993405 -0.00041882 -0.00968886 0.00615179
1778570899.095839 0.00309089 0.00156749 -0.00165619 0.99993427 -0.00028100 -0.00970302 0.00610216
1778570899.162554 0.00331541 0.00172719 -0.00176067 0.99993438 -0.00034968 -0.00967287 0.00612825
1778570899.229268 0.00357942 0.00196149 -0.00171737 0.99993402 -0.00044055 -0.00968759 0.00615733
1778570899.295984 0.00319140 0.00151617 -0.00170437 0.99993408 -0.00026985 -0.00967154 0.00618322
1778570899.362699 0.00322865 0.00166708 -0.00173032 0.99993423 -0.00032681 -0.00968920 0.00612754
1778570899.429414 0.00345121 0.00192001 -0.00171631 0.99993404 -0.00041924 -0.00970336 0.00613070
1778570899.496129 0.00318614 0.00151843 -0.00172837 0.99993415 -0.00027329 -0.00966618 0.00618002
1778570899.562844 0.00319362 0.00161725 -0.00173892 0.99993425 -0.00030781 -0.00968864 0.00612656
1778570899.629559 0.00343197 0.00191655 -0.00174611 0.99993419 -0.00041668 -0.00969620 0.00611711
1778570899.696274 0.00308831 0.00152772 -0.00170396 0.99993443 -0.00027066 -0.00969830 0.00608310
1778570899.762989 0.00320818 0.00155136 -0.00174552 0.99993452 -0.00028770 -0.00968169 0.00609453
1778570899.829703 0.00348138 0.00189647 -0.00178450 0.99993420 -0.00041696 -0.00968307 0.00613613
1778570899.896419 0.00316066 0.00155592 -0.00171912 0.99993405 -0.00028131 -0.00967872 0.00617575
1778570899.963134 0.00311464 0.00154310 -0.00175830 0.99993453 -0.00027689 -0.00967723 0.00609981
1778570900.029848 0.00307939 0.00188967 -0.00253866 0.99993855 -0.00041928 -0.00937422 0.00590231
1778570900.096564 0.00272827 0.00162192 -0.00243188 0.99993856 -0.00030959 -0.00939265 0.00587872
1778570900.163281 0.00264022 0.00149402 -0.00244562 0.99993886 -0.00025927 -0.00937904 0.00585221
1778570900.229999 0.00305015 0.00190323 -0.00256374 0.99993892 -0.00041568 -0.00934194 0.00589220
1778570900.296717 0.00275240 0.00171841 -0.00246420 0.99993889 -0.00033506 -0.00936114 0.00587207
1778570900.363434 0.00260998 0.00151640 -0.00245758 0.99993908 -0.00026562 -0.00935870 0.00584639
1778570900.430153 0.00304865 0.00191632 -0.00256674 0.99993910 -0.00042263 -0.00932162 0.00589331
1778570900.496871 0.00285487 0.00175064 -0.00249926 0.99993908 -0.00035717 -0.00933666 0.00587724
1778570900.563589 0.00263139 0.00148685 -0.00246194 0.99993919 -0.00026158 -0.00934653 0.00584772
1778570900.630307 0.00303992 0.00187985 -0.00257756 0.99993927 -0.00041159 -0.00930842 0.00588580
1778570900.697025 0.00287744 0.00177674 -0.00249307 0.99993909 -0.00036811 -0.00933141 0.00588332
1778570900.763743 0.00259680 0.00154357 -0.00246310 0.99993919 -0.00027666 -0.00933927 0.00585741
1778570900.830461 0.00299938 0.00191607 -0.00259304 0.99993931 -0.00042212 -0.00929772 0.00589453
1778570900.897179 0.00294977 0.00186139 -0.00252639 0.99993914 -0.00039966 -0.00931435 0.00589933
1778570900.963897 0.00259424 0.00157277 -0.00247824 0.99993935 -0.00028040 -0.00932894 0.00584658
1778570901.030616 0.00296378 0.00192321 -0.00261373 0.99993945 -0.00041652 -0.00928546 0.00589155
1778570901.097334 0.00293516 0.00194519 -0.00257433 0.99993935 -0.00041934 -0.00929729 0.00588948
1778570901.164048 0.00261802 0.00162989 -0.00248896 0.99993936 -0.00029990 -0.00932134 0.00585704
1778570901.230762 0.00295268 0.00190369 -0.00260580 0.99993943 -0.00041173 -0.00928670 0.00589290
1778570901.297477 0.00302113 0.00200312 -0.00258745 0.99993923 -0.00044913 -0.00928980 0.00591893
1778570901.364192 0.00267995 0.00165146 -0.00252488 0.99993938 -0.00031273 -0.00930843 0.00587336
1778570901.430906 0.00291977 0.00187868 -0.00261682 0.99993950 -0.00040243 -0.00927825 0.00589499
1778570901.497621 0.00306887 0.00204403 -0.00260231 0.99993925 -0.00046471 -0.00928652 0.00591945
1778570901.564335 0.00270842 0.00166161 -0.00251281 0.99993932 -0.00031909 -0.00930889 0.00588160
1778570901.631049 0.00285743 0.00185381 -0.00262156 0.99993961 -0.00038534 -0.00927790 0.00587745
1778570901.697763 0.00307051 0.00205024 -0.00263768 0.99993942 -0.00046549 -0.00927081 0.00591534
1778570901.764478 0.00271883 0.00172946 -0.00252748 0.99993935 -0.00033875 -0.00930595 0.00588069
1778570901.831193 0.00287747 0.00180676 -0.00260879 0.99993958 -0.00037619 -0.00927909 0.00588164
1778570901.897907 0.00310478 0.00206324 -0.00264594 0.99993941 -0.00047511 -0.00927476 0.00591010
1778570901.964621 0.00270562 0.00168993 -0.00254147 0.99993949 -0.00032760 -0.00930361 0.00586137
1778570902.031336 0.00284552 0.00176280 -0.00260791 0.99993965 -0.00035914 -0.00928011 0.00586982
1778570902.098050 0.00307199 0.00204663 -0.00265936 0.99993940 -0.00046745 -0.00927696 0.00590819
1778570902.164765 0.00272165 0.00171458 -0.00254277 0.99993947 -0.00033430 -0.00930802 0.00585645
1778570902.231481 0.00275766 0.00173735 -0.00261975 0.99993970 -0.00034475 -0.00928224 0.00585805
1778570902.298195 0.00307279 0.00208745 -0.00263265 0.99993931 -0.00048299 -0.00928894 0.00590400
1778570902.364912 0.00270026 0.00174143 -0.00258198 0.99993964 -0.00033902 -0.00929876 0.00584262
1778570902.431626 0.00267185 0.00170686 -0.00260965 0.99993972 -0.00032817 -0.00929133 0.00584042
1778570902.498342 0.00303300 0.00208581 -0.00269043 0.99993966 -0.00047223 -0.00927476 0.00586843
1778570902.565058 0.00273726 0.00179547 -0.00263361 0.99993981 -0.00035674 -0.00928136 0.00583965
1778570902.631773 0.00262148 0.00168058 -0.00262832 0.99993980 -0.00031323 -0.00928679 0.00583520
1778570902.698489 0.00295332 0.00206716 -0.00275582 0.99993988 -0.00046130 -0.00925416 0.00586303
1778570902.765204 0.00274517 0.00187879 -0.00266504 0.99993983 -0.00038152 -0.00927322 0.00584837
1778570902.831920 0.00261504 0.00166508 -0.00263409 0.99993988 -0.00030981 -0.00928103 0.00583055
1778570902.898635 0.00306589 0.00206010 -0.00272430 0.99993985 -0.00046685 -0.00926397 0.00585293
1778570902.965350 0.00283957 0.00190263 -0.00267458 0.99993978 -0.00040110 -0.00927200 0.00585763
1778570903.032066 0.00262697 0.00167879 -0.00263779 0.99993994 -0.00031138 -0.00927867 0.00582528
1778570903.098782 0.00295191 0.00205056 -0.00274366 0.99993983 -0.00045650 -0.00926386 0.00585737
1778570903.165496 0.00282190 0.00196544 -0.00271156 0.99993987 -0.00041605 -0.00926575 0.00585011
1778570903.232210 0.00268637 0.00169802 -0.00267572 0.99994001 -0.00032245 -0.00926955 0.00582583
1778570903.298925 0.00261556 0.00188723 -0.00279440 0.99993970 -0.00039279 -0.00928790 0.00584534
1778570903.365639 0.00285469 0.00200191 -0.00274784 0.99993998 -0.00042874 -0.00923997 0.00587153
1778570903.432353 0.00266684 0.00175540 -0.00267201 0.99993991 -0.00033920 -0.00925911 0.00585973
1778570903.499068 0.00255008 0.00192345 -0.00279526 0.99993969 -0.00039525 -0.00927147 0.00587402
1778570903.565783 0.00288235 0.00209026 -0.00274754 0.99993999 -0.00045412 -0.00923328 0.00587933
1778570903.632497 0.00273020 0.00182279 -0.00269073 0.99993993 -0.00036556 -0.00924541 0.00587606
1778570903.699210 0.00295858 0.00208155 -0.00275935 0.99993996 -0.00046082 -0.00922877 0.00588954
1778570903.765926 0.00300829 0.00219069 -0.00277835 0.99993982 -0.00050044 -0.00922812 0.00591205
1778570903.832640 0.00273078 0.00179536 -0.00267823 0.99993981 -0.00036162 -0.00925387 0.00588363
1778570903.899355 0.00286194 0.00201152 -0.00276098 0.99993986 -0.00043614 -0.00923743 0.00589574
1778570903.966069 0.00299844 0.00221593 -0.00275645 0.99993966 -0.00050966 -0.00924351 0.00591402
1778570904.032784 0.00271325 0.00181460 -0.00268396 0.99993982 -0.00036373 -0.00925715 0.00587631
1778570904.099498 0.00278983 0.00195074 -0.00278248 0.99993998 -0.00041035 -0.00923533 0.00588032
1778570904.166212 0.00306775 0.00223929 -0.00280172 0.99993977 -0.00052242 -0.00923498 0.00590763
1778570904.232928 0.00271475 0.00187768 -0.00269553 0.99993982 -0.00037968 -0.00925656 0.00587567
1778570904.299643 0.00275705 0.00191931 -0.00277118 0.99993998 -0.00039838 -0.00923599 0.00587930
1778570904.366357 0.00298280 0.00219738 -0.00279361 0.99993977 -0.00050283 -0.00924361 0.00589610
1778570904.433072 0.00269200 0.00187662 -0.00270650 0.99993988 -0.00037772 -0.00925331 0.00587184
1778570904.499786 0.00268978 0.00188504 -0.00281538 0.99994016 -0.00038037 -0.00922304 0.00587089
1778570904.566502 0.00302918 0.00225201 -0.00279776 0.99993974 -0.00052381 -0.00924376 0.00589807
1778570904.633217 0.00271410 0.00189963 -0.00272710 0.99993986 -0.00038688 -0.00924785 0.00588203
1778570904.699932 0.00266022 0.00186181 -0.00280515 0.99994016 -0.00036847 -0.00922498 0.00586790
1778570904.766646 0.00301787 0.00227294 -0.00281024 0.99993979 -0.00052582 -0.00923338 0.00590705
1778570904.833361 0.00270344 0.00195968 -0.00277881 0.99994004 -0.00040303 -0.00923180 0.00587536
1778570904.900076 0.00267438 0.00182982 -0.00279831 0.99994018 -0.00035966 -0.00922345 0.00586866
1778570904.966791 0.00302504 0.00224137 -0.00283801 0.99993989 -0.00052085 -0.00922637 0.00590072
1778570905.033506 0.00274809 0.00198119 -0.00277030 0.99993990 -0.00041542 -0.00923764 0.00589039
1778570905.100220 0.00269438 0.00179876 -0.00279196 0.99994021 -0.00035706 -0.00922344 0.00586328
1778570905.166935 0.00301118 0.00223138 -0.00283543 0.99993982 -0.00051804 -0.00923341 0.00590229
1778570905.233650 0.00288695 0.00206044 -0.00277659 0.99993977 -0.00045149 -0.00923252 0.00591792
1778570905.300365 0.00271427 0.00184909 -0.00280595 0.99994006 -0.00037337 -0.00922033 0.00589212
1778570905.367079 0.00310070 0.00224670 -0.00282925 0.99993971 -0.00052869 -0.00922308 0.00593596
1778570905.433794 0.00285159 0.00213108 -0.00279922 0.99993974 -0.00047033 -0.00922437 0.00593329
1778570905.500508 0.00269531 0.00184924 -0.00278042 0.99994002 -0.00037172 -0.00922246 0.00589641
1778570905.567224 0.00312077 0.00227287 -0.00283607 0.99993957 -0.00054337 -0.00921570 0.00597008
1778570905.633939 0.00296203 0.00220387 -0.00280246 0.99993960 -0.00050562 -0.00922042 0.00596075
1778570905.700653 0.00270283 0.00188006 -0.00281054 0.99993995 -0.00038340 -0.00921285 0.00592248
1778570905.767368 0.00311460 0.00224633 -0.00285425 0.99993967 -0.00053473 -0.00920213 0.00597432
1778570905.834082 0.00308681 0.00223907 -0.00278955 0.99993954 -0.00052937 -0.00922034 0.00596915
1778570905.900798 0.00274135 0.00187857 -0.00282656 0.99993995 -0.00038857 -0.00920905 0.00592733
1778570905.967512 0.00305901 0.00223781 -0.00286924 0.99993984 -0.00052415 -0.00920025 0.00594989
1778570906.034227 0.00305671 0.00229916 -0.00281179 0.99993952 -0.00054584 -0.00922238 0.00596755
1778570906.100942 0.00274297 0.00193644 -0.00284497 0.99994007 -0.00040271 -0.00920197 0.00591799
1778570906.167657 0.00297998 0.00215266 -0.00288825 0.99993996 -0.00049299 -0.00919433 0.00594056
1778570906.234371 0.00316867 0.00230947 -0.00281867 0.99993936 -0.00056250 -0.00922301 0.00599069
1778570906.301087 0.00243608 0.00178801 -0.00289032 0.99994001 -0.00034300 -0.00922493 0.00589531
1778570906.367801 0.00294899 0.00208611 -0.00287852 0.99994001 -0.00047318 -0.00918823 0.00594350
1778570906.434517 0.00318644 0.00236059 -0.00286605 0.99993970 -0.00057414 -0.00920124 0.00596715
1778570906.501232 0.00244589 0.00184111 -0.00286051 0.99993991 -0.00036238 -0.00922635 0.00590878
1778570906.567947 0.00287967 0.00205877 -0.00289728 0.99994021 -0.00045418 -0.00917841 0.00592752
1778570906.634661 0.00317151 0.00239041 -0.00286982 0.99993968 -0.00058620 -0.00920333 0.00596539
1778570906.701377 0.00284830 0.00199249 -0.00281886 0.99993983 -0.00043244 -0.00920747 0.00594747
1778570906.768091 0.00291746 0.00200456 -0.00289861 0.99994014 -0.00044118 -0.00918371 0.00593106
1778570906.834807 0.00326900 0.00236310 -0.00286922 0.99993948 -0.00058749 -0.00920889 0.00598982
1778570906.901520 0.00278991 0.00196718 -0.00284738 0.99993992 -0.00042012 -0.00920444 0.00593755
1778570906.968235 0.00293973 0.00202413 -0.00288471 0.99993997 -0.00045273 -0.00919149 0.00594669
1778570907.034952 0.00327549 0.00236487 -0.00284223 0.99993930 -0.00059249 -0.00921858 0.00600452
1778570907.101666 0.00249713 0.00189978 -0.00289421 0.99993986 -0.00038359 -0.00922542 0.00591734
1778570907.168381 0.00291149 0.00196164 -0.00287880 0.99994008 -0.00043056 -0.00917589 0.00595417
1778570907.235097 0.00328163 0.00235235 -0.00288981 0.99993960 -0.00058751 -0.00919179 0.00599662
1778570907.301812 0.00288307 0.00208299 -0.00284799 0.99993969 -0.00046642 -0.00919588 0.00598540
1778570907.368528 0.00288646 0.00196144 -0.00288105 0.99993994 -0.00043039 -0.00917896 0.00597321
1778570907.435243 0.00323489 0.00234332 -0.00286066 0.99993942 -0.00058121 -0.00920287 0.00600978
1778570907.501958 0.00293939 0.00214922 -0.00284507 0.99993954 -0.00049327 -0.00919891 0.00600407
1778570907.568673 0.00283377 0.00194126 -0.00290314 0.99994000 -0.00041937 -0.00917343 0.00597237
1778570907.635389 0.00327108 0.00233764 -0.00286533 0.99993926 -0.00058622 -0.00919885 0.00604339
1778570907.702104 0.00272298 0.00209042 -0.00288386 0.99993938 -0.00046830 -0.00921713 0.00600465
1778570907.768819 0.00279337 0.00191481 -0.00286548 0.99993989 -0.00041116 -0.00917623 0.00598639
1778570907.835534 0.00328519 0.00239896 -0.00290495 0.99993945 -0.00060115 -0.00916685 0.00605851
1778570907.902250 0.00276963 0.00215314 -0.00290895 0.99993947 -0.00048992 -0.00920051 0.00601391
1778570907.968965 0.00282803 0.00191574 -0.00288299 0.99994006 -0.00041037 -0.00915876 0.00598613
1778570908.035681 0.00331649 0.00239407 -0.00290677 0.99993951 -0.00060473 -0.00916159 0.00605686
1778570908.102396 0.00316658 0.00233744 -0.00286751 0.99993944 -0.00057104 -0.00917781 0.00604563
1778570908.169111 0.00285631 0.00202515 -0.00289951 0.99993986 -0.00044614 -0.00916592 0.00600500
1778570908.235827 0.00333218 0.00237395 -0.00292087 0.99993947 -0.00059788 -0.00916406 0.00606014
1778570908.302543 0.00289515 0.00226576 -0.00294395 0.99993936 -0.00053668 -0.00919168 0.00604144
1778570908.369257 0.00289789 0.00201224 -0.00291716 0.99994000 -0.00044538 -0.00915017 0.00600608
1778570908.435974 0.00331928 0.00237404 -0.00292612 0.99993952 -0.00059577 -0.00915363 0.00606721
1778570908.502690 0.00299040 0.00234106 -0.00296154 0.99993943 -0.00056516 -0.00918355 0.00603915
1778570908.569406 0.00286136 0.00205271 -0.00291166 0.99993998 -0.00045243 -0.00915278 0.00600448
1778570908.636121 0.00320524 0.00235600 -0.00295071 0.99993970 -0.00057873 -0.00914860 0.00604674
1778570908.702838 0.00291699 0.00240509 -0.00294112 0.99993930 -0.00057528 -0.00919356 0.00604541
1778570908.769553 0.00282356 0.00206283 -0.00291846 0.99994001 -0.00045113 -0.00914971 0.00600537
1778570908.836269 0.00283790 0.00215624 -0.00300591 0.99993981 -0.00049589 -0.00915700 0.00602363
1778570908.902985 0.00334169 0.00251007 -0.00289372 0.99993938 -0.00063894 -0.00915881 0.00607837
1778570908.969701 0.00299594 0.00215660 -0.00291339 0.99993977 -0.00049815 -0.00914246 0.00605219
1778570909.036417 0.00317288 0.00222616 -0.00294391 0.99993982 -0.00053595 -0.00913748 0.00604768
1778570909.103132 0.00346046 0.00251341 -0.00291488 0.99993917 -0.00065289 -0.00915762 0.00611280
1778570909.169847 0.00301516 0.00212752 -0.00292319 0.99993978 -0.00049108 -0.00915077 0.00603890
1778570909.236562 0.00314448 0.00215768 -0.00293964 0.99993961 -0.00051622 -0.00915061 0.00606355
1778570909.303277 0.00346726 0.00252455 -0.00292908 0.99993922 -0.00065203 -0.00916179 0.00609936
1778570909.369992 0.00300365 0.00215594 -0.00288579 0.99993956 -0.00049734 -0.00917113 0.00604245
1778570909.436707 0.00315399 0.00214431 -0.00294487 0.99993972 -0.00051074 -0.00915053 0.00604724
1778570909.503422 0.00313766 0.00240167 -0.00297005 0.99993914 -0.00059739 -0.00918739 0.00607893
1778570909.570137 0.00304475 0.00216986 -0.00287103 0.99993955 -0.00050902 -0.00916459 0.00605403
1778570909.636852 0.00307012 0.00213630 -0.00297657 0.99993996 -0.00049897 -0.00912863 0.00604135
1778570909.703567 0.00341257 0.00249919 -0.00295354 0.99993942 -0.00064004 -0.00915510 0.00607769
1778570909.770282 0.00302102 0.00220742 -0.00290633 0.99993963 -0.00051560 -0.00916744 0.00603553
1778570909.836997 0.00296389 0.00206936 -0.00296694 0.99993995 -0.00046803 -0.00914238 0.00602480
1778570909.903711 0.00339192 0.00248373 -0.00297574 0.99993934 -0.00063720 -0.00915392 0.00609279
1778570909.970425 0.00314955 0.00228708 -0.00295356 0.99993967 -0.00055014 -0.00914704 0.00605757
1778570910.037141 0.00294482 0.00208639 -0.00295385 0.99993986 -0.00047129 -0.00914923 0.00602867
1778570910.103856 0.00341150 0.00252772 -0.00295107 0.99993925 -0.00065083 -0.00915271 0.00610744
1778570910.170570 0.00319883 0.00237675 -0.00291038 0.99993923 -0.00058542 -0.00917180 0.00608811
1778570910.237286 0.00292864 0.00207799 -0.00297895 0.99993987 -0.00046542 -0.00914488 0.00603448
1778570910.304000 0.00338094 0.00250121 -0.00297833 0.99993929 -0.00064229 -0.00915073 0.00610432
1778570910.370717 0.00324447 0.00242486 -0.00293594 0.99993922 -0.00060445 -0.00915769 0.00610948
1778570910.437431 0.00300352 0.00211975 -0.00297944 0.99993982 -0.00048589 -0.00913677 0.00605258
1778570910.504146 0.00341397 0.00254163 -0.00300726 0.99993933 -0.00065324 -0.00913998 0.00611233
1778570910.570861 0.00324516 0.00248541 -0.00294879 0.99993920 -0.00062411 -0.00915994 0.00610814
1778570910.637577 0.00295615 0.00219117 -0.00300477 0.99993981 -0.00050028 -0.00913670 0.00605326
1778570910.704293 0.00337848 0.00250447 -0.00304604 0.99993953 -0.00063864 -0.00912981 0.00609766
1778570910.771007 0.00331943 0.00254346 -0.00296700 0.99993916 -0.00064844 -0.00915187 0.00612363
1778570910.837722 0.00299187 0.00217119 -0.00300672 0.99993968 -0.00050353 -0.00913856 0.00607172
1778570910.904438 0.00337725 0.00252177 -0.00304590 0.99993943 -0.00064667 -0.00912423 0.00612133
1778570910.971153 0.00343989 0.00258819 -0.00299487 0.99993908 -0.00067419 -0.00914750 0.00614024
1778570911.037869 0.00270261 0.00206398 -0.00307696 0.99993992 -0.00045064 -0.00914268 0.00603035
1778570911.104583 0.00328045 0.00234558 -0.00306658 0.99993977 -0.00058516 -0.00910449 0.00610157
1778570911.171299 0.00342712 0.00266247 -0.00300534 0.99993913 -0.00069386 -0.00913123 0.00615375
1778570911.238014 0.00267347 0.00214486 -0.00305760 0.99993985 -0.00047012 -0.00914216 0.00604154
1778570911.304729 0.00341222 0.00269268 -0.00254747 0.99993734 -0.00069299 -0.00924485 0.00627397
1778570911.371444 0.00368287 0.00318913 -0.00222035 0.99993594 -0.00086086 -0.00940776 0.00623492
1778570911.438159 0.00391109 0.00321848 -0.00233252 0.99992369 -0.00079963 -0.00933654 0.00805067
1778570911.504874 0.00325854 0.00360328 -0.00213970 0.99991404 -0.00095834 -0.00978038 0.00867921
1778570911.571588 0.00285667 0.00383267 -0.00227280 0.99991500 -0.00106189 -0.00925066 0.00912620
1778570911.638303 0.00361814 0.00403988 -0.00315865 0.99991649 -0.00105783 -0.00935212 0.00885582
1778570911.705018 0.00316615 0.00363598 -0.00246367 0.99991553 -0.00096823 -0.00935479 0.00897173
1778570911.771733 0.00304542 0.00365835 -0.00234377 0.99991566 -0.00101997 -0.00937430 0.00893079
1778570911.838448 0.00331370 0.00396452 -0.00265912 0.99991554 -0.00106873 -0.00933793 0.00897600
1778570911.905163 0.00316123 0.00372867 -0.00251336 0.99991502 -0.00097158 -0.00936358 0.00901802
1778570911.971878 0.00303817 0.00364128 -0.00234212 0.99991318 -0.00100688 -0.00951786 0.00905728
1778570912.038593 0.00313441 0.00359624 -0.00239009 0.99991365 -0.00102047 -0.00951888 0.00900248
1778570912.105308 0.00317692 0.00354373 -0.00239298 0.99991355 -0.00094371 -0.00946804 0.00907514
1778570912.172022 0.00310196 0.00368081 -0.00233324 0.99991243 -0.00103620 -0.00954959 0.00910246
1778570912.238737 0.00319586 0.00373451 -0.00243742 0.99991374 -0.00104674 -0.00947867 0.00903139
1778570912.305452 0.00322717 0.00353989 -0.00242621 0.99991359 -0.00095894 -0.00942288 0.00911559
1778570912.372167 0.00317718 0.00383685 -0.00245676 0.99991315 -0.00103512 -0.00936069 0.00921970
1778570912.438882 0.00328900 0.00362033 -0.00241900 0.99991403 -0.00100400 -0.00938299 0.00910451
1778570912.505596 0.00321923 0.00344512 -0.00237994 0.99991409 -0.00091635 -0.00933730 0.00915346
1778570912.572311 0.00323694 0.00359241 -0.00239541 0.99991449 -0.00097734 -0.00929431 0.00914711
1778570912.639026 0.00328389 0.00360353 -0.00240722 0.99991453 -0.00101558 -0.00926990 0.00916307
1778570912.705740 0.00324023 0.00346137 -0.00238459 0.99991417 -0.00092781 -0.00926034 0.00922156
1778570912.772455 0.00330370 0.00351969 -0.00239348 0.99991424 -0.00092579 -0.00925142 0.00922361
1778570912.839169 0.00340924 0.00367554 -0.00242250 0.99991416 -0.00099188 -0.00924301 0.00923306
1778570912.905885 0.00362020 0.00393544 -0.00246906 0.99991354 -0.00106552 -0.00921866 0.00931657
1778570912.972599 0.00360222 0.00418055 -0.00290016 0.99991390 -0.00117592 -0.00919999 0.00928305
1778570913.039313 0.00371113 0.00426567 -0.00277027 0.99991258 -0.00118481 -0.00931220 0.00931227
1778570913.106029 0.00380200 0.00417761 -0.00257417 0.99991156 -0.00112825 -0.00940978 0.00933041
1778570913.172743 0.00368433 0.00415329 -0.00263923 0.99991123 -0.00113067 -0.00943816 0.00933693
1778570913.239457 0.00378914 0.00432568 -0.00247409 0.99991017 -0.00120110 -0.00951907 0.00935929
1778570913.306173 0.00375726 0.00408286 -0.00272973 0.99991098 -0.00108744 -0.00942215 0.00938465
1778570913.372887 0.00370474 0.00395959 -0.00280417 0.99991100 -0.00107950 -0.00942388 0.00938148
1778570913.439602 0.00391801 0.00407518 -0.00299470 0.99991098 -0.00113698 -0.00934495 0.00945604
1778570913.506317 0.00396864 0.00397870 -0.00290133 0.99991086 -0.00108430 -0.00936817 0.00945146
1778570913.573032 0.00387937 0.00379180 -0.00287655 0.99991058 -0.00103959 -0.00937544 0.00947897
1778570913.639746 0.00389339 0.00405013 -0.00275834 0.99990805 -0.00114977 -0.00945490 0.00965259
1778570913.706461 0.00355293 0.00363907 -0.00299384 0.99990852 -0.00097710 -0.00937673 0.00969942
1778570913.773176 0.00346801 0.00341451 -0.00276713 0.99990752 -0.00092990 -0.00941911 0.00976531
1778570913.839890 0.00382373 0.00420173 -0.00267747 0.99990587 -0.00118941 -0.00943515 0.00989047
1778570913.906605 0.00389884 0.00419782 -0.00272649 0.99990511 -0.00114641 -0.00939324 0.01001155
1778570913.973319 0.00387617 0.00419002 -0.00248673 0.99990355 -0.00117645 -0.00949624 0.01006621
1778570914.040035 0.00408944 0.00458264 -0.00202799 0.99990004 -0.00132842 -0.00964267 0.01025535
1778570914.106749 0.00419185 0.00463008 -0.00180349 0.99989792 -0.00131671 -0.00972948 0.01038007
1778570914.173467 0.00408001 0.00429039 -0.00189923 0.99989904 -0.00116367 -0.00970052 0.01031786
1778570914.240185 0.00414331 0.00454766 -0.00174219 0.99989776 -0.00129422 -0.00978415 0.01034723
1778570914.306902 0.00410531 0.00434465 -0.00208751 0.99990055 -0.00118682 -0.00965259 0.01021294
1778570914.373620 0.00390878 0.00397639 -0.00223423 0.99990066 -0.00106020 -0.00961777 0.01024885
1778570914.440338 0.00398166 0.00435955 -0.00199550 0.99989948 -0.00122664 -0.00972556 0.01024383
1778570914.507057 0.00394548 0.00417276 -0.00232353 0.99990105 -0.00114054 -0.00958590 0.01023261
1778570914.573776 0.00383528 0.00397986 -0.00248153 0.99990134 -0.00105790 -0.00950385 0.01028912
1778570914.640494 0.00384681 0.00406074 -0.00240880 0.99990030 -0.00113575 -0.00954992 0.01033889
1778570914.707212 0.00397533 0.00425723 -0.00221166 0.99989829 -0.00118085 -0.00962479 0.01045802
1778570914.773930 0.00386270 0.00398090 -0.00216913 0.99989744 -0.00106482 -0.00961204 0.01056327
1778570914.840649 0.00405397 0.00425757 -0.00207494 0.99989657 -0.00118721 -0.00963303 0.01061314
1778570914.907367 0.00414486 0.00447998 -0.00203245 0.99989393 -0.00124496 -0.00964848 0.01083870
1778570914.974084 0.00387629 0.00382476 -0.00222815 0.99989379 -0.00100290 -0.00955458 0.01095991
1778570915.040804 0.00390995 0.00396677 -0.00226882 0.99989433 -0.00110793 -0.00954275 0.01091011
1778570915.107521 0.00404555 0.00438090 -0.00224666 0.99989338 -0.00121657 -0.00955820 0.01097218
1778570915.174238 0.00386245 0.00427287 -0.00237309 0.99989349 -0.00115941 -0.00949303 0.01102452
1778570915.240954 0.00401432 0.00486503 -0.00233783 0.99988982 -0.00139467 -0.00952767 0.01129749
1778570915.307671 0.00425823 0.00513981 -0.00208652 0.99988744 -0.00146841 -0.00959417 0.01144153
1778570915.374387 0.00407200 0.00484048 -0.00228597 0.99988923 -0.00135288 -0.00954462 0.01133996
1778570915.441103 0.00407641 0.00486632 -0.00235767 0.99988846 -0.00137798 -0.00951578 0.01142920
1778570915.507820 0.00427094 0.00509073 -0.00227420 0.99988613 -0.00145100 -0.00952694 0.01161291
1778570915.574536 0.00407452 0.00475469 -0.00244961 0.99988634 -0.00130553 -0.00945588 0.01167019
1778570915.641253 0.00402883 0.00463831 -0.00265895 0.99988358 -0.00130047 -0.00938583 0.01196001
1778570915.707969 0.00417914 0.00498502 -0.00261285 0.99988283 -0.00143043 -0.00938902 0.01200514
1778570915.774685 0.00412069 0.00485620 -0.00244212 0.99988291 -0.00135618 -0.00945180 0.01195761
1778570915.841401 0.00410143 0.00481053 -0.00236438 0.99988484 -0.00135659 -0.00948257 0.01177061
1778570915.908118 0.00421602 0.00510701 -0.00229527 0.99988709 -0.00145831 -0.00952508 0.01153044
1778570915.974834 0.00417303 0.00499321 -0.00222250 0.99988888 -0.00138426 -0.00954178 0.01136957
1778570916.041551 0.00407660 0.00473998 -0.00250629 0.99989222 -0.00132950 -0.00946730 0.01114203
1778570916.108267 0.00426471 0.00507875 -0.00245962 0.99989273 -0.00146513 -0.00948653 0.01106299
1778570916.174983 0.00417121 0.00488821 -0.00249537 0.99989726 -0.00136433 -0.00948597 0.01065904
1778570916.241699 0.00402188 0.00466013 -0.00266781 0.99990027 -0.00130265 -0.00944177 0.01042131
1778570916.308415 0.00426335 0.00504945 -0.00256513 0.99989552 -0.00146411 -0.00945581 0.01083452
1778570916.375131 0.00428368 0.00497932 -0.00240143 0.99989619 -0.00140492 -0.00952110 0.01072299
1778570916.441847 0.00409808 0.00474574 -0.00259594 0.99989723 -0.00134810 -0.00946613 0.01068222
1778570916.508563 0.00407050 0.00495345 -0.00274441 0.99989963 -0.00143683 -0.00943000 0.01047585
1778570916.575279 0.00430940 0.00507886 -0.00234802 0.99990139 -0.00143732 -0.00954382 0.01020135
1778570916.641995 0.00422167 0.00479931 -0.00245185 0.99990138 -0.00134603 -0.00951142 0.01024458
1778570916.708711 0.00431695 0.00511492 -0.00236764 0.99990392 -0.00148764 -0.00958391 0.00990426
1778570916.775428 0.00438496 0.00515646 -0.00218398 0.99990696 -0.00146483 -0.00964709 0.00953165
1778570916.842144 0.00408059 0.00470390 -0.00255108 0.99991024 -0.00130891 -0.00954053 0.00931541
1778570916.908860 0.00410712 0.00502638 -0.00250124 0.99990664 -0.00144986 -0.00957700 0.00963837
1778570916.975576 0.00420340 0.00523411 -0.00220789 0.99990990 -0.00147852 -0.00967768 0.00918391
1778570917.042293 0.00412966 0.00481677 -0.00239483 0.99991270 -0.00131506 -0.00959092 0.00899369
1778570917.109009 0.00410283 0.00497058 -0.00259927 0.99991216 -0.00142258 -0.00956498 0.00906454
1778570917.175724 0.00403728 0.00508557 -0.00258968 0.99991563 -0.00143150 -0.00956050 0.00867665
1778570917.242437 0.00401136 0.00479983 -0.00268836 0.99991602 -0.00132522 -0.00950510 0.00870934
1778570917.309153 0.00400524 0.00486532 -0.00273131 0.99991289 -0.00137016 -0.00950252 0.00905749
1778570917.375866 0.00409027 0.00517972 -0.00260951 0.99991192 -0.00146017 -0.00953816 0.00911300
1778570917.442581 0.00406656 0.00489598 -0.00249892 0.99991336 -0.00134235 -0.00957835 0.00892918
1778570917.509297 0.00404881 0.00499954 -0.00254033 0.99990955 -0.00142454 -0.00957369 0.00933859
1778570917.576011 0.00404388 0.00518095 -0.00256312 0.99990871 -0.00145575 -0.00954344 0.00945416
1778570917.642726 0.00384078 0.00481454 -0.00275163 0.99991104 -0.00131337 -0.00946086 0.00931069
1778570917.709441 0.00387359 0.00485617 -0.00281571 0.99990687 -0.00134873 -0.00941583 0.00978624
1778570917.776155 0.00417171 0.00529030 -0.00251356 0.99990226 -0.00149090 -0.00950172 0.01014720
1778570917.842870 0.00390628 0.00484713 -0.00267959 0.99990300 -0.00130391 -0.00943411 0.01016306
1778570917.909585 0.00390445 0.00504090 -0.00264369 0.99989718 -0.00142978 -0.00943365 0.01070508
1778570917.976299 0.00419572 0.00545737 -0.00241447 0.99989141 -0.00154113 -0.00946916 0.01118581
1778570918.043014 0.00397236 0.00512205 -0.00253268 0.99988732 -0.00139117 -0.00940458 0.01161766
1778570918.109728 0.00384956 0.00500922 -0.00273672 0.99988410 -0.00137819 -0.00929968 0.01197539
1778570918.176443 0.00413191 0.00545352 -0.00259155 0.99987812 -0.00152917 -0.00931928 0.01243197
1778570918.243158 0.00406762 0.00521822 -0.00250431 0.99988027 -0.00140411 -0.00934158 0.01225626
1778570918.309874 0.00386710 0.00501424 -0.00279891 0.99987714 -0.00136673 -0.00922616 0.01259861
1778570918.376589 0.00412381 0.00538635 -0.00259924 0.99986922 -0.00150395 -0.00926890 0.01316661
1778570918.443304 0.00407371 0.00524639 -0.00242477 0.99987094 -0.00142483 -0.00931175 0.01301383
1778570918.510018 0.00390670 0.00486501 -0.00278471 0.99987308 -0.00131876 -0.00916070 0.01296788
1778570918.576733 0.00403004 0.00515781 -0.00282602 0.99986270 -0.00143762 -0.00913823 0.01374815
1778570918.643450 0.00407084 0.00511461 -0.00258821 0.99985809 -0.00138655 -0.00916996 0.01406350
1778570918.710165 0.00387826 0.00465474 -0.00292132 0.99985319 -0.00125698 -0.00902155 0.01451339
1778570918.776880 0.00396741 0.00495225 -0.00294535 0.99983845 -0.00136822 -0.00898244 0.01550837
1778570918.843595 0.00403439 0.00498765 -0.00277740 0.99983668 -0.00133360 -0.00899839 0.01561589
1778570918.910310 0.00376721 0.00463525 -0.00296776 0.99983356 -0.00121384 -0.00888599 0.01588748
1778570918.977026 0.00386404 0.00508765 -0.00296695 0.99981655 -0.00139293 -0.00885124 0.01692851
1778570919.043740 0.00397796 0.00526860 -0.00265495 0.99981810 -0.00140415 -0.00893877 0.01678963
1778570919.110455 0.00382225 0.00486001 -0.00286583 0.99980922 -0.00125524 -0.00880648 0.01738944
1778570919.177172 0.00396153 0.00518128 -0.00286308 0.99980709 -0.00141130 -0.00881770 0.01749400
1778570919.243887 0.00414202 0.00540568 -0.00257922 0.99981709 -0.00144363 -0.00888842 0.01687284
1778570919.310605 0.00399586 0.00517692 -0.00260223 0.99980954 -0.00136227 -0.00888600 0.01732235
1778570919.377321 0.00398203 0.00524730 -0.00261394 0.99981111 -0.00141577 -0.00888923 0.01722544
1778570919.444037 0.00402160 0.00527587 -0.00267544 0.99982472 -0.00140609 -0.00885830 0.01643442
1778570919.510754 0.00390918 0.00495227 -0.00275100 0.99983606 -0.00130573 -0.00886637 0.01573347
1778570919.577470 0.00398132 0.00522119 -0.00263715 0.99983831 -0.00144349 -0.00893136 0.01554008
1778570919.644186 0.00414940 0.00538366 -0.00246205 0.99984500 -0.00146108 -0.00899003 0.01506733
1778570919.710903 0.00400181 0.00501600 -0.00262948 0.99983299 -0.00132683 -0.00890296 0.01590524
1778570919.777619 0.00395466 0.00506972 -0.00275507 0.99982602 -0.00138312 -0.00887339 0.01634894
1778570919.844335 0.00419598 0.00537587 -0.00258584 0.99982605 -0.00145563 -0.00889439 0.01632919
1778570919.911052 0.00398152 0.00507051 -0.00267002 0.99982714 -0.00132818 -0.00887661 0.01628272
1778570919.977768 0.00393425 0.00509803 -0.00276410 0.99982039 -0.00138013 -0.00884560 0.01670469
1778570920.044484 0.00419637 0.00546330 -0.00260101 0.99982492 -0.00148755 -0.00888840 0.01639865
1778570920.111201 0.00399361 0.00517844 -0.00265732 0.99983191 -0.00135780 -0.00888287 0.01598144
1778570920.177915 0.00393404 0.00508455 -0.00284643 0.99982965 -0.00137896 -0.00882704 0.01615076
1778570920.244629 0.00425021 0.00547431 -0.00263165 0.99982663 -0.00149135 -0.00889257 0.01629147
1778570920.311343 0.00402271 0.00516802 -0.00257238 0.99983777 -0.00134834 -0.00890877 0.01559630
1778570920.378057 0.00388563 0.00513189 -0.00280816 0.99982331 -0.00138810 -0.00883903 0.01653168
1778570920.444772 0.00422439 0.00553909 -0.00252246 0.99982477 -0.00151121 -0.00890521 0.01639614
1778570920.511486 0.00422127 0.00538731 -0.00234552 0.99983247 -0.00142021 -0.00895714 0.01589947
1778570920.578200 0.00399587 0.00520227 -0.00264104 0.99981477 -0.00139968 -0.00884713 0.01703485
1778570920.644914 0.00426969 0.00554968 -0.00241570 0.99981230 -0.00150527 -0.00888150 0.01715303
1778570920.711628 0.00411119 0.00530093 -0.00257815 0.99981354 -0.00138586 -0.00880865 0.01712822
1778570920.778342 0.00377867 0.00495761 -0.00296781 0.99980616 -0.00131000 -0.00866821 0.01762910
1778570920.845057 0.00402376 0.00534246 -0.00287614 0.99979721 -0.00144379 -0.00868290 0.01811262
1778570920.911771 0.00415416 0.00532163 -0.00246438 0.99979278 -0.00138464 -0.00877838 0.01831468
1778570920.978485 0.00403721 0.00519044 -0.00243893 0.99979150 -0.00137844 -0.00879028 0.01837925
1778570921.045198 0.00416750 0.00545257 -0.00261037 0.99979954 -0.00147648 -0.00871170 0.01796666
1778570921.111913 0.00400677 0.00529980 -0.00270616 0.99979901 -0.00138259 -0.00868197 0.01801796
1778570921.178627 0.00369155 0.00488065 -0.00300299 0.99979222 -0.00126700 -0.00857213 0.01845096
1778570921.245342 0.00378298 0.00501657 -0.00316907 0.99977859 -0.00132872 -0.00848082 0.01921132
1778570921.312056 0.00390521 0.00516686 -0.00284615 0.99978712 -0.00131917 -0.00855606 0.01872897
1778570921.378771 0.00382284 0.00500394 -0.00284619 0.99977354 -0.00128290 -0.00853017 0.01945416
1778570921.445485 0.00402417 0.00524147 -0.00295956 0.99977981 -0.00139773 -0.00846592 0.01914958
1778570921.512199 0.00440368 0.00477823 -0.00262211 0.99978301 -0.00127052 -0.00871078 0.01887972
1778570921.578914 0.00426407 0.00489889 -0.00293972 0.99979329 -0.00133514 -0.00870405 0.01832560
1778570921.645629 0.00425318 0.00516963 -0.00315044 0.99980342 -0.00147244 -0.00872451 0.01774373
1778570921.712343 0.00409393 0.00461661 -0.00290922 0.99980760 -0.00122785 -0.00883306 0.01747105
1778570921.779058 0.00402725 0.00470222 -0.00273066 0.99981250 -0.00129561 -0.00894670 0.01712460
1778570921.845772 0.00435339 0.00527356 -0.00301173 0.99982140 -0.00153855 -0.00887595 0.01661371
1778570921.912486 0.00436379 0.00461351 -0.00295784 0.99982687 -0.00124764 -0.00888784 0.01629996
1778570921.979201 0.00432941 0.00487487 -0.00243003 0.99982968 -0.00136127 -0.00913623 0.01597772
1778570922.045914 0.00444882 0.00545561 -0.00239071 0.99983474 -0.00160890 -0.00920217 0.01559591
1778570922.112629 0.00439937 0.00486413 -0.00281501 0.99984272 -0.00133813 -0.00902684 0.01520732
1778570922.179345 0.00424840 0.00467540 -0.00284371 0.99984769 -0.00128605 -0.00906696 0.01485698
1778570922.246063 0.00430676 0.00524648 -0.00268746 0.99985128 -0.00153968 -0.00919794 0.01450680
1778570922.312778 0.00441792 0.00487417 -0.00283589 0.99985589 -0.00136723 -0.00911221 0.01425818
1778570922.379496 0.00435223 0.00473136 -0.00284819 0.99986066 -0.00130783 -0.00914256 0.01390529
1778570922.446212 0.00418993 0.00519970 -0.00268366 0.99986356 -0.00152273 -0.00927939 0.01358093
1778570922.512929 0.00407390 0.00479173 -0.00297055 0.99986727 -0.00134011 -0.00915957 0.01340741
1778570922.579645 0.00427422 0.00474097 -0.00290997 0.99987130 -0.00130397 -0.00917561 0.01309542
1778570922.646362 0.00418572 0.00514823 -0.00284143 0.99987352 -0.00151214 -0.00928388 0.01282464
1778570922.713078 0.00433358 0.00507143 -0.00260057 0.99987413 -0.00146035 -0.00934623 0.01273701
1778570922.779794 0.00443954 0.00490705 -0.00273729 0.99987853 -0.00137566 -0.00928031 0.01244658
1778570922.846511 0.00431217 0.00526849 -0.00266317 0.99988093 -0.00155799 -0.00938634 0.01214903
1778570922.913229 0.00458824 0.00521821 -0.00257071 0.99988159 -0.00151511 -0.00939208 0.01209537
1778570922.979944 0.00431494 0.00493070 -0.00272644 0.99988559 -0.00137327 -0.00936793 0.01179648
1778570923.046662 0.00453864 0.00539629 -0.00265087 0.99988654 -0.00161762 -0.00941471 0.01164693
1778570923.113378 0.00449975 0.00534359 -0.00274599 0.99988954 -0.00155765 -0.00938742 0.01141764
1778570923.180093 0.00449827 0.00475191 -0.00304346 0.99989221 -0.00132166 -0.00926841 0.01131032
1778570923.246806 0.00434110 0.00524745 -0.00266570 0.99989148 -0.00156054 -0.00949337 0.01115641
1778570923.313520 0.00456673 0.00547176 -0.00230703 0.99989111 -0.00161135 -0.00959116 0.01109862
1778570923.380233 0.00432689 0.00501701 -0.00265887 0.99989455 -0.00140681 -0.00945680 0.01093084
1778570923.446947 0.00431966 0.00534664 -0.00258805 0.99989485 -0.00158623 -0.00952645 0.01081790
1778570923.513661 0.00461322 0.00560965 -0.00231599 0.99989451 -0.00166326 -0.00960430 0.01076848
1778570923.580373 0.00451033 0.00501567 -0.00273331 0.99989771 -0.00142035 -0.00943704 0.01065348
1778570923.647087 0.00446363 0.00515671 -0.00280411 0.99989866 -0.00152287 -0.00946958 0.01052078
1778570923.713801 0.00451270 0.00514802 -0.00315717 0.99990133 -0.00152255 -0.00934909 0.01037362
1778570923.780515 0.00438362 0.00471966 -0.00296854 0.99990101 -0.00131163 -0.00941807 0.01037092
1778570923.847228 0.00434180 0.00496995 -0.00283224 0.99990057 -0.00145523 -0.00950738 0.01031175
1778570923.913942 0.00448512 0.00524722 -0.00291270 0.99990096 -0.00156331 -0.00947662 0.01028675
1778570923.980654 0.00452560 0.00498444 -0.00250629 0.99989996 -0.00141240 -0.00959584 0.01029492
1778570924.047369 0.00453958 0.00529218 -0.00235532 0.99989985 -0.00156304 -0.00966294 0.01022137
1778570924.114082 0.00469487 0.00565248 -0.00255784 0.99990092 -0.00169724 -0.00959727 0.01015656
1778570924.180797 0.00428291 0.00494177 -0.00277495 0.99990259 -0.00141397 -0.00950189 0.01012594
1778570924.247511 0.00438832 0.00465655 -0.00307253 0.99990365 -0.00137588 -0.00940516 0.01011651
1778570924.314226 0.00427799 0.00444105 -0.00323886 0.99990485 -0.00131810 -0.00940395 0.01000592
1778570924.380940 0.00417398 0.00462627 -0.00274500 0.99990156 -0.00136631 -0.00955137 0.01018739
1778570924.447654 0.00432008 0.00468815 -0.00284899 0.99990331 -0.00139197 -0.00951316 0.01004615
1778570924.514369 0.00462634 0.00488176 -0.00313302 0.99990504 -0.00147850 -0.00940534 0.00996290
1778570924.581083 0.00426434 0.00451285 -0.00281137 0.99990228 -0.00133509 -0.00952057 0.01014944
1778570924.647798 0.00439927 0.00466198 -0.00264233 0.99990128 -0.00139939 -0.00959080 0.01017285
1778570924.714512 0.00463627 0.00488746 -0.00312764 0.99990528 -0.00148306 -0.00941475 0.00992921
1778570924.781227 0.00428983 0.00459532 -0.00270398 0.99990228 -0.00136676 -0.00957060 0.01009778
1778570924.847941 0.00445729 0.00462306 -0.00291336 0.99990344 -0.00138041 -0.00946425 0.01008129
1778570924.914655 0.00442548 0.00481249 -0.00274517 0.99990342 -0.00146064 -0.00959269 0.00994955
1778570924.981370 0.00435245 0.00461219 -0.00277514 0.99990233 -0.00137736 -0.00955140 0.01010938
1778570925.048084 0.00423570 0.00446608 -0.00290879 0.99990359 -0.00132599 -0.00949017 0.01004930
1778570925.114798 0.00442647 0.00481880 -0.00278918 0.99990373 -0.00146055 -0.00957701 0.00993326
1778570925.181513 0.00435987 0.00463474 -0.00281677 0.99990282 -0.00138273 -0.00953613 0.01007517
1778570925.248227 0.00426195 0.00447859 -0.00294384 0.99990392 -0.00132085 -0.00947921 0.01002750
1778570925.314941 0.00444843 0.00480022 -0.00276547 0.99990380 -0.00145259 -0.00958668 0.00991854
1778570925.381655 0.00418295 0.00465503 -0.00295302 0.99990335 -0.00140018 -0.00948805 0.01006470
1778570925.448369 0.00428390 0.00457766 -0.00289614 0.99990388 -0.00134921 -0.00947679 0.01003009
1778570925.515083 0.00453218 0.00499610 -0.00265044 0.99990336 -0.00151317 -0.00961562 0.00992611
1778570925.581796 0.00446209 0.00480005 -0.00301508 0.99990452 -0.00143223 -0.00944456 0.00998478
1778570925.648510 0.00429997 0.00458000 -0.00290903 0.99990355 -0.00134893 -0.00948500 0.01005498
1778570925.715225 0.00456987 0.00502260 -0.00265532 0.99990333 -0.00152248 -0.00961158 0.00993173
1778570925.781939 0.00434985 0.00486689 -0.00286730 0.99990399 -0.00146147 -0.00952155 0.00996080
1778570925.848653 0.00432201 0.00462562 -0.00286857 0.99990388 -0.00135989 -0.00948478 0.01002132
1778570925.915367 0.00458413 0.00503608 -0.00261767 0.99990320 -0.00152684 -0.00962209 0.00993369
1778570925.982080 0.00439591 0.00494788 -0.00287819 0.99990413 -0.00148852 -0.00951393 0.00995003
1778570926.048795 0.00398285 0.00444881 -0.00295551 0.99990339 -0.00130803 -0.00947447 0.01008617
1778570926.115508 0.00433398 0.00487603 -0.00271722 0.99990288 -0.00147441 -0.00957275 0.01002088
1778570926.182223 0.00437608 0.00506596 -0.00288163 0.99990377 -0.00152005 -0.00949990 0.00999414
1778570926.248937 0.00406467 0.00473210 -0.00271338 0.99990187 -0.00139613 -0.00956027 0.01014399
1778570926.315651 0.00452606 0.00512933 -0.00255042 0.99990172 -0.00156029 -0.00960892 0.01008852
1778570926.382365 0.00454382 0.00516050 -0.00258016 0.99990208 -0.00156120 -0.00959977 0.01006204
1778570926.449079 0.00443764 0.00489465 -0.00249793 0.99990117 -0.00145256 -0.00960226 0.01016566
1778570926.515794 0.00456910 0.00505413 -0.00278340 0.99990419 -0.00152106 -0.00952120 0.00993230
1778570926.582508 0.00484062 0.00516581 -0.00281657 0.99990365 -0.00156398 -0.00951866 0.00998173
1778570926.649222 0.00442526 0.00474019 -0.00279691 0.99990309 -0.00140958 -0.00951729 0.01006236
1778570926.715936 0.00455384 0.00484033 -0.00299647 0.99990526 -0.00144771 -0.00945944 0.00989386
1778570926.782650 0.00450323 0.00500899 -0.00308198 0.99990599 -0.00150816 -0.00944860 0.00982118
1778570926.849364 0.00406607 0.00478457 -0.00269456 0.99990301 -0.00142126 -0.00958540 0.01000361
1778570926.916078 0.00438445 0.00495391 -0.00283212 0.99990338 -0.00149092 -0.00951418 0.01002424
1778570926.982792 0.00434339 0.00507648 -0.00289952 0.99990460 -0.00153544 -0.00953089 0.00987924
1778570927.049506 0.00411875 0.00472289 -0.00309161 0.99990508 -0.00139374 -0.00940967 0.00996712
1778570927.116220 0.00430231 0.00476507 -0.00320493 0.99990636 -0.00141666 -0.00937928 0.00986423
1778570927.182934 0.00460758 0.00510383 -0.00316580 0.99990562 -0.00154758 -0.00941895 0.00988163
1778570927.249648 0.00417756 0.00468365 -0.00306366 0.99990457 -0.00138502 -0.00942866 0.01000146
1778570927.316362 0.00417065 0.00479525 -0.00304276 0.99990471 -0.00143304 -0.00944211 0.00996861
1778570927.383076 0.00467996 0.00499508 -0.00322965 0.99990552 -0.00152118 -0.00938773 0.00992462
1778570927.449790 0.00411008 0.00472304 -0.00298628 0.99990409 -0.00140401 -0.00945924 0.01001813
1778570927.516503 0.00385892 0.00435860 -0.00318671 0.99990442 -0.00129798 -0.00938651 0.01006756
1778570927.583218 0.00437926 0.00490889 -0.00305491 0.99990444 -0.00149663 -0.00944944 0.00997918
1778570927.649932 0.00430258 0.00467467 -0.00320847 0.99990459 -0.00138631 -0.00935091 0.01007223
1778570927.716646 0.00419409 0.00464676 -0.00325367 0.99990505 -0.00137369 -0.00934448 0.01003449
1778570927.783360 0.00438731 0.00506386 -0.00336995 0.99990665 -0.00153177 -0.00934476 0.00984953
1778570927.850074 0.00421844 0.00468054 -0.00330164 0.99990488 -0.00138192 -0.00933442 0.01005952
1778570927.916788 0.00401778 0.00465498 -0.00308897 0.99990397 -0.00137467 -0.00942762 0.01006397
1778570927.983502 0.00442566 0.00504657 -0.00303483 0.99990419 -0.00153481 -0.00946612 0.00998261
1778570928.050215 0.00433725 0.00486138 -0.00326203 0.99990483 -0.00144426 -0.00933473 0.01005491
1778570928.116930 0.00420676 0.00474938 -0.00322351 0.99990449 -0.00140291 -0.00935595 0.01007565
1778570928.183644 0.00444965 0.00503974 -0.00301023 0.99990405 -0.00153337 -0.00947578 0.00998731
1778570928.250359 0.00424387 0.00497462 -0.00292603 0.99990268 -0.00149804 -0.00948652 0.01011881
1778570928.317072 0.00357707 0.00396749 -0.00323702 0.99990189 -0.00120179 -0.00947869 0.01024333
1778570928.383788 0.00399573 0.00436872 -0.00303001 0.99990145 -0.00136049 -0.00963433 0.01012033
1778570928.450501 0.00425325 0.00454755 -0.00326411 0.99990186 -0.00140325 -0.00953949 0.01016382
1778570928.517216 0.00401084 0.00448673 -0.00276036 0.99989922 -0.00137231 -0.00977728 0.01020127
1778570928.583930 0.00413894 0.00461357 -0.00297560 0.99990082 -0.00143887 -0.00974028 0.01007057
1778570928.650646 0.00402865 0.00453129 -0.00321387 0.99990246 -0.00139008 -0.00963717 0.01001338
1778570928.717360 0.00349362 0.00398706 -0.00332736 0.99990176 -0.00118972 -0.00960149 0.01014196
1778570928.784075 0.00389674 0.00436156 -0.00303297 0.99990114 -0.00134372 -0.00972740 0.01006384
1778570928.850789 0.00428792 0.00463346 -0.00331906 0.99990341 -0.00141445 -0.00959395 0.00995640
1778570928.917504 0.00384140 0.00443048 -0.00310859 0.99990181 -0.00132524 -0.00969131 0.01003496
1778570928.984219 0.00440285 0.00471575 -0.00314623 0.99990215 -0.00145425 -0.00969417 0.00998038
1778570929.050933 0.00424405 0.00478613 -0.00321616 0.99990333 -0.00147048 -0.00967173 0.00988047
1778570929.117647 0.00399191 0.00440368 -0.00321268 0.99990196 -0.00132512 -0.00965697 0.01005316
1778570929.184361 0.00427126 0.00479892 -0.00295986 0.99990164 -0.00147968 -0.00978392 0.00993993
1778570929.251076 0.00428910 0.00483193 -0.00321815 0.99990326 -0.00150094 -0.00967068 0.00988367
1778570929.317790 0.00373403 0.00424560 -0.00327179 0.99990203 -0.00128248 -0.00964745 0.01006027
1778570929.384504 0.00399836 0.00437117 -0.00306123 0.99990182 -0.00135174 -0.00972233 0.01000001
1778570929.451218 0.00441908 0.00463916 -0.00329300 0.99990332 -0.00143705 -0.00963502 0.00992249
1778570929.517932 0.00397208 0.00447510 -0.00283909 0.99990049 -0.00135614 -0.00981085 0.01004548
1778570929.584646 0.00392422 0.00433766 -0.00326042 0.99990316 -0.00133088 -0.00966033 0.00992877
1778570929.651361 0.00426323 0.00470511 -0.00342558 0.99990447 -0.00145941 -0.00959628 0.00984036
1778570929.718075 0.00377209 0.00429578 -0.00334055 0.99990224 -0.00129686 -0.00961975 0.01006450
1778570929.784789 0.00431796 0.00455253 -0.00318177 0.99990271 -0.00139173 -0.00966442 0.00996177
1778570929.851503 0.00433364 0.00480743 -0.00323335 0.99990313 -0.00148282 -0.00969990 0.00987087
1778570929.918217 0.00410717 0.00446882 -0.00325786 0.99990276 -0.00134766 -0.00964232 0.00998368
1778570929.984931 0.00413841 0.00460558 -0.00325230 0.99990314 -0.00140779 -0.00966910 0.00991188
1778570930.051645 0.00423745 0.00463909 -0.00319869 0.99990242 -0.00145305 -0.00971693 0.00993113
1778570930.118359 0.00385633 0.00437665 -0.00309759 0.99990114 -0.00133773 -0.00972027 0.01007125
1778570930.185075 0.00377839 0.00417913 -0.00331172 0.99990337 -0.00127262 -0.00963467 0.00993954
1778570930.251792 0.00445286 0.00465498 -0.00337096 0.99990382 -0.00144200 -0.00962034 0.00988504
1778570930.318508 0.00412955 0.00444713 -0.00318618 0.99990235 -0.00135333 -0.00967475 0.00999315
1778570930.385225 0.00410888 0.00446934 -0.00289267 0.99990156 -0.00136456 -0.00981980 0.00992868
1778570930.451940 0.00441184 0.00465737 -0.00333537 0.99990369 -0.00143746 -0.00966986 0.00985120
1778570930.518658 0.00406687 0.00439020 -0.00331369 0.99990316 -0.00132621 -0.00964627 0.00994243
1778570930.585374 0.00406663 0.00440731 -0.00336763 0.99990340 -0.00133024 -0.00963100 0.00993298
1778570930.652091 0.00441255 0.00462637 -0.00341856 0.99990398 -0.00143433 -0.00965184 0.00983938
1778570930.718807 0.00412515 0.00441496 -0.00329874 0.99990334 -0.00133777 -0.00965555 0.00991380
1778570930.785524 0.00402885 0.00437270 -0.00331675 0.99990312 -0.00132407 -0.00965393 0.00994026
1778570930.852241 0.00430251 0.00467549 -0.00318586 0.99990296 -0.00144850 -0.00975093 0.00984314
1778570930.918957 0.00421786 0.00446093 -0.00336915 0.99990333 -0.00136507 -0.00961981 0.00994617
1778570930.985674 0.00406176 0.00428977 -0.00331805 0.99990319 -0.00129760 -0.00964626 0.00994363
1778570931.052391 0.00431834 0.00467221 -0.00318340 0.99990303 -0.00144965 -0.00974328 0.00984369
1778570931.119108 0.00430076 0.00455975 -0.00333165 0.99990318 -0.00140212 -0.00963764 0.00993859
1778570931.185823 0.00400178 0.00434591 -0.00325058 0.99990288 -0.00131309 -0.00967295 0.00994719
1778570931.252539 0.00439267 0.00461304 -0.00338606 0.99990398 -0.00142761 -0.00966574 0.00982719
1778570931.319255 0.00429635 0.00453354 -0.00342478 0.99990350 -0.00139277 -0.00961010 0.00993468
1778570931.385970 0.00406097 0.00450295 -0.00325952 0.99990281 -0.00136099 -0.00966722 0.00995273
1778570931.452686 0.00451393 0.00470964 -0.00332266 0.99990356 -0.00146502 -0.00967603 0.00985364
1778570931.519400 0.00431897 0.00462901 -0.00315575 0.99990265 -0.00142757 -0.00973268 0.00989545
1778570931.586117 0.00415402 0.00449204 -0.00305438 0.99990164 -0.00137060 -0.00974568 0.00999309
1778570931.652833 0.00450114 0.00479183 -0.00335907 0.99990371 -0.00149348 -0.00965946 0.00985023
1778570931.719548 0.00432734 0.00456637 -0.00351622 0.99990542 -0.00140182 -0.00958262 0.00976501
1778570931.786264 0.00392849 0.00442179 -0.00325867 0.99990314 -0.00133075 -0.00968120 0.00991044
1778570931.852979 0.00448225 0.00475949 -0.00336028 0.99990362 -0.00147559 -0.00965529 0.00986662
1778570931.919696 0.00436626 0.00466291 -0.00350027 0.99990488 -0.00143677 -0.00959680 0.00980163
1778570931.986410 0.00394309 0.00443021 -0.00322544 0.99990275 -0.00134148 -0.00969353 0.00993564
1778570932.053127 0.00432183 0.00462197 -0.00336956 0.99990372 -0.00142944 -0.00965808 0.00986026
1778570932.119843 0.00430186 0.00464577 -0.00357324 0.99990538 -0.00142803 -0.00956909 0.00977833
1778570932.186558 0.00407677 0.00443727 -0.00337222 0.99990304 -0.00134454 -0.00962276 0.00997520
1778570932.253273 0.00428502 0.00471849 -0.00314213 0.99990238 -0.00146256 -0.00974333 0.00990768
1778570932.319987 0.00427174 0.00473127 -0.00326398 0.99990261 -0.00148309 -0.00969836 0.00992501
1778570932.386702 0.00382121 0.00435994 -0.00346942 0.99990306 -0.00132472 -0.00958099 0.01001571
1778570932.453417 0.00436803 0.00464639 -0.00336685 0.99990354 -0.00143605 -0.00962348 0.00991115
1778570932.520132 0.00430435 0.00480012 -0.00328600 0.99990314 -0.00148971 -0.00968919 0.00987956
1778570932.586846 0.00412283 0.00452152 -0.00313938 0.99990177 -0.00137328 -0.00969329 0.01003066
1778570932.653561 0.00435729 0.00472612 -0.00354825 0.99990390 -0.00146016 -0.00954550 0.00994680
1778570932.720277 0.00436244 0.00481792 -0.00332383 0.99990370 -0.00149314 -0.00967959 0.00983213
1778570932.786992 0.00372947 0.00428568 -0.00334682 0.99990224 -0.00129819 -0.00964808 0.01003664
1778570932.853707 0.00419663 0.00459051 -0.00349458 0.99990370 -0.00140633 -0.00956167 0.00995894
1778570932.920422 0.00431562 0.00466562 -0.00338874 0.99990388 -0.00144323 -0.00965446 0.00984544
1778570932.987136 0.00415631 0.00450378 -0.00318473 0.99990203 -0.00137190 -0.00968669 0.01001114
1778570933.053850 0.00420264 0.00445731 -0.00353908 0.99990370 -0.00136957 -0.00955645 0.00996914
1778570933.120566 0.00448562 0.00468013 -0.00352526 0.99990430 -0.00145883 -0.00960120 0.00985303
1778570933.187282 0.00403744 0.00449767 -0.00327699 0.99990266 -0.00136951 -0.00966092 0.00997313
1778570933.253997 0.00415036 0.00453255 -0.00347194 0.99990346 -0.00138605 -0.00957547 0.00997293
1778570933.320712 0.00437402 0.00473883 -0.00336426 0.99990334 -0.00147823 -0.00966347 0.00988687
1778570933.387428 0.00417209 0.00444851 -0.00346794 0.99990345 -0.00135733 -0.00956454 0.00998853
1778570933.454143 0.00411692 0.00451671 -0.00316703 0.99990161 -0.00138238 -0.00970459 0.01003395
1778570933.520858 0.00459037 0.00474625 -0.00352897 0.99990385 -0.00148612 -0.00957804 0.00991639
1778570933.587574 0.00431345 0.00456732 -0.00331814 0.99990247 -0.00140048 -0.00963229 0.01001502
1778570933.654289 0.00418784 0.00443891 -0.00350245 0.99990345 -0.00135241 -0.00956491 0.00998872
1778570933.721004 0.00451254 0.00469655 -0.00359095 0.99990463 -0.00145964 -0.00957449 0.00984561
1778570933.787719 0.00458814 0.00427306 -0.00375654 0.99990703 -0.00122840 -0.00934309 0.00985570
1778570933.854435 0.00441006 0.00419351 -0.00357708 0.99990627 -0.00119776 -0.00934531 0.00993404
1778570933.921150 0.00463354 0.00432676 -0.00363209 0.99990633 -0.00128277 -0.00930718 0.00995343
1778570933.987866 0.00474616 0.00435019 -0.00365511 0.99990594 -0.00126122 -0.00922291 0.01007235
1778570934.054581 0.00460465 0.00424183 -0.00355138 0.99990516 -0.00121401 -0.00924709 0.01013378
1778570934.121297 0.00476764 0.00449628 -0.00363982 0.99990631 -0.00132453 -0.00924222 0.01000973
1778570934.188011 0.00456571 0.00444122 -0.00352033 0.99990435 -0.00129095 -0.00925248 0.01019923
1778570934.254726 0.00408117 0.00394226 -0.00378746 0.99990524 -0.00110735 -0.00914375 0.01023084
1778570934.321441 0.00457723 0.00428622 -0.00364433 0.99990523 -0.00125166 -0.00919923 0.01016569
1778570934.388155 0.00457832 0.00443476 -0.00356795 0.99990345 -0.00129131 -0.00920454 0.01032971
1778570934.454869 0.00420132 0.00412300 -0.00373272 0.99990401 -0.00116995 -0.00912727 0.01035832
1778570934.521585 0.00462959 0.00440277 -0.00364764 0.99990437 -0.00129150 -0.00917592 0.01026546
1778570934.588299 0.00462538 0.00448289 -0.00356812 0.99990385 -0.00129896 -0.00919724 0.01029641
1778570934.655014 0.00455360 0.00424837 -0.00357666 0.99990327 -0.00120862 -0.00916360 0.01039336
1778570934.721728 0.00471060 0.00463578 -0.00381144 0.99990557 -0.00135357 -0.00910906 0.01020014
1778570934.788443 0.00462879 0.00451365 -0.00384679 0.99990541 -0.00130410 -0.00908466 0.01024441
1778570934.855158 0.00426988 0.00413648 -0.00382772 0.99990389 -0.00116566 -0.00907660 0.01041523
1778570934.921872 0.00458831 0.00438047 -0.00384066 0.99990510 -0.00127214 -0.00907558 0.01028644
1778570934.988587 0.00470938 0.00452719 -0.00371470 0.99990392 -0.00131427 -0.00912521 0.01035116
1778570935.055301 0.00438153 0.00433476 -0.00354490 0.99990171 -0.00123409 -0.00916949 0.01053405
1778570935.122016 0.00461613 0.00444664 -0.00381747 0.99990432 -0.00129120 -0.00907547 0.01035929
1778570935.188732 0.00474250 0.00455979 -0.00371350 0.99990347 -0.00133110 -0.00912276 0.01039534
1778570935.255447 0.00463668 0.00434883 -0.00359092 0.99990197 -0.00124222 -0.00913423 0.01053897
1778570935.322163 0.00466908 0.00446700 -0.00382188 0.99990459 -0.00129124 -0.00908504 0.01032475
1778570935.388878 0.00489195 0.00461228 -0.00379851 0.99990376 -0.00135735 -0.00909948 0.01038435
1778570935.455594 0.00438313 0.00423528 -0.00379560 0.99990267 -0.00120599 -0.00907619 0.01052668
1778570935.522309 0.00452126 0.00419022 -0.00371934 0.99990185 -0.00121932 -0.00911261 0.01057155
1778570935.589025 0.00479673 0.00450241 -0.00375425 0.99990283 -0.00132574 -0.00911808 0.01046108
1778570935.655740 0.00435898 0.00412596 -0.00386960 0.99990282 -0.00117479 -0.00903853 0.01054825
1778570935.722455 0.00470882 0.00427955 -0.00403222 0.99990395 -0.00122756 -0.00896693 0.01049622
1778570935.789172 0.00482999 0.00455682 -0.00402292 0.99990537 -0.00133029 -0.00901114 0.01030962
1778570935.855887 0.00426433 0.00405060 -0.00394237 0.99990264 -0.00114418 -0.00902898 0.01057713
1778570935.922602 0.00429129 0.00398303 -0.00386400 0.99990233 -0.00113719 -0.00905015 0.01058918
1778570935.989319 0.00477464 0.00449589 -0.00401438 0.99990424 -0.00132129 -0.00900100 0.01042862
1778570936.056034 0.00468537 0.00432814 -0.00367821 0.99990154 -0.00123599 -0.00909639 0.01061316
1778570936.122750 0.00458547 0.00438685 -0.00352788 0.99990090 -0.00126008 -0.00918396 0.01059540
1778570936.189465 0.00481404 0.00445930 -0.00379340 0.99990263 -0.00131770 -0.00910889 0.01048922
1778570936.256178 0.00434372 0.00403340 -0.00391091 0.99990217 -0.00115129 -0.00903734 0.01061377
1778570936.322893 0.00464858 0.00416093 -0.00394349 0.99990301 -0.00118932 -0.00899319 0.01056747
1778570936.389609 0.00485197 0.00450137 -0.00380099 0.99990308 -0.00132145 -0.00910556 0.01044865
1778570936.456323 0.00451264 0.00427313 -0.00372045 0.99990119 -0.00123394 -0.00910932 0.01063518
1778570936.523038 0.00455959 0.00416174 -0.00393253 0.99990296 -0.00118286 -0.00900561 0.01056310
1778570936.589752 0.00477564 0.00446655 -0.00381874 0.99990332 -0.00130275 -0.00910921 0.01042506
1778570936.656467 0.00443824 0.00417869 -0.00398804 0.99990273 -0.00119890 -0.00901043 0.01057811
1778570936.723182 0.00410961 0.00383594 -0.00392521 0.99990218 -0.00107396 -0.00903266 0.01062519
1778570936.789895 0.00463751 0.00445729 -0.00410435 0.99990453 -0.00131806 -0.00895611 0.01043915
1778570936.856611 0.00449903 0.00443779 -0.00403963 0.99990209 -0.00128890 -0.00895901 0.01067206
1778570936.923326 0.00418407 0.00405037 -0.00406025 0.99990204 -0.00115516 -0.00894909 0.01070026
1778570936.990039 0.00465216 0.00440493 -0.00396718 0.99990255 -0.00130439 -0.00900147 0.01059026
1778570937.056754 0.00467301 0.00453797 -0.00409132 0.99990242 -0.00133239 -0.00891754 0.01067027
1778570937.123469 0.00425550 0.00417624 -0.00393912 0.99990088 -0.00119538 -0.00899221 0.01076718
1778570937.190183 0.00469619 0.00441306 -0.00404826 0.99990222 -0.00130837 -0.00894999 0.01066474
1778570937.256899 0.00479865 0.00464063 -0.00414916 0.99990397 -0.00134310 -0.00889357 0.01054326
1778570937.323614 0.00446413 0.00429614 -0.00401426 0.99990214 -0.00121787 -0.00895072 0.01068190
1778570937.390328 0.00473930 0.00467329 -0.00391308 0.99990258 -0.00136465 -0.00903370 0.01055256
1778570937.457042 0.00451510 0.00446798 -0.00418397 0.99990358 -0.00130381 -0.00891608 0.01056557
1778570937.523758 0.00404008 0.00393365 -0.00420182 0.99990207 -0.00110483 -0.00889697 0.01074556
1778570937.590473 0.00443267 0.00424040 -0.00408690 0.99990337 -0.00124058 -0.00893131 0.01058028
1778570937.657186 0.00494974 0.00468000 -0.00413979 0.99990317 -0.00136594 -0.00890185 0.01060815
1778570937.723902 0.00445832 0.00442703 -0.00393808 0.99990178 -0.00126202 -0.00898003 0.01068670
1778570937.790617 0.00444085 0.00423140 -0.00394171 0.99990161 -0.00123349 -0.00900990 0.01068069
1778570937.857331 0.00485114 0.00462221 -0.00412676 0.99990250 -0.00136213 -0.00891917 0.01065798
1778570937.924046 0.00420164 0.00417755 -0.00402348 0.99990081 -0.00118730 -0.00897983 0.01078524
1778570937.990761 0.00446069 0.00426372 -0.00407988 0.99990294 -0.00123433 -0.00894661 0.01060876
1778570938.057475 0.00465996 0.00457823 -0.00413147 0.99990308 -0.00134296 -0.00895323 0.01057693
1778570938.124191 0.00464437 0.00444076 -0.00392436 0.99990108 -0.00127075 -0.00898040 0.01075069
1778570938.190906 0.00459533 0.00447982 -0.00389296 0.99990197 -0.00130143 -0.00904849 0.01060529
1778570938.257624 0.00477463 0.00469595 -0.00411192 0.99990291 -0.00138832 -0.00896788 0.01057492
1778570938.324340 0.00433892 0.00434340 -0.00401195 0.99990123 -0.00124280 -0.00898305 0.01073773
1778570938.391057 0.00468634 0.00445345 -0.00419893 0.99990383 -0.00128559 -0.00890452 0.01055359
1778570938.457772 0.00489782 0.00474792 -0.00410328 0.99990366 -0.00139783 -0.00897036 0.01049971
1778570938.524490 0.00475859 0.00454360 -0.00395506 0.99990182 -0.00130867 -0.00897594 0.01068038
1778570938.591207 0.00468979 0.00460573 -0.00410136 0.99990266 -0.00134304 -0.00894341 0.01062506
1778570938.657924 0.00489854 0.00472954 -0.00412587 0.99990307 -0.00141509 -0.00896048 0.01056175
1778570938.724640 0.00452732 0.00443868 -0.00412768 0.99990224 -0.00128458 -0.00891831 0.01069224
1778570938.791357 0.00478575 0.00448311 -0.00423441 0.99990296 -0.00130553 -0.00886615 0.01066535
1778570938.858074 0.00500381 0.00482983 -0.00412188 0.99990352 -0.00144007 -0.00895641 0.01051902
1778570938.924791 0.00456537 0.00446704 -0.00397326 0.99990118 -0.00130331 -0.00899104 0.01072837
1778570938.991508 0.00486005 0.00460819 -0.00405796 0.99990164 -0.00134325 -0.00892498 0.01073512
1778570939.058225 0.00493595 0.00492127 -0.00429355 0.99990484 -0.00146043 -0.00889572 0.01044233
1778570939.124940 0.00471167 0.00453501 -0.00427295 0.99990322 -0.00130387 -0.00885770 0.01064886
1778570939.191655 0.00461694 0.00449882 -0.00419465 0.99990289 -0.00128765 -0.00889281 0.01065227
1778570939.258370 0.00503089 0.00481265 -0.00428199 0.99990387 -0.00142704 -0.00889031 0.01054433
1778570939.325086 0.00480454 0.00464024 -0.00427409 0.99990342 -0.00134201 -0.00886294 0.01062042
1778570939.391799 0.00454891 0.00463524 -0.00386191 0.99990116 -0.00132776 -0.00903650 0.01068902
1778570939.458515 0.00473036 0.00475658 -0.00413311 0.99990288 -0.00140788 -0.00895666 0.01058400
1778570939.525229 0.00453555 0.00465315 -0.00429708 0.99990288 -0.00135140 -0.00886298 0.01066992
1778570939.591944 0.00434743 0.00443081 -0.00411346 0.99990160 -0.00126214 -0.00893870 0.01073783
1778570939.658659 0.00472074 0.00479027 -0.00417186 0.99990321 -0.00140656 -0.00893360 0.01057265
1778570939.725374 0.00467920 0.00482406 -0.00411728 0.99990298 -0.00139497 -0.00894149 0.01058973
1778570939.792088 0.00442411 0.00448565 -0.00412278 0.99990146 -0.00128216 -0.00892870 0.01075629
1778570939.858803 0.00481837 0.00474517 -0.00433759 0.99990393 -0.00140806 -0.00885052 0.01057436
1778570939.925518 0.00480666 0.00480509 -0.00420904 0.99990307 -0.00140532 -0.00890101 0.01061337
1778570939.992232 0.00437197 0.00445772 -0.00428005 0.99990218 -0.00127391 -0.00885992 0.01074743
1778570940.058946 0.00473926 0.00465211 -0.00420664 0.99990270 -0.00137295 -0.00890783 0.01064715
1778570940.125660 0.00480295 0.00477126 -0.00416932 0.99990263 -0.00140399 -0.00891962 0.01063939
1778570940.192376 0.00438888 0.00434561 -0.00418848 0.99990136 -0.00124663 -0.00890679 0.01078778
1778570940.259091 0.00499092 0.00471291 -0.00434401 0.99990367 -0.00138067 -0.00884465 0.01060740
1778570940.325806 0.00495718 0.00486920 -0.00418641 0.99990335 -0.00143228 -0.00892009 0.01056752
1778570940.392520 0.00481899 0.00472480 -0.00411316 0.99990167 -0.00136760 -0.00891693 0.01073616
1778570940.459235 0.00491194 0.00489795 -0.00426463 0.99990376 -0.00144053 -0.00889196 0.01055109
1778570940.525950 0.00494750 0.00494855 -0.00426186 0.99990315 -0.00147001 -0.00889571 0.01060176
1778570940.592665 0.00485644 0.00472942 -0.00414818 0.99990187 -0.00136405 -0.00888973 0.01074055
1778570940.659379 0.00485805 0.00493707 -0.00431074 0.99990283 -0.00145325 -0.00886107 0.01066283
1778570940.726094 0.00516293 0.00492682 -0.00447495 0.99990415 -0.00146517 -0.00880528 0.01058329
1778570940.792809 0.00479991 0.00466116 -0.00413503 0.99990214 -0.00134290 -0.00891331 0.01069851
1778570940.859524 0.00488960 0.00477885 -0.00435331 0.99990431 -0.00138542 -0.00885403 0.01053862
1778570940.926237 0.00501840 0.00499547 -0.00427164 0.99990409 -0.00148246 -0.00890433 0.01050401
1778570940.992953 0.00450445 0.00456790 -0.00417280 0.99990147 -0.00132319 -0.00892811 0.01075146
1778570941.059668 0.00488519 0.00471887 -0.00439366 0.99990339 -0.00138041 -0.00881293 0.01066049
1778570941.126383 0.00493100 0.00490390 -0.00430980 0.99990439 -0.00144375 -0.00889321 0.01049015
1778570941.193098 0.00441814 0.00440577 -0.00440241 0.99990294 -0.00126489 -0.00882869 0.01070323
1778570941.259812 0.00434176 0.00426125 -0.00436687 0.99990267 -0.00122171 -0.00883827 0.01072553
1778570941.326528 0.00472556 0.00469407 -0.00446050 0.99990483 -0.00138963 -0.00881594 0.01052034
1778570941.393243 0.00449668 0.00454579 -0.00430086 0.99990210 -0.00130749 -0.00887098 0.01074161
1778570941.459958 0.00477823 0.00468020 -0.00439892 0.99990267 -0.00134975 -0.00880604 0.01073729
1778570941.526673 0.00495250 0.00489176 -0.00434443 0.99990389 -0.00144154 -0.00887591 0.01055202
1778570941.593388 0.00485236 0.00477833 -0.00438671 0.99990305 -0.00138347 -0.00881382 0.01069108
1778570941.660104 0.00474849 0.00470120 -0.00445246 0.99990311 -0.00135324 -0.00879988 0.01070060
1778570941.726818 0.00494705 0.00499724 -0.00431534 0.99990405 -0.00147101 -0.00889397 0.01051828
1778570941.793534 0.00493371 0.00492514 -0.00440267 0.99990330 -0.00144096 -0.00880387 0.01066821
1778570941.860249 0.00474470 0.00472914 -0.00417816 0.99990182 -0.00136527 -0.00890271 0.01073486
1778570941.926964 0.00507291 0.00495846 -0.00440157 0.99990395 -0.00146641 -0.00884034 0.01057310
1778570941.993679 0.00496537 0.00483745 -0.00429763 0.99990264 -0.00142168 -0.00885313 0.01069159
1778570942.060394 0.00463557 0.00466589 -0.00404749 0.99990143 -0.00134673 -0.00895930 0.01072624
1778570942.127109 0.00511750 0.00497943 -0.00442476 0.99990411 -0.00147656 -0.00882690 0.01056747
1778570942.193824 0.00497555 0.00501150 -0.00437123 0.99990357 -0.00148056 -0.00882605 0.01061908
1778570942.260539 0.00449423 0.00452807 -0.00442183 0.99990234 -0.00130845 -0.00880914 0.01077053
1778570942.327254 0.00490804 0.00489377 -0.00432753 0.99990326 -0.00145150 -0.00886066 0.01062330
1778570942.393968 0.00487465 0.00489645 -0.00426297 0.99990311 -0.00144246 -0.00888238 0.01062081
1778570942.460683 0.00474828 0.00467691 -0.00442545 0.99990323 -0.00134470 -0.00878768 0.01070034
1778570942.527398 0.00496471 0.00495627 -0.00429040 0.99990357 -0.00146248 -0.00888420 0.01057290
1778570942.594113 0.00493737 0.00500263 -0.00430666 0.99990317 -0.00148369 -0.00887180 0.01061767
1778570942.660827 0.00442232 0.00446474 -0.00434055 0.99990198 -0.00128526 -0.00884920 0.01077334
1778570942.727542 0.00500752 0.00486884 -0.00458442 0.99990526 -0.00143147 -0.00874051 0.01053713
1778570942.794257 0.00504406 0.00486409 -0.00466606 0.99990620 -0.00142783 -0.00871268 0.01047142
1778570942.860972 0.00480775 0.00470497 -0.00427316 0.99990260 -0.00135251 -0.00885653 0.01070189
1778570942.927687 0.00500967 0.00479578 -0.00455376 0.99990480 -0.00141576 -0.00876578 0.01056188
1778570942.994402 0.00496475 0.00487044 -0.00441612 0.99990447 -0.00144132 -0.00883945 0.01052793
1778570943.061116 0.00436658 0.00435034 -0.00448612 0.99990281 -0.00124405 -0.00879096 0.01074861
1778570943.127831 0.00488008 0.00455865 -0.00446206 0.99990413 -0.00132869 -0.00879780 0.01060944
1778570943.194546 0.00493313 0.00483643 -0.00454697 0.99990541 -0.00143197 -0.00877466 0.01049427
1778570943.261261 0.00442767 0.00433010 -0.00439437 0.99990203 -0.00125114 -0.00882867 0.01078949
1778570943.327976 0.00485476 0.00458294 -0.00462122 0.99990375 -0.00134274 -0.00871607 0.01071039
1778570943.394691 0.00500082 0.00487242 -0.00445873 0.99990410 -0.00145073 -0.00881747 0.01058020
1778570943.461405 0.00481106 0.00459001 -0.00450018 0.99990338 -0.00132410 -0.00875437 0.01071614
1778570943.528120 0.00496030 0.00466116 -0.00448537 0.99990264 -0.00136910 -0.00877911 0.01075974
1778570943.594834 0.00503434 0.00489702 -0.00442912 0.99990366 -0.00145938 -0.00883966 0.01060179
1778570943.661548 0.00483542 0.00464534 -0.00431309 0.99990209 -0.00135210 -0.00883745 0.01076524
1778570943.728263 0.00476493 0.00468942 -0.00449845 0.99990303 -0.00136492 -0.00877664 0.01072548
1778570943.794978 0.00512536 0.00491619 -0.00445590 0.99990371 -0.00147340 -0.00882056 0.01061104
1778570943.861694 0.00460528 0.00451303 -0.00438416 0.99990173 -0.00131951 -0.00882898 0.01080885
1778570943.928408 0.00483833 0.00462470 -0.00455604 0.99990317 -0.00134796 -0.00873550 0.01074854
1778570943.995123 0.00508760 0.00488414 -0.00453866 0.99990387 -0.00146318 -0.00879443 0.01061887
1778570944.061838 0.00472258 0.00465965 -0.00454120 0.99990278 -0.00136443 -0.00875683 0.01076469
1778570944.128552 0.00480541 0.00456775 -0.00445390 0.99990234 -0.00133165 -0.00878367 0.01078815
1778570944.195268 0.00500793 0.00487637 -0.00452517 0.99990385 -0.00145113 -0.00879991 0.01061841
1778570944.261983 0.00475995 0.00468016 -0.00457154 0.99990291 -0.00138077 -0.00874715 0.01075857
1778570944.328696 0.00446504 0.00434923 -0.00442900 0.99990169 -0.00126290 -0.00880498 0.01083958
1778570944.395413 0.00491960 0.00463973 -0.00453030 0.99990323 -0.00139141 -0.00878086 0.01070015
1778570944.462128 0.00488563 0.00467525 -0.00462802 0.99990285 -0.00139178 -0.00871005 0.01079265
1778570944.528843 0.00448526 0.00431387 -0.00447125 0.99990155 -0.00125437 -0.00878503 0.01086902
1778570944.595558 0.00482357 0.00455426 -0.00453730 0.99990313 -0.00135759 -0.00877342 0.01072025
1778570944.662273 0.00474385 0.00459273 -0.00463591 0.99990416 -0.00134762 -0.00871883 0.01066982
1778570944.728987 0.00466119 0.00449194 -0.00460885 0.99990317 -0.00128483 -0.00870580 0.01077988
1778570944.795703 0.00489557 0.00476325 -0.00456144 0.99990397 -0.00140532 -0.00876960 0.01063831
1778570944.862418 0.00484877 0.00475647 -0.00457481 0.99990215 -0.00141579 -0.00874373 0.01082760
1778570944.929133 0.00472202 0.00455778 -0.00460108 0.99990281 -0.00132040 -0.00871066 0.01080487
1778570944.995848 0.00490085 0.00478759 -0.00469488 0.99990502 -0.00142043 -0.00870909 0.01058679
1778570945.062562 0.00484849 0.00463897 -0.00456585 0.99990359 -0.00137758 -0.00874940 0.01069419
1778570945.129279 0.00479325 0.00453267 -0.00450110 0.99990211 -0.00131148 -0.00874648 0.01084205
1778570945.195993 0.00491766 0.00478316 -0.00466167 0.99990454 -0.00141506 -0.00872212 0.01062270
1778570945.262708 0.00498325 0.00478448 -0.00476112 0.99990479 -0.00143193 -0.00867063 0.01063906
1778570945.329423 0.00482367 0.00458848 -0.00464344 0.99990289 -0.00133297 -0.00868758 0.01081481
1778570945.396137 0.00496336 0.00477613 -0.00466591 0.99990455 -0.00141891 -0.00870951 0.01063075
1778570945.462853 0.00513382 0.00481097 -0.00463784 0.99990363 -0.00145231 -0.00872082 0.01070378
1778570945.529568 0.00495859 0.00456548 -0.00449268 0.99990210 -0.00133969 -0.00874848 0.01083799
1778570945.596283 0.00506936 0.00454635 -0.00469031 0.99990387 -0.00134978 -0.00870310 0.01070868
1778570945.662998 0.00509763 0.00470907 -0.00470224 0.99990455 -0.00141580 -0.00871630 0.01062615
1778570945.729713 0.00470309 0.00440790 -0.00467667 0.99990239 -0.00130293 -0.00869285 0.01085990
1778570945.796428 0.00484455 0.00447249 -0.00472686 0.99990263 -0.00134305 -0.00867385 0.01084861
1778570945.863143 0.00506908 0.00477664 -0.00471810 0.99990381 -0.00144207 -0.00870829 0.01069828
1778570945.929858 0.00464505 0.00446634 -0.00458427 0.99990185 -0.00131152 -0.00873915 0.01087182
1778570945.996573 0.00464590 0.00432307 -0.00456444 0.99990150 -0.00128432 -0.00875037 0.01089849
1778570946.063288 0.00492099 0.00457574 -0.00468630 0.99990330 -0.00138254 -0.00873122 0.01073560
1778570946.130003 0.00473834 0.00441688 -0.00467490 0.99990193 -0.00130279 -0.00868921 0.01090523
1778570946.196718 0.00461496 0.00432154 -0.00472485 0.99990210 -0.00128379 -0.00868884 0.01089230
1778570946.263433 0.00522394 0.00476478 -0.00480233 0.99990430 -0.00144055 -0.00866870 0.01068465
1778570946.330148 0.00499923 0.00461097 -0.00457808 0.99990246 -0.00135874 -0.00872081 0.01082488
1778570946.396863 0.00475506 0.00457952 -0.00444929 0.99990176 -0.00134400 -0.00880355 0.01082384
1778570946.463576 0.00501084 0.00459267 -0.00471697 0.99990336 -0.00139666 -0.00871975 0.01073708
1778570946.530293 0.00499309 0.00467102 -0.00475427 0.99990347 -0.00137672 -0.00864525 0.01078975
1778570946.597007 0.00486930 0.00468173 -0.00477720 0.99990354 -0.00136958 -0.00865355 0.01077751
1778570946.663723 0.00509554 0.00485148 -0.00470331 0.99990420 -0.00146206 -0.00872135 0.01064844
1778570946.730436 0.00496911 0.00476013 -0.00479328 0.99990363 -0.00140756 -0.00863571 0.01077795
1778570946.797152 0.00485072 0.00465652 -0.00460815 0.99990236 -0.00136587 -0.00871935 0.01083445
1778570946.863867 0.00524894 0.00482860 -0.00487317 0.99990424 -0.00146426 -0.00864122 0.01070919
1778570946.930581 0.00497445 0.00481050 -0.00473995 0.99990357 -0.00143744 -0.00865625 0.01076364
1778570946.997297 0.00463220 0.00452191 -0.00475312 0.99990232 -0.00133490 -0.00865439 0.01089391
1778570947.064012 0.00520284 0.00477040 -0.00484916 0.99990361 -0.00145749 -0.00862199 0.01078497
1778570947.130727 0.00516249 0.00496267 -0.00489623 0.99990410 -0.00148205 -0.00857671 0.01077238
1778570947.197442 0.00483687 0.00469087 -0.00478958 0.99990310 -0.00136542 -0.00863282 0.01083517
1778570947.264158 0.00502087 0.00482808 -0.00472655 0.99990394 -0.00144854 -0.00870352 0.01068938
1778570947.330873 0.00484075 0.00472584 -0.00482790 0.99990463 -0.00139840 -0.00862981 0.01069087
1778570947.397588 0.00487455 0.00460659 -0.00470842 0.99990290 -0.00134523 -0.00865280 0.01083994
1778570947.464303 0.00505747 0.00484649 -0.00473335 0.99990359 -0.00145771 -0.00869591 0.01072731
1778570947.531018 0.00495693 0.00481551 -0.00492493 0.99990367 -0.00145429 -0.00858831 0.01080630
1778570947.597733 0.00454084 0.00442145 -0.00470161 0.99990184 -0.00129894 -0.00868024 0.01092146
1778570947.664448 0.00478970 0.00457090 -0.00471219 0.99990302 -0.00137068 -0.00869144 0.01079468
1778570947.731164 0.00485499 0.00480301 -0.00492261 0.99990463 -0.00143753 -0.00859629 0.01071319
1778570947.797879 0.00479229 0.00467120 -0.00485415 0.99990327 -0.00136113 -0.00859398 0.01085102
1778570947.864594 0.00491747 0.00476500 -0.00473460 0.99990370 -0.00142155 -0.00868602 0.01072959
1778570947.931309 0.00489821 0.00478307 -0.00494628 0.99990474 -0.00143561 -0.00858599 0.01071117
1778570947.998023 0.00451776 0.00443568 -0.00473817 0.99990178 -0.00130001 -0.00865946 0.01094295
1778570948.064739 0.00507704 0.00471954 -0.00481991 0.99990351 -0.00141660 -0.00863084 0.01079221
1778570948.131455 0.00524194 0.00475997 -0.00495350 0.99990470 -0.00144270 -0.00858093 0.01071848
1778570948.198170 0.00498160 0.00471008 -0.00479685 0.99990280 -0.00139382 -0.00861677 0.01087189
1778570948.264885 0.00524942 0.00492614 -0.00487771 0.99990261 -0.00148966 -0.00860513 0.01088572
1778570948.331600 0.00510198 0.00496202 -0.00476745 0.99990389 -0.00149673 -0.00868326 0.01070382
1778570948.398315 0.00455899 0.00440962 -0.00486414 0.99990295 -0.00129483 -0.00861077 0.01087497
1778570948.465030 0.00507007 0.00476873 -0.00493558 0.99990326 -0.00143072 -0.00857971 0.01085426
1778570948.531745 0.00529400 0.00502683 -0.00501291 0.99990462 -0.00152432 -0.00858236 0.01071298
1778570948.598461 0.00483220 0.00470522 -0.00472429 0.99990294 -0.00138735 -0.00865743 0.01082789
1778570948.665176 0.00459893 0.00432709 -0.00470391 0.99990282 -0.00127865 -0.00869662 0.01082014
1778570948.731891 0.00491267 0.00461530 -0.00484386 0.99990364 -0.00139931 -0.00865088 0.01076672
1778570948.798606 0.00497582 0.00463739 -0.00474918 0.99990234 -0.00137351 -0.00863218 0.01090428
1778570948.865321 0.00505243 0.00466623 -0.00490610 0.99990267 -0.00139412 -0.00859495 0.01090144
1778570948.932036 0.00518285 0.00484020 -0.00489272 0.99990382 -0.00146946 -0.00863676 0.01075204
1778570948.998751 0.00471709 0.00455742 -0.00486221 0.99990277 -0.00134344 -0.00861208 0.01088434
1778570949.065467 0.00472163 0.00441808 -0.00481984 0.99990211 -0.00132044 -0.00863372 0.01093108
1778570949.132182 0.00512721 0.00470867 -0.00488814 0.99990325 -0.00144284 -0.00862250 0.01081949
1778570949.198896 0.00478279 0.00458838 -0.00489339 0.99990264 -0.00136801 -0.00858465 0.01091538
1778570949.265613 0.00495751 0.00456077 -0.00492985 0.99990292 -0.00134976 -0.00856829 0.01090502
1778570949.332329 0.00503270 0.00476593 -0.00509715 0.99990549 -0.00143566 -0.00855597 0.01066471
1778570949.399044 0.00494285 0.00462276 -0.00488854 0.99990299 -0.00136599 -0.00858251 0.01088507
1778570949.465760 0.00473562 0.00452580 -0.00475326 0.99990216 -0.00133339 -0.00866000 0.01090371
1778570949.532475 0.00504827 0.00465171 -0.00498984 0.99990376 -0.00141086 -0.00859201 0.01080044
1778570949.599190 0.00476857 0.00457431 -0.00503809 0.99990336 -0.00135984 -0.00853392 0.01088970
1778570949.665906 0.00457570 0.00436432 -0.00493356 0.99990203 -0.00128695 -0.00858884 0.01097762
1778570949.732622 0.00498841 0.00461076 -0.00503496 0.99990364 -0.00140151 -0.00857499 0.01082686
1778570949.799338 0.00487989 0.00467825 -0.00499166 0.99990241 -0.00140106 -0.00856205 0.01094991
1778570949.866053 0.00488154 0.00467609 -0.00512707 0.99990338 -0.00137240 -0.00849978 0.01091308
1778570949.932769 0.00513580 0.00501191 -0.00519702 0.99990479 -0.00150637 -0.00853855 0.01073498
1778570949.999484 0.00500057 0.00499698 -0.00508735 0.99990289 -0.00149802 -0.00854359 0.01090764
1778570950.066200 0.00466459 0.00457412 -0.00497354 0.99990171 -0.00135882 -0.00858824 0.01099838
1778570950.132916 0.00497951 0.00474989 -0.00504070 0.99990272 -0.00145003 -0.00860075 0.01088489
1778570950.199631 0.00496113 0.00485428 -0.00518185 0.99990299 -0.00147403 -0.00849547 0.01093873
1778570950.266346 0.00455927 0.00441220 -0.00507474 0.99990197 -0.00131070 -0.00853617 0.01102137
1778570950.333061 0.00512169 0.00483537 -0.00531095 0.99990564 -0.00146192 -0.00845020 0.01073137
1778570950.399777 0.00496548 0.00481767 -0.00489295 0.99990393 -0.00143304 -0.00860272 0.01077320
1778570950.466492 0.00451523 0.00429781 -0.00483677 0.99990102 -0.00127014 -0.00860465 0.01105924
1778570950.533207 0.00484303 0.00451240 -0.00489466 0.99990245 -0.00136827 -0.00861036 0.01091225
1778570950.599922 0.00505315 0.00479533 -0.00511587 0.99990439 -0.00142757 -0.00850114 0.01081208
1778570950.666637 0.00491954 0.00464577 -0.00497589 0.99990257 -0.00136977 -0.00854127 0.01095586
1778570950.733353 0.00491002 0.00477177 -0.00494195 0.99990348 -0.00142787 -0.00860842 0.01081112
1778570950.800068 0.00492348 0.00471807 -0.00500651 0.99990331 -0.00142327 -0.00856589 0.01086145
1778570950.866782 0.00458067 0.00444035 -0.00491408 0.99990153 -0.00131705 -0.00857779 0.01102846
1778570950.933499 0.00472820 0.00445071 -0.00487221 0.99990235 -0.00133425 -0.00861723 0.01092039
1778570951.000213 0.00484930 0.00467157 -0.00509001 0.99990418 -0.00140239 -0.00852118 0.01081913
1778570951.066928 0.00476456 0.00453223 -0.00502593 0.99990310 -0.00132534 -0.00850681 0.01093890
1778570951.133644 0.00477233 0.00461522 -0.00486236 0.99990319 -0.00136462 -0.00862416 0.01083392
1778570951.200360 0.00508019 0.00469675 -0.00512501 0.99990422 -0.00140834 -0.00851151 0.01082198
1778570951.267075 0.00482633 0.00455042 -0.00505188 0.99990310 -0.00133379 -0.00851043 0.01093545
1778570951.333791 0.00473451 0.00459218 -0.00489075 0.99990337 -0.00135201 -0.00862613 0.01081683
1778570951.400506 0.00493430 0.00473075 -0.00502966 0.99990373 -0.00142580 -0.00856515 0.01082308
1778570951.467221 0.00456620 0.00447564 -0.00504159 0.99990230 -0.00131755 -0.00852705 0.01099750
1778570951.533937 0.00462230 0.00439925 -0.00494338 0.99990158 -0.00131333 -0.00857843 0.01102307
1778570951.600651 0.00474968 0.00459843 -0.00499717 0.99990300 -0.00138130 -0.00859423 0.01087317
1778570951.667368 0.00473777 0.00453839 -0.00497783 0.99990244 -0.00133079 -0.00853791 0.01097435
1778570951.734082 0.00463633 0.00453050 -0.00484102 0.99990300 -0.00132690 -0.00863776 0.01084506
1778570951.800799 0.00483044 0.00455596 -0.00503934 0.99990359 -0.00136843 -0.00856579 0.01084266
1778570951.867514 0.00448407 0.00434629 -0.00506014 0.99990237 -0.00127706 -0.00852515 0.01099758
1778570951.934230 0.00449609 0.00422075 -0.00492029 0.99990132 -0.00125168 -0.00859061 0.01104487
1778570952.000945 0.00478898 0.00454186 -0.00510726 0.99990383 -0.00137573 -0.00853745 0.01084234
1778570952.067660 0.00475668 0.00451693 -0.00500806 0.99990269 -0.00131539 -0.00851865 0.01096904
1778570952.134376 0.00469304 0.00451118 -0.00496562 0.99990248 -0.00133285 -0.00856170 0.01095201
1778570952.201091 0.00481362 0.00443768 -0.00499441 0.99990264 -0.00134783 -0.00858169 0.01092055
1778570952.267806 0.00480031 0.00450466 -0.00486894 0.99990177 -0.00132494 -0.00857430 0.01100772
1778570952.334522 0.00470770 0.00449533 -0.00502453 0.99990251 -0.00132310 -0.00853587 0.01097096
1778570952.401237 0.00490789 0.00462063 -0.00499044 0.99990349 -0.00138479 -0.00859578 0.01082630
1778570952.467953 0.00452798 0.00433139 -0.00506559 0.99990230 -0.00127153 -0.00851962 0.01100856
1778570952.534668 0.00466083 0.00441098 -0.00504831 0.99990280 -0.00128696 -0.00851632 0.01096425
1778570952.601383 0.00490812 0.00460013 -0.00498264 0.99990354 -0.00137836 -0.00859907 0.01082003
1778570952.668099 0.00464237 0.00436772 -0.00510209 0.99990263 -0.00129218 -0.00849629 0.01099385
1778570952.734815 0.00473755 0.00440072 -0.00492086 0.99990181 -0.00128984 -0.00856685 0.01101410
1778570952.801530 0.00509040 0.00461394 -0.00520338 0.99990403 -0.00138549 -0.00849123 0.01085819
1778570952.868245 0.00496634 0.00463476 -0.00501349 0.99990242 -0.00137236 -0.00853427 0.01097454
1778570952.934960 0.00457864 0.00442963 -0.00491263 0.99990215 -0.00128866 -0.00858465 0.01096943
1778570953.001676 0.00509369 0.00473672 -0.00534013 0.99990545 -0.00142026 -0.00844153 0.01076193
1778570953.068391 0.00493363 0.00475701 -0.00507109 0.99990306 -0.00140747 -0.00851042 0.01093021
1778570953.135107 0.00485705 0.00450112 -0.00514941 0.99990277 -0.00132114 -0.00846641 0.01100113
1778570953.201823 0.00506498 0.00473025 -0.00505893 0.99990349 -0.00142669 -0.00855539 0.01085296
1778570953.268538 0.00495295 0.00462821 -0.00504734 0.99990197 -0.00139520 -0.00852370 0.01102084
1778570953.335254 0.00458302 0.00424221 -0.00509370 0.99990209 -0.00124996 -0.00849915 0.01104585
1778570953.401970 0.00479864 0.00439066 -0.00501114 0.99990291 -0.00132113 -0.00857677 0.01090245
1778570953.468685 0.00470684 0.00439036 -0.00499125 0.99990337 -0.00129939 -0.00855360 0.01088086
1778570953.535402 0.00437306 0.00401687 -0.00490170 0.99990118 -0.00117104 -0.00857549 0.01107789
1778570953.602118 0.00504393 0.00450524 -0.00512365 0.99990354 -0.00135650 -0.00851773 0.01088663
1778570953.668832 0.00499981 0.00471835 -0.00490728 0.99990342 -0.00140114 -0.00858742 0.01083745
1778570953.735549 0.00446090 0.00413423 -0.00507439 0.99990218 -0.00120973 -0.00850302 0.01103967
1778570953.802265 0.00506340 0.00458353 -0.00519084 0.99990410 -0.00136838 -0.00848351 0.01086055
1778570953.868980 0.00534272 0.00497920 -0.00513797 0.99990377 -0.00149452 -0.00848516 0.01087316
1778570953.935695 0.00489452 0.00468681 -0.00502707 0.99990244 -0.00138060 -0.00851753 0.01098411
1778570954.002412 0.00483962 0.00438471 -0.00499880 0.99990266 -0.00131701 -0.00856546 0.01093481
1778570954.069128 0.00492118 0.00450035 -0.00504908 0.99990334 -0.00134857 -0.00853124 0.01089545
1778570954.135844 0.00455188 0.00421467 -0.00511021 0.99990209 -0.00123779 -0.00848755 0.01105644
1778570954.202559 0.00503661 0.00447492 -0.00516695 0.99990410 -0.00132835 -0.00848280 0.01086636
1778570954.269274 0.00524756 0.00486414 -0.00504630 0.99990373 -0.00146502 -0.00853331 0.01084269
1778570954.335990 0.00471818 0.00437712 -0.00517662 0.99990237 -0.00129609 -0.00845306 0.01105071
1778570954.402705 0.00509254 0.00450037 -0.00510869 0.99990368 -0.00134381 -0.00849234 0.01089530
1778570954.469421 0.00520016 0.00480230 -0.00502449 0.99990378 -0.00144836 -0.00853996 0.01083484
1778570954.536136 0.00500548 0.00460785 -0.00509631 0.99990281 -0.00136489 -0.00846666 0.01099200
1778570954.602851 0.00492700 0.00450979 -0.00495399 0.99990347 -0.00134050 -0.00857471 0.01085043
1778570954.669567 0.00531259 0.00467648 -0.00516427 0.99990428 -0.00141284 -0.00847529 0.01084432
1778570954.736283 0.00504904 0.00457357 -0.00519113 0.99990334 -0.00135413 -0.00843419 0.01097034
1778570954.802998 0.00481848 0.00446900 -0.00505135 0.99990415 -0.00131560 -0.00853752 0.01081954
1778570954.869714 0.00499939 0.00453200 -0.00511587 0.99990370 -0.00137290 -0.00851450 0.01087282
1778570954.936429 0.00468454 0.00430108 -0.00504280 0.99990166 -0.00127609 -0.00850934 0.01107417
1778570955.003145 0.00475542 0.00425678 -0.00499742 0.99990122 -0.00127508 -0.00853918 0.01109048
1778570955.069860 0.00505944 0.00449081 -0.00512497 0.99990295 -0.00136814 -0.00852299 0.01093488
1778570955.136575 0.00474906 0.00436966 -0.00517844 0.99990261 -0.00129712 -0.00845066 0.01103019
1778570955.203293 0.00503973 0.00442188 -0.00527226 0.99990458 -0.00130887 -0.00841802 0.01087463
1778570955.270008 0.00524059 0.00475565 -0.00519125 0.99990433 -0.00144169 -0.00848991 0.01082476
1778570955.336726 0.00502563 0.00462308 -0.00519412 0.99990330 -0.00136504 -0.00843412 0.01097219
1778570955.403442 0.00475361 0.00450312 -0.00513936 0.99990353 -0.00132422 -0.00848479 0.01091749
1778570955.470159 0.00508832 0.00451155 -0.00514041 0.99990351 -0.00137294 -0.00850713 0.01089534
1778570955.536875 0.00469476 0.00437901 -0.00520052 0.99990282 -0.00129320 -0.00844719 0.01101441
1778570955.603592 0.00474407 0.00427720 -0.00518240 0.99990229 -0.00127297 -0.00845698 0.01105744
1778570955.670308 0.00515644 0.00464017 -0.00533324 0.99990445 -0.00142501 -0.00843174 0.01086138
1778570955.737025 0.00482561 0.00452523 -0.00530929 0.99990255 -0.00134780 -0.00840336 0.01106589
1778570955.803741 0.00470096 0.00424963 -0.00509389 0.99990069 -0.00126454 -0.00850019 0.01116974
1778570955.870458 0.00507395 0.00451102 -0.00515132 0.99990251 -0.00137889 -0.00850576 0.01098749
1778570955.937175 0.00510478 0.00467245 -0.00524466 0.99990315 -0.00139144 -0.00841079 0.01100077
1778570956.003891 0.00489516 0.00449703 -0.00516747 0.99990236 -0.00131954 -0.00846043 0.01104354
1778570956.070608 0.00497114 0.00456310 -0.00512436 0.99990356 -0.00136579 -0.00853365 0.01087139
1778570956.137324 0.00477968 0.00443900 -0.00524484 0.99990265 -0.00131992 -0.00843073 0.01103913
1778570956.204039 0.00474403 0.00414378 -0.00515882 0.99990170 -0.00123249 -0.00845002 0.01112051
1778570956.270754 0.00536619 0.00457190 -0.00541124 0.99990540 -0.00139707 -0.00836188 0.01083122
1778570956.337469 0.00509787 0.00454991 -0.00499066 0.99990258 -0.00136526 -0.00851484 0.01097587
1778570956.404183 0.00490181 0.00416212 -0.00509576 0.99990257 -0.00123153 -0.00846024 0.01103399
1778570956.470898 0.00515602 0.00435883 -0.00508830 0.99990384 -0.00132439 -0.00852396 0.01085835
1778570956.537613 0.00519643 0.00430145 -0.00512086 0.99990431 -0.00128337 -0.00846139 0.01086874
1778570956.604328 0.00468987 0.00415681 -0.00497991 0.99990271 -0.00121536 -0.00853077 0.01096859
1778570956.671043 0.00506377 0.00425935 -0.00508005 0.99990310 -0.00130192 -0.00853325 0.01092125
1778570956.737757 0.00497359 0.00443851 -0.00524945 0.99990425 -0.00133166 -0.00843807 0.01088680
1778570956.804473 0.00461017 0.00418553 -0.00526183 0.99990252 -0.00123120 -0.00841945 0.01107041
1778570956.871188 0.00497934 0.00437124 -0.00512286 0.99990286 -0.00132465 -0.00850284 0.01096479
1778570956.937901 0.00500349 0.00457031 -0.00525795 0.99990241 -0.00138532 -0.00842879 0.01105466
1778570957.004616 0.00487542 0.00447105 -0.00519872 0.99990265 -0.00131502 -0.00842655 0.01104360
1778570957.071332 0.00506108 0.00462090 -0.00525980 0.99990506 -0.00138443 -0.00844511 0.01079939
1778570957.138047 0.00502857 0.00449899 -0.00527005 0.99990405 -0.00135797 -0.00843007 0.01090804
1778570957.204762 0.00454250 0.00405469 -0.00522136 0.99990237 -0.00119115 -0.00842286 0.01108518
1778570957.271477 0.00509411 0.00437038 -0.00523615 0.99990411 -0.00130909 -0.00843729 0.01090237
1778570957.338191 0.00538638 0.00456174 -0.00529746 0.99990470 -0.00137843 -0.00840317 0.01086637
1778570957.404907 0.00500402 0.00434292 -0.00520670 0.99990324 -0.00128758 -0.00840843 0.01100664
1778570957.471622 0.00516521 0.00429925 -0.00521295 0.99990434 -0.00129356 -0.00845016 0.01087316
1778570957.538336 0.00510880 0.00440181 -0.00511108 0.99990450 -0.00132799 -0.00849636 0.01081861
1778570957.605052 0.00492692 0.00423343 -0.00515723 0.99990311 -0.00124945 -0.00843494 0.01100257
1778570957.671767 0.00486711 0.00426655 -0.00500763 0.99990367 -0.00126643 -0.00854966 0.01086035
1778570957.738481 0.00505774 0.00439068 -0.00520554 0.99990416 -0.00133544 -0.00847888 0.01086274
1778570957.805197 0.00473934 0.00423471 -0.00527100 0.99990312 -0.00125759 -0.00840979 0.01101977
1778570957.871912 0.00495248 0.00427029 -0.00516876 0.99990421 -0.00126510 -0.00847592 0.01086853
1778570957.938627 0.00508902 0.00444768 -0.00515725 0.99990450 -0.00133942 -0.00850879 0.01080707
1778570958.005342 0.00472245 0.00423643 -0.00528123 0.99990278 -0.00125470 -0.00841773 0.01104515
1778570958.072057 0.00499778 0.00435196 -0.00529684 0.99990479 -0.00129478 -0.00842324 0.01085307
1778570958.138771 0.00519225 0.00457587 -0.00528657 0.99990528 -0.00137929 -0.00845502 0.01077205
1778570958.205487 0.00498110 0.00439618 -0.00526047 0.99990387 -0.00129295 -0.00840554 0.01095138
1778570958.272201 0.00488309 0.00430173 -0.00518518 0.99990330 -0.00128704 -0.00847544 0.01094986
1778570958.338917 0.00513538 0.00435658 -0.00525164 0.99990412 -0.00133331 -0.00846591 0.01087620
1778570958.405632 0.00473229 0.00414571 -0.00525572 0.99990286 -0.00123098 -0.00841757 0.01104061
1778570958.472348 0.00491177 0.00421177 -0.00526333 0.99990370 -0.00125347 -0.00841630 0.01096315
1778570958.539062 0.00507701 0.00440384 -0.00520265 0.99990503 -0.00133404 -0.00849507 0.01076948
1778570958.605778 0.00483517 0.00422039 -0.00508215 0.99990338 -0.00124642 -0.00847146 0.01095025
1778570958.672494 0.00479266 0.00421125 -0.00520395 0.99990368 -0.00124551 -0.00844547 0.01094355
1778570958.739209 0.00514517 0.00438979 -0.00532111 0.99990528 -0.00132830 -0.00844475 0.01078699
1778570958.805924 0.00488483 0.00430116 -0.00506549 0.99990319 -0.00126819 -0.00849110 0.01095027
1778570958.872640 0.00462433 0.00416805 -0.00507552 0.99990319 -0.00121812 -0.00850340 0.01094604
1778570958.939355 0.00500181 0.00436154 -0.00524950 0.99990499 -0.00130973 -0.00847794 0.01079000
1778570959.006070 0.00481691 0.00440030 -0.00523435 0.99990418 -0.00129608 -0.00842619 0.01090683
1778570959.072784 0.00462771 0.00424741 -0.00513603 0.99990329 -0.00123843 -0.00847591 0.01095650
1778570959.139500 0.00508757 0.00438179 -0.00530876 0.99990507 -0.00131836 -0.00844286 0.01080926
1778570959.206215 0.00495258 0.00442907 -0.00529447 0.99990418 -0.00131288 -0.00840081 0.01092390
1778570959.272929 0.00468433 0.00422559 -0.00512256 0.99990325 -0.00123919 -0.00847594 0.01095959
1778570959.339644 0.00493695 0.00414864 -0.00515555 0.99990366 -0.00126445 -0.00848912 0.01090895
1778570959.406359 0.00478897 0.00419768 -0.00521212 0.99990266 -0.00125571 -0.00843474 0.01104286
1778570959.473074 0.00488050 0.00414414 -0.00516861 0.99990243 -0.00122029 -0.00841979 0.01107890
1778570959.539789 0.00495924 0.00430724 -0.00514620 0.99990418 -0.00129936 -0.00850994 0.01084107
1778570959.606503 0.00500814 0.00427966 -0.00514931 0.99990339 -0.00128223 -0.00844512 0.01096604
1778570959.673218 0.00468126 0.00410857 -0.00508278 0.99990267 -0.00120605 -0.00847473 0.01101732
1778570959.739932 0.00499278 0.00426471 -0.00516910 0.99990402 -0.00128748 -0.00848571 0.01087557
1778570959.806648 0.00497760 0.00441677 -0.00529935 0.99990422 -0.00131818 -0.00839523 0.01092364
1778570959.873362 0.00457287 0.00417005 -0.00507674 0.99990262 -0.00121273 -0.00848639 0.01101192
1778570959.940077 0.00494257 0.00424051 -0.00515562 0.99990390 -0.00126989 -0.00849258 0.01088352
1778570960.006792 0.00489581 0.00436253 -0.00509307 0.99990309 -0.00130188 -0.00849055 0.01095569
1778570960.073505 0.00465494 0.00411724 -0.00499044 0.99990187 -0.00120171 -0.00851909 0.01105550
1778570960.140221 0.00503089 0.00427670 -0.00527652 0.99990436 -0.00127757 -0.00843966 0.01088202
1778570960.206936 0.00502650 0.00441377 -0.00523867 0.99990489 -0.00131265 -0.00844661 0.01082299
1778570960.273649 0.00463563 0.00413727 -0.00511941 0.99990315 -0.00119717 -0.00846249 0.01098340
1778570960.340365 0.00489817 0.00422094 -0.00514085 0.99990421 -0.00125657 -0.00849435 0.01085545
1778570960.407080 0.00498156 0.00435702 -0.00519665 0.99990478 -0.00129966 -0.00845950 0.01082464
1778570960.473795 0.00468590 0.00413661 -0.00514827 0.99990358 -0.00120501 -0.00844182 0.01095949
1778570960.540509 0.00484286 0.00417641 -0.00511940 0.99990415 -0.00124075 -0.00849846 0.01085957
1778570960.607224 0.00498375 0.00437060 -0.00520518 0.99990458 -0.00130939 -0.00845750 0.01084340
1778570960.673939 0.00465053 0.00415696 -0.00507569 0.99990294 -0.00121251 -0.00847637 0.01099094
1778570960.740654 0.00478065 0.00416439 -0.00508782 0.99990393 -0.00123310 -0.00850725 0.01087394
1778570960.807369 0.00503454 0.00438999 -0.00526426 0.99990479 -0.00131646 -0.00844121 0.01083587
1778570960.874083 0.00469620 0.00420650 -0.00499197 0.99990223 -0.00122896 -0.00851897 0.01102054
1778570960.940797 0.00475183 0.00411649 -0.00508470 0.99990370 -0.00121111 -0.00851421 0.01089213
1778570961.007513 0.00500438 0.00442155 -0.00532937 0.99990505 -0.00132461 -0.00842212 0.01082614
1778570961.074227 0.00466581 0.00425304 -0.00510098 0.99990303 -0.00124082 -0.00846952 0.01098445
1778570961.140942 0.00469465 0.00419713 -0.00514571 0.99990289 -0.00123832 -0.00848138 0.01098836
1778570961.207658 0.00487420 0.00440294 -0.00513169 0.99990372 -0.00132514 -0.00852050 0.01087142
1778570961.274373 0.00439857 0.00398333 -0.00524340 0.99990288 -0.00115728 -0.00841661 0.01104789
1778570961.341089 0.00467967 0.00416943 -0.00521550 0.99990479 -0.00121302 -0.00844450 0.01084527
1778570961.407804 0.00512598 0.00437482 -0.00538960 0.99990532 -0.00131730 -0.00839038 0.01082644
1778570961.474520 0.00478175 0.00427114 -0.00520246 0.99990332 -0.00125206 -0.00842364 0.01099202
1778570961.541235 0.00482621 0.00422443 -0.00529289 0.99990355 -0.00125180 -0.00840412 0.01098649
1778570961.607951 0.00509971 0.00438615 -0.00535568 0.99990491 -0.00132297 -0.00841580 0.01084453
1778570961.674666 0.00469415 0.00425693 -0.00514020 0.99990332 -0.00124634 -0.00844895 0.01097316
1778570961.741382 0.00456786 0.00393638 -0.00524515 0.99990255 -0.00116058 -0.00842289 0.01107215
1778570961.808097 0.00488189 0.00412198 -0.00526123 0.99990376 -0.00124867 -0.00844562 0.01093585
1778570961.874812 0.00454025 0.00404834 -0.00529352 0.99990304 -0.00118711 -0.00838896 0.01105086
1778570961.941528 0.00454030 0.00388541 -0.00515821 0.99990172 -0.00114571 -0.00845665 0.01112323
1778570962.008243 0.00506391 0.00431716 -0.00534783 0.99990431 -0.00130690 -0.00841084 0.01090511
1778570962.074958 0.00484111 0.00431346 -0.00531048 0.99990382 -0.00126536 -0.00838209 0.01097705
1778570962.141675 0.00484741 0.00417710 -0.00533867 0.99990337 -0.00123114 -0.00837648 0.01102592
1778570962.208390 0.00526262 0.00442874 -0.00552108 0.99990529 -0.00134442 -0.00834282 0.01086319
1778570962.275103 0.00499764 0.00443529 -0.00535002 0.99990368 -0.00132319 -0.00837031 0.01099214
1778570962.341818 0.00479163 0.00415658 -0.00521473 0.99990265 -0.00122125 -0.00842790 0.01105327
1778570962.408534 0.00509067 0.00435374 -0.00547932 0.99990520 -0.00131439 -0.00836545 0.01085715
1778570962.475248 0.00493942 0.00436419 -0.00542980 0.99990464 -0.00128816 -0.00833004 0.01093910
1778570962.541964 0.00458307 0.00411093 -0.00508340 0.99990248 -0.00119321 -0.00848860 0.01102544
1778570962.608678 0.00479040 0.00405952 -0.00520240 0.99990331 -0.00122457 -0.00847142 0.01095956
1778570962.675394 0.00489083 0.00425535 -0.00532445 0.99990405 -0.00125608 -0.00836793 0.01096761
1778570962.742109 0.00449655 0.00408304 -0.00519380 0.99990293 -0.00117328 -0.00843558 0.01102700
1778570962.808824 0.00487062 0.00415627 -0.00527315 0.99990482 -0.00123348 -0.00843716 0.01084640
1778570962.875538 0.00477967 0.00423842 -0.00524939 0.99990348 -0.00124219 -0.00841592 0.01098421
1778570962.942253 0.00450219 0.00404316 -0.00512671 0.99990296 -0.00116140 -0.00846304 0.01100463
1778570963.008968 0.00494981 0.00416740 -0.00536199 0.99990507 -0.00123513 -0.00840607 0.01084724
1778570963.075683 0.00492723 0.00428172 -0.00543338 0.99990487 -0.00125847 -0.00834288 0.01091184
1778570963.142396 0.00465974 0.00429339 -0.00568904 0.99990434 -0.00126443 -0.00827192 0.01101338
1778570963.209112 0.00475568 0.00431936 -0.00566217 0.99990628 -0.00129691 -0.00835895 0.01076443
1778570963.275827 0.00487251 0.00443524 -0.00577253 0.99990567 -0.00133287 -0.00829254 0.01086758
1778570963.342541 0.00459925 0.00423354 -0.00567856 0.99990540 -0.00124588 -0.00833581 0.01086951
1778570963.409256 0.00497825 0.00435324 -0.00585051 0.99990781 -0.00131595 -0.00830936 0.01065777
1778570963.475969 0.00495620 0.00443711 -0.00580315 0.99990779 -0.00132989 -0.00832099 0.01064874
1778570963.542685 0.00472362 0.00426836 -0.00575431 0.99990648 -0.00126582 -0.00831216 0.01078560
1778570963.609399 0.00482169 0.00433659 -0.00566867 0.99990777 -0.00130519 -0.00840849 0.01058527
1778570963.676113 0.00505607 0.00447679 -0.00587672 0.99990919 -0.00135602 -0.00829410 0.01053464
1778570963.742827 0.00477635 0.00432558 -0.00582924 0.99990739 -0.00128210 -0.00829289 0.01071448
1778570963.809542 0.00496614 0.00435622 -0.00582030 0.99990849 -0.00131468 -0.00833887 0.01057061
1778570963.876257 0.00518809 0.00455021 -0.00592749 0.99990930 -0.00139113 -0.00828298 0.01052887
1778570963.942971 0.00480294 0.00432327 -0.00564328 0.99990687 -0.00129048 -0.00837860 0.01069495
1778570964.009685 0.00492009 0.00419306 -0.00572101 0.99990760 -0.00128662 -0.00837416 0.01063060
1778570964.076399 0.00502996 0.00436788 -0.00590525 0.99990876 -0.00134555 -0.00830014 0.01057185
1778570964.143115 0.00486713 0.00431776 -0.00571672 0.99990748 -0.00129735 -0.00833047 0.01067513
1778570964.209830 0.00493829 0.00432317 -0.00577965 0.99990888 -0.00130824 -0.00835708 0.01052038
1778570964.276546 0.00514343 0.00452784 -0.00591692 0.99991000 -0.00138133 -0.00829925 0.01045061
1778570964.343261 0.00481064 0.00437111 -0.00572788 0.99990777 -0.00130495 -0.00835179 0.01062954
1778570964.409975 0.00472093 0.00425841 -0.00557151 0.99990844 -0.00127638 -0.00845768 0.01048608
1778570964.476692 0.00500306 0.00446635 -0.00588221 0.99991016 -0.00135631 -0.00832852 0.01041452
1778570964.543407 0.00474293 0.00441066 -0.00578129 0.99990872 -0.00131009 -0.00833342 0.01055437
1778570964.610122 0.00484119 0.00438222 -0.00581186 0.99990990 -0.00132058 -0.00834632 0.01043025
1778570964.676838 0.00520881 0.00456496 -0.00599056 0.99991094 -0.00139895 -0.00827690 0.01037553
1778570964.743552 0.00482855 0.00443569 -0.00579678 0.99990891 -0.00132619 -0.00831654 0.01054776
1778570964.810269 0.00504895 0.00440369 -0.00593180 0.99990887 -0.00134978 -0.00828361 0.01057434
1778570964.876984 0.00538815 0.00469353 -0.00602621 0.99991058 -0.00145497 -0.00827190 0.01040651
1778570964.943698 0.00505014 0.00451557 -0.00586196 0.99990907 -0.00136804 -0.00828553 0.01055104
1778570965.010415 0.00499793 0.00445644 -0.00598052 0.99990939 -0.00135892 -0.00826858 0.01053499
1778570965.077130 0.00514391 0.00461492 -0.00588233 0.99991033 -0.00141574 -0.00834630 0.01037621
1778570965.143846 0.00495777 0.00444465 -0.00587142 0.99990913 -0.00133959 -0.00828269 0.01055149
1778570965.210560 0.00496465 0.00437660 -0.00592563 0.99990898 -0.00132686 -0.00828391 0.01056620
1778570965.277275 0.00516304 0.00461854 -0.00591777 0.99991011 -0.00142196 -0.00832448 0.01041437
1778570965.343990 0.00480288 0.00436887 -0.00597664 0.99990850 -0.00132395 -0.00825260 0.01063626
1778570965.410705 0.00498992 0.00441275 -0.00597544 0.99990912 -0.00134180 -0.00824605 0.01058054
1778570965.477420 0.00550909 0.00482080 -0.00625171 0.99991110 -0.00149346 -0.00817469 0.01042776
1778570965.544135 0.00529565 0.00487689 -0.00606016 0.99990963 -0.00147843 -0.00819873 0.01055085
1778570965.610848 0.00483312 0.00449657 -0.00593126 0.99990890 -0.00135384 -0.00828496 0.01057000
1778570965.677563 0.00520012 0.00464968 -0.00605774 0.99991046 -0.00143041 -0.00825970 0.01043132
1778570965.744279 0.00507363 0.00463527 -0.00594470 0.99990892 -0.00139938 -0.00825580 0.01058474
1778570965.810994 0.00465427 0.00434558 -0.00573769 0.99990801 -0.00128917 -0.00835638 0.01060528
1778570965.877708 0.00493388 0.00440074 -0.00597323 0.99990952 -0.00135372 -0.00829735 0.01050096
1778570965.944424 0.00479999 0.00449935 -0.00584639 0.99990869 -0.00134604 -0.00830089 0.01057793
1778570966.011138 0.00468773 0.00434637 -0.00587700 0.99990827 -0.00128957 -0.00829230 0.01063120
1778570966.077853 0.00496904 0.00453842 -0.00605385 0.99991030 -0.00137674 -0.00826505 0.01044901
1778570966.144567 0.00489052 0.00462307 -0.00602455 0.99990943 -0.00138280 -0.00823025 0.01055820
1778570966.211282 0.00457447 0.00440789 -0.00588590 0.99990848 -0.00129362 -0.00830019 0.01060482
1778570966.277997 0.00489005 0.00452117 -0.00605567 0.99991028 -0.00135970 -0.00827316 0.01044693
1778570966.344712 0.00482548 0.00461994 -0.00607299 0.99990982 -0.00136915 -0.00821719 0.01053370
1778570966.411427 0.00451226 0.00441968 -0.00586865 0.99990855 -0.00128861 -0.00831473 0.01058743
1778570966.478141 0.00479818 0.00443154 -0.00599200 0.99990946 -0.00133497 -0.00829098 0.01051421
1778570966.544855 0.00468924 0.00445645 -0.00590717 0.99991022 -0.00130774 -0.00828812 0.01044723
1778570966.611569 0.00441776 0.00430074 -0.00579362 0.99990862 -0.00124912 -0.00832514 0.01057737
1778570966.678285 0.00478545 0.00429773 -0.00588933 0.99990916 -0.00129863 -0.00831522 0.01052777
1778570966.744999 0.00472051 0.00441186 -0.00601603 0.99990912 -0.00132883 -0.00823173 0.01059344
1778570966.811714 0.00460878 0.00418833 -0.00594425 0.99990754 -0.00124572 -0.00825220 0.01073583
1778570966.878429 0.00483133 0.00434531 -0.00594523 0.99990991 -0.00132633 -0.00828067 0.01048020
1778570966.945143 0.00461475 0.00438260 -0.00599863 0.99991020 -0.00129489 -0.00825771 0.01047454
1778570967.011858 0.00461208 0.00423989 -0.00592058 0.99990871 -0.00123363 -0.00825779 0.01062395
1778570967.078573 0.00471016 0.00443499 -0.00592573 0.99990990 -0.00131622 -0.00832626 0.01044672
1778570967.145287 0.00492947 0.00451974 -0.00607917 0.99991075 -0.00133754 -0.00822316 0.01044462
1778570967.212002 0.00452997 0.00443647 -0.00589372 0.99990891 -0.00128989 -0.00829110 0.01057220
1778570967.278717 0.00475361 0.00437788 -0.00596470 0.99990922 -0.00131613 -0.00829838 0.01053388
1778570967.345432 0.00473554 0.00439400 -0.00602178 0.99991004 -0.00131169 -0.00826260 0.01048432
1778570967.412147 0.00450032 0.00416209 -0.00596428 0.99990854 -0.00122951 -0.00824862 0.01064678
1778570967.478861 0.00478129 0.00416723 -0.00586587 0.99990929 -0.00126011 -0.00831450 0.01052060
1778570967.545576 0.00483962 0.00428448 -0.00594560 0.99991030 -0.00130119 -0.00827070 0.01045399
1778570967.612291 0.00467030 0.00412613 -0.00572682 0.99990839 -0.00122125 -0.00832186 0.01060495
1778570967.679006 0.00468600 0.00411037 -0.00566433 0.99990926 -0.00123332 -0.00840473 0.01045500
1778570967.745720 0.00490151 0.00424860 -0.00591671 0.99991017 -0.00129000 -0.00829485 0.01044898
1778570967.812435 0.00463834 0.00414013 -0.00594881 0.99990857 -0.00123241 -0.00825212 0.01064075
1778570967.879150 0.00482151 0.00415337 -0.00584258 0.99990908 -0.00125719 -0.00832476 0.01053291
1778570967.945864 0.00500397 0.00439012 -0.00600230 0.99991021 -0.00133352 -0.00826388 0.01046447
1778570968.012580 0.00459565 0.00425930 -0.00601930 0.99990874 -0.00126062 -0.00823931 0.01063143
1778570968.079294 0.00476547 0.00419101 -0.00586686 0.99990898 -0.00126144 -0.00831917 0.01054619
1778570968.146009 0.00501667 0.00437962 -0.00603617 0.99991028 -0.00133024 -0.00826390 0.01045777
1778570968.212724 0.00474927 0.00427066 -0.00603201 0.99990868 -0.00127215 -0.00822671 0.01064603
1778570968.279438 0.00484010 0.00430225 -0.00597642 0.99990975 -0.00130044 -0.00826770 0.01050916
1778570968.346153 0.00503710 0.00446623 -0.00611002 0.99991088 -0.00135938 -0.00824144 0.01041479
1778570968.412868 0.00470397 0.00433856 -0.00606307 0.99990918 -0.00129041 -0.00821627 0.01060452
1778570968.479581 0.00485155 0.00423376 -0.00591385 0.99990929 -0.00127219 -0.00829358 0.01053585
1778570968.546297 0.00517164 0.00441730 -0.00613951 0.99991102 -0.00136046 -0.00822267 0.01041605
1778570968.613011 0.00482195 0.00430771 -0.00607196 0.99990944 -0.00128782 -0.00820131 0.01059188
1778570968.679726 0.00496097 0.00423922 -0.00604697 0.99990882 -0.00129658 -0.00821950 0.01063579
1778570968.746440 0.00542461 0.00451175 -0.00623160 0.99991076 -0.00140138 -0.00816106 0.01048350
1778570968.813154 0.00491060 0.00436221 -0.00613298 0.99990922 -0.00131543 -0.00818309 0.01062318
1778570968.879870 0.00496554 0.00431870 -0.00607307 0.99990867 -0.00131963 -0.00820877 0.01065510
1778570968.946584 0.00527315 0.00452529 -0.00616499 0.99991040 -0.00139779 -0.00820788 0.01048191
1778570969.013299 0.00494924 0.00442059 -0.00615535 0.99990934 -0.00133707 -0.00816187 0.01062626
1778570969.080012 0.00487757 0.00430233 -0.00612711 0.99990973 -0.00128670 -0.00818644 0.01057589
1778570969.146727 0.00514424 0.00450155 -0.00616754 0.99991109 -0.00137168 -0.00822017 0.01040988
1778570969.213443 0.00507643 0.00434818 -0.00612988 0.99991007 -0.00130242 -0.00815356 0.01056811
1778570969.280158 0.00477704 0.00425610 -0.00595175 0.99990873 -0.00126963 -0.00827561 0.01060365
1778570969.346873 0.00519338 0.00441417 -0.00614792 0.99991053 -0.00136037 -0.00822776 0.01045861
1778570969.413586 0.00494126 0.00439777 -0.00619153 0.99990971 -0.00133348 -0.00815963 0.01059342
1778570969.480301 0.00497701 0.00422757 -0.00607459 0.99990827 -0.00128517 -0.00819479 0.01070770
1778570969.547017 0.00528755 0.00440274 -0.00613113 0.99991012 -0.00136645 -0.00821239 0.01050914
1778570969.613732 0.00493218 0.00431724 -0.00608436 0.99990885 -0.00130819 -0.00819946 0.01064632
1778570969.680447 0.00483358 0.00420628 -0.00601804 0.99990824 -0.00127077 -0.00821657 0.01069486
1778570969.747161 0.00528323 0.00442519 -0.00611240 0.99991014 -0.00136873 -0.00821304 0.01050675
1778570969.813875 0.00491988 0.00439688 -0.00615483 0.99990935 -0.00133485 -0.00816881 0.01062001
1778570969.880592 0.00479312 0.00411394 -0.00594427 0.99990865 -0.00122145 -0.00824171 0.01064314
1778570969.947306 0.00483893 0.00424526 -0.00596380 0.99991079 -0.00127357 -0.00831450 0.01037549
1778570970.014021 0.00480767 0.00428859 -0.00599258 0.99990979 -0.00127124 -0.00824155 0.01052964
1778570970.080736 0.00455840 0.00414991 -0.00582409 0.99990838 -0.00121737 -0.00832343 0.01060493
1778570970.147451 0.00491838 0.00425378 -0.00606508 0.99991095 -0.00127173 -0.00826051 0.01040416
1778570970.214165 0.00487417 0.00438897 -0.00609764 0.99991037 -0.00131125 -0.00820786 0.01049571
1778570970.280879 0.00466794 0.00420415 -0.00593282 0.99990878 -0.00123965 -0.00826802 0.01060828
1778570970.347594 0.00469447 0.00422475 -0.00586071 0.99991020 -0.00125954 -0.00835075 0.01040538
1778570970.414309 0.00482512 0.00429666 -0.00608637 0.99990947 -0.00130474 -0.00820918 0.01058153
1778570970.481022 0.00455256 0.00412301 -0.00600805 0.99990818 -0.00122109 -0.00824176 0.01068669
1778570970.547738 0.00484941 0.00418637 -0.00593918 0.99990985 -0.00126969 -0.00829183 0.01048438
1778570970.614453 0.00473698 0.00422901 -0.00598697 0.99991035 -0.00126697 -0.00824963 0.01047082
1778570970.681166 0.00453128 0.00405416 -0.00578767 0.99990875 -0.00118676 -0.00829761 0.01059369
1778570970.747881 0.00464522 0.00418800 -0.00584514 0.99991070 -0.00125189 -0.00833669 0.01036967
1778570970.814596 0.00482239 0.00424994 -0.00602843 0.99991025 -0.00126731 -0.00821939 0.01050360
1778570970.881311 0.00455107 0.00415913 -0.00587920 0.99990907 -0.00122264 -0.00828447 0.01057005
1778570970.948025 0.00457512 0.00414494 -0.00576236 0.99991014 -0.00122968 -0.00837886 0.01039250
1778570971.014739 0.00466784 0.00421956 -0.00597090 0.99991062 -0.00125177 -0.00827235 0.01042884
1778570971.081454 0.00448301 0.00409387 -0.00597764 0.99990892 -0.00120367 -0.00823686 0.01062385
1778570971.148169 0.00477753 0.00421168 -0.00594761 0.99990983 -0.00126865 -0.00828062 0.01049535
1778570971.214885 0.00477820 0.00431910 -0.00606829 0.99991101 -0.00129348 -0.00822607 0.01042293
1778570971.281600 0.00457744 0.00418061 -0.00604084 0.99990913 -0.00123780 -0.00820184 0.01062677
1778570971.348316 0.00475714 0.00418446 -0.00594789 0.99990989 -0.00125394 -0.00826727 0.01050226
1778570971.415031 0.00476032 0.00429490 -0.00604865 0.99991096 -0.00128666 -0.00823658 0.01042010
1778570971.481748 0.00451472 0.00415608 -0.00603715 0.99990921 -0.00122481 -0.00821046 0.01061441
1778570971.548464 0.00472883 0.00417730 -0.00595826 0.99991027 -0.00125290 -0.00825837 0.01047244
1778570971.615179 0.00499590 0.00438641 -0.00616646 0.99991207 -0.00133707 -0.00818410 0.01034805
1778570971.681895 0.00459798 0.00418974 -0.00610260 0.99990942 -0.00123833 -0.00818437 0.01061267
1778570971.748611 0.00482551 0.00422435 -0.00604354 0.99990913 -0.00128368 -0.00821031 0.01061472
1778570971.815326 0.00492961 0.00439152 -0.00612088 0.99991089 -0.00133633 -0.00821431 0.01043772
1778570971.882043 0.00463163 0.00425084 -0.00608036 0.99990954 -0.00126375 -0.00818209 0.01060005
1778570971.948759 0.00465265 0.00423733 -0.00601732 0.99991021 -0.00126369 -0.00823555 0.01049483
1778570972.015474 0.00483520 0.00442383 -0.00616635 0.99991155 -0.00132559 -0.00820548 0.01038318
1778570972.082191 0.00459578 0.00430998 -0.00614508 0.99990967 -0.00127278 -0.00816425 0.01060075
1778570972.148906 0.00465079 0.00423253 -0.00604007 0.99990856 -0.00126447 -0.00821826 0.01066439
1778570972.215621 0.00493172 0.00439358 -0.00612147 0.99991060 -0.00133699 -0.00821572 0.01046440
1778570972.282336 0.00461578 0.00429083 -0.00607678 0.99990907 -0.00127235 -0.00819340 0.01063518
1778570972.349051 0.00464512 0.00419939 -0.00604996 0.99990850 -0.00126336 -0.00820918 0.01067689
1778570972.415765 0.00495257 0.00438091 -0.00614434 0.99991053 -0.00133713 -0.00820808 0.01047685
1778570972.482480 0.00463666 0.00427040 -0.00612763 0.99990949 -0.00126945 -0.00816615 0.01061681
1778570972.549195 0.00457962 0.00412127 -0.00600485 0.99990825 -0.00123026 -0.00822271 0.01069429
1778570972.615910 0.00482012 0.00431221 -0.00607519 0.99991037 -0.00130774 -0.00823617 0.01047417
1778570972.682625 0.00461119 0.00431152 -0.00595117 0.99990959 -0.00127075 -0.00823045 0.01055735
1778570972.749340 0.00445475 0.00414842 -0.00585075 0.99990854 -0.00121064 -0.00828836 0.01061793
1778570972.816055 0.00462885 0.00425472 -0.00593287 0.99991072 -0.00126363 -0.00830640 0.01039024
1778570972.882770 0.00465045 0.00430662 -0.00602595 0.99991008 -0.00126872 -0.00819730 0.01053736
1778570972.949483 0.00449612 0.00415563 -0.00590932 0.99990877 -0.00121185 -0.00826758 0.01061275
1778570973.016199 0.00458775 0.00420027 -0.00589762 0.99991042 -0.00125082 -0.00832700 0.01040409
1778570973.082914 0.00463186 0.00425897 -0.00598941 0.99991000 -0.00125849 -0.00821756 0.01052950
1778570973.149629 0.00439799 0.00417153 -0.00586124 0.99990888 -0.00122094 -0.00828589 0.01058690
1778570973.216345 0.00479438 0.00417215 -0.00602549 0.99991017 -0.00127018 -0.00824202 0.01049306
1778570973.283060 0.00466048 0.00424616 -0.00612877 0.99990969 -0.00127687 -0.00816754 0.01059546
1778570973.349774 0.00450319 0.00408092 -0.00591084 0.99990856 -0.00119604 -0.00823719 0.01065773
1778570973.416490 0.00470317 0.00415383 -0.00590326 0.99991012 -0.00124395 -0.00830515 0.01045091
1778570973.483205 0.00462306 0.00416511 -0.00601558 0.99991063 -0.00123520 -0.00821949 0.01047144
1778570973.549920 0.00451258 0.00402294 -0.00582927 0.99990872 -0.00117447 -0.00826735 0.01062204
1778570973.616635 0.00465179 0.00408599 -0.00586626 0.99991020 -0.00122073 -0.00832213 0.01043238
1778570973.683351 0.00492165 0.00418944 -0.00606560 0.99990978 -0.00126630 -0.00819103 0.01057004
1778570973.750066 0.00453637 0.00409545 -0.00586827 0.99990868 -0.00120864 -0.00827919 0.01061222
1778570973.816781 0.00487460 0.00407609 -0.00597711 0.99990991 -0.00124065 -0.00825893 0.01050784
1778570973.883496 0.00478562 0.00423274 -0.00612782 0.99991139 -0.00127237 -0.00819240 0.01041568
1778570973.950211 0.00451131 0.00402894 -0.00604905 0.99990882 -0.00118487 -0.00820313 0.01066069
1778570974.016926 0.00474819 0.00403105 -0.00596079 0.99990985 -0.00121759 -0.00827407 0.01050474
1778570974.083641 0.00486884 0.00419520 -0.00610006 0.99991130 -0.00124969 -0.00820304 0.01041843
1778570974.150357 0.00443799 0.00410694 -0.00585137 0.99990928 -0.00119534 -0.00828373 0.01055424
1778570974.217073 0.00469915 0.00409080 -0.00606240 0.99991111 -0.00120911 -0.00823351 0.01041688
1778570974.283790 0.00475553 0.00423265 -0.00599698 0.99991128 -0.00125843 -0.00827251 0.01036452
1778570974.350507 0.00453192 0.00409424 -0.00591104 0.99990934 -0.00119542 -0.00825273 0.01057276
1778570974.417223 0.00456573 0.00405741 -0.00584459 0.99991023 -0.00119802 -0.00833833 0.01041963
1778570974.483941 0.00494165 0.00419781 -0.00614195 0.99991110 -0.00127363 -0.00819956 0.01043727
1778570974.550658 0.00463524 0.00414271 -0.00611249 0.99990927 -0.00123307 -0.00816634 0.01064173
1778570974.617374 0.00477985 0.00406515 -0.00607165 0.99990860 -0.00123304 -0.00820406 0.01067515
1778570974.684092 0.00489969 0.00424112 -0.00613734 0.99991075 -0.00128769 -0.00819814 0.01047053
1778570974.750809 0.00464402 0.00412045 -0.00610234 0.99990906 -0.00122618 -0.00816489 0.01066276
1778570974.817526 0.00465305 0.00410450 -0.00595535 0.99991043 -0.00121611 -0.00821998 0.01049208
1778570974.884243 0.00473417 0.00424058 -0.00599305 0.99991159 -0.00126341 -0.00825028 0.01035129
1778570974.950960 0.00456445 0.00411235 -0.00607540 0.99990940 -0.00121950 -0.00816614 0.01063112
1778570975.017676 0.00463630 0.00405302 -0.00608905 0.99990877 -0.00121963 -0.00818434 0.01067579
1778570975.084393 0.00486006 0.00413803 -0.00607441 0.99991025 -0.00126447 -0.00821632 0.01050614
1778570975.151110 0.00457279 0.00407623 -0.00606532 0.99990888 -0.00121016 -0.00817641 0.01067325
1778570975.217823 0.00459260 0.00410396 -0.00596634 0.99990901 -0.00121212 -0.00821790 0.01062864
1778570975.284539 0.00493131 0.00423711 -0.00618622 0.99991141 -0.00127621 -0.00818150 0.01042116
1778570975.351254 0.00470605 0.00420765 -0.00602300 0.99990955 -0.00124215 -0.00819026 0.01059583
1778570975.417968 0.00441274 0.00409589 -0.00585949 0.99990872 -0.00120018 -0.00827637 0.01061236
1778570975.484683 0.00476772 0.00413895 -0.00606422 0.99991019 -0.00125387 -0.00822623 0.01050559
1778570975.551398 0.00462155 0.00419064 -0.00600165 0.99990974 -0.00123944 -0.00819902 0.01057083
1778570975.618112 0.00440226 0.00406985 -0.00584755 0.99990852 -0.00119006 -0.00827939 0.01062935
1778570975.684826 0.00495198 0.00416598 -0.00619300 0.99991103 -0.00125698 -0.00815898 0.01047795
1778570975.751541 0.00468427 0.00430705 -0.00610954 0.99991018 -0.00127565 -0.00817323 0.01054566
1778570975.818256 0.00434126 0.00407106 -0.00583046 0.99990823 -0.00118682 -0.00830101 0.01064042
1778570975.884970 0.00460045 0.00394367 -0.00593252 0.99990946 -0.00118446 -0.00829460 0.01052983
1778570975.951685 0.00467023 0.00416082 -0.00599616 0.99990978 -0.00124013 -0.00822316 0.01054904
1778570976.018399 0.00442443 0.00405575 -0.00584922 0.99990837 -0.00118917 -0.00829021 0.01063527
1778570976.085114 0.00480892 0.00415024 -0.00606363 0.99991085 -0.00126068 -0.00825282 0.01042051
1778570976.151829 0.00480936 0.00426454 -0.00616233 0.99991042 -0.00127557 -0.00816818 0.01052651
1778570976.218543 0.00447966 0.00406276 -0.00586374 0.99990832 -0.00119423 -0.00829316 0.01063683
1778570976.285258 0.00474906 0.00396536 -0.00600498 0.99990963 -0.00120318 -0.00827060 0.01052993
1778570976.351971 0.00473919 0.00413502 -0.00614633 0.99991105 -0.00124937 -0.00818827 0.01045405
1778570976.418687 0.00447809 0.00397484 -0.00610468 0.99990882 -0.00117232 -0.00817629 0.01068280
1778570976.485402 0.00472215 0.00404997 -0.00603781 0.99991038 -0.00120959 -0.00825331 0.01047104
1778570976.552116 0.00472132 0.00414231 -0.00599490 0.99991092 -0.00123735 -0.00826872 0.01040463
1778570976.618831 0.00455789 0.00399402 -0.00608008 0.99990869 -0.00118790 -0.00818673 0.01068585
1778570976.685545 0.00470681 0.00398064 -0.00603844 0.99990971 -0.00119995 -0.00824538 0.01054282
1778570976.752260 0.00486754 0.00418432 -0.00623113 0.99991158 -0.00127679 -0.00816933 0.01041417
1778570976.818974 0.00457640 0.00405461 -0.00618123 0.99990916 -0.00120446 -0.00814962 0.01066758
1778570976.885689 0.00476918 0.00404059 -0.00604541 0.99990997 -0.00121191 -0.00823816 0.01052248
1778570976.952404 0.00490272 0.00419076 -0.00614974 0.99991133 -0.00127144 -0.00820896 0.01040776
1778570977.019119 0.00462397 0.00411837 -0.00619824 0.99990949 -0.00122857 -0.00814813 0.01063566
1778570977.085833 0.00477298 0.00403463 -0.00617429 0.99991048 -0.00122354 -0.00818707 0.01051199
1778570977.152548 0.00499009 0.00425455 -0.00637355 0.99991196 -0.00129689 -0.00813048 0.01040598
1778570977.219266 0.00473270 0.00421907 -0.00632084 0.99990978 -0.00126469 -0.00810027 0.01063997
1778570977.285983 0.00480551 0.00414712 -0.00628860 0.99990938 -0.00126073 -0.00812298 0.01066106
1778570977.352700 0.00506517 0.00426892 -0.00637820 0.99991109 -0.00131190 -0.00811719 0.01049740
1778570977.419416 0.00470431 0.00418486 -0.00629357 0.99990937 -0.00125723 -0.00810899 0.01067293
1778570977.486134 0.00466257 0.00408093 -0.00624133 0.99990927 -0.00122530 -0.00813005 0.01067001
1778570977.552851 0.00490355 0.00423882 -0.00636511 0.99991130 -0.00128825 -0.00813419 0.01046736
1778570977.619568 0.00463128 0.00418937 -0.00627793 0.99990957 -0.00124605 -0.00812084 0.01064657
1778570977.686285 0.00455152 0.00409973 -0.00622132 0.99990981 -0.00119879 -0.00814394 0.01061228
1778570977.753001 0.00470963 0.00421891 -0.00631887 0.99991229 -0.00125596 -0.00817719 0.01034264
1778570977.819720 0.00462124 0.00421375 -0.00633419 0.99991010 -0.00124588 -0.00810735 0.01060727
1778570977.886436 0.00455142 0.00409786 -0.00628100 0.99990915 -0.00121408 -0.00812181 0.01068854
1778570977.953154 0.00482148 0.00417771 -0.00632886 0.99991113 -0.00125824 -0.00815295 0.01047279
1778570978.019871 0.00456481 0.00417871 -0.00634393 0.99990993 -0.00123015 -0.00810251 0.01062897
1778570978.086588 0.00442981 0.00401843 -0.00621670 0.99990849 -0.00118066 -0.00814748 0.01073520
1778570978.153303 0.00473245 0.00409650 -0.00622173 0.99991049 -0.00123065 -0.00818505 0.01051174
1778570978.220020 0.00460941 0.00421617 -0.00635310 0.99991014 -0.00125159 -0.00809708 0.01061042
1778570978.286735 0.00444725 0.00405613 -0.00609040 0.99990865 -0.00118444 -0.00818910 0.01068733
1778570978.353449 0.00463619 0.00409989 -0.00608523 0.99991059 -0.00122198 -0.00826090 0.01044430
1778570978.420165 0.00471756 0.00416285 -0.00621820 0.99990999 -0.00123776 -0.00814285 0.01059116
1778570978.486880 0.00453398 0.00405953 -0.00613244 0.99990890 -0.00118939 -0.00817281 0.01067656
1778570978.553595 0.00457557 0.00408942 -0.00606788 0.99991035 -0.00121593 -0.00826812 0.01046207
1778570978.620311 0.00460698 0.00413640 -0.00622140 0.99991108 -0.00123489 -0.00816616 0.01047036
1778570978.687026 0.00441153 0.00399103 -0.00619987 0.99990906 -0.00116846 -0.00814625 0.01068424
1778570978.753741 0.00467932 0.00398626 -0.00613877 0.99990969 -0.00120185 -0.00820779 0.01057358
1778570978.820455 0.00464912 0.00418383 -0.00626646 0.99991124 -0.00125370 -0.00814275 0.01047041
1778570978.887171 0.00443128 0.00404976 -0.00621438 0.99990871 -0.00119647 -0.00813585 0.01072133
1778570978.953887 0.00464153 0.00402806 -0.00617939 0.99991018 -0.00121922 -0.00818422 0.01054361
1778570979.020602 0.00460372 0.00415769 -0.00628332 0.99991135 -0.00124073 -0.00815034 0.01045567
1778570979.087316 0.00443635 0.00407820 -0.00626337 0.99990923 -0.00120244 -0.00811783 0.01068570
1778570979.154032 0.00454482 0.00408933 -0.00618272 0.99991069 -0.00120280 -0.00818712 0.01049428
1778570979.220746 0.00465523 0.00425363 -0.00627801 0.99991187 -0.00126572 -0.00816665 0.01039038
1778570979.287461 0.00448264 0.00416659 -0.00632153 0.99990965 -0.00123331 -0.00809616 0.01065987
1778570979.354175 0.00459656 0.00405428 -0.00623752 0.99991060 -0.00120835 -0.00815740 0.01052532
1778570979.420889 0.00472872 0.00421747 -0.00637697 0.99991184 -0.00126789 -0.00811862 0.01043044
1778570979.487604 0.00455902 0.00417700 -0.00622087 0.99990964 -0.00122577 -0.00812727 0.01063791
1778570979.554318 0.00443978 0.00421368 -0.00620022 0.99990985 -0.00124823 -0.00817653 0.01057706
1778570979.621032 0.00475358 0.00425750 -0.00643116 0.99991180 -0.00128798 -0.00811600 0.01043407
1778570979.687747 0.00446317 0.00418685 -0.00636831 0.99991034 -0.00123333 -0.00808179 0.01060586
1778570979.754461 0.00461952 0.00409980 -0.00627798 0.99990998 -0.00122400 -0.00812179 0.01060968
1778570979.821175 0.00479009 0.00426325 -0.00636346 0.99991193 -0.00128968 -0.00814349 0.01039935
1778570979.887890 0.00447092 0.00420330 -0.00636097 0.99991039 -0.00123694 -0.00808180 0.01060019
1778570979.954604 0.00447838 0.00405338 -0.00628220 0.99990876 -0.00120420 -0.00812546 0.01072374
1778570980.021318 0.00488392 0.00419041 -0.00642125 0.99991111 -0.00128434 -0.00810742 0.01050637
1778570980.088032 0.00464288 0.00420827 -0.00643629 0.99991026 -0.00125934 -0.00805192 0.01063234
1778570980.154747 0.00567007 0.00598548 -0.00688911 0.99991178 -0.00186077 -0.00792296 0.01049765
1778570980.221462 0.00673708 0.00765501 -0.00686756 0.99988485 -0.00240327 -0.00720395 0.01313840
1778570980.288177 0.00702763 0.00745770 -0.00747281 0.99988750 -0.00247492 -0.00707033 0.01299530
1778570980.354891 0.00690193 0.00786354 -0.00644011 0.99985840 -0.00238825 -0.00697881 0.01512507
1778570980.421606 0.00732939 0.00977936 -0.00594522 0.99986483 -0.00303763 -0.00789384 0.01409935
1778570980.488321 0.00833815 0.01067484 -0.00541184 0.99985616 -0.00328046 -0.00888139 0.01407223
1778570980.555036 0.00911400 0.01012357 -0.00609252 0.99986062 -0.00308397 -0.00878297 0.01385988
1778570980.621751 0.00870845 0.01058951 -0.00615362 0.99986607 -0.00326314 -0.00866351 0.01349559
1778570980.688466 0.00860791 0.01096827 -0.00562097 0.99986477 -0.00337582 -0.00894932 0.01337760
1778570980.755180 0.00842907 0.01008116 -0.00547249 0.99986883 -0.00304878 -0.00893878 0.01315764
1778570980.821895 0.00831457 0.01042651 -0.00566106 0.99986944 -0.00320088 -0.00893345 0.01307852
1778570980.888610 0.00866672 0.01102032 -0.00552548 0.99986911 -0.00337819 -0.00900818 0.01300784
1778570980.955325 0.00845230 0.01023554 -0.00542851 0.99987177 -0.00310451 -0.00898444 0.01288738
1778570981.022040 0.00829068 0.01030563 -0.00566387 0.99987309 -0.00313730 -0.00895921 0.01279424
1778570981.088754 0.00850772 0.01078958 -0.00583658 0.99987296 -0.00329787 -0.00895482 0.01276732
1778570981.155469 0.00838769 0.01017855 -0.00567861 0.99987381 -0.00309470 -0.00895278 0.01275245
1778570981.222184 0.00824033 0.01017400 -0.00566107 0.99987417 -0.00312656 -0.00898436 0.01269412
1778570981.288899 0.00834241 0.01074424 -0.00579695 0.99987297 -0.00330628 -0.00899793 0.01273346
1778570981.355614 0.00820529 0.01020013 -0.00561703 0.99987491 -0.00309490 -0.00899224 0.01263792
1778570981.422327 0.00813932 0.01017732 -0.00566362 0.99987470 -0.00312087 -0.00899352 0.01264767
1778570981.489043 0.00827176 0.01088105 -0.00585347 0.99987325 -0.00335356 -0.00900161 0.01269708
1778570981.555758 0.00814734 0.01018722 -0.00571608 0.99987550 -0.00309990 -0.00897501 0.01260220
1778570981.622473 0.00801201 0.00991255 -0.00565495 0.99987622 -0.00302141 -0.00898109 0.01256004
1778570981.689188 0.00809779 0.01074128 -0.00570504 0.99987468 -0.00329763 -0.00902006 0.01258504
1778570981.755903 0.00794391 0.01025561 -0.00549692 0.99987564 -0.00314161 -0.00904678 0.01252962
1778570981.822617 0.00783936 0.00990156 -0.00553426 0.99987722 -0.00301682 -0.00901600 0.01245633
1778570981.889331 0.00788178 0.01055571 -0.00564022 0.99987598 -0.00325383 -0.00904511 0.01247525
1778570981.956046 0.00791271 0.01012280 -0.00551042 0.99987696 -0.00309577 -0.00903041 0.01244704
1778570982.022762 0.00784746 0.00978277 -0.00549277 0.99987838 -0.00298532 -0.00900423 0.01237871
1778570982.089476 0.00775331 0.01048715 -0.00552497 0.99987491 -0.00325092 -0.00908505 0.01253204
1778570982.156191 0.00792194 0.01031315 -0.00537679 0.99987636 -0.00317726 -0.00911356 0.01241458
1778570982.222905 0.00790339 0.00978380 -0.00543343 0.99987848 -0.00300257 -0.00902677 0.01235031
1778570982.289621 0.00781564 0.01045367 -0.00552564 0.99987544 -0.00324726 -0.00908202 0.01249291
1778570982.356335 0.00789601 0.01021196 -0.00533007 0.99987765 -0.00316136 -0.00907414 0.01234327
1778570982.423050 0.00779512 0.00968914 -0.00529689 0.99987810 -0.00297693 -0.00911069 0.01232538
1778570982.489765 0.00772360 0.01025296 -0.00540886 0.99987651 -0.00316823 -0.00914487 0.01238159
1778570982.556480 0.00765305 0.01030434 -0.00538015 0.99987733 -0.00317552 -0.00915030 0.01230875
1778570982.623194 0.00764108 0.00953452 -0.00537121 0.99988052 -0.00289267 -0.00905741 0.01218770
1778570982.689909 0.00768748 0.00996057 -0.00545369 0.99987740 -0.00308612 -0.00912868 0.01234235
1778570982.756624 0.00764599 0.01012894 -0.00539626 0.99987742 -0.00311804 -0.00914816 0.01231804
1778570982.823339 0.00768671 0.00949496 -0.00547152 0.99988071 -0.00288775 -0.00905166 0.01217744
1778570982.890053 0.00782190 0.00997628 -0.00552268 0.99987689 -0.00307400 -0.00911858 0.01239363
1778570982.956767 0.00797291 0.01034753 -0.00541071 0.99987750 -0.00320571 -0.00914738 0.01228930
1778570983.023483 0.00794837 0.00959697 -0.00540341 0.99988218 -0.00289926 -0.00901530 0.01208103
1778570983.090198 0.00791103 0.00995682 -0.00550464 0.99987834 -0.00306137 -0.00912563 0.01227442
1778570983.156912 0.00793977 0.01037479 -0.00528381 0.99987830 -0.00319047 -0.00922551 0.01216945
1778570983.223627 0.00790859 0.00966056 -0.00533334 0.99988293 -0.00291891 -0.00908147 0.01196412
1778570983.290342 0.00790585 0.00976612 -0.00551009 0.99987961 -0.00294829 -0.00907607 0.01223551
1778570983.357056 0.00804145 0.01038596 -0.00524051 0.99987966 -0.00317952 -0.00914214 0.01212359
1778570983.423771 0.00788678 0.00979391 -0.00529431 0.99988170 -0.00296123 -0.00908759 0.01205157
1778570983.490485 0.00784478 0.00992024 -0.00529843 0.99987928 -0.00302333 -0.00917574 0.01216915
1778570983.557200 0.00799965 0.01043123 -0.00509749 0.99987900 -0.00318765 -0.00922090 0.01211609
1778570983.623915 0.00791194 0.00978990 -0.00520723 0.99988409 -0.00294671 -0.00904598 0.01188685
1778570983.690630 0.00789998 0.00981404 -0.00531192 0.99987886 -0.00298590 -0.00917217 0.01221597
1778570983.757343 0.00821340 0.01053018 -0.00519531 0.99987531 -0.00323692 -0.00930364 0.01234222
1778570983.824059 0.00809573 0.00991292 -0.00538029 0.99988407 -0.00301088 -0.00897698 0.01192461
1778570983.890774 0.00792044 0.00975999 -0.00543919 0.99987799 -0.00297225 -0.00917635 0.01228716
1778570983.957487 0.00800050 0.01048171 -0.00522012 0.99987834 -0.00322631 -0.00920383 0.01217280
1778570984.024203 0.00792564 0.00993825 -0.00530322 0.99988230 -0.00301426 -0.00910511 0.01197475
1778570984.090917 0.00778646 0.00973053 -0.00527865 0.99987989 -0.00295603 -0.00916143 0.01214646
1778570984.157633 0.00773832 0.01036729 -0.00508179 0.99987838 -0.00318985 -0.00919491 0.01218652
1778570984.224349 0.00767329 0.00987540 -0.00507933 0.99988129 -0.00299768 -0.00919977 0.01199128
1778570984.291065 0.00745052 0.00950315 -0.00515051 0.99987844 -0.00287695 -0.00918577 0.01226602
1778570984.357781 0.00724050 0.00989418 -0.00483331 0.99987825 -0.00307546 -0.00920705 0.01221708
1778570984.424496 0.00722005 0.00946210 -0.00497248 0.99988002 -0.00287094 -0.00931166 0.01204128
1778570984.491213 0.00729086 0.00938219 -0.00512158 0.99987866 -0.00286600 -0.00922641 0.01221955
1778570984.557929 0.00737469 0.01005908 -0.00499558 0.99987290 -0.00312111 -0.00928970 0.01257591
1778570984.624645 0.00754452 0.00989736 -0.00502320 0.99987487 -0.00303464 -0.00933648 0.01240438
1778570984.691361 0.00737698 0.00941007 -0.00522202 0.99987558 -0.00288022 -0.00921975 0.01247088
1778570984.758077 0.00734822 0.01001077 -0.00515911 0.99987501 -0.00310326 -0.00915779 0.01250852
1778570984.824794 0.00745213 0.01000292 -0.00493489 0.99987691 -0.00306784 -0.00925070 0.01229537
1778570984.891510 0.00740477 0.00943466 -0.00504465 0.99987719 -0.00287164 -0.00923965 0.01232840
1778570984.958226 0.00710624 0.00965083 -0.00519296 0.99986605 -0.00296091 -0.00936527 0.01309215
1778570985.024942 0.00721064 0.00988446 -0.00487969 0.99987096 -0.00302031 -0.00937458 0.01269116
1778570985.091658 0.00749380 0.00945233 -0.00500069 0.99987763 -0.00284743 -0.00917531 0.01234667
1778570985.158374 0.00746133 0.00966718 -0.00520058 0.99987151 -0.00295371 -0.00913456 0.01283756
1778570985.225088 0.00758911 0.01018076 -0.00493924 0.99986969 -0.00310574 -0.00932007 0.01280993
1778570985.291803 0.00751226 0.00946333 -0.00499506 0.99987615 -0.00285032 -0.00918938 0.01245439
1778570985.358517 0.00738509 0.00968932 -0.00518475 0.99986301 -0.00295457 -0.00937024 0.01332006
1778570985.425232 0.00743981 0.00993185 -0.00499069 0.99986534 -0.00301259 -0.00934658 0.01314755
1778570985.491946 0.00768087 0.00943508 -0.00509280 0.99987344 -0.00282504 -0.00911729 0.01272755
1778570985.558661 0.00763998 0.00959450 -0.00527928 0.99985898 -0.00290450 -0.00934219 0.01364950
1778570985.625376 0.00783808 0.01022700 -0.00506788 0.99985962 -0.00309810 -0.00931165 0.01358075
1778570985.692089 0.00782387 0.00959399 -0.00509772 0.99986723 -0.00287794 -0.00914102 0.01317892
1778570985.758805 0.00776250 0.00962501 -0.00531063 0.99984987 -0.00289711 -0.00945213 0.01423029
1778570985.825519 0.00791951 0.01029055 -0.00510179 0.99985933 -0.00310799 -0.00909752 0.01374395
1778570985.892234 0.00780061 0.00956958 -0.00503453 0.99986749 -0.00285155 -0.00898232 0.01327370
1778570985.958948 0.00760915 0.00952256 -0.00519838 0.99985479 -0.00285232 -0.00925353 0.01402284
1778570986.025663 0.00787161 0.01041071 -0.00514907 0.99984333 -0.00314795 -0.00955382 0.01456449
1778570986.092377 0.00784332 0.00977288 -0.00505426 0.99986138 -0.00291778 -0.00905491 0.01366446
1778570986.159091 0.00761969 0.00953020 -0.00520597 0.99984228 -0.00284497 -0.00943596 0.01477428
1778570986.225805 0.00765608 0.01023111 -0.00497898 0.99983947 -0.00307203 -0.00938200 0.01495257
1778570986.292520 0.00762179 0.00966542 -0.00493819 0.99984791 -0.00288364 -0.00935927 0.01443073
1778570986.359235 0.00764788 0.00950531 -0.00524709 0.99982302 -0.00281113 -0.00975808 0.01583681
1778570986.425949 0.00782483 0.01028842 -0.00524903 0.99981846 -0.00309320 -0.00955331 0.01619286
1778570986.492664 0.00782327 0.00972873 -0.00512305 0.99983239 -0.00288259 -0.00923578 0.01554275
1778570986.559377 0.00755688 0.00942569 -0.00504640 0.99981798 -0.00280538 -0.00948532 0.01631438
1778570986.626092 0.00736061 0.00981126 -0.00484289 0.99980340 -0.00295424 -0.00965651 0.01706390
1778570986.692807 0.00743130 0.00938907 -0.00485964 0.99981770 -0.00276396 -0.00950804 0.01632562
1778570986.759521 0.00747729 0.00931810 -0.00505304 0.99981054 -0.00276258 -0.00936047 0.01684140
1778570986.826235 0.00748465 0.00991697 -0.00492464 0.99978617 -0.00298458 -0.00976864 0.01797991
1778570986.892949 0.00757805 0.00973735 -0.00475743 0.99981642 -0.00290742 -0.00921339 0.01654630
1778570986.959664 0.00765693 0.00951258 -0.00491835 0.99980371 -0.00282921 -0.00939526 0.01721226
1778570987.026378 0.00756693 0.00994543 -0.00499451 0.99977736 -0.00300202 -0.00978088 0.01845423
1778570987.093091 0.00752445 0.00986559 -0.00475604 0.99980132 -0.00294925 -0.00942061 0.01731685
1778570987.159807 0.00758371 0.00963085 -0.00502353 0.99977044 -0.00283351 -0.00995380 0.01876054
1778570987.226522 0.00730866 0.00979505 -0.00500710 0.99975685 -0.00292996 -0.00979933 0.01953535
1778570987.293236 0.00735620 0.00976934 -0.00470307 0.99976823 -0.00289981 -0.00972429 0.01898712
1778570987.359951 0.00744358 0.00947055 -0.00479800 0.99976371 -0.00277358 -0.00981639 0.01919563
1778570987.426666 0.00712952 0.00947096 -0.00497794 0.99973655 -0.00280287 -0.00999978 0.02046876
1778570987.493381 0.00756475 0.00996850 -0.00473772 0.99976071 -0.00297417 -0.00962242 0.01941860
1778570987.560096 0.00764480 0.00953169 -0.00491949 0.99976409 -0.00278494 -0.00960426 0.01928149
1778570987.626811 0.00721686 0.00939631 -0.00507186 0.99972617 -0.00277227 -0.01011062 0.02092062
1778570987.693525 0.00737185 0.00987379 -0.00469362 0.99976330 -0.00294038 -0.00948089 0.01935984
1778570987.760240 0.00742315 0.00935744 -0.00485017 0.99976464 -0.00270652 -0.00968031 0.01922586
1778570987.826954 0.00711232 0.00922144 -0.00503748 0.99972850 -0.00269510 -0.01011598 0.02081641
1778570987.893669 0.00753588 0.00982611 -0.00458962 0.99974379 -0.00289570 -0.00994051 0.02012867
1778570987.960384 0.00808971 0.00965575 -0.00486941 0.99974405 -0.00279617 -0.01009347 0.02005335
1778570988.027099 0.00761101 0.00948584 -0.00522448 0.99970188 -0.00276991 -0.01056704 0.02183634
1778570988.093813 0.00747391 0.00971369 -0.00463638 0.99972210 -0.00284748 -0.01040425 0.02096090
1778570988.160529 0.00785998 0.00940762 -0.00478244 0.99973623 -0.00270323 -0.01021475 0.02039174
1778570988.227244 0.00766966 0.00928183 -0.00514587 0.99969573 -0.00268020 -0.01072678 0.02204989
1778570988.293960 0.00767487 0.00967107 -0.00483401 0.99969953 -0.00281026 -0.01060921 0.02191775
1778570988.360674 0.00783050 0.00936510 -0.00487945 0.99971254 -0.00268240 -0.01046350 0.02140440
1778570988.427391 0.00756018 0.00923382 -0.00509973 0.99967451 -0.00264189 -0.01092344 0.02290336
1778570988.494106 0.00737846 0.00952282 -0.00471391 0.99967775 -0.00276220 -0.01084297 0.02278572
1778570988.560822 0.00757215 0.00934929 -0.00481407 0.99969259 -0.00265583 -0.01074044 0.02218813
1778570988.627536 0.00739462 0.00919842 -0.00508074 0.99966120 -0.00261725 -0.01104246 0.02342421
1778570988.694252 0.00720028 0.00945821 -0.00479139 0.99966836 -0.00275209 -0.01080419 0.02321354
1778570988.760968 0.00754758 0.00942985 -0.00493460 0.99968331 -0.00268133 -0.01083504 0.02255426
1778570988.827683 0.00732560 0.00919473 -0.00521868 0.99965513 -0.00262550 -0.01088231 0.02375498
1778570988.894399 0.00703101 0.00938874 -0.00496585 0.99964328 -0.00274572 -0.01104354 0.02416233
1778570988.961114 0.00746693 0.00944802 -0.00475922 0.99967571 -0.00272518 -0.01098732 0.02281083
1778570989.027829 0.00731309 0.00918695 -0.00515545 0.99963511 -0.00263273 -0.01137290 0.02435943
1778570989.094544 0.00702437 0.00938927 -0.00502418 0.99963412 -0.00275437 -0.01114525 0.02449141
1778570989.161260 0.00728395 0.00929590 -0.00484983 0.99965891 -0.00267116 -0.01126600 0.02340963
1778570989.227976 0.00723853 0.00915825 -0.00505978 0.99964373 -0.00262598 -0.01132143 0.02402784
1778570989.294691 0.00697824 0.00934984 -0.00504153 0.99961595 -0.00271949 -0.01155249 0.02504197
1778570989.361405 0.00720680 0.00939109 -0.00482051 0.99964408 -0.00269831 -0.01138573 0.02397501
1778570989.428121 0.00726592 0.00919173 -0.00503082 0.99962868 -0.00261546 -0.01146518 0.02458089
1778570989.494835 0.00690655 0.00920153 -0.00515232 0.99958818 -0.00264882 -0.01182535 0.02601201
1778570989.561551 0.00723476 0.00951422 -0.00480122 0.99962561 -0.00274352 -0.01163488 0.02461195
1778570989.628266 0.00747038 0.00925351 -0.00502688 0.99961273 -0.00260679 -0.01183337 0.02505108
1778570989.694981 0.00700421 0.00929351 -0.00516226 0.99957599 -0.00268109 -0.01212950 0.02633500
1778570989.761696 0.00724379 0.00947395 -0.00479605 0.99960766 -0.00272970 -0.01227184 0.02502951
1778570989.828411 0.00753051 0.00928602 -0.00500162 0.99960663 -0.00261691 -0.01232434 0.02505698
1778570989.895127 0.00701914 0.00915777 -0.00512991 0.99958386 -0.00261679 -0.01221939 0.02599885
1778570989.961841 0.00742586 0.00952461 -0.00467781 0.99962010 -0.00274427 -0.01197054 0.02467454
1778570990.028556 0.00774786 0.00934141 -0.00503927 0.99958882 -0.00260138 -0.01264808 0.02560183
1778570990.095272 0.00711977 0.00917484 -0.00524090 0.99955572 -0.00260078 -0.01273285 0.02682308
1778570990.161987 0.00742091 0.00956617 -0.00491186 0.99956489 -0.00270277 -0.01305554 0.02631114
1778570990.228701 0.00772533 0.00933986 -0.00493827 0.99959780 -0.00261268 -0.01267910 0.02523210
1778570990.295418 0.00744875 0.00922446 -0.00520417 0.99954097 -0.00258283 -0.01333272 0.02708160
1778570990.362133 0.00764090 0.00966692 -0.00494783 0.99972882 -0.00282769 -0.00957675 0.02103735
1778570990.428849 0.00797716 0.00913451 -0.00526488 0.99979468 -0.00266700 -0.00864099 0.01813344
1778570990.495564 0.00778107 0.00947080 -0.00505541 0.99982565 -0.00288443 -0.00874909 0.01624215
1778570990.562280 0.00771472 0.00955722 -0.00494887 0.99983441 -0.00290714 -0.00877748 0.01567358
1778570990.628995 0.00800484 0.00909113 -0.00534722 0.99985360 -0.00267126 -0.00863795 0.01452674
1778570990.695711 0.00774944 0.00936678 -0.00525134 0.99985744 -0.00286921 -0.00864971 0.01421417
1778570990.762426 0.00742382 0.00935192 -0.00505678 0.99985703 -0.00286572 -0.00884849 0.01412107
1778570990.829142 0.00799379 0.00920730 -0.00517582 0.99986531 -0.00273640 -0.00891092 0.01350808
1778570990.895857 0.00752720 0.00940342 -0.00510199 0.99986950 -0.00286808 -0.00907889 0.01305095
1778570990.962573 0.00715749 0.00958211 -0.00489237 0.99986722 -0.00296533 -0.00918760 0.01312798
1778570991.029289 0.00763602 0.00895814 -0.00523097 0.99987301 -0.00264229 -0.00905299 0.01284630
1778570991.096004 0.00736979 0.00930536 -0.00516754 0.99987444 -0.00285452 -0.00915074 0.01261826
1778570991.162719 0.00702807 0.00963862 -0.00487155 0.99986999 -0.00299055 -0.00952120 0.01266509
1778570991.229434 0.00746668 0.00909634 -0.00521109 0.99987563 -0.00271306 -0.00915620 0.01255065
1778570991.296149 0.00750318 0.00935614 -0.00502482 0.99987460 -0.00288222 -0.00918031 0.01257789
1778570991.362863 0.00695790 0.00951050 -0.00497084 0.99987324 -0.00295019 -0.00921138 0.01264740
1778570991.429578 0.00736331 0.00906282 -0.00524393 0.99987565 -0.00272380 -0.00917476 0.01253361
1778570991.496293 0.00747936 0.00932174 -0.00506204 0.99987457 -0.00286752 -0.00917802 0.01258478
1778570991.563007 0.00690897 0.00958420 -0.00488767 0.99987386 -0.00297969 -0.00922513 0.01258117
1778570991.629721 0.00739721 0.00920112 -0.00504887 0.99987439 -0.00278316 -0.00925281 0.01256350
1778570991.696435 0.00733847 0.00920446 -0.00513962 0.99987585 -0.00279768 -0.00913992 0.01252675
1778570991.763151 0.00674994 0.00941167 -0.00495759 0.99987438 -0.00291444 -0.00944043 0.01239403
1778570991.829865 0.00734050 0.00925450 -0.00503107 0.99987397 -0.00280746 -0.00932748 0.01253634
1778570991.896580 0.00752195 0.00911222 -0.00515858 0.99987737 -0.00272874 -0.00914172 0.01241863
1778570991.963293 0.00677390 0.00949367 -0.00525834 0.99987629 -0.00294547 -0.00932659 0.01231858
1778570992.030009 0.00733458 0.00925719 -0.00497422 0.99987347 -0.00282213 -0.00937110 0.01254059
1778570992.096723 0.00769227 0.00910986 -0.00526543 0.99987824 -0.00271365 -0.00904912 0.01241969
1778570992.163437 0.00688283 0.00944129 -0.00498644 0.99987539 -0.00292317 -0.00941181 0.01233229
1778570992.230154 0.00746950 0.00928388 -0.00491547 0.99987275 -0.00283518 -0.00937159 0.01259415
1778570992.296870 0.00787382 0.00913173 -0.00536690 0.99988113 -0.00271140 -0.00895161 0.01225753
1778570992.363585 0.00736262 0.00933588 -0.00517616 0.99987822 -0.00288981 -0.00904903 0.01238149
1778570992.430301 0.00747865 0.00945274 -0.00498969 0.99987550 -0.00286186 -0.00938744 0.01235608
1778570992.497017 0.00775411 0.00907720 -0.00535380 0.99988029 -0.00266560 -0.00895824 0.01233116
1778570992.563732 0.00736051 0.00929627 -0.00506271 0.99987672 -0.00286512 -0.00932278 0.01230524
1778570992.630447 0.00747867 0.00946350 -0.00500176 0.99987595 -0.00288675 -0.00917278 0.01247405
1778570992.697164 0.00778507 0.00909604 -0.00530397 0.99987857 -0.00268240 -0.00902497 0.01241765
1778570992.763879 0.00746783 0.00927399 -0.00515810 0.99987796 -0.00282042 -0.00923181 0.01228376
1778570992.830594 0.00741959 0.00950871 -0.00508382 0.99987630 -0.00290594 -0.00915058 0.01245842
1778570992.897311 0.00763873 0.00904312 -0.00535438 0.99987790 -0.00265750 -0.00906266 0.01244965
1778570992.964027 0.00744175 0.00930665 -0.00512408 0.99987807 -0.00284393 -0.00924459 0.01225979
1778570993.030742 0.00717944 0.00950419 -0.00495032 0.99987500 -0.00292420 -0.00924778 0.01248675
1778570993.097458 0.00750549 0.00892677 -0.00535737 0.99987821 -0.00260611 -0.00908123 0.01242177
1778570993.164174 0.00743362 0.00944404 -0.00508884 0.99987689 -0.00289352 -0.00924339 0.01234502
1778570993.230889 0.00676251 0.00953098 -0.00489710 0.99987354 -0.00292953 -0.00951136 0.01240410
1778570993.297606 0.00736776 0.00899673 -0.00538339 0.99987767 -0.00266368 -0.00911923 0.01242562
1778570993.364322 0.00738958 0.00922832 -0.00542531 0.99987812 -0.00283484 -0.00909113 0.01237153
1778570993.431038 0.00696382 0.00950007 -0.00517334 0.99987476 -0.00295294 -0.00917927 0.01254899
1778570993.497754 0.00730909 0.00897697 -0.00545231 0.99987695 -0.00265691 -0.00912241 0.01248259
1778570993.564470 0.00740316 0.00921493 -0.00528522 0.99987605 -0.00283079 -0.00915756 0.01249005
1778570993.631186 0.00693724 0.00936817 -0.00508305 0.99987339 -0.00291401 -0.00924419 0.01261992
1778570993.697901 0.00742697 0.00919312 -0.00528806 0.99987408 -0.00277122 -0.00923303 0.01260536
1778570993.764619 0.00738513 0.00919427 -0.00538916 0.99987755 -0.00278875 -0.00906879 0.01244410
1778570993.831335 0.00683899 0.00924767 -0.00522801 0.99987557 -0.00286543 -0.00918091 0.01250396
1778570993.898050 0.00738236 0.00909725 -0.00540434 0.99987539 -0.00273412 -0.00919387 0.01253841
1778570993.964767 0.00754229 0.00912188 -0.00554835 0.99987772 -0.00273666 -0.00900780 0.01248694
1778570994.031483 0.00685710 0.00925323 -0.00531615 0.99987601 -0.00284190 -0.00936846 0.01233394
1778570994.098200 0.00723937 0.00921135 -0.00531274 0.99987511 -0.00278025 -0.00927974 0.01248683
1778570994.164916 0.00752723 0.00908342 -0.00549978 0.99987863 -0.00269591 -0.00900463 0.01242474
1778570994.231631 0.00709044 0.00931213 -0.00523547 0.99987715 -0.00289384 -0.00902061 0.01248738
1778570994.298347 0.00746021 0.00930177 -0.00520295 0.99987313 -0.00281673 -0.00928463 0.01263278
1778570994.365062 0.00785206 0.00918735 -0.00555935 0.99987976 -0.00272411 -0.00896957 0.01235309
1778570994.431777 0.00715039 0.00928677 -0.00551422 0.99987834 -0.00287513 -0.00894465 0.01245093
1778570994.498492 0.00747056 0.00920543 -0.00533744 0.99987561 -0.00278953 -0.00895657 0.01267951
1778570994.565207 0.00791996 0.00916147 -0.00547007 0.99987927 -0.00267672 -0.00888590 0.01246268
1778570994.631924 0.00713613 0.00933089 -0.00525194 0.99987558 -0.00286656 -0.00928805 0.01242347
1778570994.698640 0.00754775 0.00923779 -0.00519432 0.99987386 -0.00280211 -0.00909518 0.01271585
1778570994.765355 0.00789158 0.00912947 -0.00543358 0.99987899 -0.00268622 -0.00897947 0.01241639
1778570994.832071 0.00751730 0.00919066 -0.00549411 0.99987979 -0.00279932 -0.00889661 0.01238587
1778570994.898786 0.00759251 0.00923609 -0.00540132 0.99987735 -0.00280017 -0.00892406 0.01256175
1778570994.965502 0.00793427 0.00915048 -0.00546451 0.99987857 -0.00268034 -0.00896874 0.01245904
1778570995.032217 0.00762465 0.00925109 -0.00546817 0.99987888 -0.00282663 -0.00890236 0.01244912
1778570995.098933 0.00745659 0.00925681 -0.00535061 0.99987637 -0.00281255 -0.00892686 0.01263470
1778570995.165660 0.00771189 0.00908137 -0.00548406 0.99987808 -0.00263901 -0.00899374 0.01248927
1778570995.232399 0.00745886 0.00918457 -0.00543248 0.99987845 -0.00277670 -0.00882221 0.01255170
1778570995.299139 0.00735147 0.00989846 -0.00518845 0.99987464 -0.00303498 -0.00890466 0.01273613
1778570995.365879 0.00745479 0.00900514 -0.00541201 0.99987621 -0.00261591 -0.00909431 0.01257004
1778570995.432619 0.00753128 0.00921010 -0.00533992 0.99987648 -0.00281352 -0.00912664 0.01248220
1778570995.499360 0.00727079 0.00955188 -0.00511543 0.99987307 -0.00297088 -0.00910999 0.01272885
1778570995.566100 0.00741955 0.00897216 -0.00545601 0.99987620 -0.00261616 -0.00913050 0.01254464
1778570995.632841 0.00757539 0.00920487 -0.00544702 0.99987646 -0.00281273 -0.00911508 0.01249258
1778570995.699582 0.00724898 0.00943296 -0.00523855 0.99987426 -0.00293872 -0.00912657 0.01263056
1778570995.766325 0.00736235 0.00896940 -0.00551221 0.99987605 -0.00262917 -0.00914204 0.01254541
1778570995.833066 0.00767054 0.00928994 -0.00543983 0.99987652 -0.00283947 -0.00905960 0.01252243
1778570995.899808 0.00696744 0.00951751 -0.00511634 0.99987342 -0.00293714 -0.00917674 0.01266098
1778570995.966552 0.00737040 0.00906503 -0.00544812 0.99987502 -0.00270799 -0.00917208 0.01258884
1778570996.033295 0.00761870 0.00915177 -0.00552689 0.99987764 -0.00276563 -0.00903330 0.01246858
1778570996.100038 0.00714287 0.00934495 -0.00531366 0.99987551 -0.00290757 -0.00906637 0.01258209
1778570996.166766 0.00738733 0.00903120 -0.00549330 0.99987495 -0.00268339 -0.00914351 0.01262094
1778570996.233478 0.00760269 0.00911461 -0.00551773 0.99987870 -0.00272858 -0.00877754 0.01257381
1778570996.300190 0.00723084 0.00928394 -0.00532237 0.99987689 -0.00288683 -0.00885677 0.01262625
1778570996.366901 0.00741222 0.00912187 -0.00529638 0.99987307 -0.00274496 -0.00916146 0.01274263
1778570996.433614 0.00779986 0.00914543 -0.00548848 0.99987828 -0.00272284 -0.00899791 0.01245150
1778570996.500325 0.00736215 0.00927027 -0.00546364 0.99987819 -0.00288193 -0.00894168 0.01246339
1778570996.567038 0.00753594 0.00917620 -0.00535795 0.99987456 -0.00277419 -0.00891642 0.01279303
1778570996.633750 0.00791113 0.00915265 -0.00551218 0.99987867 -0.00270909 -0.00892007 0.01247985
1778570996.700462 0.00771531 0.00928962 -0.00549206 0.99987688 -0.00289994 -0.00891874 0.01258082
1778570996.767174 0.00789144 0.00923036 -0.00540352 0.99987596 -0.00279141 -0.00913181 0.01252548
1778570996.833886 0.00815754 0.00923504 -0.00547710 0.99988037 -0.00270145 -0.00890027 0.01235849
1778570996.900598 0.00783955 0.00932412 -0.00551297 0.99987678 -0.00289545 -0.00923570 0.01235911
1778570996.967308 0.00794804 0.00924777 -0.00559727 0.99987763 -0.00278477 -0.00919506 0.01234584
1778570997.034021 0.00810061 0.00913861 -0.00548716 0.99988026 -0.00265405 -0.00881223 0.01244027
1778570997.100733 0.00792828 0.00921679 -0.00554263 0.99987692 -0.00283376 -0.00916207 0.01241620
1778570997.167444 0.00797272 0.00921780 -0.00554815 0.99987696 -0.00279695 -0.00918909 0.01240190
1778570997.234157 0.00802144 0.00912247 -0.00555121 0.99987878 -0.00264883 -0.00907590 0.01237091
1778570997.300869 0.00795129 0.00918459 -0.00556698 0.99987795 -0.00278439 -0.00915769 0.01234785
1778570997.367582 0.00785734 0.00921414 -0.00558952 0.99987757 -0.00282013 -0.00925656 0.01229629
1778570997.434293 0.00802603 0.00911821 -0.00556714 0.99987915 -0.00263669 -0.00907815 0.01234216
1778570997.501006 0.00792563 0.00921783 -0.00553051 0.99987704 -0.00281609 -0.00915878 0.01241346
1778570997.567717 0.00776005 0.00926572 -0.00552279 0.99987607 -0.00286391 -0.00929589 0.01237834
1778570997.634430 0.00802841 0.00914388 -0.00556234 0.99987866 -0.00266406 -0.00911589 0.01234793
1778570997.701142 0.00784584 0.00920617 -0.00553487 0.99987749 -0.00281811 -0.00919198 0.01235215
1778570997.767854 0.00778138 0.00972569 -0.00544208 0.99987549 -0.00302412 -0.00905777 0.01256222
1778570997.834566 0.00744918 0.00901635 -0.00541735 0.99987500 -0.00262354 -0.00917163 0.01260874
1778570997.901278 0.00729779 0.00930120 -0.00531454 0.99987690 -0.00281451 -0.00913381 0.01244357
1778570997.967988 0.00695163 0.00928781 -0.00513513 0.99987417 -0.00285140 -0.00921828 0.01259153
1778570998.034700 0.00740412 0.00900315 -0.00539431 0.99987650 -0.00263645 -0.00913590 0.01251292
1778570998.101413 0.00724116 0.00930860 -0.00520575 0.99987602 -0.00281337 -0.00914932 0.01250289
1778570998.168125 0.00694430 0.00953865 -0.00508214 0.99987480 -0.00292073 -0.00944331 0.01235605
1778570998.234837 0.00732472 0.00912862 -0.00539272 0.99987738 -0.00269007 -0.00917371 0.01240309
1778570998.301548 0.00752239 0.00927995 -0.00523212 0.99987673 -0.00279748 -0.00913834 0.01245728
1778570998.368262 0.00704074 0.00944752 -0.00506159 0.99987433 -0.00290470 -0.00924577 0.01254633
1778570998.434974 0.00735475 0.00909551 -0.00543444 0.99987731 -0.00268591 -0.00913895 0.01243478
1778570998.501686 0.00751060 0.00909736 -0.00544272 0.99987860 -0.00270984 -0.00905770 0.01238578
1778570998.568398 0.00710871 0.00918060 -0.00520681 0.99987739 -0.00280679 -0.00905239 0.01246551
1778570998.635110 0.00729335 0.00904276 -0.00544315 0.99987616 -0.00268498 -0.00920050 0.01248186
1778570998.701822 0.00749939 0.00905575 -0.00551386 0.99987777 -0.00267348 -0.00902563 0.01248354
1778570998.768534 0.00706476 0.00922084 -0.00528806 0.99987584 -0.00284437 -0.00904418 0.01258640
1778570998.835245 0.00732879 0.00905615 -0.00541753 0.99987490 -0.00268609 -0.00918150 0.01259642
1778570998.901957 0.00765887 0.00920374 -0.00537517 0.99987729 -0.00271736 -0.00900914 0.01252421
1778570998.968669 0.00690024 0.00936257 -0.00512784 0.99987474 -0.00283297 -0.00937739 0.01243159
1778570999.035381 0.00732277 0.00905670 -0.00549311 0.99987569 -0.00269578 -0.00922141 0.01250193
1778570999.102093 0.00762545 0.00906126 -0.00550686 0.99987886 -0.00264961 -0.00901499 0.01240829
1778570999.168803 0.00709263 0.00910697 -0.00544229 0.99987718 -0.00275852 -0.00902996 0.01250896
1778570999.235516 0.00730191 0.00908118 -0.00545483 0.99987586 -0.00270886 -0.00920337 0.01249906
1778570999.302229 0.00800727 0.00923672 -0.00556678 0.99988111 -0.00268834 -0.00883700 0.01234653
1778570999.368941 0.00767032 0.00927676 -0.00563403 0.99987915 -0.00286555 -0.00913970 0.01224475
1778570999.435653 0.00763804 0.00917498 -0.00538891 0.99987422 -0.00274850 -0.00926365 0.01257703
1778570999.502365 0.00801789 0.00913414 -0.00553376 0.99987945 -0.00265481 -0.00902131 0.01235536
1778570999.569077 0.00774756 0.00920971 -0.00556395 0.99987795 -0.00282014 -0.00923625 0.01228134
1778570999.635789 0.00742303 0.00917790 -0.00535999 0.99987553 -0.00275085 -0.00933638 0.01241759
1778570999.702501 0.00771006 0.00903670 -0.00542094 0.99987828 -0.00259657 -0.00911846 0.01239090
1778570999.769212 0.00760379 0.00937472 -0.00530070 0.99987705 -0.00284160 -0.00917928 0.01239193
1778570999.835925 0.00705202 0.00932654 -0.00506682 0.99987623 -0.00279424 -0.00923863 0.01242455
1778570999.902637 0.00755134 0.00894102 -0.00543567 0.99987908 -0.00255449 -0.00906500 0.01237424
1778570999.969348 0.00735670 0.00914301 -0.00537977 0.99987820 -0.00275988 -0.00917354 0.01232120
1778571000.036059 0.00716306 0.00921070 -0.00514626 0.99987456 -0.00280521 -0.00919048 0.01259115
1778571000.102771 0.00745797 0.00893502 -0.00547371 0.99987813 -0.00256004 -0.00905336 0.01245801
1778571000.169484 0.00721145 0.00911362 -0.00527981 0.99987588 -0.00274657 -0.00922798 0.01247069
1778571000.236197 0.00697997 0.00918601 -0.00514183 0.99987454 -0.00280919 -0.00922564 0.01256555
1778571000.302910 0.00743318 0.00897989 -0.00543641 0.99987765 -0.00260227 -0.00907261 0.01247439
1778571000.369623 0.00706275 0.00924714 -0.00526984 0.99987550 -0.00280922 -0.00922893 0.01248672
1778571000.436336 0.00698757 0.00922692 -0.00534501 0.99987357 -0.00283244 -0.00950261 0.01243054
1778571000.503049 0.00733238 0.00907555 -0.00569534 0.99987783 -0.00268195 -0.00912632 0.01240328
1778571000.569762 0.00724481 0.00910848 -0.00553416 0.99987685 -0.00276951 -0.00926458 0.01236029
1778571000.636475 0.00707254 0.00914066 -0.00559107 0.99987636 -0.00282670 -0.00915696 0.01246725
1778571000.703187 0.00728016 0.00903462 -0.00587640 0.99987776 -0.00265889 -0.00902609 0.01248709
1778571000.769900 0.00725958 0.00909969 -0.00564197 0.99987596 -0.00276829 -0.00891905 0.01268263
1778571000.836612 0.00701165 0.00953631 -0.00500729 0.99987158 -0.00292509 -0.00914668 0.01283007
1778571000.903326 0.00729094 0.00909568 -0.00565035 0.99987724 -0.00270206 -0.00903479 0.01251330
1778571000.970039 0.00732591 0.00910614 -0.00546112 0.99987424 -0.00275621 -0.00920573 0.01261569
1778571001.036752 0.00700471 0.00913106 -0.00555053 0.99987440 -0.00281805 -0.00936676 0.01247033
1778571001.103464 0.00730487 0.00908792 -0.00561657 0.99987542 -0.00272338 -0.00923866 0.01250475
1778571001.170177 0.00733300 0.00908709 -0.00547376 0.99987396 -0.00272569 -0.00922363 0.01263143
1778571001.236888 0.00702963 0.00913734 -0.00559781 0.99987446 -0.00282191 -0.00937875 0.01245540
1778571001.303602 0.00727255 0.00909855 -0.00566618 0.99987526 -0.00274122 -0.00924706 0.01250765
1778571001.370314 0.00727729 0.00905148 -0.00560005 0.99987518 -0.00268149 -0.00918253 0.01257464
1778571001.437026 0.00705763 0.00911685 -0.00578609 0.99987568 -0.00279759 -0.00928829 0.01243082
1778571001.503739 0.00727051 0.00910367 -0.00561413 0.99987513 -0.00274948 -0.00908480 0.01263461
1778571001.570450 0.00733623 0.00902397 -0.00563176 0.99987560 -0.00265476 -0.00906394 0.01263296
1778571001.637162 0.00710700 0.00910462 -0.00588682 0.99987623 -0.00277333 -0.00919435 0.01246187
1778571001.703875 0.00724831 0.00913206 -0.00587240 0.99987708 -0.00277638 -0.00897463 0.01255278
1778571001.770587 0.00735523 0.00905713 -0.00576220 0.99987559 -0.00266645 -0.00902951 0.01265548
1778571001.837298 0.00709365 0.00912708 -0.00577599 0.99987553 -0.00279984 -0.00918628 0.01251788
1778571001.904010 0.00732721 0.00912723 -0.00556956 0.99987456 -0.00277388 -0.00905180 0.01269797
1778571001.970722 0.00748940 0.00906988 -0.00551624 0.99987473 -0.00264950 -0.00899292 0.01275303
1778571002.037435 0.00696871 0.00921861 -0.00548212 0.99987496 -0.00283934 -0.00927761 0.01248722
1778571002.104147 0.00725857 0.00914259 -0.00569293 0.99987633 -0.00278277 -0.00925466 0.01240717
1778571002.170859 0.00753761 0.00903474 -0.00558069 0.99987685 -0.00263904 -0.00905517 0.01254326
1778571002.237571 0.00716542 0.00916234 -0.00547283 0.99987444 -0.00283223 -0.00933754 0.01248604
1778571002.304284 0.00728800 0.00912783 -0.00548508 0.99987469 -0.00277962 -0.00936633 0.01245625
1778571002.370996 0.00751093 0.00902843 -0.00558873 0.99987682 -0.00263687 -0.00912216 0.01249713
1778571002.437708 0.00724336 0.00912198 -0.00557398 0.99987533 -0.00278663 -0.00929362 0.01245713
1778571002.504421 0.00733884 0.00914656 -0.00545600 0.99987491 -0.00279836 -0.00915837 0.01258801
1778571002.571134 0.00746722 0.00899428 -0.00564762 0.99987794 -0.00259331 -0.00901572 0.01249373
1778571002.637846 0.00720846 0.00915068 -0.00558729 0.99987603 -0.00281816 -0.00923763 0.01243604
1778571002.704558 0.00724223 0.00918401 -0.00544818 0.99987485 -0.00283895 -0.00912332 0.01260899
1778571002.771269 0.00737192 0.00902865 -0.00575774 0.99987791 -0.00262138 -0.00899842 0.01250268
1778571002.837982 0.00720944 0.00914031 -0.00556277 0.99987507 -0.00279907 -0.00926859 0.01249371
1778571002.904695 0.00717373 0.00920800 -0.00540669 0.99987347 -0.00286852 -0.00915271 0.01269010
1778571002.971406 0.00735076 0.00902365 -0.00576962 0.99987772 -0.00263620 -0.00902156 0.01249798
1778571003.038117 0.00735685 0.00885411 -0.00645079 0.99987688 -0.00270928 -0.00869601 0.01277743
1778571003.104831 0.00798737 0.01055631 -0.00579368 0.99987377 -0.00324751 -0.00915390 0.01257400
1778571003.171543 0.00819142 0.00916217 -0.00676878 0.99987785 -0.00273135 -0.00860444 0.01275853
1778571003.238255 0.00802630 0.01015233 -0.00582016 0.99987313 -0.00312227 -0.00908308 0.01270707
1778571003.304968 0.00850595 0.01086857 -0.00589700 0.99987148 -0.00336480 -0.00923255 0.01266713
1778571003.371680 0.00783624 0.00909738 -0.00603531 0.99987577 -0.00271142 -0.00898313 0.01266464
1778571003.438393 0.00794652 0.01003770 -0.00580862 0.99987300 -0.00307718 -0.00911098 0.01270854
1778571003.505105 0.00842307 0.01082383 -0.00590544 0.99987165 -0.00334411 -0.00923966 0.01265425
1778571003.571817 0.00803728 0.00938734 -0.00605412 0.99987485 -0.00282215 -0.00899547 0.01270428
1778571003.638529 0.00800964 0.01007493 -0.00567388 0.99987227 -0.00307453 -0.00912035 0.01275985
1778571003.705241 0.00835080 0.01074933 -0.00587838 0.99987170 -0.00331259 -0.00921977 0.01267326
1778571003.771954 0.00795682 0.00959714 -0.00581377 0.99987350 -0.00288562 -0.00910997 0.01271448
1778571003.838666 0.00769209 0.00993057 -0.00565819 0.99987315 -0.00300743 -0.00916853 0.01267169
1778571003.905378 0.00824676 0.01072928 -0.00592533 0.99987218 -0.00329729 -0.00919894 0.01265426
1778571003.972089 0.00778598 0.00981339 -0.00567356 0.99987277 -0.00294853 -0.00916474 0.01271845
1778571004.038802 0.00780522 0.00976956 -0.00592458 0.99987340 -0.00295664 -0.00905312 0.01274727
1778571004.105514 0.00820037 0.01062632 -0.00598372 0.99987216 -0.00326573 -0.00918451 0.01267415
1778571004.172226 0.00794265 0.00970092 -0.00582264 0.99987414 -0.00288351 -0.00911747 0.01265970
1778571004.238939 0.00800432 0.00934568 -0.00607742 0.99987560 -0.00276911 -0.00893500 0.01269965
1778571004.305652 0.00828356 0.01031724 -0.00600424 0.99987414 -0.00312407 -0.00915779 0.01257275
1778571004.372365 0.00809188 0.00984005 -0.00604783 0.99987423 -0.00294378 -0.00909062 0.01265773
1778571004.439077 0.00791182 0.00914403 -0.00619318 0.99987616 -0.00269886 -0.00890705 0.01268998
1778571004.505790 0.00843480 0.01036624 -0.00603121 0.99987438 -0.00314410 -0.00912650 0.01257130
1778571004.572503 0.00812813 0.00995828 -0.00610015 0.99987401 -0.00298583 -0.00908600 0.01266855
1778571004.639214 0.00791676 0.00911208 -0.00623615 0.99987678 -0.00268268 -0.00886898 0.01267156
1778571004.705928 0.00838627 0.01044094 -0.00607826 0.99987440 -0.00316758 -0.00912208 0.01256761
1778571004.772641 0.00835030 0.01000365 -0.00619249 0.99987407 -0.00300405 -0.00904883 0.01268608
1778571004.839353 0.00805266 0.00899658 -0.00647325 0.99987755 -0.00264378 -0.00876210 0.01269301
1778571004.906065 0.00831267 0.01029527 -0.00609417 0.99987495 -0.00311250 -0.00909007 0.01256034
1778571004.972778 0.00839536 0.00996783 -0.00626928 0.99987533 -0.00298883 -0.00900684 0.01262041
1778571005.039490 0.00829542 0.00915415 -0.00624554 0.99987723 -0.00271305 -0.00878815 0.01268619
1778571005.106203 0.00836417 0.01037736 -0.00604090 0.99987497 -0.00313452 -0.00910251 0.01254476
1778571005.172915 0.00834905 0.01005629 -0.00615779 0.99987414 -0.00301890 -0.00909159 0.01264651
1778571005.239628 0.00808391 0.00909113 -0.00631339 0.99987689 -0.00267938 -0.00884324 0.01268162
1778571005.306340 0.00837188 0.01026480 -0.00592105 0.99987532 -0.00309401 -0.00912115 0.01251321
1778571005.373053 0.00851984 0.01023059 -0.00617313 0.99987509 -0.00307107 -0.00907330 0.01257191
1778571005.439766 0.00796608 0.00884154 -0.00656458 0.99987863 -0.00258979 -0.00877770 0.01260859
1778571005.506478 0.00830392 0.01018083 -0.00599713 0.99987536 -0.00307356 -0.00908149 0.01254402
1778571005.573190 0.00841847 0.01035185 -0.00595959 0.99987515 -0.00312306 -0.00916815 0.01248484
1778571005.639903 0.00804213 0.00882879 -0.00641756 0.99987844 -0.00258407 -0.00878025 0.01262285
1778571005.706615 0.00821854 0.00992743 -0.00594526 0.99987607 -0.00299268 -0.00908645 0.01250299
1778571005.773328 0.00832703 0.01000267 -0.00607227 0.99987518 -0.00300723 -0.00915230 0.01252271
1778571005.840040 0.00807529 0.00882029 -0.00632966 0.99987834 -0.00258308 -0.00881259 0.01260805
1778571005.906752 0.00826152 0.00999464 -0.00584386 0.99987538 -0.00301636 -0.00912146 0.01252722
1778571005.973464 0.00851988 0.01043460 -0.00600767 0.99987548 -0.00316027 -0.00917255 0.01244585
1778571006.040176 0.00795597 0.00869971 -0.00622454 0.99987867 -0.00253398 -0.00887729 0.01254647
1778571006.106889 0.00803408 0.00984157 -0.00579113 0.99987618 -0.00296494 -0.00912209 0.01247478
1778571006.173601 0.00850475 0.01044430 -0.00588493 0.99987462 -0.00316387 -0.00922802 0.01247296
1778571006.240313 0.00795591 0.00888526 -0.00614224 0.99987819 -0.00259766 -0.00892413 0.01253849
1778571006.307026 0.00807308 0.00972174 -0.00586340 0.99987706 -0.00291320 -0.00908986 0.01244010
1778571006.373738 0.00871264 0.01051179 -0.00601583 0.99987505 -0.00319091 -0.00915545 0.01248497
1778571006.440451 0.00788812 0.00894980 -0.00600286 0.99987768 -0.00262107 -0.00899900 0.01252065
1778571006.507163 0.00806097 0.00968239 -0.00575952 0.99987569 -0.00290183 -0.00911231 0.01253624
1778571006.573875 0.00858912 0.01047901 -0.00593808 0.99987464 -0.00318527 -0.00920188 0.01248550
1778571006.640588 0.00818631 0.00938972 -0.00609158 0.99987582 -0.00280286 -0.00897662 0.01264549
1778571006.707300 0.00804623 0.00937187 -0.00616740 0.99987662 -0.00278664 -0.00895249 0.01260305
1778571006.774012 0.00822808 0.00963386 -0.00634368 0.99987760 -0.00288173 -0.00903285 0.01244530
1778571006.840724 0.00821192 0.00934076 -0.00624231 0.99987602 -0.00277360 -0.00891933 0.01267672
1778571006.907436 0.00819202 0.00931028 -0.00607284 0.99987564 -0.00277464 -0.00894390 0.01268923
1778571006.974148 0.00827827 0.00960174 -0.00624112 0.99987745 -0.00287461 -0.00904324 0.01245163
1778571007.040860 0.00827686 0.00932240 -0.00625105 0.99987611 -0.00277676 -0.00893491 0.01265810
1778571007.107571 0.00815996 0.00925267 -0.00608384 0.99987577 -0.00274912 -0.00894950 0.01268081
1778571007.174284 0.00829150 0.00962104 -0.00629423 0.99987803 -0.00288589 -0.00901877 0.01242040
1778571007.240997 0.00810661 0.00937542 -0.00608507 0.99987564 -0.00278579 -0.00900886 0.01264024
1778571007.307710 0.00810208 0.00930637 -0.00598795 0.99987542 -0.00276022 -0.00897319 0.01268921
1778571007.374423 0.00816736 0.00960913 -0.00615180 0.99987689 -0.00287073 -0.00908442 0.01246728
1778571007.441136 0.00811819 0.00951284 -0.00604851 0.99987541 -0.00283248 -0.00903234 0.01263150
1778571007.507849 0.00803246 0.00933476 -0.00606754 0.99987668 -0.00275930 -0.00896848 0.01259257
1778571007.574562 0.00826542 0.00979643 -0.00628509 0.99987867 -0.00293581 -0.00902810 0.01235015
1778571007.641273 0.00807289 0.00953100 -0.00608676 0.99987646 -0.00283133 -0.00904825 0.01253713
1778571007.707986 0.00792306 0.00903075 -0.00518145 0.99987218 -0.00264864 -0.00924488 0.01277237
1778571007.774700 0.00787970 0.00916276 -0.00493009 0.99987141 -0.00270809 -0.00946951 0.01265513
1778571007.841413 0.00793286 0.00913338 -0.00492745 0.99986988 -0.00269432 -0.00941743 0.01281734
1778571007.908125 0.00794651 0.00896091 -0.00505739 0.99987085 -0.00262762 -0.00928864 0.01284907
1778571007.974837 0.00802944 0.00926811 -0.00514673 0.99987185 -0.00273524 -0.00941213 0.01265751
1778571008.041551 0.00797488 0.00914547 -0.00496785 0.99987107 -0.00269020 -0.00942886 0.01271611
1778571008.108263 0.00798293 0.00903434 -0.00506025 0.99987069 -0.00264640 -0.00926998 0.01287106
1778571008.174976 0.00799693 0.00935669 -0.00525562 0.99987284 -0.00277083 -0.00936582 0.01260565
1778571008.241689 0.00793698 0.00923627 -0.00503154 0.99987133 -0.00272360 -0.00946824 0.01265912
1778571008.308402 0.00782830 0.00898306 -0.00499665 0.99987005 -0.00262869 -0.00932769 0.01288272
1778571008.375113 0.00793158 0.00923629 -0.00513879 0.99987133 -0.00272170 -0.00939539 0.01271365
1778571008.441827 0.00780251 0.00925709 -0.00519613 0.99987245 -0.00271993 -0.00941059 0.01261460
1778571008.508540 0.00774160 0.00903762 -0.00503759 0.99987062 -0.00263295 -0.00931587 0.01284600
1778571008.575253 0.00774004 0.00921759 -0.00498951 0.99987104 -0.00270795 -0.00944665 0.01270154
1778571008.641966 0.00791613 0.00924334 -0.00515554 0.99987149 -0.00271714 -0.00944414 0.01266624
1778571008.708679 0.00774791 0.00898714 -0.00504468 0.99987050 -0.00261649 -0.00932499 0.01285244
1778571008.775391 0.00777882 0.00916723 -0.00529775 0.99987271 -0.00268976 -0.00930866 0.01267578
1778571008.842104 0.00786388 0.00921981 -0.00527614 0.99987191 -0.00270569 -0.00941281 0.01265897
1778571008.908817 0.00768311 0.00897066 -0.00529996 0.99987167 -0.00260433 -0.00923774 0.01282697
1778571008.975529 0.00770540 0.00904343 -0.00525837 0.99987122 -0.00264338 -0.00932118 0.01279322
1778571009.042242 0.00765570 0.00921018 -0.00527711 0.99987155 -0.00270967 -0.00943231 0.01267150
1778571009.108953 0.00758960 0.00888019 -0.00527612 0.99987182 -0.00257530 -0.00929262 0.01278150
1778571009.175667 0.00777616 0.00909135 -0.00518348 0.99987033 -0.00266963 -0.00929189 0.01287859
1778571009.242380 0.00768406 0.00931291 -0.00550642 0.99987349 -0.00274171 -0.00930996 0.01260236
1778571009.309093 0.00757890 0.00892095 -0.00518794 0.99987107 -0.00258157 -0.00930874 0.01282690
1778571009.375806 0.00756033 0.00899225 -0.00509202 0.99987011 -0.00262259 -0.00931528 0.01288853
1778571009.442519 0.00763069 0.00933098 -0.00549001 0.99987308 -0.00274299 -0.00932426 0.01262361
1778571009.509233 0.00752943 0.00891754 -0.00517414 0.99987054 -0.00258170 -0.00933862 0.01284608
1778571009.575946 0.00750375 0.00896947 -0.00526437 0.99987119 -0.00260258 -0.00929825 0.01282088
1778571009.642659 0.00768224 0.00926173 -0.00554689 0.99987224 -0.00271453 -0.00933380 0.01268882
1778571009.709372 0.00763337 0.00895215 -0.00525007 0.99987068 -0.00259568 -0.00928605 0.01287087
1778571009.776084 0.00730096 0.00894787 -0.00527926 0.99987215 -0.00258946 -0.00926074 0.01277591
1778571009.842796 0.00755296 0.00933495 -0.00553815 0.99987385 -0.00273653 -0.00930375 0.01257907
1778571009.909510 0.00746800 0.00893874 -0.00527435 0.99987144 -0.00258424 -0.00928271 0.01281589
1778571009.976223 0.00735597 0.00881351 -0.00506314 0.99987081 -0.00254706 -0.00935632 0.01281911
1778571010.042936 0.00748805 0.00917923 -0.00522704 0.99987141 -0.00268605 -0.00943917 0.01268276
1778571010.109648 0.00767761 0.00893351 -0.00518191 0.99987004 -0.00259574 -0.00932557 0.01289144
1778571010.176360 0.00765209 0.00887781 -0.00514184 0.99987010 -0.00257623 -0.00925971 0.01293850
1778571010.243073 0.00757405 0.00921099 -0.00522473 0.99987105 -0.00269656 -0.00941198 0.01272861
1778571010.309787 0.00757108 0.00905536 -0.00513171 0.99986972 -0.00263233 -0.00934323 0.01289626
1778571010.376499 0.00784537 0.00900699 -0.00521268 0.99987137 -0.00262684 -0.00916469 0.01289777
1778571010.443213 0.00769788 0.00924565 -0.00527234 0.99987141 -0.00271950 -0.00937805 0.01272112
1778571010.509925 0.00756277 0.00912086 -0.00520318 0.99987023 -0.00266524 -0.00938191 0.01282154
1778571010.576638 0.00756747 0.00891617 -0.00509062 0.99987088 -0.00258211 -0.00931767 0.01283532
1778571010.643350 0.00767108 0.00927671 -0.00520166 0.99987144 -0.00272053 -0.00939264 0.01270715
1778571010.710063 0.00767743 0.00913523 -0.00533040 0.99987267 -0.00266529 -0.00931843 0.01267702
1778571010.776776 0.00777754 0.00892387 -0.00519219 0.99987083 -0.00258888 -0.00922997 0.01290107
1778571010.843488 0.00776923 0.00928230 -0.00521265 0.99987123 -0.00272720 -0.00936035 0.01274636
1778571010.910200 0.00780246 0.00924623 -0.00519839 0.99986946 -0.00271748 -0.00932174 0.01291409
1778571010.976913 0.00789067 0.00898333 -0.00509956 0.99987015 -0.00261648 -0.00924834 0.01293482
1778571011.043625 0.00775611 0.00929738 -0.00522140 0.99987149 -0.00273130 -0.00936893 0.01271897
1778571011.110338 0.00769550 0.00921235 -0.00517191 0.99987146 -0.00268772 -0.00939554 0.01271104
1778571011.177058 0.00770021 0.00898369 -0.00520630 0.99987083 -0.00260933 -0.00922206 0.01290237
1778571011.243784 0.00775545 0.00930423 -0.00526945 0.99987158 -0.00273334 -0.00932676 0.01274259
1778571011.310511 0.00777475 0.00924348 -0.00523269 0.99987140 -0.00270652 -0.00937127 0.01272915
1778571011.377239 0.00775095 0.00902357 -0.00521211 0.99987060 -0.00262126 -0.00920943 0.01292691
1778571011.443965 0.00775827 0.00921595 -0.00524453 0.99987159 -0.00270199 -0.00930940 0.01276054
1778571011.510693 0.00775903 0.00926947 -0.00522358 0.99987158 -0.00271928 -0.00937761 0.01270816
1778571011.577423 0.00784134 0.00902970 -0.00535859 0.99987097 -0.00263442 -0.00916358 0.01292817
1778571011.644150 0.00787772 0.00918887 -0.00541425 0.99987206 -0.00269724 -0.00924345 0.01277288
1778571011.710880 0.00779724 0.00933209 -0.00544008 0.99987311 -0.00275130 -0.00931592 0.01262601
1778571011.777609 0.00781275 0.00897907 -0.00536444 0.99987089 -0.00262724 -0.00917834 0.01292494
1778571011.844339 0.00765877 0.00909600 -0.00522185 0.99987147 -0.00266447 -0.00932188 0.01276920
1778571011.911068 0.00763668 0.00924973 -0.00521761 0.99987145 -0.00271551 -0.00940969 0.01269506
1778571011.977798 0.00761709 0.00896786 -0.00519475 0.99987061 -0.00260968 -0.00925887 0.01289286
1778571012.044529 0.00772195 0.00910645 -0.00512893 0.99986980 -0.00268563 -0.00928716 0.01291981
1778571012.111260 0.00781286 0.00919755 -0.00538065 0.99987176 -0.00271417 -0.00934642 0.01271745
1778571012.177983 0.00768268 0.00889271 -0.00533920 0.99987111 -0.00259484 -0.00923080 0.01287705
1778571012.244697 0.00765595 0.00899917 -0.00518610 0.99987007 -0.00265107 -0.00927720 0.01291344
1778571012.311413 0.00781107 0.00914780 -0.00545365 0.99987210 -0.00269444 -0.00931472 0.01271864
1778571012.378128 0.00768063 0.00886378 -0.00531291 0.99987127 -0.00258070 -0.00923527 0.01286442
1778571012.444843 0.00762704 0.00890956 -0.00515075 0.99987015 -0.00261854 -0.00927251 0.01291683
1778571012.511557 0.00769271 0.00911001 -0.00526798 0.99987176 -0.00268372 -0.00938673 0.01269467
1778571012.578272 0.00773495 0.00884872 -0.00515300 0.99987049 -0.00258955 -0.00929058 0.01288320
1778571012.644987 0.00761055 0.00890715 -0.00516335 0.99987031 -0.00260601 -0.00926884 0.01290990
1778571012.711702 0.00759915 0.00909246 -0.00528056 0.99987203 -0.00266611 -0.00939052 0.01267393
1778571012.778416 0.00772901 0.00885127 -0.00534376 0.99987138 -0.00257892 -0.00923346 0.01285766
1778571012.845132 0.00770233 0.00883635 -0.00528343 0.99987060 -0.00258191 -0.00921697 0.01292904
1778571012.911847 0.00782255 0.00914608 -0.00555264 0.99987336 -0.00269850 -0.00927605 0.01264699
1778571012.978561 0.00772357 0.00894578 -0.00533688 0.99987092 -0.00261081 -0.00924641 0.01287782
1778571013.045277 0.00763210 0.00891773 -0.00526295 0.99987088 -0.00258824 -0.00920388 0.01291573
1778571013.111992 0.00762038 0.00918195 -0.00520838 0.99987100 -0.00270230 -0.00936583 0.01276596
1778571013.178707 0.00761737 0.00902726 -0.00519514 0.99987027 -0.00263034 -0.00928803 0.01289394
1778571013.245422 0.00769156 0.00887324 -0.00530321 0.99987094 -0.00257509 -0.00920115 0.01291583
1778571013.312136 0.00763113 0.00917839 -0.00529593 0.99987186 -0.00268884 -0.00938020 0.01269036
1778571013.378851 0.00765523 0.00903933 -0.00535721 0.99987131 -0.00263863 -0.00928753 0.01281208
1778571013.445566 0.00768168 0.00891839 -0.00517086 0.99987048 -0.00258762 -0.00923910 0.01292142
1778571013.512280 0.00772998 0.00920556 -0.00514518 0.99987041 -0.00270962 -0.00936164 0.01281340
1778571013.578996 0.00774679 0.00912173 -0.00517795 0.99986987 -0.00267030 -0.00930948 0.01290144
1778571013.645711 0.00780249 0.00893179 -0.00521530 0.99987063 -0.00259549 -0.00923043 0.01291475
1778571013.712426 0.00788260 0.00925530 -0.00521750 0.99987090 -0.00272432 -0.00934567 0.01278346
1778571013.779141 0.00780308 0.00920532 -0.00520342 0.99987021 -0.00269396 -0.00931508 0.01286612
1778571013.845856 0.00793407 0.00894450 -0.00537391 0.99987137 -0.00260079 -0.00916681 0.01290131
1778571013.912571 0.00785767 0.00918659 -0.00526769 0.99987095 -0.00269768 -0.00933454 0.01279334
1778571013.979286 0.00797867 0.00916779 -0.00531298 0.99987040 -0.00268961 -0.00927747 0.01287920
1778571014.046001 0.00791819 0.00893081 -0.00530249 0.99987117 -0.00260057 -0.00920313 0.01289151
1778571014.112715 0.00784494 0.00921818 -0.00529599 0.99987207 -0.00270493 -0.00934384 0.01269750
1778571014.179430 0.00795732 0.00917300 -0.00534503 0.99987051 -0.00269068 -0.00929207 0.01285995
1778571014.246145 0.00794105 0.00897495 -0.00534562 0.99987117 -0.00261770 -0.00917497 0.01290771
1778571014.312860 0.00789263 0.00916103 -0.00523610 0.99987143 -0.00269265 -0.00930494 0.01277877
1778571014.379575 0.00789845 0.00924240 -0.00535216 0.99987255 -0.00271817 -0.00928837 0.01269709
1778571014.446290 0.00793938 0.00894389 -0.00533330 0.99987170 -0.00260353 -0.00918627 0.01286174
1778571014.513005 0.00790075 0.00913743 -0.00516160 0.99987100 -0.00268988 -0.00933733 0.01278938
1778571014.579720 0.00792007 0.00922324 -0.00514252 0.99987080 -0.00271903 -0.00938926 0.01276087
1778571014.646434 0.00796616 0.00898688 -0.00534938 0.99987112 -0.00262315 -0.00918897 0.01290089
1778571014.713151 0.00797543 0.00918013 -0.00533414 0.99987109 -0.00269542 -0.00925772 0.01283853
1778571014.779865 0.00797126 0.00932334 -0.00518692 0.99987059 -0.00275121 -0.00937837 0.01277789
1778571014.846580 0.00795669 0.00909066 -0.00533603 0.99987092 -0.00264743 -0.00920221 0.01290166
1778571014.913296 0.00790239 0.00926364 -0.00527154 0.99987010 -0.00271676 -0.00926547 0.01290558
1778571014.980010 0.00790782 0.00937268 -0.00532527 0.99987182 -0.00275897 -0.00937383 0.01268280
1778571015.046725 0.00779228 0.00905561 -0.00527154 0.99987119 -0.00263710 -0.00925656 0.01284405
1778571015.113439 0.00772409 0.00914602 -0.00533681 0.99987149 -0.00267803 -0.00927450 0.01279921
1778571015.180155 0.00781317 0.00931236 -0.00544380 0.99987240 -0.00274438 -0.00935157 0.01265730
1778571015.246869 0.00774772 0.00902229 -0.00528914 0.99987130 -0.00262573 -0.00924604 0.01284544
1778571015.313585 0.00769905 0.00912038 -0.00528467 0.99987059 -0.00267049 -0.00923250 0.01290071
1778571015.380300 0.00778526 0.00928698 -0.00541249 0.99987209 -0.00274069 -0.00934967 0.01268389
1778571015.447015 0.00774539 0.00894009 -0.00527967 0.99987093 -0.00260500 -0.00926235 0.01286674
1778571015.513730 0.00768612 0.00897048 -0.00524819 0.99987041 -0.00262335 -0.00924371 0.01291644
1778571015.580445 0.00768733 0.00921970 -0.00529809 0.99987257 -0.00270605 -0.00936207 0.01264389
1778571015.647159 0.00760245 0.00892832 -0.00512952 0.99987183 -0.00258787 -0.00927746 0.01278852
1778571015.713875 0.00748466 0.00888559 -0.00506215 0.99987153 -0.00257525 -0.00925625 0.01283051
1778571015.780590 0.00768301 0.00941709 -0.00536336 0.99987245 -0.00274169 -0.00935403 0.01265161
1778571015.847305 0.00749162 0.00892557 -0.00528129 0.99987282 -0.00258694 -0.00925673 0.01272658
1778571015.914020 0.00746226 0.00885497 -0.00510932 0.99987179 -0.00255778 -0.00923518 0.01282833
1778571015.980735 0.00766183 0.00917539 -0.00530979 0.99987293 -0.00268438 -0.00931633 0.01265372
1778571016.047450 0.00746682 0.00903247 -0.00510504 0.99987136 -0.00261047 -0.00928709 0.01281385
1778571016.114164 0.00753942 0.00908258 -0.00513477 0.99987141 -0.00262126 -0.00921164 0.01286224
1778571016.180879 0.00750180 0.00934891 -0.00513900 0.99987226 -0.00272551 -0.00941083 0.01262828
1778571016.247596 0.00758868 0.00921061 -0.00519818 0.99987094 -0.00267071 -0.00928136 0.01283845
1778571016.314312 0.00749777 0.00906798 -0.00512739 0.99987133 -0.00261592 -0.00923097 0.01285569
1778571016.381028 0.00757653 0.00933646 -0.00514884 0.99987234 -0.00272257 -0.00939315 0.01263550
1778571016.447743 0.00763268 0.00917441 -0.00524839 0.99987133 -0.00266525 -0.00925899 0.01282547
1778571016.514460 0.00753809 0.00901036 -0.00510045 0.99987163 -0.00259494 -0.00922597 0.01284020
1778571016.581176 0.00763142 0.00920607 -0.00518470 0.99987256 -0.00269085 -0.00936564 0.01264531
1778571016.647892 0.00769151 0.00913674 -0.00525603 0.99987116 -0.00266454 -0.00925760 0.01283980
1778571016.714608 0.00752907 0.00891084 -0.00510536 0.99987131 -0.00257706 -0.00923207 0.01286470
1778571016.781324 0.00762511 0.00942119 -0.00531854 0.99987204 -0.00273582 -0.00935069 0.01268825
1778571016.848041 0.00766078 0.00915741 -0.00530232 0.99987124 -0.00266765 -0.00925485 0.01283512
1778571016.914757 0.00752625 0.00896180 -0.00514751 0.99987186 -0.00258327 -0.00920439 0.01283989
1778571016.981473 0.00764207 0.00960419 -0.00556221 0.99987294 -0.00279446 -0.00924447 0.01268184
1778571017.048189 0.00760643 0.00930471 -0.00523903 0.99987178 -0.00271135 -0.00931128 0.01274263
1778571017.114905 0.00752742 0.00910728 -0.00534458 0.99987191 -0.00262732 -0.00912783 0.01288185
1778571017.181621 0.00744623 0.00935770 -0.00529674 0.99987254 -0.00272022 -0.00930128 0.01268801
1778571017.248335 0.00752496 0.00941624 -0.00528796 0.99987249 -0.00274255 -0.00930799 0.01268212
1778571017.315051 0.00752405 0.00914861 -0.00529065 0.99987190 -0.00263706 -0.00913831 0.01287333
1778571017.381766 0.00767382 0.00941347 -0.00546354 0.99987299 -0.00274304 -0.00919462 0.01272562
1778571017.448482 0.00767633 0.00951325 -0.00550093 0.99987265 -0.00277886 -0.00922766 0.01272037
1778571017.515197 0.00756339 0.00918872 -0.00528672 0.99987142 -0.00266077 -0.00913758 0.01290628
1778571017.581912 0.00766219 0.00934858 -0.00538829 0.99987269 -0.00272708 -0.00919311 0.01275376
1778571017.648628 0.00767661 0.00968121 -0.00553040 0.99987206 -0.00281288 -0.00925512 0.01273942
1778571017.715343 0.00765780 0.00910925 -0.00539907 0.99987184 -0.00263912 -0.00908604 0.01291467
1778571017.782058 0.00761971 0.00947122 -0.00546486 0.99987238 -0.00274104 -0.00918663 0.01277921
1778571017.848773 0.00782123 0.00971274 -0.00553919 0.99987231 -0.00283213 -0.00923269 0.01273222
1778571017.915489 0.00760307 0.00909982 -0.00522257 0.99987138 -0.00263604 -0.00914806 0.01290658
1778571017.982204 0.00762278 0.00919351 -0.00509245 0.99987142 -0.00269201 -0.00923963 0.01282658
1778571018.048918 0.00777718 0.00973414 -0.00560019 0.99987332 -0.00284690 -0.00921664 0.01266073
1778571018.115635 0.00776338 0.00912769 -0.00539147 0.99987172 -0.00265668 -0.00910973 0.01290328
1778571018.182350 0.00771861 0.00922867 -0.00533951 0.99987079 -0.00270009 -0.00913678 0.01294711
1778571018.249065 0.00762724 0.00936790 -0.00531755 0.99987232 -0.00274094 -0.00929877 0.01270272
1778571018.315780 0.00752606 0.00907411 -0.00518296 0.99987132 -0.00262478 -0.00920737 0.01287191
1778571018.382496 0.00761180 0.00920276 -0.00533875 0.99987154 -0.00267882 -0.00914083 0.01289060
1778571018.449211 0.00761329 0.00933607 -0.00544052 0.99987313 -0.00273018 -0.00926293 0.01266744
1778571018.515926 0.00765662 0.00905783 -0.00541267 0.99987204 -0.00262258 -0.00912485 0.01287526
1778571018.582642 0.00745338 0.00904632 -0.00530589 0.99987248 -0.00262525 -0.00918949 0.01279375
1778571018.649357 0.00775781 0.00954702 -0.00557268 0.99987274 -0.00278680 -0.00925296 0.01269363
1778571018.716073 0.00775796 0.00899625 -0.00540695 0.99987221 -0.00261974 -0.00912110 0.01286505
1778571018.782788 0.00756176 0.00894727 -0.00524114 0.99987205 -0.00259981 -0.00916537 0.01284996
1778571018.849503 0.00767107 0.00942099 -0.00555489 0.99987287 -0.00274594 -0.00925505 0.01269051
1778571018.916218 0.00752850 0.00901745 -0.00526904 0.99987189 -0.00261925 -0.00919791 0.01283501
1778571018.982934 0.00758436 0.00898184 -0.00536224 0.99987221 -0.00260598 -0.00910687 0.01287811
1778571019.049649 0.00798521 0.00969145 -0.00593313 0.99987486 -0.00284520 -0.00909202 0.01262948
1778571019.116364 0.00764000 0.00914782 -0.00530749 0.99987186 -0.00266337 -0.00918897 0.01283514
1778571019.183079 0.00751930 0.00906073 -0.00519580 0.99987171 -0.00262066 -0.00915247 0.01288160
1778571019.249794 0.00764559 0.00941260 -0.00555113 0.99987491 -0.00275824 -0.00919688 0.01256872
1778571019.316509 0.00768818 0.00925059 -0.00538636 0.99987232 -0.00268389 -0.00915561 0.01281853
1778571019.383223 0.00756464 0.00913716 -0.00520775 0.99987155 -0.00264272 -0.00916667 0.01287912
1778571019.449939 0.00751610 0.00931524 -0.00526831 0.99987303 -0.00272010 -0.00931338 0.01264070
1778571019.516654 0.00766512 0.00920474 -0.00530784 0.99987179 -0.00267261 -0.00920009 0.01283028
1778571019.583368 0.00766554 0.00914945 -0.00536815 0.99987219 -0.00265476 -0.00909042 0.01288128
1778571019.650083 0.00774197 0.00970014 -0.00554395 0.99987297 -0.00282749 -0.00923914 0.01267663
1778571019.716798 0.00766964 0.00925828 -0.00537803 0.99987250 -0.00269968 -0.00922139 0.01275424
1778571019.783513 0.00766036 0.00906963 -0.00523470 0.99987195 -0.00264578 -0.00914919 0.01285956
1778571019.850228 0.00778364 0.00969998 -0.00544391 0.99987279 -0.00283454 -0.00926401 0.01267060
1778571019.916942 0.00762980 0.00930578 -0.00533121 0.99987254 -0.00272678 -0.00924154 0.01273002
1778571019.983657 0.00777721 0.00912902 -0.00528833 0.99987270 -0.00266153 -0.00910865 0.01282667
1778571020.050372 0.00770365 0.00943011 -0.00534232 0.99987392 -0.00276621 -0.00925291 0.01260494
1778571020.117086 0.00776442 0.00933021 -0.00546918 0.99987486 -0.00271530 -0.00919694 0.01258223
1778571020.183801 0.00782964 0.00916829 -0.00542777 0.99987330 -0.00266722 -0.00906007 0.01281347
1778571020.250516 0.00773936 0.00943847 -0.00536874 0.99987400 -0.00276913 -0.00923223 0.01261312
1778571020.317231 0.00780864 0.00941170 -0.00543000 0.99987407 -0.00275379 -0.00922255 0.01261759
1778571020.383946 0.00767644 0.00924190 -0.00535966 0.99987274 -0.00268653 -0.00909109 0.01283089
1778571020.450661 0.00765476 0.00946207 -0.00532073 0.99987339 -0.00277525 -0.00923977 0.01265419
1778571020.517376 0.00758628 0.00945764 -0.00529964 0.99987406 -0.00275912 -0.00928108 0.01257436
1778571020.584091 0.00750007 0.00923413 -0.00534224 0.99987368 -0.00266740 -0.00914028 0.01272656
1778571020.650806 0.00759123 0.00946226 -0.00531293 0.99987408 -0.00276118 -0.00923701 0.01260466
1778571020.717521 0.00758366 0.00952321 -0.00545010 0.99987479 -0.00278210 -0.00922993 0.01254846
1778571020.784236 0.00768157 0.00920560 -0.00531992 0.99987278 -0.00268067 -0.00910891 0.01281664
1778571020.850951 0.00753397 0.00936149 -0.00528854 0.99987370 -0.00272560 -0.00923512 0.01264405
1778571020.917665 0.00765912 0.00975201 -0.00549389 0.99987333 -0.00283085 -0.00928172 0.01261597
1778571020.984381 0.00748313 0.00921942 -0.00533250 0.99987329 -0.00266656 -0.00915736 0.01274534
1778571021.051095 0.00751621 0.00938193 -0.00533124 0.99987280 -0.00273567 -0.00919930 0.01273867
1778571021.117810 0.00759982 0.00954201 -0.00531460 0.99987345 -0.00279513 -0.00929689 0.01260304
1778571021.184525 0.00763715 0.00919133 -0.00535897 0.99987258 -0.00266584 -0.00911412 0.01283156
1778571021.251240 0.00762861 0.00934220 -0.00521096 0.99987144 -0.00273507 -0.00919441 0.01284887
1778571021.317953 0.00767863 0.00954973 -0.00540042 0.99987451 -0.00280900 -0.00925598 0.01254560
1778571021.384669 0.00760274 0.00922845 -0.00531638 0.99987261 -0.00267660 -0.00915315 0.01279892
1778571021.451384 0.00757568 0.00933804 -0.00535541 0.99987265 -0.00272258 -0.00917365 0.01277189
1778571021.518097 0.00772012 0.00947237 -0.00550322 0.99987402 -0.00277088 -0.00924196 0.01260380
1778571021.584813 0.00755234 0.00928032 -0.00521349 0.99987200 -0.00268964 -0.00918174 0.01282336
1778571021.651528 0.00771127 0.00929973 -0.00528007 0.99987159 -0.00272373 -0.00914575 0.01287401
1778571021.718242 0.00767155 0.00944264 -0.00531227 0.99987338 -0.00275967 -0.00930257 0.01261241
1778571021.784957 0.00745107 0.00923710 -0.00528794 0.99987271 -0.00267274 -0.00920937 0.01275201
1778571021.851671 0.00744771 0.00935850 -0.00526396 0.99987242 -0.00271194 -0.00921523 0.01276187
1778571021.918386 0.00772421 0.00960244 -0.00560276 0.99987513 -0.00282223 -0.00921004 0.01252759
1778571021.985101 0.00763890 0.00936225 -0.00540792 0.99987261 -0.00270793 -0.00914123 0.01280091
1778571022.051815 0.00766946 0.00932131 -0.00524961 0.99987161 -0.00272482 -0.00916507 0.01285815
1778571022.118530 0.00778318 0.00949723 -0.00538886 0.99987349 -0.00279674 -0.00928558 0.01260800
1778571022.185244 0.00767309 0.00934052 -0.00524848 0.99987203 -0.00271810 -0.00920027 0.01280218
1778571022.251958 0.00779176 0.00927870 -0.00531926 0.99987183 -0.00271293 -0.00912534 0.01287208
1778571022.318674 0.00773441 0.00949319 -0.00538755 0.99987291 -0.00279005 -0.00929107 0.01265137
1778571022.385389 0.00769308 0.00936147 -0.00519390 0.99987142 -0.00273771 -0.00922901 0.01282504
1778571022.452104 0.00770209 0.00933171 -0.00529605 0.99987151 -0.00272258 -0.00912959 0.01289225
1778571022.518818 0.00763748 0.00948987 -0.00537540 0.99987303 -0.00278848 -0.00929651 0.01263809
1778571022.585533 0.00771754 0.00935893 -0.00528216 0.99987157 -0.00273065 -0.00920940 0.01282854
1778571022.652246 0.00767615 0.00930228 -0.00522101 0.99987150 -0.00271603 -0.00915993 0.01287273
1778571022.718962 0.00765692 0.00964157 -0.00524405 0.99987228 -0.00286881 -0.00933335 0.01265264
1778571022.785677 0.00774133 0.00951869 -0.00521211 0.99987124 -0.00279343 -0.00923791 0.01282026
1778571022.852392 0.00781175 0.00929579 -0.00537161 0.99987187 -0.00271532 -0.00910124 0.01288550
1778571022.919106 0.00780684 0.00964374 -0.00537814 0.99987269 -0.00287613 -0.00928236 0.01265542
1778571022.985821 0.00773798 0.00949095 -0.00532087 0.99987199 -0.00279109 -0.00924450 0.01275777
1778571023.052536 0.00775510 0.00932214 -0.00532770 0.99987195 -0.00271907 -0.00912959 0.01285850
1778571023.119250 0.00782753 0.00965044 -0.00539837 0.99987244 -0.00288023 -0.00926846 0.01268472
1778571023.185966 0.00790215 0.00960090 -0.00547157 0.99987224 -0.00282187 -0.00919208 0.01276921
1778571023.252681 0.00795803 0.00936485 -0.00547033 0.99987242 -0.00274396 -0.00905174 0.01287194
1778571023.319396 0.00792275 0.00976411 -0.00538200 0.99987270 -0.00291397 -0.00924224 0.01267563
1778571023.386110 0.00786771 0.00969673 -0.00551255 0.99987327 -0.00285651 -0.00916838 0.01269757
1778571023.452826 0.00793775 0.00941818 -0.00547245 0.99987254 -0.00276070 -0.00906074 0.01285244
1778571023.519541 0.00790059 0.00976246 -0.00538712 0.99987316 -0.00291018 -0.00923934 0.01264238
1778571023.586256 0.00786793 0.00975690 -0.00528974 0.99987282 -0.00288890 -0.00927314 0.01264976
1778571023.652972 0.00793008 0.00942740 -0.00537952 0.99987205 -0.00276415 -0.00909425 0.01286581
1778571023.719686 0.00785788 0.00976602 -0.00536280 0.99987269 -0.00291266 -0.00925166 0.01266960
1778571023.786401 0.00802114 0.00978980 -0.00546504 0.99987290 -0.00290961 -0.00920796 0.01268556
1778571023.853117 0.00794489 0.00949067 -0.00536377 0.99987188 -0.00277805 -0.00908861 0.01288039
1778571023.919832 0.00787138 0.00982557 -0.00529466 0.99987224 -0.00292107 -0.00925153 0.01270370
1778571023.986547 0.00785880 0.00985471 -0.00533368 0.99987254 -0.00291869 -0.00928168 0.01265866
1778571024.053262 0.00789406 0.00948503 -0.00537539 0.99987182 -0.00276882 -0.00909760 0.01288079
1778571024.119977 0.00785976 0.00978598 -0.00536774 0.99987239 -0.00290685 -0.00922924 0.01271149
1778571024.186694 0.00783931 0.00988165 -0.00534188 0.99987219 -0.00292940 -0.00928506 0.01268071
1778571024.253408 0.00786679 0.00949009 -0.00538000 0.99987182 -0.00276929 -0.00909574 0.01288179
1778571024.320126 0.00785323 0.00973235 -0.00537865 0.99987228 -0.00289551 -0.00921698 0.01273143
1778571024.386841 0.00786092 0.00994426 -0.00533447 0.99987214 -0.00295790 -0.00929615 0.01267014
1778571024.453557 0.00782701 0.00953430 -0.00529940 0.99987141 -0.00280902 -0.00913801 0.01287539
1778571024.520273 0.00778262 0.00969695 -0.00532177 0.99987230 -0.00287669 -0.00924151 0.01271648
1778571024.586989 0.00779478 0.00983898 -0.00529219 0.99987220 -0.00292235 -0.00933179 0.01264783
1778571024.653704 0.00783177 0.00951623 -0.00540310 0.99987141 -0.00280279 -0.00910658 0.01289903
1778571024.720421 0.00798417 0.00964719 -0.00543079 0.99987151 -0.00287470 -0.00914584 0.01284739
1778571024.787137 0.00785575 0.00981161 -0.00533032 0.99987243 -0.00292111 -0.00931025 0.01264557
1778571024.853853 0.00785945 0.00943966 -0.00537952 0.99987144 -0.00277502 -0.00912554 0.01288935
1778571024.920569 0.00771003 0.00957010 -0.00535337 0.99987128 -0.00283576 -0.00920718 0.01282983
1778571024.987285 0.00781539 0.00975542 -0.00537469 0.99987243 -0.00290579 -0.00930425 0.01265388
1778571025.054001 0.00774761 0.00938880 -0.00530346 0.99987113 -0.00276007 -0.00914916 0.01289967
1778571025.120717 0.00780063 0.00946070 -0.00523848 0.99987025 -0.00281658 -0.00919246 0.01292450
1778571025.187432 0.00783633 0.00972439 -0.00531102 0.99987216 -0.00290632 -0.00932902 0.01265669
1778571025.254148 0.00778026 0.00933678 -0.00534649 0.99987143 -0.00275631 -0.00916235 0.01286738
1778571025.320864 0.00776265 0.00946168 -0.00442278 0.99986724 -0.00280510 -0.00948948 0.01294563
1778571025.387580 0.00784441 0.00969237 -0.00432465 0.99986844 -0.00288929 -0.00965342 0.01271085
1778571025.454295 0.00782387 0.00932613 -0.00449579 0.99986818 -0.00274884 -0.00947383 0.01289660
1778571025.521011 0.00775142 0.00945943 -0.00433938 0.99986726 -0.00280562 -0.00954814 0.01290041
1778571025.587726 0.00788758 0.00975424 -0.00442414 0.99986908 -0.00291441 -0.00968611 0.01262982
1778571025.654442 0.00767676 0.00938409 -0.00435408 0.99986817 -0.00276077 -0.00958384 0.01281279
1778571025.721158 0.00777329 0.00937361 -0.00443034 0.99986806 -0.00277505 -0.00952421 0.01286288
1778571025.787872 0.00789077 0.01001389 -0.00460649 0.99986921 -0.00296472 -0.00967572 0.01261527
1778571025.854589 0.00767051 0.00924517 -0.00433584 0.99986812 -0.00272469 -0.00959658 0.01281517
1778571025.921304 0.00783187 0.00924654 -0.00450436 0.99986858 -0.00274239 -0.00949450 0.01285121
1778571025.988020 0.00782461 0.00990915 -0.00453747 0.99986902 -0.00294109 -0.00970566 0.01261337
1778571026.054736 0.00762336 0.00926288 -0.00428182 0.99986803 -0.00272685 -0.00961896 0.01280494
1778571026.121451 0.00762692 0.00921272 -0.00445737 0.99986896 -0.00271004 -0.00951797 0.01281089
1778571026.188167 0.00767717 0.00956106 -0.00439538 0.99986982 -0.00283882 -0.00971651 0.01256468
1778571026.254885 0.00776679 0.00931539 -0.00449743 0.99986901 -0.00273628 -0.00954118 0.01278430
1778571026.321602 0.00758860 0.00931091 -0.00434108 0.99986842 -0.00273701 -0.00955456 0.01282065
1778571026.388319 0.00779756 0.00993818 -0.00452548 0.99986911 -0.00293593 -0.00969380 0.01261616
1778571026.455035 0.00772967 0.00943903 -0.00442026 0.99986883 -0.00276979 -0.00957330 0.01276740
1778571026.521752 0.00765595 0.00934037 -0.00431014 0.99986851 -0.00274183 -0.00955114 0.01281478
1778571026.588470 0.00774001 0.00964078 -0.00430251 0.99986963 -0.00285717 -0.00973807 0.01255883
1778571026.655187 0.00778530 0.00945297 -0.00441439 0.99986884 -0.00277749 -0.00957744 0.01276189
1778571026.721904 0.00782426 0.00934019 -0.00445190 0.99986881 -0.00275123 -0.00950693 0.01282204
1778571026.788620 0.00787246 0.00999396 -0.00455043 0.99986933 -0.00294887 -0.00968050 0.01260617
1778571026.855338 0.00779184 0.00957742 -0.00427382 0.99986838 -0.00282242 -0.00962884 0.01274918
1778571026.922054 0.00768481 0.00936364 -0.00427559 0.99986858 -0.00274689 -0.00956387 0.01279892
1778571026.988772 0.00805009 0.01001119 -0.00460598 0.99986941 -0.00296611 -0.00965485 0.01261557
1778571027.055489 0.00787136 0.00954754 -0.00448190 0.99986872 -0.00281918 -0.00957328 0.01276491
1778571027.122206 0.00779022 0.00938242 -0.00440834 0.99986905 -0.00275077 -0.00951122 0.01280064
1778571027.188923 0.00806982 0.01008716 -0.00474002 0.99986983 -0.00298418 -0.00958893 0.01262823
1778571027.255638 0.00793178 0.00964000 -0.00449111 0.99986879 -0.00284860 -0.00955935 0.01276353
1778571027.322356 0.00778489 0.00942721 -0.00435496 0.99986856 -0.00276961 -0.00951549 0.01283153
1778571027.389073 0.00793556 0.01013722 -0.00447596 0.99986888 -0.00299296 -0.00967656 0.01263409
1778571027.455790 0.00798444 0.00977708 -0.00449839 0.99986851 -0.00289116 -0.00954935 0.01278371
1778571027.522507 0.00786496 0.00986762 -0.00476516 0.99986870 -0.00295606 -0.00937865 0.01287951
1778571027.589224 0.00825787 0.01076283 -0.00513759 0.99986934 -0.00325154 -0.00943777 0.01271475
1778571027.655941 0.00812070 0.01031345 -0.00493627 0.99986802 -0.00311968 -0.00937398 0.01289695
1778571027.722658 0.00790597 0.00995232 -0.00480799 0.99986794 -0.00297629 -0.00931543 0.01297930
1778571027.789375 0.00821449 0.01037441 -0.00497768 0.99986959 -0.00315346 -0.00940481 0.01274388
1778571027.856092 0.00802088 0.01024042 -0.00493426 0.99986872 -0.00308758 -0.00939980 0.01283176
1778571027.922808 0.00791844 0.00996436 -0.00490045 0.99986838 -0.00297893 -0.00928594 0.01296582
1778571027.989525 0.00825510 0.01074283 -0.00517620 0.99986941 -0.00323355 -0.00935844 0.01277237
1778571028.056243 0.00820517 0.01070175 -0.00519816 0.99986870 -0.00320860 -0.00931790 0.01286302
1778571028.122960 0.00792210 0.01001804 -0.00485265 0.99986854 -0.00299336 -0.00927999 0.01295460
1778571028.189675 0.00813719 0.01077290 -0.00505124 0.99986956 -0.00323140 -0.00939371 0.01273471
1778571028.256390 0.00797528 0.01037788 -0.00495354 0.99986895 -0.00312618 -0.00939304 0.01280959
1778571028.323104 0.00793526 0.00997901 -0.00490908 0.99986873 -0.00298961 -0.00927483 0.01294444
1778571028.389819 0.00813319 0.01070432 -0.00514395 0.99986967 -0.00321539 -0.00937784 0.01274244
1778571028.456534 0.00802864 0.01041642 -0.00486935 0.99986767 -0.00314421 -0.00938499 0.01291012
1778571028.523248 0.00786331 0.01004922 -0.00482495 0.99986864 -0.00299781 -0.00929414 0.01293588
1778571028.589963 0.00807840 0.01079161 -0.00501935 0.99986932 -0.00323592 -0.00942089 0.01273272
1778571028.656679 0.00804457 0.01042831 -0.00478474 0.99986880 -0.00314001 -0.00943573 0.01278604
1778571028.723393 0.00774149 0.00995517 -0.00491493 0.99986986 -0.00295963 -0.00931404 0.01283525
1778571028.790107 0.00805187 0.01040608 -0.00496246 0.99986997 -0.00314689 -0.00941985 0.01270434
1778571028.856823 0.00799267 0.01028194 -0.00490108 0.99986979 -0.00309902 -0.00943400 0.01271972
1778571028.923537 0.00788695 0.00996808 -0.00490920 0.99986866 -0.00298036 -0.00927981 0.01294842
1778571028.990252 0.00808485 0.01068329 -0.00512780 0.99986923 -0.00321283 -0.00937564 0.01277913
1778571029.056967 0.00822433 0.01072738 -0.00496830 0.99986844 -0.00321404 -0.00939971 0.01282231
1778571029.123682 0.00792777 0.00997736 -0.00490435 0.99986892 -0.00298823 -0.00927184 0.01293241
1778571029.190398 0.00817669 0.01066490 -0.00518981 0.99986959 -0.00320821 -0.00935030 0.01276998
1778571029.257113 0.00808670 0.01068183 -0.00504562 0.99986950 -0.00319553 -0.00942468 0.01272601
1778571029.323828 0.00787343 0.00994999 -0.00486327 0.99986871 -0.00296588 -0.00928808 0.01294228
1778571029.390544 0.00806001 0.01071303 -0.00505668 0.99986992 -0.00321272 -0.00938557 0.01271750
1778571029.457259 0.00826541 0.01081656 -0.00515837 0.99986986 -0.00323803 -0.00935151 0.01274090
1778571029.523974 0.00799427 0.01003910 -0.00498590 0.99986857 -0.00301701 -0.00925327 0.01296618
1778571029.590690 0.00823840 0.01069230 -0.00506801 0.99986979 -0.00322349 -0.00936666 0.01273873
1778571029.657405 0.00821539 0.01077747 -0.00511569 0.99986972 -0.00323838 -0.00939789 0.01271787
1778571029.724121 0.00817337 0.01003807 -0.00506042 0.99986901 -0.00301182 -0.00919927 0.01297143
1778571029.790836 0.00816013 0.01062738 -0.00517715 0.99986994 -0.00319573 -0.00933651 0.01275594
1778571029.857552 0.00823366 0.01082288 -0.00517228 0.99986986 -0.00324872 -0.00937029 0.01272449
1778571029.924266 0.00789082 0.01004527 -0.00487263 0.99986907 -0.00300449 -0.00929013 0.01290400
1778571029.990983 0.00806755 0.01054065 -0.00510815 0.99986975 -0.00316195 -0.00935739 0.01276409
1778571030.057698 0.00818671 0.01080736 -0.00531936 0.99987120 -0.00324921 -0.00933090 0.01264722
1778571030.124413 0.00795482 0.01000362 -0.00497752 0.99986931 -0.00299681 -0.00926231 0.01290725
1778571030.191127 0.00810136 0.01043107 -0.00506637 0.99986962 -0.00312937 -0.00936888 0.01277372
1778571030.257841 0.00829250 0.01077214 -0.00519624 0.99986970 -0.00324289 -0.00937362 0.01273563
1778571030.324554 0.00808021 0.01000293 -0.00490417 0.99986913 -0.00300111 -0.00927586 0.01291011
1778571030.391269 0.00816247 0.01053382 -0.00514941 0.99986866 -0.00317111 -0.00930623 0.01288415
1778571030.457984 0.00828180 0.01069671 -0.00510109 0.99987004 -0.00321525 -0.00940802 0.01269070
1778571030.524698 0.00797304 0.00988770 -0.00479119 0.99986901 -0.00296727 -0.00932370 0.01289288
1778571030.591412 0.00808932 0.01042161 -0.00498776 0.99986970 -0.00313201 -0.00940192 0.01274269
1778571030.658126 0.00830838 0.01069792 -0.00506249 0.99986965 -0.00322467 -0.00943020 0.01270288
1778571030.724840 0.00767577 0.00975568 -0.00482914 0.99986884 -0.00290103 -0.00942730 0.01284592
1778571030.791554 0.00821619 0.01097948 -0.00489985 0.99978397 -0.00322852 -0.01049695 0.01764675
1778571030.858268 0.00555611 0.00929416 -0.00325887 0.99979337 -0.00259152 -0.01077149 0.01704309
1778571030.924982 0.00580525 0.00988317 -0.00375459 0.99980113 -0.00284094 -0.00975249 0.01716171
1778571030.991696 0.00593814 0.00988863 -0.00373208 0.99979680 -0.00278330 -0.00979109 0.01739958
1778571031.058410 0.00595264 0.01041494 -0.00395285 0.99980300 -0.00296974 -0.00979887 0.01700382
1778571031.125124 0.00594814 0.00940595 -0.00456557 0.99982071 -0.00258263 -0.00953452 0.01615455
1778571031.191838 0.00582853 0.00939527 -0.00456492 0.99982937 -0.00256558 -0.00952528 0.01561774
1778571031.258553 0.00571560 0.00986669 -0.00439716 0.99983320 -0.00269559 -0.00977735 0.01518900
1778571031.325268 0.00583429 0.00943926 -0.00428621 0.99983967 -0.00258499 -0.00980119 0.01476116
1778571031.391983 0.00576956 0.00961798 -0.00419148 0.99984408 -0.00263070 -0.00981419 0.01444248
1778571031.458698 0.00559511 0.01003258 -0.00439222 0.99985240 -0.00274946 -0.00989608 0.01377266
1778571031.525411 0.00597285 0.00983353 -0.00402786 0.99985869 -0.00272680 -0.00995668 0.01326783
1778571031.592127 0.00594672 0.00982478 -0.00393718 0.99985872 -0.00272902 -0.00994985 0.01326968
1778571031.658842 0.00580202 0.00997390 -0.00437037 0.99986483 -0.00277625 -0.01002582 0.01273175
1778571031.725557 0.00600860 0.00986317 -0.00402383 0.99986980 -0.00276398 -0.01002216 0.01234110
1778571031.792271 0.00611252 0.00981752 -0.00393790 0.99986999 -0.00272892 -0.01003452 0.01232353
1778571031.858986 0.00585005 0.01003784 -0.00441628 0.99987284 -0.00284150 -0.01009331 0.01201481
1778571031.925701 0.00597396 0.00984963 -0.00401581 0.99987802 -0.00274271 -0.01007796 0.01161242
1778571031.992416 0.00598301 0.00977142 -0.00401599 0.99987788 -0.00275795 -0.01008388 0.01161628
1778571032.059130 0.00581787 0.00998861 -0.00445649 0.99988058 -0.00280735 -0.01013292 0.01132590
1778571032.125845 0.00599716 0.00985202 -0.00408749 0.99988423 -0.00277120 -0.01011511 0.01102378
1778571032.192560 0.00602413 0.00972658 -0.00408106 0.99988399 -0.00273234 -0.01015495 0.01101931
1778571032.259277 0.00579781 0.00996823 -0.00443885 0.99988601 -0.00279514 -0.01019030 0.01078512
1778571032.325992 0.00599036 0.00987214 -0.00403721 0.99988828 -0.00278779 -0.01016001 0.01060349
1778571032.392708 0.00596265 0.00979793 -0.00398531 0.99988888 -0.00277705 -0.01015531 0.01055436
1778571032.459424 0.00563649 0.00987751 -0.00424689 0.99988863 -0.00279590 -0.01026209 0.01046927
1778571032.526140 0.00575746 0.00968532 -0.00412569 0.99988883 -0.00272924 -0.01025171 0.01047800
1778571032.592856 0.00573340 0.00960625 -0.00417135 0.99988992 -0.00269673 -0.01021774 0.01041504
1778571032.659571 0.00564378 0.00984175 -0.00430490 0.99988996 -0.00277426 -0.01030782 0.01030166
1778571032.726288 0.00575945 0.00962873 -0.00415686 0.99988999 -0.00272140 -0.01029327 0.01032682
1778571032.793004 0.00576668 0.00957411 -0.00418680 0.99989095 -0.00268836 -0.01026420 0.01027132
1778571032.859720 0.00572729 0.00989237 -0.00433547 0.99989136 -0.00280118 -0.01032696 0.01013821
1778571032.926435 0.00576449 0.00966547 -0.00420663 0.99989245 -0.00272467 -0.01029981 0.01007887
1778571032.993151 0.00572618 0.00958436 -0.00420938 0.99989273 -0.00269927 -0.01028887 0.01006864
1778571033.059867 0.00573455 0.00991046 -0.00435322 0.99989301 -0.00280711 -0.01035658 0.00994112
1778571033.126583 0.00579496 0.00975683 -0.00418360 0.99989356 -0.00276843 -0.01030777 0.00994774
1778571033.193298 0.00578744 0.00967634 -0.00424834 0.99989457 -0.00271730 -0.01028049 0.00988869
1778571033.260012 0.00573245 0.00989599 -0.00438515 0.99989453 -0.00278963 -0.01035224 0.00979695
1778571033.326728 0.00582707 0.00970785 -0.00418746 0.99989520 -0.00273671 -0.01031766 0.00977945
1778571033.393442 0.00585154 0.00967138 -0.00420759 0.99989497 -0.00273483 -0.01030700 0.00981515
1778571033.460157 0.00573530 0.00991614 -0.00434298 0.99989600 -0.00279972 -0.01038623 0.00960575
1778571033.526873 0.00615907 0.00973436 -0.00433431 0.99989676 -0.00274365 -0.01033099 0.00960289
1778571033.593587 0.00617331 0.00971687 -0.00437021 0.99989704 -0.00274152 -0.01028294 0.00962618
1778571033.660302 0.00599281 0.00992619 -0.00442909 0.99989700 -0.00280897 -0.01034204 0.00954683
1778571033.727016 0.00604065 0.00975507 -0.00422155 0.99989740 -0.00275421 -0.01032634 0.00953740
1778571033.793731 0.00603294 0.00968992 -0.00422032 0.99989777 -0.00273039 -0.01031702 0.00951569
1778571033.860447 0.00609445 0.00989454 -0.00443078 0.99989777 -0.00279417 -0.01036405 0.00944559
1778571033.927162 0.00622197 0.00978098 -0.00423572 0.99989878 -0.00278059 -0.01025336 0.00946361
1778571033.993876 0.00606837 0.00964259 -0.00422551 0.99989878 -0.00269459 -0.01029394 0.00944524
1778571034.060591 0.00592178 0.00985637 -0.00434835 0.99989883 -0.00277639 -0.01037057 0.00933107
1778571034.127306 0.00601794 0.00970139 -0.00423882 0.99989894 -0.00272645 -0.01035214 0.00935513
1778571034.194024 0.00603540 0.00957541 -0.00433577 0.99990006 -0.00264412 -0.01033090 0.00928145
1778571034.260742 0.00599311 0.00991507 -0.00442550 0.99989864 -0.00282191 -0.01038466 0.00932228
1778571034.327460 0.00601708 0.00978375 -0.00420418 0.99989880 -0.00278626 -0.01034706 0.00935813
1778571034.394177 0.00598665 0.00971038 -0.00421467 0.99989944 -0.00273665 -0.01035605 0.00929382
1778571034.460896 0.00606960 0.00994398 -0.00446250 0.99989924 -0.00282191 -0.01041620 0.00922177
1778571034.527614 0.00613792 0.00980054 -0.00432482 0.99989999 -0.00279690 -0.01031603 0.00926120
1778571034.594332 0.00601273 0.00969575 -0.00430905 0.99990019 -0.00272508 -0.01035169 0.00922089
1778571034.661050 0.00591012 0.00993407 -0.00440480 0.99990008 -0.00280436 -0.01039355 0.00916150
1778571034.727767 0.00603206 0.00982791 -0.00422600 0.99990093 -0.00277645 -0.01031195 0.00916999
1778571034.794486 0.00605622 0.00976988 -0.00434073 0.99990115 -0.00273078 -0.01029422 0.00917963
1778571034.861204 0.00596901 0.01001072 -0.00447571 0.99990103 -0.00282707 -0.01035109 0.00909907
1778571034.927921 0.00600010 0.00983584 -0.00429078 0.99990185 -0.00275681 -0.01030800 0.00907928
1778571034.994640 0.00598273 0.00984914 -0.00425395 0.99990183 -0.00275789 -0.01031943 0.00906831
1778571035.061359 0.00603977 0.01004179 -0.00447690 0.99990156 -0.00283222 -0.01037690 0.00900932
1778571035.128077 0.00610494 0.00993817 -0.00434367 0.99990228 -0.00280518 -0.01027120 0.00905846
1778571035.194791 0.00601597 0.00986931 -0.00427768 0.99990206 -0.00277012 -0.01032294 0.00903504
1778571035.261504 0.00580900 0.00993102 -0.00434714 0.99990286 -0.00276646 -0.01036513 0.00889888
1778571035.328217 0.00576250 0.00971074 -0.00405297 0.99990260 -0.00270937 -0.01035709 0.00895423
1778571035.394932 0.00571360 0.00963716 -0.00406836 0.99990258 -0.00267005 -0.01041349 0.00890289
1778571035.461645 0.00558293 0.00980625 -0.00418389 0.99990198 -0.00272888 -0.01049297 0.00885889
1778571035.528358 0.00584931 0.00966988 -0.00410114 0.99990240 -0.00270009 -0.01042280 0.00890260
1778571035.595073 0.00606806 0.00967569 -0.00425330 0.99990228 -0.00268718 -0.01041286 0.00893179
1778571035.661786 0.00581041 0.00980667 -0.00430707 0.99990322 -0.00271801 -0.01044900 0.00877385
1778571035.728500 0.00574479 0.00965047 -0.00401870 0.99990318 -0.00266470 -0.01040895 0.00884249
1778571035.795213 0.00575123 0.00957111 -0.00404147 0.99990229 -0.00264189 -0.01044796 0.00890347
1778571035.861927 0.00567734 0.00973318 -0.00413687 0.99990225 -0.00269856 -0.01051242 0.00881484
1778571035.928640 0.00584392 0.00966902 -0.00401310 0.99990267 -0.00269625 -0.01041281 0.00888582
1778571035.995353 0.00585031 0.00966395 -0.00407473 0.99990205 -0.00269116 -0.01045073 0.00891248
1778571036.062066 0.00571769 0.00981385 -0.00416439 0.99990213 -0.00273374 -0.01051267 0.00881667
1778571036.128781 0.00593107 0.00964992 -0.00417190 0.99990243 -0.00268730 -0.01043028 0.00889481
1778571036.195495 0.00604387 0.00968519 -0.00430619 0.99990205 -0.00268510 -0.01044706 0.00891804
1778571036.262209 0.00574305 0.00976065 -0.00429235 0.99990234 -0.00271235 -0.01048528 0.00883243
1778571036.328922 0.00584521 0.00962506 -0.00406146 0.99990206 -0.00269012 -0.01046275 0.00889713
1778571036.395637 0.00586917 0.00958604 -0.00414676 0.99990187 -0.00266995 -0.01043764 0.00895421
1778571036.462350 0.00569343 0.00970052 -0.00421175 0.99990142 -0.00270136 -0.01050882 0.00891137
1778571036.529063 0.00580114 0.00960450 -0.00397169 0.99990222 -0.00267389 -0.01040335 0.00895345
1778571036.595778 0.00574807 0.00960825 -0.00405843 0.99990139 -0.00267748 -0.01044887 0.00899213
1778571036.662492 0.00566938 0.00970218 -0.00418217 0.99990166 -0.00268904 -0.01050478 0.00889352
1778571036.729206 0.00599393 0.00961994 -0.00417463 0.99990142 -0.00269371 -0.01042750 0.00900876
1778571036.795920 0.00585435 0.00954940 -0.00419991 0.99990149 -0.00264599 -0.01042637 0.00901649
1778571036.862633 0.00571234 0.00970045 -0.00418074 0.99990090 -0.00269885 -0.01048653 0.00899704
1778571036.929346 0.00582935 0.00957211 -0.00403958 0.99990130 -0.00266348 -0.01040391 0.00905892
1778571036.996060 0.00570578 0.00946270 -0.00407123 0.99990100 -0.00260229 -0.01046200 0.00904242
1778571037.062775 0.00584794 0.00968077 -0.00424724 0.99989983 -0.00270042 -0.01053862 0.00905452
1778571037.129488 0.00590111 0.00949650 -0.00411937 0.99990110 -0.00263648 -0.01039254 0.00910102
1778571037.196204 0.00568544 0.00947360 -0.00404144 0.99990040 -0.00262399 -0.01046825 0.00909519
1778571037.262920 0.00558281 0.00963584 -0.00413211 0.99990021 -0.00267399 -0.01051623 0.00904592
1778571037.329636 0.00572035 0.00953580 -0.00391124 0.99990040 -0.00264460 -0.01040905 0.00915657
1778571037.396351 0.00566052 0.00948959 -0.00401121 0.99989943 -0.00261953 -0.01049669 0.00916953
1778571037.463067 0.00559998 0.00970960 -0.00408930 0.99989937 -0.00269828 -0.01054032 0.00910320
1778571037.529783 0.00571130 0.00957743 -0.00396043 0.99989995 -0.00264812 -0.01047783 0.00912666
1778571037.596499 0.00567504 0.00954145 -0.00404598 0.99989926 -0.00262773 -0.01053279 0.00914434
1778571037.663213 0.00562382 0.00969408 -0.00412879 0.99989843 -0.00269661 -0.01058369 0.00915634
1778571037.729930 0.00583465 0.00951962 -0.00396127 0.99989947 -0.00262985 -0.01045841 0.00920657
1778571037.796646 0.00579665 0.00949955 -0.00406710 0.99989868 -0.00261236 -0.01052785 0.00921809
1778571037.863361 0.00568480 0.00972151 -0.00414018 0.99989898 -0.00270388 -0.01052164 0.00916624
1778571037.930077 0.00572161 0.00948252 -0.00400397 0.99990049 -0.00260864 -0.01042245 0.00914252
1778571037.996794 0.00579379 0.00947011 -0.00416861 0.99989839 -0.00261334 -0.01054350 0.00923140
1778571038.063509 0.00573666 0.00968214 -0.00426502 0.99989913 -0.00268181 -0.01047575 0.00920870
1778571038.130225 0.00573489 0.00953379 -0.00394683 0.99989968 -0.00263532 -0.01040132 0.00924634
1778571038.196939 0.00566956 0.00944071 -0.00401647 0.99989842 -0.00258454 -0.01050208 0.00928328
1778571038.263652 0.00558372 0.00964267 -0.00408291 0.99989809 -0.00266690 -0.01054292 0.00924937
1778571038.330366 0.00564007 0.00950644 -0.00384843 0.99989831 -0.00263483 -0.01045429 0.00933471
1778571038.397079 0.00558674 0.00946461 -0.00394998 0.99989744 -0.00261282 -0.01052360 0.00935595
1778571038.463792 0.00568913 0.00962764 -0.00416770 0.99989710 -0.00266525 -0.01058636 0.00930623
1778571038.530506 0.00577567 0.00953410 -0.00402190 0.99989829 -0.00263797 -0.01039532 0.00940111
1778571038.597220 0.00554748 0.00943755 -0.00406383 0.99989704 -0.00258282 -0.01051185 0.00941966
1778571038.663932 0.00544902 0.00952598 -0.00407840 0.99989718 -0.00261242 -0.01055246 0.00935128
1778571038.730647 0.00575277 0.00947089 -0.00395236 0.99989797 -0.00263057 -0.01036772 0.00946776
1778571038.797360 0.00564825 0.00948971 -0.00406347 0.99989793 -0.00262950 -0.01035827 0.00948288
1778571038.864074 0.00550301 0.00965239 -0.00401116 0.99989730 -0.00268046 -0.01042661 0.00946000
1778571038.930787 0.00585250 0.00949360 -0.00394102 0.99989786 -0.00263701 -0.01030142 0.00955019
1778571038.997499 0.00574986 0.00954127 -0.00412151 0.99989731 -0.00263482 -0.01032578 0.00958122
1778571039.064213 0.00544588 0.00969483 -0.00410947 0.99989673 -0.00268132 -0.01040639 0.00954193
1778571039.130927 0.00560304 0.00942498 -0.00403333 0.99989685 -0.00259330 -0.01036576 0.00959725
1778571039.197642 0.00556822 0.00946448 -0.00417938 0.99989648 -0.00260427 -0.01034651 0.00965408
1778571039.264358 0.00544578 0.00957620 -0.00414238 0.99989576 -0.00263612 -0.01041655 0.00964434
1778571039.331074 0.00577582 0.00945602 -0.00399402 0.99989600 -0.00262306 -0.01027863 0.00977054
1778571039.397789 0.00563559 0.00944772 -0.00412864 0.99989607 -0.00260207 -0.01029932 0.00974689
1778571039.464505 0.00548428 0.00954569 -0.00407556 0.99989557 -0.00263587 -0.01038555 0.00969752
1778571039.531221 0.00563913 0.00941525 -0.00386728 0.99989654 -0.00259086 -0.01026185 0.00974109
1778571039.597936 0.00558612 0.00948816 -0.00398855 0.99989300 -0.00259973 -0.01052894 0.00981652
1778571039.664652 0.00555280 0.00958995 -0.00404938 0.99989323 -0.00264325 -0.01054231 0.00976696
1778571039.731368 0.00576795 0.00943607 -0.00387374 0.99989404 -0.00259206 -0.01041290 0.00983652
1778571039.798083 0.00566298 0.00948515 -0.00404565 0.99988996 -0.00259436 -0.01074960 0.00988836
1778571039.864799 0.00555137 0.00954611 -0.00409196 0.99989121 -0.00261062 -0.01072634 0.00978259
1778571039.931515 0.00566969 0.00945700 -0.00387480 0.99989258 -0.00259103 -0.01054434 0.00984512
1778571039.998230 0.00571790 0.00942642 -0.00413207 0.99988931 -0.00257210 -0.01080401 0.00990037
1778571040.064946 0.00561174 0.00965412 -0.00419575 0.99989054 -0.00264832 -0.01071471 0.00985312
1778571040.131662 0.00565710 0.00944813 -0.00383914 0.99989038 -0.00258055 -0.01062784 0.00998100
1778571040.198378 0.00566614 0.00941380 -0.00403308 0.99988666 -0.00256200 -0.01092296 0.01003915
1778571040.265094 0.00567611 0.00961655 -0.00412216 0.99988700 -0.00264658 -0.01088397 0.01002632
1778571040.331810 0.00581122 0.00947255 -0.00392899 0.99988850 -0.00259386 -0.01069959 0.01008880
1778571040.398526 0.00569081 0.00937106 -0.00405627 0.99988679 -0.00254907 -0.01086100 0.01009727
1778571040.465242 0.00565745 0.00953350 -0.00412052 0.99988672 -0.00260877 -0.01090617 0.01003976
1778571040.531959 0.00573027 0.00945974 -0.00386653 0.99988719 -0.00258662 -0.01079759 0.01011528
1778571040.598675 0.00560302 0.00941143 -0.00396082 0.99988377 -0.00255978 -0.01109171 0.01014194
1778571040.665391 0.00556290 0.00957139 -0.00396697 0.99988413 -0.00262041 -0.01107364 0.01011074
1778571040.732107 0.00575918 0.00944809 -0.00375769 0.99988561 -0.00257095 -0.01087615 0.01019125
1778571040.798824 0.00580994 0.00940067 -0.00407046 0.99988070 -0.00256867 -0.01123331 0.01028613
1778571040.865540 0.00567111 0.00960821 -0.00413670 0.99988218 -0.00263679 -0.01109523 0.01027507
1778571040.932256 0.00568352 0.00943025 -0.00373877 0.99988355 -0.00257738 -0.01091329 0.01035064
1778571040.998971 0.00603997 0.00963905 -0.00428063 0.99988940 -0.00266477 -0.01074179 0.00993486
1778571041.065688 0.00558966 0.00962321 -0.00404753 0.99989194 -0.00262673 -0.01065296 0.00978393
1778571041.132405 0.00585533 0.00932247 -0.00384320 0.99989264 -0.00255315 -0.01042657 0.00997423
1778571041.199120 0.00559293 0.00961210 -0.00403687 0.99989587 -0.00262502 -0.01039938 0.00965496
1778571041.265834 0.00550020 0.00962026 -0.00395988 0.99989605 -0.00262784 -0.01049828 0.00952748
1778571041.332549 0.00602493 0.00931286 -0.00399326 0.99989603 -0.00256677 -0.01027494 0.00978609
1778571041.399265 0.00555600 0.00960624 -0.00401526 0.99989783 -0.00262479 -0.01034872 0.00950499
1778571041.465980 0.00597412 0.00965787 -0.00426250 0.99989774 -0.00266751 -0.01040053 0.00944625
1778571041.532695 0.00618731 0.00937456 -0.00405059 0.99989770 -0.00258787 -0.01023880 0.00964652
1778571041.599410 0.00550660 0.00957706 -0.00394729 0.99989926 -0.00261728 -0.01039287 0.00930619
1778571041.666125 0.00551963 0.00964569 -0.00397237 0.99989925 -0.00263765 -0.01046614 0.00921939
1778571041.732840 0.00574926 0.00930182 -0.00373575 0.99989832 -0.00254949 -0.01036780 0.00945268
1778571041.799555 0.00553426 0.00960325 -0.00388364 0.99989937 -0.00263081 -0.01040702 0.00927494
1778571041.866269 0.00564632 0.00963859 -0.00399149 0.99990004 -0.00264358 -0.01048086 0.00911441
1778571041.932985 0.00571966 0.00925823 -0.00381377 0.99989925 -0.00253235 -0.01038149 0.00934313
1778571041.999700 0.00555655 0.00958222 -0.00388989 0.99990058 -0.00262629 -0.01044446 0.00910152
1778571042.066414 0.00557195 0.00958227 -0.00394731 0.99990060 -0.00262295 -0.01050780 0.00902791
1778571042.133129 0.00580545 0.00922035 -0.00377580 0.99989998 -0.00253330 -0.01038617 0.00925965
1778571042.199846 0.00580070 0.00957120 -0.00400938 0.99990173 -0.00263173 -0.01039802 0.00902666
1778571042.266563 0.00565547 0.00956167 -0.00394648 0.99990136 -0.00262799 -0.01049609 0.00895489
1778571042.333278 0.00593057 0.00924675 -0.00384130 0.99990042 -0.00254825 -0.01034873 0.00925040
1778571042.399996 0.00564543 0.00959233 -0.00388789 0.99990130 -0.00263859 -0.01042196 0.00904450
1778571042.466712 0.00577504 0.00965871 -0.00391179 0.99990180 -0.00265460 -0.01047869 0.00891828
1778571042.533428 0.00580564 0.00922988 -0.00375442 0.99990041 -0.00254180 -0.01039517 0.00920052
1778571042.600145 0.00597808 0.00957336 -0.00410157 0.99990266 -0.00265717 -0.01035551 0.00896473
1778571042.666861 0.00635906 0.00982738 -0.00432356 0.99990326 -0.00273306 -0.01029823 0.00894086
1778571042.733578 0.00608514 0.00930717 -0.00402781 0.99990182 -0.00257696 -0.01027693 0.00917027
1778571042.800294 0.00575343 0.00964379 -0.00384438 0.99990244 -0.00264877 -0.01038538 0.00895741
1778571042.867010 0.00617808 0.00975677 -0.00417190 0.99990253 -0.00270613 -0.01035523 0.00896561
1778571042.933726 0.00573326 0.00922418 -0.00370033 0.99990033 -0.00252917 -0.01037541 0.00923510
1778571043.000443 0.00554463 0.00952388 -0.00376231 0.99990133 -0.00260976 -0.01047623 0.00898748
1778571043.067161 0.00569451 0.00961537 -0.00389443 0.99990103 -0.00264597 -0.01049729 0.00898519
1778571043.133877 0.00572303 0.00926738 -0.00367999 0.99990060 -0.00253766 -0.01038665 0.00919104
1778571043.200594 0.00566370 0.00955629 -0.00382806 0.99990141 -0.00263274 -0.01044267 0.00901039
1778571043.267311 0.00600166 0.00958162 -0.00416876 0.99990194 -0.00265209 -0.01042981 0.00896131
1778571043.334029 0.00566639 0.00919179 -0.00366131 0.99990067 -0.00250889 -0.01039242 0.00918412
1778571043.400746 0.00562316 0.00953920 -0.00381283 0.99990143 -0.00262180 -0.01046617 0.00898408
1778571043.467463 0.00583621 0.00951313 -0.00405144 0.99990181 -0.00263240 -0.01048872 0.00891179
1778571043.534181 0.00578868 0.00920945 -0.00370976 0.99990058 -0.00253035 -0.01037100 0.00921276
1778571043.600898 0.00546609 0.00945886 -0.00374945 0.99990172 -0.00259221 -0.01049187 0.00893067
1778571043.667614 0.00545284 0.00946031 -0.00382546 0.99990173 -0.00258571 -0.01054684 0.00886624
1778571043.734332 0.00568571 0.00915992 -0.00384089 0.99990140 -0.00250675 -0.01038184 0.00911768
1778571043.801049 0.00542784 0.00943235 -0.00380091 0.99990201 -0.00257852 -0.01047205 0.00892468
1778571043.867767 0.00547601 0.00947896 -0.00384257 0.99990188 -0.00259498 -0.01053354 0.00886185
1778571043.934485 0.00562571 0.00911403 -0.00369925 0.99990136 -0.00248257 -0.01038449 0.00912518
1778571044.001203 0.00547732 0.00940006 -0.00376762 0.99990221 -0.00256819 -0.01045571 0.00892504
1778571044.067919 0.00557485 0.00948147 -0.00393973 0.99990173 -0.00259931 -0.01049776 0.00892023
1778571044.134638 0.00566394 0.00913908 -0.00371437 0.99990120 -0.00249535 -0.01040233 0.00911904
1778571044.201352 0.00552169 0.00944765 -0.00388220 0.99990213 -0.00258535 -0.01043282 0.00895545
1778571044.268066 0.00545539 0.00948751 -0.00385410 0.99990174 -0.00259150 -0.01055241 0.00885676
1778571044.334780 0.00556201 0.00910941 -0.00375326 0.99990200 -0.00247640 -0.01040268 0.00903565
1778571044.401495 0.00538570 0.00939313 -0.00382855 0.99990257 -0.00256291 -0.01043628 0.00890840
1778571044.468210 0.00549230 0.00957189 -0.00409128 0.99990294 -0.00261646 -0.01043732 0.00885068
1778571044.534924 0.00577040 0.00926011 -0.00386383 0.99990127 -0.00253101 -0.01038185 0.00912490
1778571044.601638 0.00538498 0.00945104 -0.00381764 0.99990239 -0.00257341 -0.01047424 0.00888146
1778571044.668353 0.00537828 0.00944676 -0.00386767 0.99990227 -0.00257466 -0.01053848 0.00881818
1778571044.735067 0.00552911 0.00908784 -0.00377794 0.99990224 -0.00247133 -0.01040266 0.00901032
1778571044.801781 0.00544800 0.00942406 -0.00376271 0.99990204 -0.00257317 -0.01042949 0.00897282
1778571044.868495 0.00587213 0.00950985 -0.00419034 0.99990276 -0.00262817 -0.01040098 0.00890928
1778571044.935210 0.00563595 0.00909040 -0.00389093 0.99990259 -0.00247326 -0.01035164 0.00902943
1778571045.001924 0.00550635 0.00935922 -0.00392251 0.99990278 -0.00255616 -0.01043010 0.00889418
1778571045.068638 0.00526061 0.00943399 -0.00384924 0.99990205 -0.00256687 -0.01056453 0.00881425
1778571045.135352 0.00549640 0.00905881 -0.00365378 0.99990161 -0.00245997 -0.01043265 0.00904836
1778571045.202066 0.00534067 0.00929926 -0.00372607 0.99990221 -0.00253190 -0.01045973 0.00893027
1778571045.268779 0.00543406 0.00937038 -0.00389944 0.99990172 -0.00256608 -0.01056223 0.00885413
1778571045.335493 0.00547162 0.00898562 -0.00379977 0.99990234 -0.00243649 -0.01043495 0.00897105
1778571045.402207 0.00563610 0.00924220 -0.00401837 0.99990349 -0.00253217 -0.01037773 0.00888248
1778571045.468921 0.00531757 0.00934764 -0.00389830 0.99990244 -0.00254844 -0.01050951 0.00884078
1778571045.535635 0.00555696 0.00903534 -0.00369555 0.99990155 -0.00245652 -0.01041062 0.00908199
1778571045.602347 0.00549338 0.00928357 -0.00390575 0.99990267 -0.00253278 -0.01041584 0.00893043
1778571045.669062 0.00532515 0.00933350 -0.00390751 0.99990210 -0.00253564 -0.01055216 0.00883254
1778571045.735776 0.00557765 0.00900786 -0.00382121 0.99990210 -0.00244335 -0.01039637 0.00904132
1778571045.802489 0.00530345 0.00923075 -0.00378378 0.99990270 -0.00249987 -0.01045849 0.00888559
1778571045.869203 0.00526438 0.00935472 -0.00377355 0.99990199 -0.00253736 -0.01053421 0.00886583
1778571045.935916 0.00548996 0.00903467 -0.00377127 0.99990225 -0.00245160 -0.01035465 0.00906973
1778571046.002630 0.00538238 0.00925601 -0.00377644 0.99990294 -0.00251720 -0.01037830 0.00894840
1778571046.069344 0.00524404 0.00938457 -0.00376993 0.99990196 -0.00255062 -0.01051885 0.00888373
1778571046.136057 0.00541189 0.00900186 -0.00371828 0.99990214 -0.00243533 -0.01036240 0.00907704
1778571046.202771 0.00523324 0.00923662 -0.00374139 0.99990274 -0.00250224 -0.01039445 0.00895565
1778571046.269484 0.00519838 0.00934627 -0.00383014 0.99990219 -0.00253640 -0.01049848 0.00888614
1778571046.336197 0.00539301 0.00902307 -0.00374365 0.99990214 -0.00244023 -0.01035366 0.00908650
1778571046.402910 0.00522439 0.00927081 -0.00378630 0.99990270 -0.00250667 -0.01039154 0.00896264
1778571046.469624 0.00513754 0.00936097 -0.00383282 0.99990155 -0.00254000 -0.01054162 0.00890562
1778571046.536337 0.00532387 0.00899665 -0.00374493 0.99990180 -0.00242565 -0.01037923 0.00909804
1778571046.603049 0.00524893 0.00928849 -0.00376327 0.99990231 -0.00251489 -0.01038590 0.00901007
1778571046.669762 0.00520736 0.00943308 -0.00384249 0.99990181 -0.00256108 -0.01050163 0.00891761
1778571046.736475 0.00539051 0.00902227 -0.00377350 0.99990187 -0.00243606 -0.01035880 0.00911134
1778571046.803188 0.00524401 0.00926224 -0.00383357 0.99990253 -0.00250835 -0.01037901 0.00899542
1778571046.869902 0.00522105 0.00938098 -0.00393339 0.99990204 -0.00254741 -0.01048407 0.00891664
1778571046.936615 0.00541076 0.00907483 -0.00378966 0.99990191 -0.00245565 -0.01033487 0.00912851
1778571047.003328 0.00531921 0.00931414 -0.00379365 0.99990226 -0.00253087 -0.01037649 0.00902209
1778571047.070040 0.00524115 0.00941240 -0.00392852 0.99990213 -0.00255908 -0.01046600 0.00892388
1778571047.136754 0.00540205 0.00906117 -0.00377921 0.99990189 -0.00244828 -0.01033708 0.00913021
1778571047.203469 0.00527613 0.00929544 -0.00380944 0.99990184 -0.00252416 -0.01034073 0.00911077
1778571047.270184 0.00525568 0.00944001 -0.00392347 0.99990162 -0.00256965 -0.01044813 0.00899937
1778571047.336899 0.00545503 0.00902064 -0.00377491 0.99990160 -0.00244084 -0.01032010 0.00918251
1778571047.403614 0.00524210 0.00918670 -0.00381140 0.99990202 -0.00249120 -0.01035027 0.00908930
1778571047.470329 0.00518604 0.00928852 -0.00391788 0.99990150 -0.00252098 -0.01048021 0.00898885
1778571047.537044 0.00540119 0.00889681 -0.00378206 0.99990140 -0.00240226 -0.01033296 0.00920098
1778571047.603760 0.00570323 0.00911984 -0.00409623 0.99990278 -0.00249790 -0.01024106 0.00912794
1778571047.670475 0.00546220 0.00931173 -0.00410989 0.99990221 -0.00253447 -0.01034357 0.00906427
1778571047.737190 0.00556231 0.00894551 -0.00388433 0.99990100 -0.00243252 -0.01028856 0.00928550
1778571047.803905 0.00527998 0.00913477 -0.00382285 0.99990172 -0.00247509 -0.01034612 0.00913158
1778571047.870620 0.00527683 0.00931670 -0.00387532 0.99990128 -0.00253477 -0.01043735 0.00905926
1778571047.937335 0.00538587 0.00904007 -0.00372923 0.99990091 -0.00244018 -0.01030869 0.00927072
1778571048.004050 0.00526697 0.00931716 -0.00375336 0.99990069 -0.00251972 -0.01032057 0.00925985
1778571048.070764 0.00530605 0.00945427 -0.00391537 0.99990082 -0.00256109 -0.01041987 0.00912225
1778571048.137480 0.00556590 0.00902582 -0.00384231 0.99990054 -0.00244491 -0.01029207 0.00932750
1778571048.204196 0.00572829 0.00929706 -0.00408210 0.99990150 -0.00254340 -0.01021865 0.00927875
1778571048.270912 0.00525709 0.00933599 -0.00402470 0.99990159 -0.00252994 -0.01036738 0.00910642
1778571048.337626 0.00539501 0.00896288 -0.00374800 0.99990069 -0.00241114 -0.01033378 0.00927417
1778571048.404343 0.00524730 0.00914820 -0.00379015 0.99990071 -0.00247254 -0.01032804 0.00926170
1778571048.471058 0.00525930 0.00928654 -0.00397550 0.99990109 -0.00251543 -0.01040911 0.00911786
1778571048.537775 0.00535350 0.00885463 -0.00374928 0.99990059 -0.00238227 -0.01032533 0.00930206
1778571048.604490 0.00527284 0.00908105 -0.00379992 0.99990067 -0.00246092 -0.01031325 0.00928555
1778571048.671206 0.00523713 0.00924430 -0.00393134 0.99990107 -0.00250343 -0.01039331 0.00914116
1778571048.737922 0.00530243 0.00885116 -0.00371556 0.99990056 -0.00237565 -0.01030939 0.00932479
1778571048.804637 0.00525529 0.00887309 -0.00405755 0.99990571 -0.00237524 -0.00979931 0.00932246
1778571048.871353 0.00533177 0.00915567 -0.00430318 0.99990637 -0.00244961 -0.00977119 0.00926112
1778571048.938069 0.00497846 0.00862640 -0.00380479 0.99990508 -0.00226837 -0.00970399 0.00951391
1778571049.004785 0.00489202 0.00884092 -0.00377989 0.99990505 -0.00233042 -0.00975517 0.00944953
1778571049.071501 0.00476783 0.00904288 -0.00394697 0.99990514 -0.00239511 -0.00986515 0.00930890
1778571049.138216 0.00519588 0.00873872 -0.00396072 0.99990441 -0.00229442 -0.00964232 0.00963986
1778571049.204930 0.00494618 0.00889671 -0.00384214 0.99990397 -0.00234698 -0.00975623 0.00955840
1778571049.271643 0.00490458 0.00914248 -0.00398121 0.99990395 -0.00241470 -0.00979805 0.00950037
1778571049.338356 0.00503188 0.00873532 -0.00380721 0.99990294 -0.00229596 -0.00969560 0.00973837
1778571049.405069 0.00496274 0.00887329 -0.00382111 0.99990334 -0.00233945 -0.00972056 0.00966121
1778571049.471782 0.00488545 0.00911618 -0.00397675 0.99990389 -0.00241958 -0.00980317 0.00950065
1778571049.538495 0.00508734 0.00865913 -0.00386779 0.99990241 -0.00228169 -0.00965516 0.00983572
1778571049.605209 0.00493840 0.00879974 -0.00383201 0.99990182 -0.00232253 -0.00969422 0.00984727
1778571049.671923 0.00500436 0.00899318 -0.00403902 0.99990282 -0.00239118 -0.00971771 0.00970565
1778571049.738636 0.00501266 0.00851831 -0.00376949 0.99990162 -0.00223944 -0.00964780 0.00993218
1778571049.805349 0.00498461 0.00868944 -0.00380334 0.99990187 -0.00229326 -0.00966397 0.00987906
1778571049.872062 0.00518379 0.00892180 -0.00424367 0.99990264 -0.00237120 -0.00962952 0.00981679
1778571049.938776 0.00500175 0.00853554 -0.00377448 0.99990062 -0.00224277 -0.00966215 0.01001822
1778571050.005489 0.00496946 0.00874852 -0.00378920 0.99990098 -0.00230698 -0.00967844 0.00995191
1778571050.072201 0.00490229 0.00897094 -0.00398888 0.99990088 -0.00237934 -0.00977416 0.00985106
1778571050.138915 0.00505843 0.00860747 -0.00380210 0.99990036 -0.00226114 -0.00964120 0.01006018
1778571050.205630 0.00492362 0.00873541 -0.00382330 0.99990089 -0.00230847 -0.00967304 0.00996578
1778571050.272346 0.00492976 0.00901942 -0.00404028 0.99990116 -0.00238894 -0.00973011 0.00986356
1778571050.339061 0.00492569 0.00859243 -0.00375266 0.99989999 -0.00225454 -0.00965120 0.01008884
1778571050.405776 0.00496140 0.00877802 -0.00392337 0.99990059 -0.00231775 -0.00963274 0.01003256
1778571050.472492 0.00478517 0.00900106 -0.00408472 0.99990184 -0.00238902 -0.00972450 0.00979972
1778571050.539207 0.00498072 0.00860775 -0.00383027 0.99989997 -0.00225918 -0.00961888 0.01012023
1778571050.605922 0.00502250 0.00879057 -0.00393972 0.99989958 -0.00232462 -0.00960802 0.01015409
1778571050.672638 0.00522451 0.00896870 -0.00437488 0.99990201 -0.00238970 -0.00956385 0.00993915
1778571050.739353 0.00489522 0.00845404 -0.00374599 0.99989963 -0.00221403 -0.00958941 0.01019170
1778571050.806069 0.00486686 0.00867039 -0.00380219 0.99989958 -0.00228013 -0.00966047 0.01011485
1778571050.872784 0.00480461 0.00893733 -0.00402595 0.99990080 -0.00237070 -0.00969657 0.00993680
1778571050.939500 0.00491135 0.00851636 -0.00374095 0.99989911 -0.00223137 -0.00960365 0.01022541
1778571051.006215 0.00482401 0.00872579 -0.00377021 0.99989873 -0.00229390 -0.00961138 0.01024115
1778571051.072931 0.00524144 0.00895926 -0.00433110 0.99990121 -0.00239538 -0.00951698 0.01006303
1778571051.139646 0.00500386 0.00859065 -0.00394664 0.99989915 -0.00225304 -0.00949726 0.01031596
1778571051.206359 0.00483268 0.00877919 -0.00381271 0.99989901 -0.00230655 -0.00964317 0.01018160
1778571051.273074 0.00485568 0.00905122 -0.00408274 0.99990015 -0.00238759 -0.00966337 0.01003075
1778571051.339787 0.00485938 0.00862052 -0.00377606 0.99989861 -0.00225492 -0.00961453 0.01025860
1778571051.406500 0.00485578 0.00882997 -0.00378631 0.99989842 -0.00231917 -0.00961624 0.01026201
1778571051.473215 0.00474267 0.00907574 -0.00409155 0.99990084 -0.00240074 -0.00962316 0.00999677
1778571051.539928 0.00487648 0.00857401 -0.00378550 0.99989898 -0.00224184 -0.00958011 0.01025782
1778571051.606642 0.00470174 0.00879450 -0.00384226 0.99989854 -0.00230571 -0.00960545 0.01026255
1778571051.673356 0.00477082 0.00901045 -0.00411721 0.99990078 -0.00238457 -0.00962518 0.01000450
1778571051.740069 0.00477519 0.00856018 -0.00376597 0.99989888 -0.00222581 -0.00958902 0.01026252
1778571051.806783 0.00473979 0.00877721 -0.00382512 0.99989842 -0.00230398 -0.00960401 0.01027673
1778571051.873496 0.00483368 0.00901010 -0.00406651 0.99989962 -0.00238213 -0.00965633 0.01009118
1778571051.940210 0.00482422 0.00853435 -0.00379775 0.99989874 -0.00222386 -0.00959619 0.01027051
1778571052.006923 0.00465984 0.00872050 -0.00381160 0.99989858 -0.00228138 -0.00960296 0.01026724
1778571052.073637 0.00507344 0.00896685 -0.00433506 0.99990165 -0.00239295 -0.00948369 0.01005092
1778571052.140350 0.00475429 0.00847527 -0.00383945 0.99989924 -0.00220951 -0.00948527 0.01032718
1778571052.207064 0.00468934 0.00871657 -0.00380442 0.99989800 -0.00228681 -0.00957124 0.01035123
1778571052.273780 0.00495841 0.00907333 -0.00408777 0.99989996 -0.00239646 -0.00954388 0.01016076
1778571052.340495 0.00475583 0.00858107 -0.00379077 0.99989812 -0.00223543 -0.00954718 0.01037289
1778571052.407210 0.00477147 0.00874983 -0.00384837 0.99989787 -0.00229734 -0.00954395 0.01038678
1778571052.473924 0.00477532 0.00902593 -0.00405673 0.99989987 -0.00239098 -0.00955134 0.01016388
1778571052.540640 0.00474827 0.00852874 -0.00380475 0.99989816 -0.00222292 -0.00951352 0.01040292
1778571052.607353 0.00472052 0.00870786 -0.00381186 0.99989749 -0.00228742 -0.00954617 0.01042380
1778571052.674070 0.00474230 0.00892682 -0.00400430 0.99989929 -0.00236996 -0.00957879 0.01019953
1778571052.740784 0.00476877 0.00845715 -0.00384242 0.99989818 -0.00221038 -0.00950333 0.01041290
1778571052.807499 0.00486264 0.00868454 -0.00383290 0.99989730 -0.00229021 -0.00952871 0.01045705
1778571052.874214 0.00485027 0.00897440 -0.00403415 0.99989932 -0.00238660 -0.00955190 0.01021839
1778571052.940929 0.00490615 0.00844168 -0.00382173 0.99989800 -0.00220979 -0.00949386 0.01043881
1778571053.007644 0.00489628 0.00866345 -0.00386120 0.99989729 -0.00228984 -0.00952011 0.01046553
1778571053.074359 0.00488576 0.00893592 -0.00407084 0.99989943 -0.00238610 -0.00952640 0.01023191
1778571053.141073 0.00495060 0.00847685 -0.00381955 0.99989770 -0.00223235 -0.00948707 0.01046950
1778571053.207791 0.00478638 0.00864673 -0.00383968 0.99989851 -0.00229210 -0.00954842 0.01032160
1778571053.274508 0.00497820 0.00896480 -0.00415527 0.99989971 -0.00238608 -0.00951289 0.01021640
1778571053.341224 0.00490499 0.00845585 -0.00383728 0.99989759 -0.00222032 -0.00949600 0.01047379
1778571053.407943 0.00484198 0.00873641 -0.00382331 0.99989709 -0.00230486 -0.00951881 0.01048243
1778571053.474659 0.00488712 0.00898506 -0.00409327 0.99989927 -0.00239504 -0.00951888 0.01025191
1778571053.541378 0.00492727 0.00844192 -0.00381728 0.99989782 -0.00221407 -0.00948681 0.01046169
1778571053.608095 0.00488875 0.00863685 -0.00385041 0.99989790 -0.00227092 -0.00954362 0.01039008
1778571053.674812 0.00482325 0.00893314 -0.00408233 0.99989887 -0.00237159 -0.00958310 0.01023715
1778571053.741530 0.00508909 0.00857341 -0.00391793 0.99989717 -0.00226505 -0.00947172 0.01052600
1778571053.808247 0.00491100 0.00870767 -0.00388252 0.99989858 -0.00230342 -0.00953523 0.01032473
1778571053.874965 0.00509679 0.00896840 -0.00415825 0.99990079 -0.00238208 -0.00947557 0.01014663
1778571053.941683 0.00512458 0.00858605 -0.00394592 0.99989744 -0.00226104 -0.00944013 0.01052956
1778571054.008401 0.00488694 0.00872808 -0.00389615 0.99989792 -0.00231205 -0.00949926 0.01041994
1778571054.075118 0.00490408 0.00896764 -0.00412350 0.99989953 -0.00238832 -0.00950442 0.01024135
1778571054.141836 0.00546322 0.00840663 -0.00417641 0.99989859 -0.00223218 -0.00934429 0.01051257
1778571054.208549 0.00492843 0.00859387 -0.00396659 0.99989834 -0.00227556 -0.00940660 0.01047116
1778571054.275263 0.00491316 0.00879333 -0.00411556 0.99989952 -0.00234331 -0.00949882 0.01025850
1778571054.341975 0.00498313 0.00830459 -0.00385471 0.99989767 -0.00217937 -0.00945358 0.01051305
1778571054.408689 0.00484273 0.00853711 -0.00389751 0.99989788 -0.00225700 -0.00947077 0.01046128
1778571054.475402 0.00487834 0.00877737 -0.00416826 0.99989948 -0.00233954 -0.00948946 0.01027135
1778571054.542114 0.00507731 0.00836134 -0.00396615 0.99989763 -0.00219857 -0.00941816 0.01054520
1778571054.608829 0.00487349 0.00852850 -0.00393690 0.99989881 -0.00225110 -0.00949958 0.01034724
1778571054.675541 0.00463778 0.00847878 -0.00359671 0.99989646 -0.00222414 -0.00974973 0.01034751
1778571054.742254 0.00482053 0.00818993 -0.00335906 0.99989468 -0.00212518 -0.00974118 0.01054639
1778571054.808968 0.00508598 0.00833454 -0.00369603 0.99989534 -0.00219250 -0.00966761 0.01053744
1778571054.875681 0.00498545 0.00863773 -0.00375322 0.99989755 -0.00226582 -0.00970510 0.01027471
1778571054.942394 0.00475690 0.00819488 -0.00344351 0.99989598 -0.00212402 -0.00975917 0.01040523
1778571055.009106 0.00465675 0.00832764 -0.00340200 0.99989621 -0.00215956 -0.00983476 0.01030426
1778571055.075819 0.00459246 0.00853206 -0.00350524 0.99989690 -0.00222824 -0.00992091 0.01013945
1778571055.142531 0.00474785 0.00817830 -0.00342988 0.99989676 -0.00211836 -0.00979658 0.01029594
1778571055.209248 0.00467402 0.00831783 -0.00339664 0.99989643 -0.00216091 -0.00982116 0.01029574
1778571055.275964 0.00470283 0.00854568 -0.00345387 0.99989657 -0.00224325 -0.00993044 0.01015939
1778571055.342680 0.00514046 0.00819306 -0.00370399 0.99989834 -0.00214985 -0.00969659 0.01023050
1778571055.409396 0.00473800 0.00828105 -0.00355631 0.99989832 -0.00215435 -0.00970524 0.01022307
1778571055.476111 0.00457871 0.00849941 -0.00346676 0.99989792 -0.00223201 -0.00992915 0.01002923
1778571055.542827 0.00487273 0.00820035 -0.00346401 0.99989775 -0.00214427 -0.00979208 0.01019842
1778571055.609544 0.00469358 0.00830916 -0.00339949 0.99989769 -0.00216286 -0.00984565 0.01014824
1778571055.676260 0.00460445 0.00851691 -0.00343233 0.99989896 -0.00223278 -0.00993611 0.00991729
1778571055.742977 0.00472387 0.00816774 -0.00339346 0.99989913 -0.00211429 -0.00979992 0.01006077
1778571055.809693 0.00468071 0.00828730 -0.00336966 0.99989831 -0.00215407 -0.00982659 0.01010753
1778571055.876409 0.00461518 0.00847844 -0.00357397 0.99989915 -0.00223273 -0.00990783 0.00992685
1778571055.943125 0.00471737 0.00810014 -0.00348097 0.99989894 -0.00210652 -0.00980325 0.01007778
1778571056.009841 0.00466346 0.00827276 -0.00345091 0.99989918 -0.00217341 -0.00980394 0.01003947
1778571056.076556 0.00487351 0.00851382 -0.00358870 0.99990057 -0.00224763 -0.00982682 0.00986013
1778571056.143273 0.00524202 0.00804465 -0.00384685 0.99990041 -0.00212350 -0.00962263 0.01010250
1778571056.209991 0.00472453 0.00817728 -0.00350148 0.99989977 -0.00214505 -0.00971788 0.01007081
1778571056.276709 0.00458874 0.00835213 -0.00348806 0.99989926 -0.00219836 -0.00991542 0.00991530
1778571056.343427 0.00481492 0.00801666 -0.00340176 0.99989907 -0.00208062 -0.00979968 0.01007380
1778571056.410145 0.00462242 0.00819025 -0.00341468 0.99989931 -0.00213765 -0.00980913 0.01002883
1778571056.476863 0.00462251 0.00836591 -0.00351955 0.99990000 -0.00219219 -0.00988936 0.00986883
1778571056.543581 0.00483104 0.00803707 -0.00356309 0.99989973 -0.00208418 -0.00974408 0.01006200
1778571056.610299 0.00494646 0.00807962 -0.00377970 0.99990165 -0.00212221 -0.00971119 0.00989357
1778571056.677017 0.00458756 0.00825245 -0.00365152 0.99990090 -0.00216095 -0.00985071 0.00982270
1778571056.743735 0.00485423 0.00799827 -0.00358577 0.99989950 -0.00207167 -0.00977202 0.01005998
1778571056.810453 0.00464633 0.00813669 -0.00344346 0.99989957 -0.00212252 -0.00982244 0.00999304
1778571056.877171 0.00459039 0.00826414 -0.00352015 0.99990002 -0.00217156 -0.00991801 0.00984238
1778571056.943890 0.00495637 0.00805655 -0.00354235 0.99989971 -0.00209634 -0.00976843 0.01003754
1778571057.010608 0.00473075 0.00810039 -0.00345927 0.99990079 -0.00210966 -0.00984060 0.00985497
1778571057.077326 0.00460174 0.00824948 -0.00352823 0.99990090 -0.00214932 -0.00992170 0.00975301
1778571057.144043 0.00481162 0.00800033 -0.00355996 0.99989980 -0.00207045 -0.00977865 0.01002386
1778571057.210759 0.00483156 0.00808500 -0.00359479 0.99990087 -0.00210784 -0.00980454 0.00988283
1778571057.277473 0.00460355 0.00827940 -0.00357681 0.99990096 -0.00215709 -0.00994225 0.00972468
1778571057.344188 0.00491216 0.00795992 -0.00353652 0.99989992 -0.00206830 -0.00979396 0.00999740
1778571057.410902 0.00464283 0.00806574 -0.00345415 0.99990023 -0.00210285 -0.00982800 0.00992597
1778571057.477617 0.00464035 0.00829433 -0.00344515 0.99990017 -0.00217812 -0.00994608 0.00979746
1778571057.544330 0.00488466 0.00800388 -0.00357238 0.99989981 -0.00208251 -0.00977988 0.01001978
1778571057.611044 0.00461921 0.00810766 -0.00340621 0.99989970 -0.00211775 -0.00984784 0.00995631
1778571057.677760 0.00457525 0.00828735 -0.00345964 0.99990031 -0.00217060 -0.00994541 0.00978520
1778571057.744473 0.00484972 0.00795996 -0.00356284 0.99989971 -0.00206980 -0.00978838 0.01002398
1778571057.811188 0.00463583 0.00812276 -0.00344116 0.99989980 -0.00211935 -0.00983790 0.00995528
1778571057.877903 0.00456116 0.00835271 -0.00347901 0.99990032 -0.00219279 -0.00992419 0.00980020
1778571057.944616 0.00470155 0.00801398 -0.00343983 0.99989972 -0.00207978 -0.00981634 0.00999285
1778571058.011332 0.00465743 0.00813614 -0.00348098 0.99990004 -0.00213021 -0.00979970 0.00996650
1778571058.078046 0.00458426 0.00833069 -0.00356435 0.99990037 -0.00219059 -0.00989796 0.00982266
1778571058.144759 0.00488697 0.00803494 -0.00359706 0.99989971 -0.00209605 -0.00976475 0.01004141
1778571058.211475 0.00481135 0.00815172 -0.00359199 0.99989983 -0.00213956 -0.00976902 0.01001565
1778571058.278189 0.00460685 0.00832454 -0.00357772 0.99990042 -0.00218820 -0.00988902 0.00982658
1778571058.344904 0.00492387 0.00796617 -0.00363261 0.99990007 -0.00207137 -0.00974147 0.01003276
1778571058.411619 0.00470407 0.00809429 -0.00348261 0.99990021 -0.00211991 -0.00979886 0.00995307
1778571058.478334 0.00478697 0.00835144 -0.00360379 0.99990142 -0.00218839 -0.00983785 0.00977661
1778571058.545049 0.00505338 0.00791427 -0.00378754 0.99990165 -0.00208022 -0.00965981 0.00995255
1778571058.611764 0.00472065 0.00805218 -0.00354958 0.99990004 -0.00209132 -0.00969044 0.01008172
1778571058.678478 0.00463507 0.00833173 -0.00348756 0.99989981 -0.00218181 -0.00990443 0.00987483
1778571058.745192 0.00488349 0.00806013 -0.00354247 0.99989921 -0.00209521 -0.00977363 0.01008284
1778571058.811908 0.00523366 0.00810319 -0.00387163 0.99990044 -0.00212423 -0.00970157 0.01002387
1778571058.878622 0.00460178 0.00829231 -0.00360967 0.99990033 -0.00216306 -0.00988033 0.00985000
1778571058.945338 0.00467999 0.00800004 -0.00336572 0.99989915 -0.00206317 -0.00984411 0.01002652
1778571059.012053 0.00459006 0.00811312 -0.00338571 0.99989978 -0.00210447 -0.00982398 0.00997456
1778571059.078766 0.00464577 0.00831609 -0.00362882 0.99990017 -0.00217538 -0.00987298 0.00987157
1778571059.145482 0.00469576 0.00800212 -0.00345527 0.99989931 -0.00205782 -0.00982579 0.01002958
1778571059.212197 0.00464187 0.00809913 -0.00331376 0.99989875 -0.00209619 -0.00984663 0.01005667
1778571059.278912 0.00455857 0.00830440 -0.00339018 0.99989934 -0.00216513 -0.00997073 0.00985913
1778571059.345627 0.00482286 0.00803970 -0.00349218 0.99989924 -0.00208235 -0.00980625 0.01005014
1778571059.412342 0.00461147 0.00810789 -0.00338591 0.99989988 -0.00210502 -0.00983753 0.00995094
1778571059.479056 0.00466486 0.00828995 -0.00355535 0.99990018 -0.00217431 -0.00990532 0.00983828
1778571059.545772 0.00477694 0.00803351 -0.00352349 0.99990023 -0.00208789 -0.00980004 0.00995627
1778571059.612487 0.00476655 0.00812370 -0.00348716 0.99990027 -0.00212225 -0.00975614 0.00998843
1778571059.679202 0.00464799 0.00839774 -0.00360947 0.99990154 -0.00220386 -0.00985382 0.00974478
1778571059.745916 0.00471266 0.00799799 -0.00340015 0.99989950 -0.00206784 -0.00983439 0.00999995
1778571059.812632 0.00463695 0.00807787 -0.00334294 0.99989975 -0.00210135 -0.00983934 0.00996323
1778571059.879346 0.00475259 0.00830909 -0.00355834 0.99990061 -0.00216937 -0.00988250 0.00981835
1778571059.946061 0.00472285 0.00804296 -0.00345911 0.99990061 -0.00208674 -0.00979661 0.00992185
1778571060.012777 0.00470719 0.00809492 -0.00332263 0.99990048 -0.00210274 -0.00977695 0.00995093
1778571060.079491 0.00469409 0.00833273 -0.00349471 0.99989960 -0.00219396 -0.00990535 0.00989250
1778571060.146207 0.00516877 0.00803838 -0.00368388 0.99990037 -0.00210209 -0.00973091 0.01000658
1778571060.212923 0.00469354 0.00802959 -0.00341526 0.99990144 -0.00207508 -0.00978105 0.00985565
1778571060.279638 0.00464979 0.00831229 -0.00342902 0.99990049 -0.00217106 -0.00996166 0.00975002
1778571060.346353 0.00475754 0.00802434 -0.00333578 0.99990008 -0.00207816 -0.00986796 0.00990592
1778571060.413069 0.00465979 0.00799754 -0.00332344 0.99990055 -0.00206746 -0.00981836 0.00991032
1778571060.479784 0.00463667 0.00829364 -0.00336209 0.99990015 -0.00216668 -0.00996558 0.00978185
1778571060.546499 0.00477561 0.00803392 -0.00334308 0.99990048 -0.00207841 -0.00984958 0.00988439
1778571060.613215 0.00482423 0.00803558 -0.00349528 0.99990098 -0.00208200 -0.00973767 0.00994387
1778571060.679930 0.00465289 0.00827537 -0.00341005 0.99990086 -0.00216011 -0.00993902 0.00973741
1778571060.746646 0.00471405 0.00796995 -0.00328431 0.99990060 -0.00205371 -0.00986488 0.00986159
1778571060.813361 0.00465701 0.00794497 -0.00327281 0.99990039 -0.00203111 -0.00980188 0.00995043
1778571060.880077 0.00458444 0.00828866 -0.00332703 0.99990006 -0.00215988 -0.00999393 0.00976341
1778571060.946792 0.00512558 0.00800134 -0.00360786 0.99990064 -0.00207897 -0.00977448 0.00994205
1778571061.013508 0.00487742 0.00805727 -0.00357042 0.99990120 -0.00208677 -0.00969304 0.00996414
1778571061.080222 0.00465617 0.00838566 -0.00339057 0.99990064 -0.00218920 -0.00995032 0.00974169
1778571061.146939 0.00464338 0.00808304 -0.00324135 0.99990048 -0.00207546 -0.00989588 0.00983873
1778571061.213653 0.00463054 0.00805792 -0.00327816 0.99990110 -0.00206800 -0.00980603 0.00986706
1778571061.280367 0.00464073 0.00839111 -0.00329133 0.99990054 -0.00218545 -0.00997260 0.00973083
1778571061.347080 0.00484229 0.00811458 -0.00339638 0.99990070 -0.00209275 -0.00984612 0.00986242
1778571061.413795 0.00472676 0.00808477 -0.00339993 0.99990130 -0.00207458 -0.00978890 0.00986218
1778571061.480508 0.00464643 0.00840747 -0.00338249 0.99990123 -0.00219142 -0.00995485 0.00967598
1778571061.547222 0.00505682 0.00816411 -0.00353053 0.99990129 -0.00212478 -0.00980239 0.00983948
1778571061.613936 0.00486813 0.00800437 -0.00350889 0.99990120 -0.00205051 -0.00968432 0.00997986
1778571061.680649 0.00456068 0.00837952 -0.00330034 0.99989976 -0.00218177 -0.01001886 0.00976407
1778571061.747364 0.00467779 0.00807315 -0.00323459 0.99989944 -0.00206265 -0.00993141 0.00991119
1778571061.814077 0.00502236 0.00805086 -0.00355480 0.99990167 -0.00208493 -0.00973701 0.00987404
1778571061.880791 0.00460048 0.00834120 -0.00340547 0.99990129 -0.00217006 -0.00990096 0.00973007
1778571061.947505 0.00505979 0.00809984 -0.00348937 0.99990074 -0.00210613 -0.00982404 0.00987733
1778571062.014219 0.00467608 0.00801894 -0.00329348 0.99990139 -0.00205456 -0.00976129 0.00988493
1778571062.080932 0.00456833 0.00833820 -0.00330031 0.99990037 -0.00216427 -0.00997728 0.00974737
1778571062.147646 0.00463390 0.00808477 -0.00320747 0.99990000 -0.00207179 -0.00994149 0.00984180
1778571062.214359 0.00500608 0.00794249 -0.00352597 0.99990205 -0.00204508 -0.00972456 0.00985554
1778571062.281073 0.00456392 0.00822447 -0.00342803 0.99990108 -0.00212941 -0.00990325 0.00975776
1778571062.347787 0.00465952 0.00804218 -0.00319479 0.99989978 -0.00206117 -0.00996001 0.00984814
1778571062.414500 0.00469259 0.00797011 -0.00314632 0.99990091 -0.00202696 -0.00981577 0.00988473
1778571062.481214 0.00463072 0.00831762 -0.00344945 0.99990193 -0.00216135 -0.00992988 0.00963623
1778571062.547927 0.00463062 0.00803822 -0.00325971 0.99990042 -0.00205784 -0.00996693 0.00977585
1778571062.614641 0.00470723 0.00794867 -0.00313539 0.99990117 -0.00202656 -0.00986937 0.00980469
1778571062.681353 0.00454003 0.00820596 -0.00328512 0.99990073 -0.00212292 -0.01000251 0.00969355
1778571062.748068 0.00462810 0.00809149 -0.00314350 0.99989987 -0.00208061 -0.01001302 0.00978060
1778571062.814781 0.00464418 0.00793700 -0.00311831 0.99990107 -0.00202679 -0.00988806 0.00979591
1778571062.881495 0.00454671 0.00822531 -0.00325566 0.99990090 -0.00213378 -0.01000460 0.00967227
1778571062.948208 0.00464152 0.00804174 -0.00314815 0.99990012 -0.00206930 -0.00999973 0.00977075
1778571063.014920 0.00468667 0.00785272 -0.00312368 0.99990091 -0.00199261 -0.00986017 0.00984808
1778571063.081635 0.00459557 0.00816600 -0.00324011 0.99990063 -0.00212046 -0.01003059 0.00967570
1778571063.148348 0.00465093 0.00803189 -0.00308183 0.99989995 -0.00206980 -0.01003175 0.00975564
1778571063.215063 0.00491086 0.00798513 -0.00308885 0.99990143 -0.00202514 -0.00983392 0.00981468
1778571063.281776 0.00460686 0.00818220 -0.00323348 0.99990093 -0.00212380 -0.01001138 0.00966360
1778571063.348491 0.00468905 0.00800082 -0.00319379 0.99990059 -0.00206028 -0.01000639 0.00971793
1778571063.415207 0.00486246 0.00778970 -0.00333459 0.99990219 -0.00199946 -0.00982173 0.00975422
1778571063.481921 0.00461066 0.00816802 -0.00329280 0.99990148 -0.00213070 -0.00999300 0.00962470
1778571063.548636 0.00467997 0.00800779 -0.00319654 0.99990040 -0.00207471 -0.01000810 0.00973300
1778571063.615351 0.00527780 0.00793703 -0.00347785 0.99990453 -0.00203940 -0.00973163 0.00959546
1778571063.682066 0.00460634 0.00811303 -0.00339696 0.99990247 -0.00210641 -0.00988726 0.00963627
1778571063.748780 0.00472559 0.00797689 -0.00320404 0.99990087 -0.00205654 -0.01003239 0.00966277
1778571063.815495 0.00514359 0.00780473 -0.00350604 0.99990299 -0.00201991 -0.00976828 0.00972220
1778571063.882209 0.00472086 0.00812667 -0.00339350 0.99990178 -0.00211989 -0.00990508 0.00968666
1778571063.948925 0.00507165 0.00803580 -0.00347030 0.99990170 -0.00210159 -0.00992451 0.00967872
1778571064.015639 0.00493567 0.00787495 -0.00337646 0.99990244 -0.00202795 -0.00977395 0.00977045
1778571064.082354 0.00466162 0.00817712 -0.00334926 0.99990143 -0.00213153 -0.00996718 0.00965581
1778571064.149068 0.00482234 0.00812046 -0.00333070 0.99990094 -0.00210895 -0.00999708 0.00968083
1778571064.215785 0.00504729 0.00793539 -0.00321829 0.99990150 -0.00204696 -0.00986718 0.00976967
1778571064.282501 0.00467811 0.00814937 -0.00327426 0.99990155 -0.00212597 -0.01000520 0.00960551
1778571064.349217 0.00466119 0.00808685 -0.00317350 0.99990064 -0.00209507 -0.01003787 0.00967263
1778571064.415934 0.00517410 0.00777076 -0.00334304 0.99990323 -0.00201600 -0.00981896 0.00964660
1778571064.482650 0.00466242 0.00805249 -0.00330163 0.99990254 -0.00209215 -0.00993398 0.00958423
1778571064.549366 0.00469348 0.00804280 -0.00318863 0.99990119 -0.00208293 -0.01007680 0.00957748
1778571064.616082 0.00476700 0.00789903 -0.00314907 0.99990274 -0.00202685 -0.00989978 0.00961278
1778571064.682798 0.00460394 0.00813894 -0.00328459 0.99990236 -0.00211788 -0.00997917 0.00954988
1778571064.749514 0.00473081 0.00807047 -0.00320316 0.99990146 -0.00209439 -0.01006317 0.00956138
1778571064.816231 0.00483819 0.00780986 -0.00320897 0.99990312 -0.00200126 -0.00988339 0.00959477
1778571064.882948 0.00469994 0.00812770 -0.00330717 0.99990285 -0.00211983 -0.00996124 0.00951685
1778571064.949664 0.00483493 0.00810493 -0.00343812 0.99990218 -0.00211021 -0.00998379 0.00956583
1778571065.016381 0.00513264 0.00787495 -0.00356625 0.99990430 -0.00203496 -0.00974457 0.00960664
1778571065.083097 0.00469692 0.00812147 -0.00341577 0.99990350 -0.00211212 -0.00985444 0.00956088
1778571065.149814 0.00459415 0.00818001 -0.00323049 0.99990172 -0.00211337 -0.01005273 0.00954094
1778571065.216527 0.00473462 0.00793986 -0.00321726 0.99990295 -0.00201974 -0.00989494 0.00959700
1778571065.283243 0.00461413 0.00814582 -0.00326696 0.99990287 -0.00209935 -0.00995572 0.00952552
1778571065.349957 0.00474657 0.00823051 -0.00333587 0.99990343 -0.00211841 -0.00997298 0.00944319
1778571065.416672 0.00473515 0.00787471 -0.00315134 0.99990295 -0.00200621 -0.00990991 0.00958474
1778571065.483387 0.00488201 0.00807909 -0.00348836 0.99990404 -0.00207170 -0.00984315 0.00952529
1778571065.550101 0.00461961 0.00800517 -0.00337850 0.99990234 -0.00207237 -0.00996602 0.00957621
1778571065.616817 0.00474697 0.00778467 -0.00318587 0.99990189 -0.00198958 -0.00989103 0.00971699
1778571065.683532 0.00479060 0.00799271 -0.00332187 0.99990385 -0.00204705 -0.00985770 0.00953579
1778571065.750245 0.00457213 0.00799152 -0.00329154 0.99990181 -0.00206990 -0.00999015 0.00960592
1778571065.816961 0.00477697 0.00778951 -0.00309634 0.99990136 -0.00198668 -0.00988910 0.00977374
1778571065.883676 0.00490139 0.00785671 -0.00347821 0.99990286 -0.00204254 -0.00984410 0.00965381
1778571065.950390 0.00459224 0.00805040 -0.00340673 0.99990179 -0.00208463 -0.00999706 0.00959769
1778571066.017105 0.00462127 0.00780502 -0.00315570 0.99990139 -0.00198394 -0.00996014 0.00969922
1778571066.083819 0.00481475 0.00779389 -0.00351078 0.99990262 -0.00201601 -0.00981334 0.00971509
1778571066.150534 0.00450063 0.00801775 -0.00337199 0.99990169 -0.00206882 -0.00996410 0.00964637
1778571066.217248 0.00455543 0.00781592 -0.00316514 0.99990145 -0.00198575 -0.00994142 0.00971141
1778571066.283960 0.00450399 0.00787994 -0.00319877 0.99990154 -0.00201223 -0.00990278 0.00973593
1778571066.350675 0.00446823 0.00806293 -0.00319870 0.99990075 -0.00208447 -0.01006067 0.00964014
1778571066.417389 0.00466121 0.00777482 -0.00305133 0.99990062 -0.00197246 -0.00995655 0.00978449
1778571066.484103 0.00451451 0.00775738 -0.00304877 0.99990184 -0.00196896 -0.00999331 0.00962087
1778571066.550816 0.00441933 0.00793652 -0.00315331 0.99990125 -0.00204111 -0.01010321 0.00955264
1778571066.617530 0.00464172 0.00778111 -0.00306236 0.99990097 -0.00198282 -0.00997574 0.00972653
1778571066.684244 0.00476891 0.00766419 -0.00338709 0.99990249 -0.00197326 -0.00984744 0.00970264
1778571066.750957 0.00442589 0.00792741 -0.00331757 0.99990161 -0.00205216 -0.01001256 0.00960789
1778571066.817670 0.00451275 0.00767845 -0.00297986 0.99990106 -0.00194620 -0.01006030 0.00963672
1778571066.884385 0.00446191 0.00770797 -0.00301657 0.99990128 -0.00195764 -0.00998100 0.00969454
1778571066.951098 0.00442085 0.00790306 -0.00312135 0.99990055 -0.00203902 -0.01010497 0.00962430
1778571067.017812 0.00503007 0.00775490 -0.00335300 0.99990170 -0.00200296 -0.00990850 0.00971595
1778571067.084524 0.00457517 0.00773872 -0.00320570 0.99990251 -0.00197289 -0.00985001 0.00969860
1778571067.151239 0.00435540 0.00791612 -0.00313349 0.99990059 -0.00203075 -0.01009305 0.00963438
1778571067.217953 0.00454234 0.00775082 -0.00303625 0.99990086 -0.00196084 -0.01002299 0.00969305
1778571067.284667 0.00463453 0.00766274 -0.00317667 0.99990218 -0.00193788 -0.00987172 0.00971714
1778571067.351381 0.00434084 0.00792390 -0.00316505 0.99990102 -0.00202602 -0.01007893 0.00960568
1778571067.418095 0.00452456 0.00774875 -0.00300812 0.99990069 -0.00196062 -0.01003796 0.00969558
1778571067.484808 0.00457305 0.00776390 -0.00293407 0.99990137 -0.00196720 -0.00995662 0.00970819
1778571067.551523 0.00442698 0.00794644 -0.00303330 0.99990087 -0.00203443 -0.01010053 0.00959669
1778571067.618237 0.00466238 0.00779244 -0.00313596 0.99990090 -0.00197651 -0.00999849 0.00971107
1778571067.684951 0.00459688 0.00772018 -0.00296883 0.99990183 -0.00193898 -0.00998032 0.00964214
1778571067.751665 0.00442081 0.00789727 -0.00301221 0.99990094 -0.00201773 -0.01012722 0.00956460
1778571067.818379 0.00455244 0.00779971 -0.00296003 0.99990028 -0.00198038 -0.01010456 0.00966475
1778571067.885093 0.00462643 0.00771224 -0.00293552 0.99990201 -0.00193901 -0.00995630 0.00964760
1778571067.951807 0.00445485 0.00795212 -0.00301154 0.99990137 -0.00203372 -0.01011347 0.00953042
1778571068.018521 0.00455345 0.00789085 -0.00299974 0.99990078 -0.00200100 -0.01009158 0.00962256
1778571068.085235 0.00491304 0.00797083 -0.00327433 0.99990223 -0.00200598 -0.00988126 0.00968890
1778571068.151949 0.00470444 0.00831286 -0.00335282 0.99990177 -0.00212991 -0.01002457 0.00956190
1778571068.218665 0.00492068 0.00817971 -0.00321647 0.99990147 -0.00208308 -0.01004879 0.00957749
1778571068.285381 0.00481845 0.00807893 -0.00311950 0.99990228 -0.00203315 -0.00993078 0.00962732
1778571068.352096 0.00479250 0.00830696 -0.00334142 0.99990177 -0.00213498 -0.01001224 0.00957355
1778571068.418812 0.00479914 0.00825849 -0.00326247 0.99990112 -0.00210369 -0.01001417 0.00964527
1778571068.485528 0.00487477 0.00803474 -0.00322965 0.99990289 -0.00202832 -0.00987496 0.00962173
1778571068.552244 0.00500707 0.00813969 -0.00365307 0.99990324 -0.00210154 -0.00989021 0.00955405
1778571068.618960 0.00519986 0.00830250 -0.00361601 0.99990249 -0.00214415 -0.00990456 0.00960781
1778571068.685676 0.00494812 0.00801014 -0.00322845 0.99990284 -0.00202612 -0.00988640 0.00961615
1778571068.752392 0.00483365 0.00824301 -0.00339160 0.99990198 -0.00211879 -0.01000274 0.00956495
1778571068.819108 0.00491835 0.00817980 -0.00332188 0.99990151 -0.00209756 -0.01004810 0.00957072
1778571068.885824 0.00504549 0.00802158 -0.00311968 0.99990364 -0.00200688 -0.00987427 0.00954896
1778571068.952539 0.00486677 0.00818692 -0.00333809 0.99990250 -0.00210730 -0.00996580 0.00955146
1778571069.019256 0.00481701 0.00825014 -0.00323654 0.99990086 -0.00212146 -0.01010961 0.00956887
1778571069.085972 0.00512226 0.00811128 -0.00323234 0.99990334 -0.00204085 -0.00989855 0.00954791
1778571069.152688 0.00488358 0.00818838 -0.00334154 0.99990271 -0.00209971 -0.00996530 0.00953167
1778571069.219404 0.00476520 0.00821134 -0.00327272 0.99990085 -0.00210863 -0.01010282 0.00957956
1778571069.286119 0.00489851 0.00804298 -0.00311957 0.99990163 -0.00203964 -0.00997768 0.00964488
1778571069.352835 0.00478076 0.00815549 -0.00327842 0.99990213 -0.00208614 -0.00999766 0.00956190
1778571069.419549 0.00471980 0.00828199 -0.00330865 0.99990115 -0.00213119 -0.01009866 0.00954851
1778571069.486266 0.00481369 0.00800932 -0.00305730 0.99990163 -0.00202573 -0.01002009 0.00960339
1778571069.552981 0.00500360 0.00805325 -0.00350335 0.99990291 -0.00207577 -0.00990812 0.00957605
1778571069.619697 0.00473694 0.00824773 -0.00352411 0.99990176 -0.00211763 -0.00999363 0.00959800
1778571069.686413 0.00486995 0.00805565 -0.00321190 0.99990290 -0.00200579 -0.00987066 0.00963011
1778571069.753129 0.00466356 0.00801546 -0.00332934 0.99990288 -0.00202654 -0.00990307 0.00959396
1778571069.819844 0.00461036 0.00824960 -0.00338357 0.99990127 -0.00210524 -0.01005148 0.00959069
1778571069.886559 0.00470637 0.00795998 -0.00325100 0.99990193 -0.00199508 -0.00992602 0.00967647
1778571069.953275 0.00458827 0.00809689 -0.00330027 0.99990186 -0.00203980 -0.00989637 0.00970393
1778571070.019991 0.00465011 0.00839787 -0.00344528 0.99990124 -0.00215343 -0.00999687 0.00964028
1778571070.086707 0.00476321 0.00802510 -0.00317299 0.99990104 -0.00201787 -0.00994175 0.00974655
1778571070.153423 0.00454879 0.00809486 -0.00328656 0.99990143 -0.00203741 -0.00991352 0.00973173
1778571070.220137 0.00451852 0.00836288 -0.00345988 0.99990091 -0.00213728 -0.01003031 0.00964351
1778571070.286851 0.00467654 0.00808415 -0.00313991 0.99990059 -0.00203159 -0.00998701 0.00974381
1778571070.353565 0.00492389 0.00837072 -0.00320002 0.99990168 -0.00214014 -0.00995423 0.00964173
1778571070.420279 0.00459151 0.00860468 -0.00298171 0.99989936 -0.00223083 -0.01019405 0.00961119
1778571070.486993 0.00458937 0.00839725 -0.00249352 0.99989796 -0.00214967 -0.01034949 0.00960945
1778571070.553705 0.00495952 0.00828107 -0.00284854 0.99990053 -0.00214186 -0.01016784 0.00953716
1778571070.620420 0.00465862 0.00860251 -0.00290138 0.99989970 -0.00224483 -0.01029583 0.00946331
1778571070.687134 0.00464568 0.00844604 -0.00260294 0.99989937 -0.00216900 -0.01036163 0.00944347
1778571070.753848 0.00462504 0.00835635 -0.00244461 0.99989997 -0.00213629 -0.01028918 0.00946693
1778571070.820562 0.00460575 0.00861369 -0.00262908 0.99990007 -0.00224510 -0.01042586 0.00927987
1778571070.887275 0.00518723 0.00847512 -0.00310482 0.99990238 -0.00221880 -0.01016793 0.00932358
1778571070.953990 0.00489126 0.00838250 -0.00283541 0.99990327 -0.00216591 -0.01013156 0.00927971
1778571071.020704 0.00457126 0.00858435 -0.00267961 0.99990182 -0.00223435 -0.01041742 0.00910162
1778571071.087416 0.00463592 0.00847005 -0.00248560 0.99990137 -0.00218420 -0.01042072 0.00915891
1778571071.154130 0.00482161 0.00835655 -0.00241619 0.99990284 -0.00215867 -0.01032042 0.00911785
1778571071.220847 0.00472021 0.00856320 -0.00255235 0.99990215 -0.00223718 -0.01045150 0.00902487
1778571071.287563 0.00482345 0.00858445 -0.00249066 0.99990153 -0.00224181 -0.01045167 0.00909235
1778571071.354279 0.00512755 0.00839250 -0.00246552 0.99990277 -0.00219138 -0.01029060 0.00915136
1778571071.420995 0.00482011 0.00863360 -0.00261598 0.99990279 -0.00227761 -0.01045118 0.00894369
1778571071.487711 0.00501419 0.00862125 -0.00255357 0.99990464 -0.00223965 -0.01040452 0.00880050
1778571071.554427 0.00515146 0.00843865 -0.00254742 0.99990505 -0.00220242 -0.01028430 0.00890368
1778571071.621143 0.00485802 0.00865321 -0.00259673 0.99990388 -0.00228634 -0.01045853 0.00881085
1778571071.687859 0.00494185 0.00857511 -0.00245073 0.99990362 -0.00225010 -0.01050808 0.00879079
1778571071.754575 0.00521554 0.00839548 -0.00233153 0.99990446 -0.00219451 -0.01037815 0.00886314
1778571071.821291 0.00495376 0.00863155 -0.00249938 0.99990452 -0.00228089 -0.01048556 0.00870597
1778571071.888007 0.00495150 0.00861275 -0.00269286 0.99990595 -0.00227816 -0.01046249 0.00856973
1778571071.954723 0.00528566 0.00843527 -0.00259849 0.99990592 -0.00220706 -0.01034112 0.00873695
1778571072.021440 0.00498364 0.00862691 -0.00251289 0.99990554 -0.00227842 -0.01050058 0.00857057
1778571072.088156 0.00519943 0.00865897 -0.00269949 0.99990601 -0.00230559 -0.01047017 0.00854606
1778571072.154871 0.00528812 0.00839511 -0.00268837 0.99990736 -0.00220331 -0.01032797 0.00858790
1778571072.221588 0.00505151 0.00855865 -0.00260616 0.99990697 -0.00226305 -0.01043243 0.00849109
1778571072.288304 0.00521766 0.00852300 -0.00280624 0.99990704 -0.00227962 -0.01043367 0.00847719
1778571072.355021 0.00519351 0.00836289 -0.00253193 0.99990698 -0.00218815 -0.01032793 0.00863524
1778571072.421736 0.00483931 0.00841335 -0.00258030 0.99990707 -0.00220222 -0.01043322 0.00849419
1778571072.488453 0.00475441 0.00856921 -0.00266464 0.99990635 -0.00225739 -0.01052754 0.00844761
1778571072.555170 0.00500648 0.00836843 -0.00248553 0.99990647 -0.00218414 -0.01040941 0.00859841
1778571072.621887 0.00485396 0.00843909 -0.00260432 0.99990653 -0.00222120 -0.01038814 0.00860691
1778571072.688603 0.00482025 0.00860080 -0.00270416 0.99990609 -0.00227902 -0.01050198 0.00850413
1778571072.755319 0.00493928 0.00831760 -0.00251136 0.99990681 -0.00217440 -0.01042257 0.00854472
1778571072.822037 0.00484711 0.00835802 -0.00256197 0.99990729 -0.00218757 -0.01040143 0.00851090
1778571072.888753 0.00477015 0.00856168 -0.00261977 0.99990587 -0.00226887 -0.01053240 0.00849589
1778571072.955470 0.00503483 0.00843193 -0.00260761 0.99990650 -0.00221417 -0.01039575 0.00860347
1778571073.022187 0.00480842 0.00839087 -0.00255921 0.99990643 -0.00219187 -0.01033803 0.00868689
1778571073.088904 0.00503611 0.00858288 -0.00281320 0.99990703 -0.00229119 -0.01039310 0.00852390
1778571073.155621 0.00514884 0.00837735 -0.00268938 0.99990658 -0.00219747 -0.01031148 0.00869900
1778571073.222336 0.00495909 0.00836366 -0.00270980 0.99990715 -0.00218983 -0.01033144 0.00861094
1778571073.289051 0.00477003 0.00859197 -0.00286199 0.99990735 -0.00227448 -0.01043963 0.00843446
1778571073.355766 0.00486415 0.00837764 -0.00259363 0.99990655 -0.00218024 -0.01040838 0.00859102
1778571073.422481 0.00477496 0.00830170 -0.00242293 0.99990675 -0.00215007 -0.01039872 0.00858699
1778571073.489195 0.00480409 0.00858270 -0.00252425 0.99990591 -0.00225851 -0.01052083 0.00850780
1778571073.555910 0.00504123 0.00845663 -0.00247637 0.99990572 -0.00221866 -0.01041756 0.00866674
1778571073.622625 0.00485167 0.00837483 -0.00239902 0.99990706 -0.00216601 -0.01040893 0.00853438
1778571073.689339 0.00469961 0.00862301 -0.00254195 0.99990657 -0.00225750 -0.01053465 0.00841258
1778571073.756055 0.00479200 0.00848430 -0.00249419 0.99990623 -0.00221106 -0.01047860 0.00853465
1778571073.822770 0.00488874 0.00845808 -0.00231603 0.99990734 -0.00218976 -0.01041653 0.00848595
1778571073.889485 0.00470123 0.00871035 -0.00244030 0.99990633 -0.00227222 -0.01054208 0.00842834
1778571073.956200 0.00488670 0.00865014 -0.00229361 0.99990607 -0.00224803 -0.01060448 0.00838745
1778571074.022915 0.00514265 0.00856099 -0.00226235 0.99990664 -0.00222770 -0.01046181 0.00850273
1778571074.089630 0.00488578 0.00877967 -0.00248361 0.99990640 -0.00231189 -0.01055269 0.00839562
1778571074.156345 0.00538737 0.00865677 -0.00276130 0.99990718 -0.00230949 -0.01044590 0.00843655
1778571074.223059 0.00510671 0.00851576 -0.00254548 0.99990827 -0.00222210 -0.01034103 0.00846089
1778571074.289774 0.00494346 0.00870961 -0.00246978 0.99990689 -0.00229543 -0.01051726 0.00838682
1778571074.356489 0.00489013 0.00872042 -0.00236037 0.99990614 -0.00228850 -0.01060114 0.00837152
1778571074.423203 0.00520246 0.00857813 -0.00237429 0.99990703 -0.00223757 -0.01042010 0.00850525
1778571074.489918 0.00487526 0.00878559 -0.00245639 0.99990702 -0.00229979 -0.01053622 0.00834621
1778571074.556633 0.00490569 0.00877800 -0.00236964 0.99990612 -0.00230042 -0.01062284 0.00834307
1778571074.623348 0.00496201 0.00852105 -0.00237071 0.99990732 -0.00219372 -0.01042262 0.00847957
1778571074.690062 0.00474233 0.00868523 -0.00246637 0.99990719 -0.00225937 -0.01050594 0.00837430
1778571074.756777 0.00474168 0.00881121 -0.00242681 0.99990609 -0.00230271 -0.01062385 0.00834475
1778571074.823490 0.00507596 0.00858753 -0.00242414 0.99990680 -0.00222743 -0.01043128 0.00852141
1778571074.890206 0.00479353 0.00863490 -0.00234110 0.99990687 -0.00224214 -0.01057856 0.00832625
1778571074.956921 0.00469863 0.00874033 -0.00240986 0.99990631 -0.00228233 -0.01062353 0.00832517
1778571075.023634 0.00489456 0.00855903 -0.00233737 0.99990695 -0.00221015 -0.01047008 0.00846094
1778571075.090350 0.00473504 0.00853070 -0.00247888 0.99990798 -0.00220777 -0.01046003 0.00835193
1778571075.157064 0.00458812 0.00871502 -0.00258614 0.99990677 -0.00228281 -0.01056099 0.00834935
1778571075.223779 0.00426543 0.00844701 -0.00248483 0.99990866 -0.00222598 -0.01029966 0.00846372
1778571075.290493 0.00413752 0.00854459 -0.00247466 0.99990850 -0.00226100 -0.01026183 0.00851953
1778571075.357207 0.00399231 0.00873913 -0.00276957 0.99990888 -0.00234019 -0.01034780 0.00834768
1778571075.423922 0.00409143 0.00840769 -0.00261478 0.99990908 -0.00220997 -0.01032467 0.00838734
1778571075.490636 0.00406493 0.00840498 -0.00259577 0.99990935 -0.00221133 -0.01024394 0.00845385
1778571075.557350 0.00403249 0.00870052 -0.00265988 0.99990818 -0.00232987 -0.01038652 0.00838619
1778571075.624064 0.00434969 0.00851618 -0.00265527 0.99990783 -0.00225569 -0.01026939 0.00859008
1778571075.690778 0.00420511 0.00842476 -0.00248963 0.99990789 -0.00222272 -0.01028601 0.00857158
1778571075.757493 0.00403792 0.00876024 -0.00277484 0.99990806 -0.00235242 -0.01035897 0.00842781
1778571075.824207 0.00405599 0.00855399 -0.00262572 0.99990796 -0.00225825 -0.01034961 0.00847675
1778571075.890921 0.00410497 0.00839516 -0.00244995 0.99990879 -0.00220631 -0.01029008 0.00846517
1778571075.957635 0.00395262 0.00868398 -0.00268210 0.99990818 -0.00231313 -0.01037246 0.00840747
1778571076.024349 0.00426838 0.00858882 -0.00271743 0.99990760 -0.00228026 -0.01031028 0.00856059
1778571076.091063 0.00436332 0.00845544 -0.00251562 0.99990812 -0.00223220 -0.01021868 0.00862260
1778571076.157778 0.00404575 0.00872371 -0.00264768 0.99990765 -0.00233813 -0.01037639 0.00845956
1778571076.224493 0.00422467 0.00853553 -0.00237545 0.99990708 -0.00227557 -0.01050209 0.00838748
1778571076.291208 0.00436157 0.00842786 -0.00222336 0.99990700 -0.00222758 -0.01038859 0.00855001
1778571076.357922 0.00424439 0.00869358 -0.00277956 0.99990763 -0.00234147 -0.01034372 0.00850052
1778571076.424638 0.00427006 0.00858064 -0.00274002 0.99990748 -0.00229205 -0.01041402 0.00844555
1778571076.491354 0.00442005 0.00836597 -0.00251207 0.99990803 -0.00221908 -0.01031766 0.00851771
1778571076.558069 0.00402183 0.00859210 -0.00261504 0.99990786 -0.00229084 -0.01037414 0.00844981
1778571076.624783 0.00406174 0.00853835 -0.00259321 0.99990722 -0.00227252 -0.01044038 0.00844879
1778571076.691499 0.00463920 0.00829098 -0.00278247 0.99990910 -0.00220578 -0.01018775 0.00855223
1778571076.758213 0.00424153 0.00851154 -0.00293100 0.99990905 -0.00226006 -0.01017828 0.00855494
1778571076.824929 0.00404075 0.00861892 -0.00274060 0.99990701 -0.00229691 -0.01040756 0.00850747
1778571076.891645 0.00423335 0.00837972 -0.00259114 0.99990770 -0.00220437 -0.01027032 0.00861679
1778571076.958360 0.00413971 0.00846954 -0.00281312 0.99990834 -0.00224154 -0.01023551 0.00857431
1778571077.025075 0.00403255 0.00858495 -0.00290044 0.99990758 -0.00228368 -0.01034637 0.00851890
1778571077.091790 0.00420032 0.00836753 -0.00239283 0.99990660 -0.00220282 -0.01035495 0.00864365
1778571077.158506 0.00412020 0.00846032 -0.00267829 0.99990783 -0.00224110 -0.01028362 0.00857675
1778571077.225220 0.00408791 0.00863122 -0.00294030 0.99990717 -0.00231254 -0.01038196 0.00851534
1778571077.291935 0.00418531 0.00830029 -0.00257194 0.99990742 -0.00217766 -0.01034564 0.00856616
1778571077.358650 0.00399882 0.00826790 -0.00176411 0.99990369 -0.00217021 -0.01063862 0.00864414
1778571077.425364 0.00398866 0.00849594 -0.00161276 0.99990248 -0.00227335 -0.01086168 0.00847883
1778571077.492079 0.00414349 0.00829149 -0.00168625 0.99990353 -0.00218515 -0.01075926 0.00850904
1778571077.558794 0.00413137 0.00827165 -0.00153024 0.99990397 -0.00217307 -0.01078605 0.00842526
1778571077.625507 0.00391328 0.00854128 -0.00159864 0.99990357 -0.00226976 -0.01090642 0.00829188
1778571077.692223 0.00439169 0.00834683 -0.00184264 0.99990546 -0.00222182 -0.01073575 0.00829907
1778571077.758938 0.00427927 0.00828847 -0.00185720 0.99990688 -0.00218318 -0.01058142 0.00833599
1778571077.825652 0.00393838 0.00855745 -0.00172636 0.99990474 -0.00228120 -0.01087510 0.00818781
1778571077.892367 0.00422914 0.00847265 -0.00175907 0.99990511 -0.00224547 -0.01079740 0.00825556
1778571077.959081 0.00462980 0.00829787 -0.00193833 0.99990759 -0.00221470 -0.01062290 0.00818919
1778571078.025796 0.00430304 0.00855176 -0.00205360 0.99990707 -0.00229381 -0.01069762 0.00813339
1778571078.092510 0.00416060 0.00852611 -0.00160323 0.99990479 -0.00227441 -0.01090210 0.00814705
1778571078.159224 0.00425920 0.00835021 -0.00151886 0.99990672 -0.00220916 -0.01075707 0.00812137
1778571078.225940 0.00417628 0.00859720 -0.00176671 0.99990668 -0.00230814 -0.01082600 0.00800694
1778571078.292654 0.00421189 0.00855646 -0.00173366 0.99990600 -0.00229666 -0.01082691 0.00809275
1778571078.359368 0.00441893 0.00836183 -0.00155583 0.99990695 -0.00222380 -0.01072382 0.00813359
1778571078.426083 0.00458963 0.00847331 -0.00201786 0.99990867 -0.00230241 -0.01070758 0.00791844
1778571078.492797 0.00423608 0.00849541 -0.00172073 0.99990677 -0.00228756 -0.01088327 0.00792338
1778571078.559511 0.00427768 0.00830858 -0.00156308 0.99990750 -0.00219882 -0.01081277 0.00795244
1778571078.626225 0.00423133 0.00849870 -0.00180064 0.99990821 -0.00226991 -0.01079477 0.00786655
1778571078.692940 0.00427121 0.00858344 -0.00181830 0.99990762 -0.00230692 -0.01088790 0.00780258
1778571078.759654 0.00435912 0.00834721 -0.00171852 0.99990859 -0.00221176 -0.01077421 0.00786329
1778571078.826368 0.00426771 0.00844034 -0.00185525 0.99990876 -0.00225670 -0.01073107 0.00788767
1778571078.893083 0.00431926 0.00865694 -0.00179372 0.99990805 -0.00234264 -0.01090026 0.00771892
1778571078.959797 0.00443319 0.00834437 -0.00169121 0.99990824 -0.00221453 -0.01079401 0.00788004
1778571079.026510 0.00471819 0.00833686 -0.00210445 0.99991045 -0.00226012 -0.01066231 0.00776476
1778571079.093225 0.00436604 0.00860171 -0.00199889 0.99990934 -0.00233206 -0.01078345 0.00771916
1778571079.159940 0.00434135 0.00832556 -0.00173073 0.99990871 -0.00222169 -0.01079936 0.00781075
1778571079.226654 0.00423126 0.00825976 -0.00169185 0.99990884 -0.00219510 -0.01078524 0.00782102
1778571079.293367 0.00421616 0.00854039 -0.00182275 0.99990837 -0.00230765 -0.01087300 0.00772651
1778571079.360083 0.00429742 0.00830236 -0.00171301 0.99990872 -0.00220611 -0.01080538 0.00780564
1778571079.426798 0.00422766 0.00822775 -0.00168924 0.99990956 -0.00217656 -0.01072761 0.00781355
1778571079.493511 0.00424744 0.00855021 -0.00184988 0.99990889 -0.00231196 -0.01083757 0.00770737
1778571079.560227 0.00429548 0.00832612 -0.00162590 0.99990817 -0.00221936 -0.01085688 0.00780120
1778571079.626941 0.00490433 0.00828151 -0.00207995 0.99991076 -0.00222758 -0.01058833 0.00783543
1778571079.693655 0.00427103 0.00864405 -0.00191894 0.99990952 -0.00232468 -0.01076194 0.00772882
1778571079.760370 0.00438166 0.00849675 -0.00187639 0.99990849 -0.00226889 -0.01074912 0.00789394
1778571079.827085 0.00490831 0.00844091 -0.00183291 0.99990953 -0.00226919 -0.01063019 0.00792306
1778571079.893798 0.00435348 0.00869947 -0.00175614 0.99990884 -0.00234611 -0.01080181 0.00775406
1778571079.960513 0.00426354 0.00857057 -0.00168705 0.99990753 -0.00229844 -0.01086487 0.00784912
1778571080.027228 0.00460220 0.00836850 -0.00166708 0.99990894 -0.00222705 -0.01068138 0.00794105
1778571080.093942 0.00433944 0.00866582 -0.00175303 0.99990880 -0.00233649 -0.01084347 0.00770416
1778571080.160656 0.00438056 0.00858798 -0.00171478 0.99990866 -0.00231209 -0.01087698 0.00768212
1778571080.227372 0.00448597 0.00840138 -0.00160518 0.99990970 -0.00223425 -0.01076372 0.00772937
1778571080.294086 0.00435379 0.00851111 -0.00171138 0.99990924 -0.00229481 -0.01083767 0.00766771
1778571080.360803 0.00436679 0.00858352 -0.00161635 0.99990801 -0.00231858 -0.01098458 0.00761183
1778571080.427518 0.00457070 0.00832727 -0.00155022 0.99990852 -0.00222325 -0.01083288 0.00778792
1778571080.494234 0.00484591 0.00844465 -0.00207140 0.99991059 -0.00229521 -0.01073308 0.00763891
1778571080.560949 0.00441899 0.00862495 -0.00194318 0.99990972 -0.00233949 -0.01083978 0.00758772
1778571080.627665 0.00432495 0.00833090 -0.00166455 0.99990964 -0.00221303 -0.01081780 0.00766795
1778571080.694379 0.00427594 0.00841406 -0.00167731 0.99990938 -0.00224683 -0.01082491 0.00768093
1778571080.761096 0.00429240 0.00866051 -0.00181632 0.99990925 -0.00233847 -0.01089145 0.00757613
1778571080.827811 0.00448503 0.00837304 -0.00194409 0.99991151 -0.00220272 -0.01068299 0.00761565
1778571080.894527 0.00424637 0.00837639 -0.00172939 0.99990993 -0.00223455 -0.01077936 0.00767756
1778571080.961242 0.00425230 0.00860556 -0.00179224 0.99990897 -0.00232548 -0.01090099 0.00760368
1778571081.027958 0.00445296 0.00834165 -0.00185793 0.99990970 -0.00222453 -0.01077168 0.00772039
1778571081.094674 0.00413576 0.00834805 -0.00166280 0.99990946 -0.00221263 -0.01082738 0.00767782
1778571081.161389 0.00408913 0.00860018 -0.00176997 0.99990927 -0.00231568 -0.01090390 0.00756232
1778571081.228105 0.00431936 0.00838750 -0.00186099 0.99990968 -0.00223350 -0.01079039 0.00769517
1778571081.294821 0.00415462 0.00823529 -0.00167432 0.99990974 -0.00217679 -0.01080648 0.00768071
1778571081.361536 0.00392543 0.00851695 -0.00176616 0.99990882 -0.00228661 -0.01093230 0.00758944
1778571081.428251 0.00421759 0.00838115 -0.00155618 0.99990898 -0.00222694 -0.01094826 0.00756353
1778571081.494968 0.00462882 0.00833002 -0.00203101 0.99991261 -0.00220267 -0.01059303 0.00759634
1778571081.561683 0.00430828 0.00862740 -0.00196902 0.99991102 -0.00232215 -0.01071530 0.00759852
1778571081.628399 0.00434493 0.00852172 -0.00168760 0.99990826 -0.00228910 -0.01085788 0.00776750
1778571081.695115 0.00449266 0.00840329 -0.00163045 0.99991023 -0.00221098 -0.01070458 0.00774923
1778571081.761831 0.00417605 0.00856275 -0.00174574 0.99990876 -0.00230162 -0.01086041 0.00769623
1778571081.828547 0.00448226 0.00857037 -0.00188651 0.99990854 -0.00230880 -0.01077771 0.00783661
1778571081.895262 0.00447728 0.00842828 -0.00176327 0.99991087 -0.00222192 -0.01071157 0.00765320
1778571081.961978 0.00440444 0.00857332 -0.00175750 0.99990989 -0.00231389 -0.01079591 0.00763539
1778571082.028694 0.00433413 0.00868782 -0.00172187 0.99990825 -0.00233991 -0.01089699 0.00769899
1778571082.095410 0.00436322 0.00846409 -0.00168893 0.99991058 -0.00221460 -0.01074468 0.00764676
1778571082.162126 0.00444970 0.00850632 -0.00198867 0.99991061 -0.00227367 -0.01070285 0.00768498
1778571082.228841 0.00444976 0.00863447 -0.00207566 0.99990904 -0.00233429 -0.01080936 0.00772102
1778571082.295555 0.00444085 0.00844556 -0.00188429 0.99991096 -0.00221473 -0.01068938 0.00767536
1778571082.362270 0.00435721 0.00839605 -0.00194743 0.99991080 -0.00223838 -0.01070651 0.00766488
1778571082.428984 0.00411303 0.00868296 -0.00205595 0.99991019 -0.00233686 -0.01079349 0.00759292
1778571082.495698 0.00429075 0.00838891 -0.00174343 0.99991003 -0.00218535 -0.01073907 0.00773515
1778571082.562412 0.00431730 0.00829205 -0.00183491 0.99990958 -0.00220236 -0.01072564 0.00780652
1778571082.629127 0.00412139 0.00859217 -0.00180552 0.99990847 -0.00230814 -0.01089677 0.00768071
1778571082.695843 0.00475679 0.00835761 -0.00217404 0.99991182 -0.00222466 -0.01057917 0.00771309
1778571082.762557 0.00481957 0.00848607 -0.00210267 0.99991044 -0.00227579 -0.01051937 0.00795397
1778571082.829271 0.00415918 0.00860752 -0.00180215 0.99990845 -0.00231575 -0.01082450 0.00778169
1778571082.895986 0.00424781 0.00836608 -0.00169497 0.99990818 -0.00221980 -0.01082349 0.00784582
1778571082.962699 0.00409952 0.00828502 -0.00155839 0.99990832 -0.00218697 -0.01084241 0.00781076
1778571083.029415 0.00417184 0.00855513 -0.00177608 0.99990792 -0.00229559 -0.01088969 0.00776462
1778571083.096130 0.00411662 0.00842012 -0.00155706 0.99990747 -0.00223477 -0.01092570 0.00779033
1778571083.162844 0.00434986 0.00835870 -0.00165210 0.99990983 -0.00218514 -0.01071989 0.00778698
1778571083.229561 0.00426001 0.00850985 -0.00189635 0.99990930 -0.00228781 -0.01079562 0.00772057
1778571083.296277 0.00433543 0.00842993 -0.00163937 0.99990786 -0.00224801 -0.01088532 0.00779263
1778571083.362994 0.00433146 0.00835769 -0.00164253 0.99991058 -0.00218388 -0.01072610 0.00768152
1778571083.429711 0.00421073 0.00861366 -0.00212372 0.99991144 -0.00231568 -0.01068743 0.00758460
1778571083.496427 0.00446125 0.00855795 -0.00182578 0.99990852 -0.00229444 -0.01080962 0.00779969
1778571083.563143 0.00440603 0.00850281 -0.00164555 0.99990992 -0.00222807 -0.01076333 0.00770306
1778571083.629860 0.00436428 0.00867249 -0.00172852 0.99990914 -0.00234153 -0.01085020 0.00764888
1778571083.696576 0.00433852 0.00864311 -0.00141920 0.99990755 -0.00232064 -0.01102050 0.00761983
1778571083.763294 0.00461172 0.00855516 -0.00163033 0.99990986 -0.00225250 -0.01074402 0.00773132
1778571083.830011 0.00444801 0.00868933 -0.00174856 0.99990933 -0.00234437 -0.01085338 0.00761884
1778571083.896728 0.00453011 0.00869982 -0.00182230 0.99990859 -0.00235325 -0.01087408 0.00768270
1778571083.963444 0.00452108 0.00850783 -0.00181800 0.99991074 -0.00224149 -0.01070798 0.00767028
1778571084.030161 0.00445561 0.00848370 -0.00187790 0.99991039 -0.00228116 -0.01073233 0.00766919
1778571084.096878 0.00436894 0.00867555 -0.00181785 0.99990856 -0.00234659 -0.01087095 0.00769383
1778571084.163594 0.00466216 0.00843255 -0.00185775 0.99991028 -0.00223031 -0.01065790 0.00780153
1778571084.230312 0.00455549 0.00846294 -0.00178538 0.99990943 -0.00227126 -0.01074619 0.00777831
1778571084.297027 0.00424427 0.00862088 -0.00172347 0.99990717 -0.00232341 -0.01096730 0.00774362
1778571084.363744 0.00445108 0.00841388 -0.00164890 0.99990982 -0.00220552 -0.01077309 0.00770885
1778571084.430460 0.00431612 0.00835905 -0.00171295 0.99990969 -0.00223041 -0.01077494 0.00771652
1778571084.497176 0.00435627 0.00859719 -0.00177395 0.99990844 -0.00232422 -0.01090783 0.00766345
1778571084.563894 0.00450931 0.00844694 -0.00173753 0.99991020 -0.00222284 -0.01075367 0.00768191
1778571084.630611 0.00437384 0.00838044 -0.00177117 0.99991132 -0.00220454 -0.01069397 0.00762483
1778571084.697326 0.00417452 0.00856625 -0.00180228 0.99990889 -0.00230771 -0.01086718 0.00766764
1778571084.764044 0.00436498 0.00841778 -0.00163795 0.99990994 -0.00221858 -0.01080952 0.00763807
1778571084.830760 0.00447090 0.00838712 -0.00179604 0.99991146 -0.00219830 -0.01061096 0.00772296
1778571084.897476 0.00429344 0.00863986 -0.00171340 0.99990926 -0.00232664 -0.01088215 0.00759219
1778571084.964193 0.00487566 0.00854301 -0.00187774 0.99991031 -0.00228536 -0.01069828 0.00772613
1778571085.030910 0.00447547 0.00845026 -0.00170142 0.99991119 -0.00221245 -0.01060663 0.00776031
1778571085.097627 0.00430518 0.00867869 -0.00162880 0.99990864 -0.00233632 -0.01090982 0.00763080
1778571085.164344 0.00453197 0.00863941 -0.00184798 0.99990976 -0.00228381 -0.01076850 0.00769976
1778571085.231059 0.00437813 0.00849853 -0.00173354 0.99991135 -0.00221351 -0.01068866 0.00762480
1778571085.297773 0.00430693 0.00870379 -0.00170157 0.99990927 -0.00233810 -0.01085536 0.00762490
1778571085.364488 0.00449587 0.00872539 -0.00154539 0.99990875 -0.00231340 -0.01089096 0.00764965
1778571085.431202 0.00477340 0.00856120 -0.00179193 0.99991077 -0.00225270 -0.01063414 0.00776475
1778571085.497916 0.00444102 0.00877565 -0.00180911 0.99990936 -0.00236359 -0.01080292 0.00768021
1778571085.564631 0.00485602 0.00874184 -0.00187850 0.99991058 -0.00235957 -0.01078776 0.00754271
1778571085.631346 0.00549729 0.00907850 -0.00212688 0.99991331 -0.00248611 -0.01049584 0.00755182
1778571085.698059 0.00488701 0.00911427 -0.00183232 0.99990964 -0.00253104 -0.01080564 0.00758634
1778571085.764774 0.00476965 0.00912959 -0.00159266 0.99990701 -0.00253821 -0.01102716 0.00761108
1778571085.831489 0.00474238 0.00885863 -0.00159834 0.99990820 -0.00238529 -0.01083160 0.00778345
1778571085.898204 0.00488492 0.00887993 -0.00189969 0.99990808 -0.00246469 -0.01082930 0.00777732
1778571085.964918 0.00472118 0.00911456 -0.00180744 0.99990644 -0.00253200 -0.01094475 0.00780423
1778571086.031633 0.00467732 0.00882699 -0.00171245 0.99990684 -0.00237621 -0.01080942 0.00798866
1778571086.098346 0.00479199 0.00892863 -0.00202300 0.99990784 -0.00243967 -0.01069940 0.00799246
1778571086.165061 0.00455949 0.00913389 -0.00184105 0.99990579 -0.00252545 -0.01087662 0.00798302
1778571086.231776 0.00452378 0.00885473 -0.00170004 0.99990568 -0.00236348 -0.01080214 0.00814664
1778571086.298491 0.00443466 0.00888837 -0.00182719 0.99990611 -0.00239689 -0.01074918 0.00815300
1778571086.365205 0.00438082 0.00911278 -0.00175350 0.99990410 -0.00250657 -0.01093971 0.00811342
1778571086.431919 0.00450905 0.00881222 -0.00171688 0.99990468 -0.00235064 -0.01079826 0.00827651
1778571086.498634 0.00433876 0.00884784 -0.00170675 0.99990479 -0.00235932 -0.01074054 0.00833538
1778571086.565348 0.00425015 0.00903838 -0.00159704 0.99990360 -0.00248544 -0.01097908 0.00812851
1778571086.632063 0.00437244 0.00887351 -0.00164182 0.99990558 -0.00237614 -0.01081069 0.00814370
1778571086.698776 0.00494384 0.00887492 -0.00210961 0.99990769 -0.00240055 -0.01049999 0.00828294
1778571086.765492 0.00451045 0.00918507 -0.00178931 0.99990490 -0.00253705 -0.01078756 0.00820828
1778571086.832206 0.00449319 0.00893818 -0.00153633 0.99990365 -0.00239234 -0.01081320 0.00836867
1778571086.898920 0.00504061 0.00889768 -0.00198914 0.99990608 -0.00241135 -0.01052744 0.00843705
1778571086.965635 0.00476549 0.00924247 -0.00193348 0.99990441 -0.00255934 -0.01072091 0.00834780
1778571087.032349 0.00507941 0.00911583 -0.00177006 0.99990449 -0.00249590 -0.01075497 0.00831329
1778571087.099062 0.00480521 0.00903505 -0.00182968 0.99990579 -0.00243002 -0.01057309 0.00840888
1778571087.165777 0.00468082 0.00930857 -0.00195134 0.99990466 -0.00255205 -0.01068910 0.00836046
1778571087.232493 0.00477815 0.00922284 -0.00178894 0.99990357 -0.00251534 -0.01069954 0.00848821
1778571087.299208 0.00485848 0.00897367 -0.00149718 0.99990392 -0.00240957 -0.01065427 0.00853397
1778571087.365924 0.00479733 0.00927606 -0.00165939 0.99990250 -0.00258033 -0.01079731 0.00847024
1778571087.432639 0.00488196 0.00928145 -0.00149166 0.99990209 -0.00253995 -0.01087215 0.00843575
1778571087.499354 0.00485226 0.00892112 -0.00145382 0.99990334 -0.00239693 -0.01072491 0.00851710
1778571087.566069 0.00485141 0.00914206 -0.00189383 0.99990330 -0.00251150 -0.01068322 0.00854109
1778571087.632784 0.00462401 0.00911002 -0.00143385 0.99990074 -0.00250512 -0.01097661 0.00847050
1778571087.699500 0.00496197 0.00894481 -0.00162972 0.99990367 -0.00240391 -0.01066342 0.00855324
1778571087.766215 0.00471664 0.00917678 -0.00164162 0.99990437 -0.00249556 -0.01078465 0.00828922
1778571087.832930 0.00467361 0.00917541 -0.00154253 0.99990234 -0.00253437 -0.01088085 0.00839600
1778571087.899646 0.00471797 0.00887455 -0.00150225 0.99990277 -0.00236984 -0.01074037 0.00857249
1778571087.966360 0.00457255 0.00898005 -0.00158486 0.99990390 -0.00241875 -0.01079336 0.00835772
1778571088.033077 0.00461718 0.00911115 -0.00167990 0.99990230 -0.00250428 -0.01085142 0.00844828
1778571088.099792 0.00465398 0.00886607 -0.00156699 0.99990269 -0.00236029 -0.01075420 0.00856618
1778571088.166507 0.00484266 0.00893939 -0.00183380 0.99990390 -0.00242275 -0.01062987 0.00856367
1778571088.233223 0.00474231 0.00924458 -0.00190836 0.99990404 -0.00252203 -0.01071089 0.00841621
1778571088.299939 0.00473464 0.00885336 -0.00173610 0.99990311 -0.00235873 -0.01067325 0.00861887
1778571088.366656 0.00457024 0.00889325 -0.00178761 0.99990360 -0.00238005 -0.01066600 0.00856466
1778571088.433372 0.00457120 0.00913802 -0.00178660 0.99990198 -0.00251541 -0.01082377 0.00851815
1778571088.500089 0.00497688 0.00887325 -0.00178347 0.99990320 -0.00239192 -0.01066885 0.00860547
1778571088.566805 0.00468710 0.00888192 -0.00181792 0.99990366 -0.00237479 -0.01056178 0.00868842
1778571088.633522 0.00441334 0.00906306 -0.00166738 0.99990154 -0.00248471 -0.01084396 0.00855281
1778571088.700238 0.00470340 0.00890655 -0.00173027 0.99990245 -0.00238898 -0.01070141 0.00865260
1778571088.766954 0.00467277 0.00878626 -0.00177863 0.99990355 -0.00234857 -0.01061757 0.00863938
1778571088.833670 0.00460284 0.00907778 -0.00192950 0.99990279 -0.00250578 -0.01072693 0.00854804
1778571088.900388 0.00474662 0.00901078 -0.00178023 0.99990269 -0.00243427 -0.01069588 0.00861893
1778571088.967104 0.00468086 0.00883939 -0.00171966 0.99990380 -0.00236516 -0.01061094 0.00861397
1778571089.033821 0.00469866 0.00923714 -0.00199750 0.99990459 -0.00252664 -0.01064278 0.00843545
1778571089.100537 0.00462874 0.00913730 -0.00163190 0.99990275 -0.00245692 -0.01072172 0.00857306
1778571089.167253 0.00478484 0.00894095 -0.00154915 0.99990294 -0.00240078 -0.01064098 0.00866715
1778571089.233970 0.00466259 0.00924966 -0.00167283 0.99990124 -0.00256964 -0.01084193 0.00856506
1778571089.300685 0.00482248 0.00916964 -0.00164863 0.99990206 -0.00249900 -0.01077685 0.00857192
1778571089.367402 0.00483778 0.00894871 -0.00153406 0.99990363 -0.00240023 -0.01065921 0.00856480
1778571089.434118 0.00477157 0.00931439 -0.00183053 0.99990404 -0.00255458 -0.01067148 0.00845583
1778571089.500834 0.00518814 0.00915560 -0.00179256 0.99990238 -0.00254359 -0.01070917 0.00860685
1778571089.567550 0.00486512 0.00893469 -0.00137325 0.99990183 -0.00240984 -0.01071642 0.00869896
1778571089.634265 0.00467615 0.00923929 -0.00153619 0.99990213 -0.00254450 -0.01081860 0.00849822
1778571089.700982 0.00474713 0.00919369 -0.00156333 0.99990236 -0.00252039 -0.01083094 0.00846252
1778571089.767699 0.00479164 0.00885265 -0.00153823 0.99990292 -0.00238048 -0.01066489 0.00864520
1778571089.834414 0.00462881 0.00911972 -0.00167403 0.99990324 -0.00249214 -0.01074713 0.00847297
1778571089.901131 0.00469682 0.00908802 -0.00153924 0.99990135 -0.00251459 -0.01087205 0.00853081
1778571089.967847 0.00527214 0.00878928 -0.00180023 0.99990346 -0.00240647 -0.01058580 0.00867275
1778571090.034563 0.00479332 0.00900829 -0.00181232 0.99990334 -0.00246904 -0.01061748 0.00863051
1778571090.101279 0.00461766 0.00904876 -0.00161824 0.99990103 -0.00251310 -0.01086764 0.00857318
1778571090.167996 0.00478836 0.00870895 -0.00156806 0.99990227 -0.00234542 -0.01070466 0.00868048
1778571090.234710 0.00458726 0.00880935 -0.00156872 0.99990072 -0.00241791 -0.01073794 0.00879748
1778571090.301425 0.00489452 0.00903219 -0.00188783 0.99990348 -0.00250844 -0.01075963 0.00842415
1778571090.368139 0.00452905 0.00866865 -0.00155624 0.99990333 -0.00231927 -0.01069693 0.00857444
1778571090.434854 0.00433335 0.00874142 -0.00144326 0.99990260 -0.00235516 -0.01078480 0.00854025
1778571090.501570 0.00448370 0.00901047 -0.00166368 0.99990280 -0.00245584 -0.01082533 0.00843625
1778571090.568285 0.00458349 0.00870202 -0.00164435 0.99990266 -0.00232375 -0.01068693 0.00866350
1778571090.635000 0.00452877 0.00875475 -0.00159245 0.99990248 -0.00234909 -0.01067415 0.00869289
1778571090.701715 0.00445460 0.00899135 -0.00167319 0.99990136 -0.00248358 -0.01084790 0.00856843
1778571090.768430 0.00452583 0.00870033 -0.00164465 0.99990257 -0.00234083 -0.01075345 0.00858687
1778571090.835144 0.00437979 0.00870576 -0.00166240 0.99990318 -0.00231675 -0.01064897 0.00865189
1778571090.901859 0.00440369 0.00909361 -0.00170567 0.99990289 -0.00248856 -0.01079311 0.00845725
1778571090.968574 0.00451253 0.00875922 -0.00163958 0.99990239 -0.00234243 -0.01069880 0.00867505
1778571091.035289 0.00446180 0.00866618 -0.00158902 0.99990243 -0.00231257 -0.01066877 0.00871568
1778571091.102004 0.00434973 0.00907349 -0.00170557 0.99990283 -0.00246626 -0.01079333 0.00847101
1778571091.168718 0.00462698 0.00881034 -0.00160914 0.99990202 -0.00236596 -0.01071377 0.00869342
1778571091.235433 0.00455434 0.00869716 -0.00155827 0.99990254 -0.00231628 -0.01066200 0.00871070
1778571091.302148 0.00431754 0.00906017 -0.00150468 0.99990196 -0.00244996 -0.01080392 0.00856351
1778571091.368863 0.00442426 0.00888649 -0.00134370 0.99990119 -0.00238159 -0.01082128 0.00865147
1778571091.435578 0.00467154 0.00883512 -0.00148077 0.99990251 -0.00236597 -0.01067197 0.00868773
1778571091.502293 0.00446715 0.00920233 -0.00153673 0.99990306 -0.00250943 -0.01083372 0.00837913
1778571091.569008 0.00466181 0.00904971 -0.00151719 0.99990265 -0.00245175 -0.01076192 0.00853642
1778571091.635722 0.00462077 0.00886530 -0.00164150 0.99990396 -0.00236535 -0.01063071 0.00857101
1778571091.702437 0.00463584 0.00924443 -0.00175890 0.99990402 -0.00251933 -0.01070900 0.00842106
1778571091.769151 0.00475849 0.00917042 -0.00163919 0.99990329 -0.00249540 -0.01074419 0.00847054
1778571091.835867 0.00474979 0.00896711 -0.00162350 0.99990331 -0.00240214 -0.01059210 0.00868419
1778571091.902581 0.00460602 0.00917375 -0.00162547 0.99990183 -0.00253120 -0.01078160 0.00858391
1778571091.969297 0.00468154 0.00914314 -0.00139822 0.99990034 -0.00251438 -0.01089661 0.00861733
1778571092.036011 0.00464326 0.00892014 -0.00142979 0.99990243 -0.00239007 -0.01072283 0.00862728
1778571092.102726 0.00455312 0.00909579 -0.00180368 0.99990297 -0.00248887 -0.01068788 0.00858001
1778571092.169441 0.00455055 0.00924967 -0.00169968 0.99990235 -0.00254003 -0.01079276 0.00850568
1778571092.236155 0.00473010 0.00887775 -0.00162999 0.99990306 -0.00238208 -0.01064735 0.00865067
1778571092.302870 0.00456606 0.00908492 -0.00174422 0.99990389 -0.00246407 -0.01071311 0.00844797
1778571092.369584 0.00440045 0.00917564 -0.00166846 0.99990153 -0.00253981 -0.01082223 0.00856451
1778571092.436299 0.00449190 0.00882733 -0.00175275 0.99990336 -0.00235941 -0.01067130 0.00859241
1778571092.503013 0.00491614 0.00897444 -0.00211534 0.99990351 -0.00247417 -0.01054635 0.00869654
1778571092.569727 0.00441652 0.00926698 -0.00163247 0.99990131 -0.00258027 -0.01082079 0.00857998
1778571092.636441 0.00431510 0.00881314 -0.00152026 0.99990262 -0.00233575 -0.01074829 0.00858862
1778571092.703156 0.00412837 0.00897962 -0.00168338 0.99990360 -0.00240334 -0.01071962 0.00849092
1778571092.769871 0.00411307 0.00910806 -0.00160326 0.99990178 -0.00248739 -0.01091052 0.00843840
1778571092.836584 0.00474123 0.00848177 -0.00111584 0.99989568 -0.00221820 -0.01139041 0.00860021
1778571092.903299 0.00572085 0.00847457 -0.00188746 0.99989545 -0.00225298 -0.01110224 0.00898640
1778571092.970014 0.00565570 0.00864514 -0.00149711 0.99989136 -0.00232720 -0.01091769 0.00962604
1778571093.036728 0.00545497 0.00848045 -0.00147546 0.99988229 -0.00222039 -0.01129125 0.01014808
1778571093.103443 0.00675295 0.00822930 -0.00313506 0.99988939 -0.00214284 -0.01077111 0.01003018
1778571093.170157 0.00645475 0.00863559 -0.00329918 0.99988974 -0.00223932 -0.01025972 0.01049898
1778571093.236871 0.00776758 0.00912554 -0.00463354 0.99989636 -0.00238138 -0.00943649 0.01060862
1778571093.303586 0.00812602 0.00886320 -0.00459783 0.99988629 -0.00232372 -0.00993591 0.01110380
1778571093.370301 0.00774782 0.00895590 -0.00470153 0.99988466 -0.00237814 -0.00993678 0.01123715
1778571093.437016 0.00788358 0.00894071 -0.00467519 0.99987971 -0.00234952 -0.01018581 0.01145819
1778571093.503731 0.00811499 0.00883900 -0.00462408 0.99987745 -0.00230407 -0.01029898 0.01156311
1778571093.570445 0.00777886 0.00903774 -0.00460595 0.99987126 -0.00240022 -0.01040926 0.01197324
1778571093.637160 0.00791030 0.00898193 -0.00460170 0.99986855 -0.00235010 -0.01049257 0.01213517
1778571093.703875 0.00821072 0.00881322 -0.00452244 0.99986787 -0.00230408 -0.01044553 0.01224007
1778571093.770590 0.00795114 0.00909319 -0.00466672 0.99986821 -0.00244424 -0.01036645 0.01225227
1778571093.837304 0.00796071 0.00917867 -0.00467780 0.99986615 -0.00246044 -0.01042624 0.01236636
1778571093.904019 0.00818639 0.00889439 -0.00459714 0.99986313 -0.00234577 -0.01040990 0.01264339
1778571093.970734 0.00793610 0.00899289 -0.00469350 0.99986088 -0.00242216 -0.01041017 0.01280575
1778571094.037447 0.00791196 0.00905008 -0.00460023 0.99985620 -0.00241251 -0.01048503 0.01310807
1778571094.104163 0.00815921 0.00893703 -0.00458489 0.99985551 -0.00234029 -0.01046801 0.01318755
1778571094.170877 0.00799110 0.00903115 -0.00466879 0.99985479 -0.00241393 -0.01042435 0.01326286
1778571094.237592 0.00791798 0.00913938 -0.00471475 0.99985273 -0.00244771 -0.01042987 0.01340661
1778571094.304307 0.00808731 0.00904115 -0.00467262 0.99985199 -0.00236158 -0.01039126 0.01350730
1778571094.371021 0.00796085 0.00919165 -0.00480290 0.99985186 -0.00241565 -0.01031367 0.01356625
1778571094.437734 0.00791642 0.00937532 -0.00475342 0.99984975 -0.00248937 -0.01035322 0.01367811
1778571094.504449 0.00815506 0.00919846 -0.00462576 0.99984694 -0.00241276 -0.01037223 0.01388120
1778571094.571164 0.00802824 0.00925397 -0.00476850 0.99984751 -0.00243759 -0.01032455 0.01387180
1778571094.637878 0.00791428 0.00941197 -0.00474951 0.99984642 -0.00250981 -0.01036404 0.01390744
1778571094.704592 0.00809558 0.00927866 -0.00467762 0.99984457 -0.00241977 -0.01035782 0.01406053
1778571094.771307 0.00803246 0.00930587 -0.00477575 0.99984538 -0.00243304 -0.01031478 0.01403222
1778571094.838021 0.00785500 0.00945307 -0.00480259 0.99984420 -0.00251483 -0.01033016 0.01409037
1778571094.904735 0.00808080 0.00920897 -0.00470090 0.99984118 -0.00240945 -0.01035555 0.01430259
1778571094.971449 0.00809446 0.00917951 -0.00477951 0.99984063 -0.00240086 -0.01030176 0.01438136
1778571095.038163 0.00789150 0.00947194 -0.00478154 0.99983974 -0.00251284 -0.01036485 0.01437868
1778571095.104877 0.00806828 0.00931664 -0.00458716 0.99983653 -0.00244251 -0.01043051 0.01456575
1778571095.171591 0.00808038 0.00922246 -0.00474054 0.99983709 -0.00240491 -0.01035734 0.01458575
1778571095.238306 0.00789788 0.00944950 -0.00471394 0.99983649 -0.00250338 -0.01040619 0.01457541
1778571095.305020 0.00805920 0.00931525 -0.00451934 0.99983368 -0.00244595 -0.01045433 0.01474208
1778571095.371733 0.00807111 0.00923556 -0.00473938 0.99983435 -0.00241903 -0.01035307 0.01477301
1778571095.438447 0.00781087 0.00953644 -0.00484023 0.99983452 -0.00257189 -0.01037522 0.01471998
1778571095.505163 0.00792267 0.00942977 -0.00465201 0.99983241 -0.00249715 -0.01043135 0.01483554
1778571095.571877 0.00800754 0.00930691 -0.00466315 0.99983256 -0.00245061 -0.01039894 0.01485603
1778571095.638591 0.00780393 0.00949101 -0.00472017 0.99983303 -0.00254922 -0.01041121 0.01479965
1778571095.705305 0.00796101 0.00939738 -0.00460879 0.99983090 -0.00248077 -0.01042168 0.01494705
1778571095.772019 0.00808250 0.00923291 -0.00465246 0.99983029 -0.00241587 -0.01037566 0.01502982
1778571095.838734 0.00787444 0.00939112 -0.00477441 0.99983173 -0.00251289 -0.01036252 0.01492695
1778571095.905448 0.00794349 0.00938740 -0.00462990 0.99982922 -0.00249271 -0.01042203 0.01505633
1778571095.972162 0.00806223 0.00921826 -0.00463984 0.99982853 -0.00239343 -0.01039814 0.01513469
1778571096.038876 0.00779432 0.00934372 -0.00475997 0.99983051 -0.00248092 -0.01040177 0.01498663
1778571096.105590 0.00790227 0.00938890 -0.00453717 0.99982762 -0.00248145 -0.01047974 0.01512423
1778571096.172304 0.00803899 0.00923684 -0.00462675 0.99982734 -0.00240676 -0.01040739 0.01520502
1778571096.239019 0.00780001 0.00936774 -0.00477315 0.99982972 -0.00247635 -0.01040670 0.01503652
1778571096.305733 0.00798852 0.00935453 -0.00464871 0.99982606 -0.00246496 -0.01042866 0.01526483
1778571096.372448 0.00820691 0.00923135 -0.00470863 0.99982630 -0.00242467 -0.01036236 0.01530104
1778571096.439163 0.00792660 0.00935076 -0.00484959 0.99983144 -0.00247362 -0.01037112 0.01494702
1778571096.505877 0.00791688 0.00940230 -0.00463297 0.99982929 -0.00249074 -0.01046370 0.01502354
1778571096.572592 0.00814563 0.00925730 -0.00465238 0.99982854 -0.00241894 -0.01046036 0.01508725
1778571096.639307 0.00793907 0.00941286 -0.00477647 0.99983209 -0.00250002 -0.01046739 0.01483126
1778571096.706020 0.00799599 0.00947271 -0.00462901 0.99982877 -0.00249138 -0.01054391 0.01500152
1778571096.772736 0.00824951 0.00934513 -0.00469418 0.99982781 -0.00246750 -0.01049173 0.01510574
1778571096.839449 0.00793398 0.00940852 -0.00478807 0.99983130 -0.00247764 -0.01051515 0.01485492
1778571096.906164 0.00796135 0.00951989 -0.00454745 0.99982793 -0.00252673 -0.01059997 0.01501254
1778571096.972878 0.00821501 0.00936428 -0.00464665 0.99982685 -0.00246774 -0.01054639 0.01513120
1778571097.039594 0.00798665 0.00943754 -0.00483088 0.99983261 -0.00251504 -0.01049990 0.01477094
1778571097.106308 0.00797451 0.00950510 -0.00464314 0.99982937 -0.00252782 -0.01060207 0.01491428
1778571097.173023 0.00823166 0.00937646 -0.00465265 0.99982561 -0.00246532 -0.01058657 0.01518541
1778571097.239740 0.00801746 0.00941806 -0.00480530 0.99982838 -0.00248636 -0.01056732 0.01501231
1778571097.306457 0.00791535 0.00956800 -0.00473650 0.99982668 -0.00255119 -0.01060221 0.01508949
1778571097.373173 0.00812405 0.00939316 -0.00464363 0.99981907 -0.00244523 -0.01061862 0.01559164
1778571097.439890 0.00795614 0.00937460 -0.00476785 0.99982187 -0.00244838 -0.01066466 0.01537859
1778571097.506606 0.00788763 0.00955723 -0.00476168 0.99982093 -0.00253429 -0.01064389 0.01543997
1778571097.573323 0.00820736 0.00931262 -0.00473180 0.99981698 -0.00244107 -0.01061811 0.01572604
1778571097.640040 0.00810230 0.00934539 -0.00478635 0.99981947 -0.00244640 -0.01055349 0.01560980
1778571097.706756 0.00791216 0.00952796 -0.00478591 0.99982077 -0.00252785 -0.01062589 0.01546394
1778571097.773474 0.00808782 0.00942132 -0.00463076 0.99981392 -0.00246368 -0.01058811 0.01593544
1778571097.840191 0.00802977 0.00933468 -0.00474518 0.99981708 -0.00242119 -0.01054325 0.01577316
1778571097.906907 0.00789865 0.00947128 -0.00476374 0.99981916 -0.00248824 -0.01062853 0.01557230
1778571097.973624 0.00818111 0.00942825 -0.00463750 0.99980625 -0.00246084 -0.01055287 0.01643281
1778571098.040341 0.00808009 0.00935183 -0.00474395 0.99980958 -0.00241934 -0.01058921 0.01621165
1778571098.107058 0.00779707 0.00954084 -0.00472660 0.99981016 -0.00251425 -0.01069891 0.01608911
1778571098.173775 0.00801920 0.00946406 -0.00455802 0.99979497 -0.00246414 -0.01061560 0.01706630
1778571098.240490 0.00813668 0.00932864 -0.00466531 0.99979781 -0.00240766 -0.01066890 0.01687369
1778571098.307205 0.00788217 0.00949700 -0.00479245 0.99980229 -0.00249687 -0.01069353 0.01657723
1778571098.373920 0.00808357 0.00943445 -0.00463839 0.99978844 -0.00246002 -0.01066649 0.01741412
1778571098.440634 0.00817450 0.00934133 -0.00466449 0.99979054 -0.00240783 -0.01060844 0.01733629
1778571098.507349 0.00790796 0.00948155 -0.00483828 0.99979617 -0.00248488 -0.01061573 0.01699236
1778571098.574064 0.00810301 0.00940716 -0.00461410 0.99978245 -0.00244604 -0.01067688 0.01775060
1778571098.640779 0.00822193 0.00927639 -0.00455539 0.99979382 -0.00239035 -0.01072639 0.01707498
1778571098.707493 0.00794064 0.00942056 -0.00465684 0.99981109 -0.00247749 -0.01087310 0.01591954
1778571098.774208 0.00820672 0.00939671 -0.00450164 0.99979329 -0.00244646 -0.01084941 0.01702007
1778571098.840922 0.00826614 0.00925843 -0.00453694 0.99980224 -0.00237243 -0.01092636 0.01644577
1778571098.907637 0.00791183 0.00941965 -0.00463656 0.99982257 -0.00247919 -0.01105390 0.01504980
1778571098.974352 0.00812204 0.00944397 -0.00440107 0.99981230 -0.00246165 -0.01103197 0.01573537
1778571099.041067 0.00830288 0.00927377 -0.00447750 0.99981480 -0.00240342 -0.01098164 0.01562034
1778571099.107780 0.00794415 0.00932502 -0.00465438 0.99983656 -0.00243786 -0.01118172 0.01399581
1778571099.174496 0.00817004 0.00941954 -0.00428429 0.99982067 -0.00246995 -0.01110492 0.01513943
1778571099.241211 0.00832615 0.00923617 -0.00440176 0.99982356 -0.00238015 -0.01123084 0.01486808
1778571099.307927 0.00799265 0.00934805 -0.00459390 0.99984832 -0.00247090 -0.01146667 0.01287460
1778571099.374642 0.00810561 0.00937518 -0.00431351 0.99984448 -0.00246703 -0.01152339 0.01312022
1778571099.441357 0.00826236 0.00921914 -0.00436917 0.99984496 -0.00238840 -0.01140067 0.01320544
1778571099.508073 0.00793417 0.00932779 -0.00461932 0.99986823 -0.00248421 -0.01152688 0.01115676
1778571099.574788 0.00822051 0.00941235 -0.00430710 0.99985220 -0.00249513 -0.01160180 0.01243979
1778571099.641503 0.00836573 0.00922904 -0.00444680 0.99985164 -0.00240329 -0.01155104 0.01254975
1778571099.708218 0.00794293 0.00928609 -0.00462144 0.99986967 -0.00247485 -0.01161197 0.01094009
1778571099.774934 0.00811071 0.00940146 -0.00424888 0.99986300 -0.00251468 -0.01165067 0.01148549
1778571099.841649 0.00829719 0.00922960 -0.00433406 0.99986072 -0.00242555 -0.01158948 0.01176218
1778571099.908364 0.00802205 0.00929107 -0.00459357 0.99987700 -0.00249570 -0.01163774 0.01021342
1778571099.975080 0.00807939 0.00941512 -0.00433894 0.99987299 -0.00253856 -0.01167937 0.01054268
1778571100.041795 0.00834900 0.00931018 -0.00435704 0.99986691 -0.00249797 -0.01149033 0.01130922
1778571100.108510 0.00800298 0.00924972 -0.00469459 0.99989065 -0.00248318 -0.01175635 0.00862075
1778571100.175225 0.00804183 0.00941533 -0.00443668 0.99988737 -0.00255809 -0.01170735 0.00903601
1778571100.241941 0.00833562 0.00927455 -0.00439836 0.99987071 -0.00247704 -0.01148013 0.01098359
1778571100.308656 0.00805449 0.00923022 -0.00461718 0.99988286 -0.00247358 -0.01160028 0.00967323
1778571100.375371 0.00802251 0.00944743 -0.00446465 0.99988162 -0.00258198 -0.01153752 0.00984732
1778571100.442086 0.00827337 0.00926314 -0.00437288 0.99986371 -0.00247371 -0.01132801 0.01175239
1778571100.508801 0.00811070 0.00922967 -0.00456043 0.99987755 -0.00248219 -0.01138342 0.01044661
1778571100.575516 0.00803411 0.00936947 -0.00455319 0.99987799 -0.00254701 -0.01141212 0.01035758
1778571100.642230 0.00826404 0.00926029 -0.00442286 0.99985927 -0.00247515 -0.01120497 0.01223784
1778571100.708945 0.00811211 0.00923249 -0.00458152 0.99986924 -0.00248285 -0.01116221 0.01143467
1778571100.775661 0.00802986 0.00941949 -0.00460010 0.99987179 -0.00256310 -0.01122635 0.01112684
1778571100.842376 0.00833090 0.00930737 -0.00442600 0.99985107 -0.00249319 -0.01116675 0.01291988
1778571100.909091 0.00824717 0.00924060 -0.00454688 0.99986605 -0.00248028 -0.01115518 0.01171751
1778571100.975806 0.00802806 0.00935786 -0.00459081 0.99987671 -0.00254348 -0.01137572 0.01052103
1778571101.042521 0.00838033 0.00929830 -0.00447210 0.99985922 -0.00248524 -0.01107395 0.01235871
1778571101.109236 0.00828170 0.00918917 -0.00456865 0.99986598 -0.00244811 -0.01115690 0.01172834
1778571101.175952 0.00802336 0.00938767 -0.00460086 0.99987994 -0.00255222 -0.01144397 0.01013075
1778571101.242668 0.00829874 0.00934083 -0.00442441 0.99985738 -0.00249028 -0.01123213 0.01236390
1778571101.309384 0.00828721 0.00918452 -0.00458315 0.99986295 -0.00241954 -0.01137412 0.01178377
1778571101.376100 0.00797915 0.00936975 -0.00468058 0.99987804 -0.00253241 -0.01158622 0.01016090
1778571101.442816 0.00826997 0.00934803 -0.00436870 0.99984987 -0.00247227 -0.01136341 0.01284537
1778571101.509533 0.00831771 0.00921084 -0.00447228 0.99985669 -0.00243219 -0.01138016 0.01229570
1778571101.576248 0.00796069 0.00938277 -0.00470298 0.99987293 -0.00253302 -0.01146624 0.01078086
1778571101.642965 0.00824946 0.00930148 -0.00448780 0.99985037 -0.00245561 -0.01147311 0.01271155
1778571101.709682 0.00836281 0.00913539 -0.00448654 0.99985996 -0.00240270 -0.01164092 0.01178045
1778571101.776398 0.00796422 0.00933535 -0.00460218 0.99988021 -0.00253115 -0.01167510 0.00984111
1778571101.843114 0.00823108 0.00932536 -0.00430013 0.99986320 -0.00248202 -0.01156128 0.01156557
1778571101.909830 0.00829635 0.00911012 -0.00441616 0.99986364 -0.00238914 -0.01169597 0.01141048
1778571101.976546 0.00787636 0.00926266 -0.00471532 0.99989006 -0.00250858 -0.01186773 0.00852844
1778571102.043263 0.00812542 0.00935314 -0.00440596 0.99987835 -0.00250752 -0.01163535 0.01008059
1778571102.109978 0.00820621 0.00918127 -0.00440417 0.99987277 -0.00241465 -0.01166625 0.01060721
1778571102.176694 0.00779545 0.00930963 -0.00466319 0.99989686 -0.00253551 -0.01182097 0.00775296
1778571102.243408 0.00817761 0.00938559 -0.00433045 0.99988170 -0.00252869 -0.01160360 0.00977447
1778571102.310123 0.00834233 0.00916083 -0.00441647 0.99987894 -0.00243216 -0.01163344 0.01004243
1778571102.376838 0.00782272 0.00924059 -0.00472202 0.99990548 -0.00252049 -0.01180244 0.00658682
1778571102.443552 0.00808707 0.00938425 -0.00433115 0.99989143 -0.00254228 -0.01155937 0.00877744
1778571102.510267 0.00829272 0.00917032 -0.00441336 0.99988667 -0.00244435 -0.01163591 0.00923478
1778571102.576980 0.00779637 0.00925658 -0.00473849 0.99990978 -0.00253815 -0.01185172 0.00579037
1778571102.643695 0.00811011 0.00946112 -0.00434346 0.99990340 -0.00259515 -0.01162845 0.00715788
1778571102.710410 0.00832270 0.00916566 -0.00441707 0.99990080 -0.00247478 -0.01172020 0.00740991
1778571102.777124 0.00781826 0.00922054 -0.00472278 0.99991629 -0.00253612 -0.01177812 0.00471688
1778571102.843837 0.00808378 0.00938717 -0.00435665 0.99991056 -0.00258446 -0.01155132 0.00622616
1778571102.910553 0.00827624 0.00921119 -0.00439152 0.99990394 -0.00248653 -0.01149762 0.00732977
1778571102.977267 0.00784456 0.00923869 -0.00468733 0.99992020 -0.00255731 -0.01163212 0.00421178
1778571103.043980 0.00801447 0.00934245 -0.00445737 0.99991753 -0.00258958 -0.01168492 0.00465684
1778571103.110695 0.00831082 0.00913252 -0.00445702 0.99990887 -0.00250580 -0.01177142 0.00611681
1778571103.177409 0.00789241 0.00931094 -0.00468787 0.99991071 -0.00256445 -0.01108578 0.00700695
1778571103.244126 0.00807477 0.00934640 -0.00446033 0.99990676 -0.00257181 -0.01094027 0.00775642
1778571103.310840 0.00841229 0.00901460 -0.00452914 0.99990200 -0.00243110 -0.01076543 0.00861298
1778571103.377556 0.00791457 0.00921891 -0.00465838 0.99989575 -0.00251655 -0.01070299 0.00935960
1778571103.444271 0.00816352 0.00932569 -0.00446392 0.99989030 -0.00254247 -0.01067679 0.00994669
1778571103.510986 0.00849593 0.00906992 -0.00449669 0.99988723 -0.00242284 -0.01058840 0.01037020
1778571103.577701 0.00801845 0.00935203 -0.00466420 0.99988431 -0.00253633 -0.01060178 0.01060820
1778571103.644416 0.00796619 0.00950750 -0.00466239 0.99988049 -0.00259221 -0.01055029 0.01099890
1778571103.711131 0.00847795 0.00906448 -0.00457133 0.99987693 -0.00240958 -0.01049957 0.01140539
1778571103.777846 0.00808015 0.00928562 -0.00463420 0.99987260 -0.00251054 -0.01051679 0.01174200
1778571103.844561 0.00795101 0.00955397 -0.00462668 0.99987151 -0.00261472 -0.01050223 0.01182459
1778571103.911275 0.00853816 0.00909520 -0.00447533 0.99986885 -0.00241300 -0.01047653 0.01211192
1778571103.977990 0.00815189 0.00926325 -0.00462760 0.99986602 -0.00250307 -0.01048801 0.01231587
1778571104.044707 0.00796244 0.00950307 -0.00463162 0.99986504 -0.00260263 -0.01046306 0.01239553
1778571104.111422 0.00846140 0.00912656 -0.00439575 0.99986210 -0.00242733 -0.01048603 0.01264675
1778571104.178137 0.00816886 0.00926403 -0.00459931 0.99986031 -0.00249557 -0.01047585 0.01278249
1778571104.244853 0.00793111 0.00949072 -0.00475550 0.99986038 -0.00259640 -0.01038288 0.01283284
1778571104.311568 0.00850782 0.00910999 -0.00447924 0.99985680 -0.00241073 -0.01038581 0.01314181
1778571104.378285 0.00828051 0.00922299 -0.00453286 0.99985423 -0.00244999 -0.01043345 0.01329169
1778571104.445000 0.00791208 0.00945936 -0.00463131 0.99985409 -0.00257757 -0.01044546 0.01326820
1778571104.511716 0.00851974 0.00911637 -0.00445115 0.99985234 -0.00239519 -0.01040417 0.01346524
1778571104.578431 0.00830123 0.00920336 -0.00450995 0.99984969 -0.00243712 -0.01038807 0.01366541
1778571104.645149 0.00789539 0.00945870 -0.00461314 0.99984906 -0.00257320 -0.01040431 0.01367445
1778571104.711864 0.00841326 0.00917934 -0.00436760 0.99984731 -0.00240388 -0.01041193 0.01382645
1778571104.778579 0.00837788 0.00919216 -0.00454324 0.99984535 -0.00241755 -0.01030741 0.01404246
1778571104.845296 0.00786973 0.00943650 -0.00467580 0.99984500 -0.00255864 -0.01035064 0.01401017
1778571104.912012 0.00854920 0.00898844 -0.00441964 0.99984230 -0.00238116 -0.01033700 0.01424225
1778571104.978728 0.00857277 0.00904787 -0.00449459 0.99984119 -0.00238539 -0.01030261 0.01434425
1778571105.045444 0.00789985 0.00944694 -0.00465918 0.99984118 -0.00256308 -0.01036806 0.01426729
1778571105.112160 0.00842495 0.00918047 -0.00444148 0.99984011 -0.00243627 -0.01035248 0.01437508
1778571105.178875 0.00850150 0.00913890 -0.00447918 0.99983825 -0.00241495 -0.01026461 0.01457015
1778571105.245590 0.00790726 0.00943636 -0.00467129 0.99983848 -0.00255935 -0.01029541 0.01450762
1778571105.312306 0.00842996 0.00920155 -0.00439231 0.99983694 -0.00242365 -0.01030679 0.01462805
1778571105.379021 0.00868127 0.00923613 -0.00452243 0.99983550 -0.00244670 -0.01024137 0.01476820
1778571105.445736 0.00798061 0.00944235 -0.00472646 0.99983682 -0.00254154 -0.01028466 0.01463217
1778571105.512451 0.00836488 0.00931824 -0.00439507 0.99983528 -0.00247968 -0.01029609 0.01473983
1778571105.579166 0.00860458 0.00928639 -0.00457093 0.99983404 -0.00245288 -0.01021095 0.01488646
1778571105.645881 0.00797346 0.00941122 -0.00471230 0.99983417 -0.00254714 -0.01027453 0.01481840
1778571105.712596 0.00835895 0.00935575 -0.00450678 0.99983406 -0.00249062 -0.01026194 0.01484418
1778571105.779311 0.00854995 0.00928161 -0.00452966 0.99983253 -0.00244912 -0.01024691 0.01496381
1778571105.846027 0.00796652 0.00943265 -0.00475523 0.99983314 -0.00253815 -0.01022885 0.01492040
1778571105.912742 0.00829969 0.00940822 -0.00450957 0.99983277 -0.00252369 -0.01025557 0.01492915
1778571105.979457 0.00862612 0.00931522 -0.00455344 0.99983124 -0.00247138 -0.01021555 0.01506729
1778571106.046172 0.00798795 0.00942745 -0.00475166 0.99983170 -0.00253599 -0.01022707 0.01501801
1778571106.112887 0.00817488 0.00944880 -0.00457863 0.99983182 -0.00251897 -0.01025512 0.01499378
1778571106.179602 0.00851130 0.00938333 -0.00461820 0.99983015 -0.00246906 -0.01020859 0.01514459
1778571106.246318 0.00802697 0.00941164 -0.00476666 0.99983006 -0.00251953 -0.01020297 0.01514599
1778571106.313032 0.00809495 0.00947656 -0.00467556 0.99983051 -0.00252951 -0.01023924 0.01509012
1778571106.379749 0.00846066 0.00929469 -0.00455435 0.99982950 -0.00242574 -0.01025030 0.01516624
1778571106.446463 0.00798712 0.00940596 -0.00472433 0.99982885 -0.00251177 -0.01024607 0.01519779
1778571106.513179 0.00803206 0.00950889 -0.00470691 0.99982947 -0.00256432 -0.01021988 0.01516638
1778571106.579894 0.00846963 0.00934158 -0.00457896 0.99982740 -0.00246416 -0.01022170 0.01531704
1778571106.646609 0.00798489 0.00937410 -0.00470718 0.99982845 -0.00249042 -0.01023674 0.01523441
1778571106.713326 0.00801913 0.00947982 -0.00472626 0.99982936 -0.00253289 -0.01021681 0.01518041
1778571106.780041 0.00854905 0.00929400 -0.00460455 0.99982793 -0.00243289 -0.01020874 0.01529589
1778571106.846756 0.00807595 0.00938768 -0.00474452 0.99982724 -0.00250048 -0.01024025 0.01530938
1778571106.913471 0.00792129 0.00950283 -0.00473674 0.99982887 -0.00255187 -0.01022791 0.01520212
1778571106.980187 0.00833970 0.00932061 -0.00458170 0.99982815 -0.00242248 -0.01025536 0.01525213
1778571107.046903 0.00815903 0.00935027 -0.00472515 0.99982709 -0.00246788 -0.01020090 0.01535054
1778571107.113618 0.00791500 0.00945141 -0.00471889 0.99982789 -0.00254251 -0.01026815 0.01524118
1778571107.180333 0.00837137 0.00929662 -0.00452978 0.99982725 -0.00242217 -0.01028204 0.01529292
1778571107.247049 0.00823033 0.00936041 -0.00465101 0.99982558 -0.00250247 -0.01024462 0.01541444
1778571107.313764 0.00785134 0.00949578 -0.00468690 0.99982642 -0.00258739 -0.01027215 0.01532727
1778571107.380480 0.00839020 0.00925134 -0.00445286 0.99982580 -0.00245151 -0.01028043 0.01538385
1778571107.447195 0.00821318 0.00926138 -0.00461367 0.99982589 -0.00245151 -0.01026607 0.01538809
1778571107.513911 0.00781649 0.00946961 -0.00471097 0.99982633 -0.00257649 -0.01026775 0.01533788
1778571107.580625 0.00830965 0.00927166 -0.00442181 0.99982554 -0.00245074 -0.01031091 0.01538066
1778571107.647341 0.00820743 0.00931544 -0.00460434 0.99982603 -0.00246016 -0.01024098 0.01539417
1778571107.714057 0.00782121 0.00945298 -0.00475082 0.99982621 -0.00256729 -0.01022847 0.01537317
1778571107.780773 0.00846924 0.00911686 -0.00446030 0.99982597 -0.00242190 -0.01025427 0.01539527
1778571107.847488 0.00838557 0.00901868 -0.00447177 0.99982435 -0.00238927 -0.01024577 0.01551106
1778571107.914204 0.00778367 0.00948497 -0.00476343 0.99982576 -0.00256572 -0.01023313 0.01539936
1778571107.980919 0.00838205 0.00927804 -0.00455236 0.99982492 -0.00245953 -0.01023324 0.01547149
1778571108.047635 0.00845019 0.00930112 -0.00460128 0.99982523 -0.00247460 -0.01020301 0.01546855
1778571108.114350 0.00786012 0.00945591 -0.00476715 0.99982565 -0.00256256 -0.01024917 0.01539682
1778571108.181065 0.00830681 0.00932102 -0.00459434 0.99982599 -0.00247233 -0.01021571 0.01541156
1778571108.247780 0.00839796 0.00939399 -0.00463326 0.99982524 -0.00250739 -0.01018164 0.01547670
1778571108.314494 0.00791527 0.00946501 -0.00481261 0.99982599 -0.00256710 -0.01016027 0.01543265
1778571108.381209 0.00829271 0.00943848 -0.00469288 0.99982581 -0.00252466 -0.01016718 0.01544669
1778571108.447923 0.00839538 0.00940891 -0.00469980 0.99982474 -0.00250510 -0.01016243 0.01552192
1778571108.514637 0.00780026 0.00941381 -0.00476153 0.99982580 -0.00254140 -0.01021328 0.01541399
1778571108.581352 0.00824373 0.00932225 -0.00471156 0.99982673 -0.00249695 -0.01015070 0.01540287
1778571108.648065 0.00840216 0.00940772 -0.00471970 0.99982613 -0.00250633 -0.01014795 0.01544205
1778571108.714781 0.00793116 0.00946386 -0.00484802 0.99982631 -0.00256141 -0.01015609 0.01541578
1778571108.781495 0.00825431 0.00949551 -0.00478130 0.99982621 -0.00256179 -0.01010948 0.01545254
1778571108.848209 0.00842944 0.00945230 -0.00474464 0.99982595 -0.00252675 -0.01013813 0.01545656
1778571108.914923 0.00794639 0.00945533 -0.00480255 0.99982639 -0.00256477 -0.01016972 0.01540112
1778571108.981637 0.00809281 0.00947191 -0.00474050 0.99982695 -0.00254356 -0.01015567 0.01537739
1778571109.048352 0.00844693 0.00941325 -0.00466579 0.99982558 -0.00251120 -0.01016274 0.01546663
1778571109.115067 0.00792613 0.00942541 -0.00478665 0.99982597 -0.00254706 -0.01017395 0.01542809
1778571109.181782 0.00820186 0.00951076 -0.00474287 0.99982650 -0.00258562 -0.01016405 0.01539426
1778571109.248496 0.00853523 0.00942183 -0.00470921 0.99982557 -0.00251819 -0.01012332 0.01549220
1778571109.315211 0.00803675 0.00941779 -0.00479299 0.99982623 -0.00254068 -0.01017717 0.01541038
1778571109.381925 0.00804325 0.00949360 -0.00473646 0.99982662 -0.00256240 -0.01019153 0.01537186
1778571109.448640 0.00860167 0.00883284 -0.00464727 0.99982427 -0.00234367 -0.01016701 0.01557489
1778571109.515354 0.00794705 0.00921960 -0.00474698 0.99982324 -0.00246475 -0.01021001 0.01559379
1778571109.582069 0.00816618 0.00936575 -0.00472396 0.99982346 -0.00254827 -0.01019435 0.01557632
1778571109.648782 0.00855228 0.00922713 -0.00449858 0.99982339 -0.00244748 -0.01023524 0.01557068
1778571109.715498 0.00811849 0.00941209 -0.00472450 0.99982379 -0.00254267 -0.01024793 0.01552130
1778571109.782212 0.00804187 0.00951103 -0.00472610 0.99982444 -0.00258785 -0.01019744 0.01550529
1778571109.848927 0.00844745 0.00933869 -0.00456091 0.99982399 -0.00246368 -0.01022039 0.01553908
1778571109.915642 0.00819057 0.00944183 -0.00477449 0.99982357 -0.00254041 -0.01019068 0.01557328
1778571109.982356 0.00795680 0.00951572 -0.00478217 0.99982494 -0.00258544 -0.01020251 0.01546960
1778571110.049071 0.00846826 0.00933818 -0.00453602 0.99982458 -0.00247402 -0.01024964 0.01548029
1778571110.115785 0.00811307 0.00938238 -0.00470686 0.99982394 -0.00251133 -0.01024088 0.01552130
1778571110.182499 0.00795133 0.00951725 -0.00472565 0.99982532 -0.00259050 -0.01021252 0.01543744
1778571110.249214 0.00845258 0.00930193 -0.00451441 0.99982474 -0.00246326 -0.01024828 0.01547222
1778571110.315928 0.00822429 0.00939660 -0.00466588 0.99982379 -0.00252521 -0.01024230 0.01552765
1778571110.382643 0.00802159 0.00950557 -0.00469024 0.99982463 -0.00260495 -0.01024580 0.01545779
1778571110.449358 0.00846686 0.00935217 -0.00451678 0.99982409 -0.00248279 -0.01027354 0.01549434
1778571110.516072 0.00828516 0.00938537 -0.00462762 0.99982553 -0.00252353 -0.01024938 0.01541076
1778571110.582786 0.00798773 0.00952458 -0.00468705 0.99982632 -0.00260911 -0.01024522 0.01534770
1778571110.649501 0.00850231 0.00928663 -0.00443529 0.99982536 -0.00247101 -0.01029696 0.01539837
1778571110.716215 0.00824365 0.00936532 -0.00463241 0.99982572 -0.00251009 -0.01025901 0.01539434
1778571110.782929 0.00794016 0.00948696 -0.00473796 0.99982653 -0.00258944 -0.01022929 0.01534803
1778571110.849644 0.00845990 0.00931472 -0.00448792 0.99982542 -0.00247666 -0.01026912 0.01541214
1778571110.916358 0.00830639 0.00930616 -0.00459611 0.99982609 -0.00247856 -0.01024019 0.01538752
1778571110.983073 0.00795765 0.00949529 -0.00472398 0.99982673 -0.00259506 -0.01022068 0.01533991
1778571111.049787 0.00836685 0.00933399 -0.00449333 0.99982619 -0.00248214 -0.01027521 0.01535767
1778571111.116501 0.00830204 0.00936566 -0.00463705 0.99982583 -0.00249588 -0.01020475 0.01542553
1778571111.183217 0.00788574 0.00949090 -0.00473358 0.99982628 -0.00259277 -0.01018285 0.01539467
1778571111.249933 0.00854568 0.00924949 -0.00449203 0.99982522 -0.00247799 -0.01019649 0.01547329
1778571111.316650 0.00854097 0.00904958 -0.00461661 0.99982404 -0.00241164 -0.01019323 0.01556159
1778571111.383367 0.00795004 0.00956542 -0.00475280 0.99982520 -0.00261696 -0.01024689 0.01541802
1778571111.450084 0.00860526 0.00923016 -0.00455130 0.99982370 -0.00248235 -0.01023167 0.01554741
1778571111.516801 0.00855141 0.00917284 -0.00464411 0.99982371 -0.00243920 -0.01020517 0.01557088
1778571111.583517 0.00795206 0.00951503 -0.00480600 0.99982483 -0.00259017 -0.01021951 0.01546470
1778571111.650234 0.00849375 0.00935886 -0.00464557 0.99982456 -0.00250113 -0.01017042 0.01552891
1778571111.716951 0.00859689 0.00917779 -0.00454571 0.99982444 -0.00244662 -0.01021254 0.01551811
1778571111.783668 0.00797231 0.00951019 -0.00487324 0.99982571 -0.00259328 -0.01016696 0.01544232
1778571111.850385 0.00843963 0.00940059 -0.00469875 0.99982529 -0.00251489 -0.01013999 0.01549996
1778571111.917102 0.00861294 0.00932485 -0.00471923 0.99982465 -0.00248984 -0.01014039 0.01554474
1778571111.983819 0.00799446 0.00944564 -0.00479389 0.99982523 -0.00257176 -0.01021502 0.01544493
1778571112.050536 0.00831948 0.00934740 -0.00469649 0.99982561 -0.00250004 -0.01021345 0.01543297
1778571112.117251 0.00859617 0.00943918 -0.00471173 0.99982509 -0.00252625 -0.01013847 0.01551180
1778571112.183968 0.00810463 0.00946884 -0.00482037 0.99982595 -0.00258095 -0.01014627 0.01544197
1778571112.250682 0.00835460 0.00951137 -0.00473006 0.99982694 -0.00256132 -0.01016891 0.01536645
1778571112.317396 0.00858136 0.00944237 -0.00472837 0.99982579 -0.00252545 -0.01015413 0.01545675
1778571112.384111 0.00805196 0.00944559 -0.00482539 0.99982671 -0.00256616 -0.01016523 0.01538314
1778571112.450825 0.00837059 0.00945669 -0.00478644 0.99982648 -0.00253774 -0.01015458 0.01540963
1778571112.517539 0.00853861 0.00947749 -0.00476759 0.99982618 -0.00253723 -0.01014244 0.01543711
1778571112.584253 0.00801365 0.00946089 -0.00480521 0.99982675 -0.00256721 -0.01018297 0.01536842
1778571112.650968 0.00839614 0.00937820 -0.00475505 0.99982754 -0.00252405 -0.01014142 0.01535171
1778571112.717682 0.00864250 0.00942710 -0.00474663 0.99982670 -0.00251623 -0.01013868 0.01540907
1778571112.784396 0.00805618 0.00944822 -0.00480223 0.99982689 -0.00256128 -0.01020679 0.01534440
1778571112.851110 0.00828988 0.00951925 -0.00477694 0.99982809 -0.00255868 -0.01014113 0.01531002
1778571112.917824 0.00859923 0.00883084 -0.00485679 0.99982616 -0.00232910 -0.01012811 0.01548055
1778571112.984538 0.00806470 0.00929502 -0.00485028 0.99982539 -0.00251955 -0.01022959 0.01543367
1778571113.051252 0.00825685 0.00949589 -0.00473596 0.99982574 -0.00256886 -0.01024434 0.01539293
1778571113.117966 0.00855328 0.00943470 -0.00476475 0.99982574 -0.00249703 -0.01013268 0.01547843
1778571113.184682 0.00819699 0.00942254 -0.00482385 0.99982624 -0.00254384 -0.01015187 0.01542559
1778571113.251398 0.00821473 0.00949666 -0.00474569 0.99982643 -0.00256772 -0.01018146 0.01538994
1778571113.318114 0.00850419 0.00892083 -0.00477838 0.99982555 -0.00235579 -0.01017391 0.01548606
1778571113.384831 0.00804685 0.00945542 -0.00476557 0.99982588 -0.00255128 -0.01021989 0.01540323
1778571113.451547 0.00816370 0.00950741 -0.00471387 0.99982611 -0.00257318 -0.01020563 0.01539382
1778571113.518264 0.00866519 0.00909050 -0.00454946 0.99982456 -0.00242267 -0.01024477 0.01549251
1778571113.584980 0.00818160 0.00944834 -0.00480857 0.99982607 -0.00255442 -0.01015323 0.01543444
1778571113.651697 0.00821374 0.00948427 -0.00478386 0.99982686 -0.00257126 -0.01012033 0.01540171
1778571113.718413 0.00840090 0.00943817 -0.00470621 0.99982561 -0.00248820 -0.01016979 0.01546423
1778571113.785130 0.00814680 0.00944673 -0.00474183 0.99982541 -0.00256264 -0.01022316 0.01542978
1778571113.851847 0.00826263 0.00952190 -0.00473727 0.99982646 -0.00260425 -0.01015743 0.01539759
1778571113.918563 0.00861435 0.00910438 -0.00460323 0.99982536 -0.00242485 -0.01022209 0.01545587
1778571113.985280 0.00825361 0.00942860 -0.00475156 0.99982544 -0.00255418 -0.01019662 0.01544652
1778571114.051996 0.00814548 0.00949412 -0.00470325 0.99982679 -0.00259487 -0.01022864 0.01533077
1778571114.118713 0.00872229 0.00902396 -0.00455364 0.99982590 -0.00240608 -0.01020865 0.01543242
1778571114.185429 0.00829121 0.00939741 -0.00472764 0.99982718 -0.00253976 -0.01020353 0.01533095
1778571114.252145 0.00817914 0.00949878 -0.00470565 0.99982743 -0.00261211 -0.01022953 0.01528563
1778571114.318860 0.00847479 0.00939600 -0.00457962 0.99982589 -0.00249368 -0.01024864 0.01539263
1778571114.385575 0.00816873 0.00938918 -0.00468739 0.99982556 -0.00252809 -0.01027045 0.01539402
1778571114.452291 0.00813861 0.00953628 -0.00468543 0.99982681 -0.00262138 -0.01024469 0.01531391
1778571114.519006 0.00845647 0.00938237 -0.00455093 0.99982626 -0.00248857 -0.01026916 0.01535561
1778571114.585722 0.00817989 0.00940770 -0.00467696 0.99982660 -0.00253674 -0.01028360 0.01531637
1778571114.652437 0.00804976 0.00955696 -0.00471132 0.99982738 -0.00261205 -0.01024465 0.01527861
1778571114.719153 0.00836678 0.00935525 -0.00454696 0.99982614 -0.00246945 -0.01028692 0.01535501
1778571114.785867 0.00813334 0.00941913 -0.00470291 0.99982562 -0.00253181 -0.01027886 0.01538370
1778571114.852584 0.00809233 0.00952665 -0.00470464 0.99982654 -0.00261516 -0.01023997 0.01533633
1778571114.919298 0.00844469 0.00944418 -0.00466207 0.99982674 -0.00251321 -0.01023998 0.01533998
1778571114.986013 0.00820211 0.00946095 -0.00471147 0.99982566 -0.00254315 -0.01027510 0.01538218
1778571115.052730 0.00805416 0.00948509 -0.00468243 0.99982628 -0.00259653 -0.01028474 0.01532644
1778571115.119445 0.00848949 0.00919844 -0.00446340 0.99982558 -0.00244651 -0.01034487 0.01535573
1778571115.186160 0.00820789 0.00942750 -0.00464839 0.99982523 -0.00253042 -0.01030487 0.01539236
1778571115.252874 0.00801202 0.00951107 -0.00468452 0.99982609 -0.00261192 -0.01027989 0.01533913
1778571115.319588 0.00841200 0.00941399 -0.00457864 0.99982521 -0.00249785 -0.01027984 0.01541535
1778571115.386302 0.00816679 0.00940448 -0.00466681 0.99982610 -0.00251929 -0.01031019 0.01533342
1778571115.453016 0.00804002 0.00948233 -0.00467265 0.99982619 -0.00260685 -0.01028784 0.01532806
1778571115.519731 0.00854998 0.00926350 -0.00442263 0.99982547 -0.00246834 -0.01034168 0.01536215
1778571115.586444 0.00823769 0.00940277 -0.00459809 0.99982517 -0.00251894 -0.01034182 0.01537329
1778571115.653158 0.00799989 0.00949110 -0.00469263 0.99982593 -0.00259779 -0.01029557 0.01534141
1778571115.719872 0.00841743 0.00943127 -0.00456214 0.99982553 -0.00250468 -0.01031430 0.01537038
1778571115.786586 0.00820777 0.00941809 -0.00466272 0.99982531 -0.00251706 -0.01031545 0.01538223
1778571115.853300 0.00793576 0.00950097 -0.00469905 0.99982573 -0.00259355 -0.01029912 0.01535262
1778571115.920013 0.00840062 0.00941192 -0.00460176 0.99982600 -0.00249353 -0.01027994 0.01536466
1778571115.986728 0.00817259 0.00944082 -0.00469010 0.99982620 -0.00250245 -0.01027277 0.01535502
1778571116.053442 0.00795662 0.00952325 -0.00468600 0.99982573 -0.00261087 -0.01028456 0.01535947
1778571116.120156 0.00845813 0.00941677 -0.00452328 0.99982513 -0.00251218 -0.01030811 0.01539912
1778571116.186870 0.00828177 0.00939043 -0.00463997 0.99982545 -0.00250012 -0.01027819 0.01540037
1778571116.253585 0.00802317 0.00947438 -0.00468863 0.99982563 -0.00260036 -0.01025956 0.01538477
1778571116.320301 0.00841446 0.00928551 -0.00451671 0.99982583 -0.00246475 -0.01028580 0.01537653
1778571116.387016 0.00824924 0.00938906 -0.00464039 0.99982573 -0.00248693 -0.01026830 0.01539141
1778571116.453730 0.00793515 0.00949710 -0.00477052 0.99982642 -0.00259741 -0.01022189 0.01535882
1778571116.520446 0.00829308 0.00945682 -0.00465686 0.99982609 -0.00250975 -0.01023453 0.01538624
1778571116.587161 0.00823554 0.00938259 -0.00459134 0.99982455 -0.00247799 -0.01027294 0.01546583
1778571116.653877 0.00797371 0.00948011 -0.00467896 0.99982457 -0.00259462 -0.01026432 0.01545102
1778571116.720592 0.00838739 0.00942265 -0.00460825 0.99982482 -0.00249975 -0.01024113 0.01546588
1778571116.787307 0.00836695 0.00937888 -0.00465750 0.99982426 -0.00248490 -0.01023805 0.01550640
1778571116.854022 0.00800134 0.00949188 -0.00471892 0.99982480 -0.00259426 -0.01026992 0.01543268
1778571116.920738 0.00832244 0.00942479 -0.00458169 0.99982463 -0.00249344 -0.01028517 0.01545024
1778571116.987453 0.00840869 0.00923031 -0.00458994 0.99982392 -0.00244179 -0.01028171 0.01550664
1778571117.054168 0.00793216 0.00951252 -0.00473431 0.99982463 -0.00259125 -0.01029630 0.01542638
1778571117.120883 0.00832700 0.00947178 -0.00464223 0.99982487 -0.00251231 -0.01027615 0.01543737
1778571117.187599 0.00830509 0.00935468 -0.00459989 0.99982412 -0.00246831 -0.01030139 0.01547662
1778571117.254314 0.00787301 0.00946685 -0.00469607 0.99982438 -0.00258138 -0.01028386 0.01545303
1778571117.321029 0.00836945 0.00947027 -0.00463162 0.99982504 -0.00251455 -0.01023259 0.01545521
1778571117.387745 0.00842404 0.00938218 -0.00465468 0.99982452 -0.00247722 -0.01021680 0.01550484
1778571117.454462 0.00792633 0.00947376 -0.00480803 0.99982594 -0.00257363 -0.01020489 0.01540530
1778571117.521178 0.00845429 0.00912525 -0.00492666 0.99982587 -0.00242242 -0.01009557 0.01550589
1778571117.587894 0.00831903 0.00909593 -0.00476823 0.99982445 -0.00239764 -0.01020626 0.01552910
1778571117.654611 0.00794104 0.00955218 -0.00496039 0.99982680 -0.00260471 -0.01013730 0.01538873
1778571117.721326 0.00833933 0.00947000 -0.00482018 0.99982675 -0.00250959 -0.01014579 0.01540215
1778571117.788043 0.00825205 0.00941238 -0.00480060 0.99982673 -0.00248734 -0.01015940 0.01539863
1778571117.854759 0.00799017 0.00950592 -0.00484616 0.99982673 -0.00259765 -0.01013546 0.01539583
1778571117.921475 0.00826716 0.00940821 -0.00480398 0.99982671 -0.00249110 -0.01014395 0.01540943
1778571117.988191 0.00828826 0.00954866 -0.00507349 0.99982631 -0.00254453 -0.01004357 0.01549182
1778571118.054906 0.00776415 0.00955985 -0.00494650 0.99982548 -0.00260719 -0.01022841 0.01541384
1778571118.121624 0.00827400 0.00917267 -0.00507619 0.99982622 -0.00243032 -0.01012578 0.01546236
1778571118.188340 0.00826196 0.00918198 -0.00516742 0.99982524 -0.00243780 -0.01012385 0.01552601
1778571118.255057 0.00775476 0.00952912 -0.00491444 0.99982493 -0.00258517 -0.01023394 0.01544965
1778571118.321774 0.00823607 0.00918715 -0.00500328 0.99982533 -0.00243402 -0.01015781 0.01549883
1778571118.388491 0.00827970 0.00916733 -0.00514718 0.99982448 -0.00244182 -0.01010499 0.01558628
1778571118.455208 0.00778205 0.00952980 -0.00493408 0.99982423 -0.00258520 -0.01021020 0.01551089
1778571118.521924 0.00834401 0.00912053 -0.00499175 0.99982407 -0.00242431 -0.01013797 0.01559387
1778571118.588642 0.00837351 0.00899118 -0.00515931 0.99982371 -0.00237586 -0.01005456 0.01567849
1778571118.655358 0.00788469 0.00946525 -0.00495320 0.99982370 -0.00257206 -0.01019907 0.01555407
1778571118.722075 0.00829699 0.00913316 -0.00505961 0.99982453 -0.00242284 -0.01012431 0.01557390
1778571118.788792 0.00831561 0.00914784 -0.00514965 0.99982380 -0.00243224 -0.01010784 0.01562990
1778571118.855510 0.00788652 0.00937221 -0.00496874 0.99982353 -0.00255017 -0.01018397 0.01557833
1778571118.922227 0.00836052 0.00907604 -0.00498774 0.99982423 -0.00240880 -0.01012125 0.01559701
1778571118.988944 0.00841068 0.00907357 -0.00518159 0.99982322 -0.00241275 -0.01004291 0.01571124
1778571119.055661 0.00795552 0.00936433 -0.00495939 0.99982325 -0.00255384 -0.01018196 0.01559757
1778571119.122378 0.00834053 0.00913764 -0.00518661 0.99982425 -0.00242302 -0.01005382 0.01563703
1778571119.189094 0.00839968 0.00911469 -0.00515410 0.99982313 -0.00242649 -0.01008610 0.01568708
1778571119.255807 0.00791435 0.00944638 -0.00495208 0.99982344 -0.00257106 -0.01018443 0.01558031
1778571119.322522 0.00849401 0.00907242 -0.00505838 0.99982355 -0.00242337 -0.01008827 0.01565972
1778571119.389237 0.00846329 0.00911034 -0.00513370 0.99982309 -0.00242281 -0.01009265 0.01568599
1778571119.455951 0.00793440 0.00937713 -0.00497190 0.99982314 -0.00255481 -0.01019853 0.01559361
1778571119.522664 0.00844684 0.00908119 -0.00501772 0.99982347 -0.00241806 -0.01010750 0.01565295
1778571119.589379 0.00842638 0.00907623 -0.00512010 0.99982318 -0.00241111 -0.01010144 0.01567649
1778571119.656092 0.00795069 0.00932578 -0.00494625 0.99982323 -0.00253965 -0.01020145 0.01558788
1778571119.722807 0.00849379 0.00901863 -0.00511492 0.99982410 -0.00239068 -0.01004298 0.01565831
1778571119.789521 0.00850828 0.00900499 -0.00521324 0.99982347 -0.00238758 -0.01003879 0.01570186
1778571119.856235 0.00805452 0.00927477 -0.00502541 0.99982342 -0.00252202 -0.01014602 0.01561514
1778571119.922950 0.00855280 0.00901627 -0.00511116 0.99982338 -0.00240348 -0.01006151 0.01569091
1778571119.989663 0.00845034 0.00905076 -0.00509903 0.99982268 -0.00240334 -0.01009961 0.01571112
1778571120.056377 0.00799969 0.00931189 -0.00495012 0.99982324 -0.00252834 -0.01019755 0.01559206
1778571120.123091 0.00853939 0.00897362 -0.00504754 0.99982351 -0.00238227 -0.01006866 0.01568113
1778571120.189806 0.00853270 0.00892324 -0.00510836 0.99982322 -0.00235894 -0.01006231 0.01570729
1778571120.256519 0.00801984 0.00929978 -0.00496287 0.99982319 -0.00252634 -0.01015052 0.01562608
1778571120.323234 0.00849950 0.00901433 -0.00501599 0.99982325 -0.00239331 -0.01008309 0.01568657
1778571120.389947 0.00851183 0.00899756 -0.00518480 0.99982238 -0.00238731 -0.01004490 0.01576760
1778571120.456662 0.00807717 0.00923966 -0.00495256 0.99982265 -0.00251543 -0.01018137 0.01564209
1778571120.523377 0.00848361 0.00904790 -0.00501210 0.99982292 -0.00240361 -0.01010088 0.01569441
1778571120.590091 0.00854493 0.00900694 -0.00510271 0.99982210 -0.00239669 -0.01009763 0.01574989
1778571120.656806 0.00807725 0.00924145 -0.00492780 0.99982210 -0.00251993 -0.01019416 0.01566821
1778571120.723520 0.00857565 0.00894059 -0.00507330 0.99982288 -0.00237415 -0.01005065 0.01573381
1778571120.790234 0.00848330 0.00903023 -0.00511149 0.99982226 -0.00239737 -0.01008987 0.01574457
1778571120.856948 0.00798372 0.00932807 -0.00491895 0.99982260 -0.00253224 -0.01020517 0.01562711
1778571120.923662 0.00852590 0.00902653 -0.00508980 0.99982288 -0.00239759 -0.01005836 0.01572557
1778571120.990376 0.00843442 0.00909468 -0.00514262 0.99982217 -0.00241134 -0.01009235 0.01574695
1778571121.057091 0.00799918 0.00933007 -0.00493020 0.99982211 -0.00253827 -0.01020405 0.01565830
1778571121.123805 0.00855430 0.00901007 -0.00510965 0.99982276 -0.00239851 -0.01003841 0.01574553
1778571121.190520 0.00853296 0.00906135 -0.00520270 0.99982244 -0.00240642 -0.01005038 0.01575696
1778571121.257233 0.00805220 0.00935054 -0.00495028 0.99982244 -0.00254492 -0.01019602 0.01564168
1778571121.323948 0.00853497 0.00902228 -0.00510891 0.99982285 -0.00239959 -0.01006000 0.01572629
1778571121.390664 0.00857143 0.00901676 -0.00523554 0.99982202 -0.00241070 -0.01004686 0.01578532
1778571121.457378 0.00809647 0.00931902 -0.00497081 0.99982202 -0.00254377 -0.01017917 0.01567924
1778571121.524093 0.00851730 0.00905335 -0.00510295 0.99982217 -0.00241569 -0.01006853 0.01576141
1778571121.590808 0.00851430 0.00914280 -0.00522089 0.99982156 -0.00245620 -0.01005528 0.01580203
1778571121.657522 0.00809142 0.00939900 -0.00497640 0.99982240 -0.00257940 -0.01018448 0.01564571
1778571121.724237 0.00859298 0.00931240 -0.00513715 0.99982297 -0.00252599 -0.01006731 0.01569413
1778571121.790952 0.00853067 0.00918700 -0.00517439 0.99982294 -0.00247429 -0.01009727 0.01568464
1778571121.857665 0.00813816 0.00945702 -0.00504815 0.99982391 -0.00259385 -0.01013721 0.01557751
1778571121.924381 0.00867757 0.00926805 -0.00510679 0.99982355 -0.00252466 -0.01006340 0.01565979
1778571121.991096 0.00857322 0.00918337 -0.00527953 0.99982371 -0.00247854 -0.01005767 0.01566037
1778571122.057810 0.00816765 0.00941161 -0.00507851 0.99982437 -0.00259060 -0.01016178 0.01553223
1778571122.124524 0.00866860 0.00927410 -0.00512678 0.99982466 -0.00252100 -0.01008839 0.01557284
1778571122.191240 0.00861989 0.00910962 -0.00526351 0.99982501 -0.00245703 -0.01006284 0.01557713
1778571122.257956 0.00815956 0.00937747 -0.00497207 0.99982510 -0.00257879 -0.01021194 0.01545401
1778571122.324672 0.00876693 0.00916838 -0.00507054 0.99982499 -0.00250722 -0.01009827 0.01554771
1778571122.391388 0.00863681 0.00906888 -0.00523101 0.99982528 -0.00244237 -0.01005988 0.01556384
1778571122.458104 0.00820390 0.00933473 -0.00503459 0.99982613 -0.00256022 -0.01017111 0.01541754
1778571122.524821 0.00867921 0.00926384 -0.00508499 0.99982594 -0.00251742 -0.01010807 0.01547845
1778571122.591537 0.00857111 0.00914275 -0.00512969 0.99982609 -0.00246314 -0.01013657 0.01545863
1778571122.658253 0.00816329 0.00933112 -0.00492972 0.99982617 -0.00256732 -0.01022608 0.01537749
1778571122.724968 0.00862550 0.00926723 -0.00513883 0.99982635 -0.00251736 -0.01007146 0.01547598
1778571122.791685 0.00855965 0.00918341 -0.00521414 0.99982677 -0.00247384 -0.01010990 0.01543023
1778571122.858401 0.00813550 0.00943535 -0.00501613 0.99982736 -0.00258910 -0.01020270 0.01531212
1778571122.925118 0.00867311 0.00925551 -0.00509746 0.99982711 -0.00251441 -0.01009934 0.01540893
1778571122.991834 0.00854950 0.00916925 -0.00516612 0.99982681 -0.00247297 -0.01011618 0.01542407
1778571123.058550 0.00813795 0.00939051 -0.00494366 0.99982767 -0.00257838 -0.01020153 0.01529416
1778571123.125266 0.00870619 0.00924479 -0.00511735 0.99982706 -0.00251823 -0.01007728 0.01542593
1778571123.191981 0.00864657 0.00907051 -0.00523676 0.99982718 -0.00245045 -0.01005284 0.01544514
1778571123.258696 0.00816976 0.00938733 -0.00497739 0.99982746 -0.00257652 -0.01020422 0.01530612
1778571123.325410 0.00861557 0.00930945 -0.00505761 0.99982752 -0.00252813 -0.01011529 0.01536974
1778571123.392124 0.00854440 0.00920669 -0.00522569 0.99982727 -0.00248259 -0.01008891 0.01541014
1778571123.458838 0.00817438 0.00938301 -0.00497292 0.99982773 -0.00257933 -0.01019731 0.01529278
1778571123.525553 0.00868016 0.00920944 -0.00513429 0.99982771 -0.00249958 -0.01007103 0.01539073
1778571123.592267 0.00852648 0.00910807 -0.00534495 0.99982684 -0.00245362 -0.01007189 0.01545392
1778571123.658981 0.00803431 0.00938084 -0.00509718 0.99982656 -0.00256795 -0.01025255 0.01533454
1778571123.725695 0.00851724 0.00925566 -0.00511804 0.99982634 -0.00251293 -0.01018842 0.01540055
1778571123.792409 0.00847045 0.00913494 -0.00532753 0.99982612 -0.00245690 -0.01012338 0.01546660
1778571123.859122 0.00796655 0.00939047 -0.00509577 0.99982650 -0.00256532 -0.01026311 0.01533133
1778571123.925836 0.00848847 0.00925277 -0.00515500 0.99982620 -0.00250563 -0.01018542 0.01541238
1778571123.992551 0.00838981 0.00916768 -0.00523251 0.99982609 -0.00246355 -0.01017706 0.01543196
1778571124.059265 0.00796237 0.00939974 -0.00507076 0.99982665 -0.00256290 -0.01027680 0.01531332
1778571124.125979 0.00847937 0.00925552 -0.00524342 0.99982655 -0.00250256 -0.01014502 0.01541725
1778571124.192692 0.00848943 0.00917470 -0.00537505 0.99982690 -0.00247146 -0.01011527 0.01541898
1778571124.259407 0.00796101 0.00947297 -0.00515582 0.99982687 -0.00258869 -0.01026228 0.01530400
1778571124.326121 0.00853825 0.00928076 -0.00527652 0.99982687 -0.00252168 -0.01014315 0.01539428
1778571124.392835 0.00843819 0.00922064 -0.00528050 0.99982729 -0.00248593 -0.01016909 0.01535609
1778571124.459549 0.00804188 0.00944045 -0.00526096 0.99982782 -0.00258379 -0.01019639 0.01528709
1778571124.526263 0.00845824 0.00936076 -0.00524193 0.99982768 -0.00253455 -0.01016421 0.01532576
1778571124.592977 0.00841979 0.00922020 -0.00527091 0.99982722 -0.00248360 -0.01018583 0.01534934
1778571124.659690 0.00803441 0.00944230 -0.00514606 0.99982743 -0.00259259 -0.01026185 0.01526735
1778571124.726404 0.00848320 0.00932013 -0.00518190 0.99982776 -0.00252597 -0.01017042 0.01531797
1778571124.793118 0.00851834 0.00914665 -0.00530192 0.99982746 -0.00247624 -0.01015257 0.01535728
1778571124.859832 0.00808070 0.00938418 -0.00530097 0.99982831 -0.00257041 -0.01014222 0.01529329
1778571124.926546 0.00854558 0.00922106 -0.00517818 0.99982796 -0.00251134 -0.01016365 0.01531159
1778571124.993258 0.00845150 0.00915191 -0.00522959 0.99982702 -0.00246890 -0.01017532 0.01537176
1778571125.059972 0.00804530 0.00938429 -0.00518051 0.99982781 -0.00256830 -0.01021243 0.01527942
1778571125.126687 0.00850154 0.00926690 -0.00530137 0.99982736 -0.00250958 -0.01012913 0.01537400
1778571125.193402 0.00847613 0.00916230 -0.00536895 0.99982737 -0.00247038 -0.01012518 0.01538194
1778571125.260119 0.00801989 0.00939732 -0.00507644 0.99982763 -0.00257257 -0.01028697 0.01524048
1778571125.326835 0.00851780 0.00923643 -0.00518167 0.99982719 -0.00251123 -0.01019844 0.01533857
1778571125.393552 0.00846358 0.00917351 -0.00534300 0.99982710 -0.00247243 -0.01012799 0.01539759
1778571125.460268 0.00807132 0.00944260 -0.00521832 0.99982764 -0.00258782 -0.01020378 0.01529293
1778571125.526985 0.00870718 0.00940610 -0.00513642 0.99982773 -0.00255207 -0.01013203 0.01534102
1778571125.593701 0.00861788 0.00923583 -0.00532741 0.99982842 -0.00248178 -0.01009815 0.01532966
1778571125.660418 0.00818618 0.00953634 -0.00519256 0.99982933 -0.00260880 -0.01017422 0.01519817
1778571125.727134 0.00864934 0.00945568 -0.00509048 0.99982883 -0.00255698 -0.01016247 0.01524769
1778571125.793850 0.00856167 0.00930972 -0.00522553 0.99982871 -0.00250647 -0.01013695 0.01528128
1778571125.860567 0.00807873 0.00960938 -0.00512924 0.99982983 -0.00262835 -0.01019813 0.01514603
1778571125.927284 0.00866009 0.00946871 -0.00508040 0.99982915 -0.00256180 -0.01015343 0.01523189
1778571125.994000 0.00870203 0.00920466 -0.00536932 0.99982911 -0.00249979 -0.01006311 0.01530478
1778571126.060717 0.00809753 0.00955882 -0.00510331 0.99983003 -0.00261743 -0.01019372 0.01513757
1778571126.127434 0.00871492 0.00943163 -0.00517693 0.99982904 -0.00256309 -0.01011281 0.01526597
1778571126.194149 0.00854275 0.00929952 -0.00524437 0.99982927 -0.00249982 -0.01014277 0.01524187
1778571126.260864 0.00809027 0.00954317 -0.00526479 0.99983035 -0.00261111 -0.01012990 0.01516049
1778571126.327581 0.00866554 0.00945725 -0.00514990 0.99982978 -0.00256157 -0.01013759 0.01520103
1778571126.394296 0.00859946 0.00923770 -0.00530414 0.99982969 -0.00248008 -0.01009378 0.01524981
1778571126.461010 0.00802572 0.00950946 -0.00507071 0.99983045 -0.00258162 -0.01022956 0.01509162
1778571126.527727 0.00863847 0.00937008 -0.00513642 0.99982954 -0.00252831 -0.01014053 0.01522057
1778571126.594442 0.00850905 0.00922412 -0.00518625 0.99982908 -0.00247665 -0.01017240 0.01523831
1778571126.661158 0.00803109 0.00940626 -0.00522850 0.99983056 -0.00256673 -0.01015955 0.01513409
1778571126.727873 0.00865898 0.00930523 -0.00518741 0.99982958 -0.00251574 -0.01010925 0.01524072
1778571126.794589 0.00858338 0.00913734 -0.00522936 0.99982967 -0.00245187 -0.01011086 0.01524453
1778571126.861304 0.00802052 0.00945434 -0.00502183 0.99983038 -0.00256908 -0.01024775 0.01508632
1778571126.928019 0.00865709 0.00934818 -0.00515253 0.99982987 -0.00251803 -0.01013521 0.01520438
1778571126.994735 0.00850027 0.00925180 -0.00536927 0.99983018 -0.00247270 -0.01008812 0.01522236
1778571127.061450 0.00814244 0.00945566 -0.00529784 0.99983140 -0.00257631 -0.01011318 0.01510788
1778571127.128165 0.00868460 0.00935510 -0.00519894 0.99983075 -0.00252127 -0.01010643 0.01516460
1778571127.194881 0.00853154 0.00923265 -0.00521785 0.99983027 -0.00247544 -0.01016152 0.01516711
1778571127.261596 0.00812980 0.00945869 -0.00515696 0.99983160 -0.00256962 -0.01017477 0.01505469
1778571127.328311 0.00867325 0.00934854 -0.00520064 0.99983101 -0.00251700 -0.01010389 0.01514997
1778571127.395027 0.00855891 0.00922385 -0.00532512 0.99983097 -0.00246467 -0.01010975 0.01515744
1778571127.461742 0.00800667 0.00949218 -0.00515133 0.99983177 -0.00257310 -0.01021083 0.01501828
1778571127.528457 0.00868954 0.00932001 -0.00534516 0.99983158 -0.00251592 -0.01006173 0.01514103
1778571127.595173 0.00856604 0.00923723 -0.00536455 0.99983148 -0.00247108 -0.01006514 0.01515224
1778571127.661888 0.00799467 0.00956839 -0.00512763 0.99983171 -0.00259660 -0.01022161 0.01501116
1778571127.728604 0.00865854 0.00941840 -0.00520005 0.99983149 -0.00253136 -0.01011478 0.01510884
1778571127.795319 0.00848661 0.00931871 -0.00529734 0.99983126 -0.00249441 -0.01012628 0.01512250
1778571127.862034 0.00810776 0.00956092 -0.00507123 0.99983179 -0.00260510 -0.01022278 0.01500309
1778571127.928750 0.00869143 0.00938270 -0.00518588 0.99983110 -0.00253418 -0.01011242 0.01513589
1778571127.995466 0.00849073 0.00931194 -0.00528273 0.99983078 -0.00249296 -0.01013454 0.01514908
1778571128.062181 0.00805703 0.00954529 -0.00514659 0.99983191 -0.00259943 -0.01018440 0.01502253
1778571128.128896 0.00855198 0.00944384 -0.00524322 0.99983223 -0.00254044 -0.01010368 0.01506536
1778571128.195611 0.00851891 0.00928989 -0.00538030 0.99983169 -0.00248173 -0.01007632 0.01512956
1778571128.262327 0.00798994 0.00955297 -0.00509383 0.99983221 -0.00258454 -0.01022906 0.01497473
1778571128.329042 0.00859813 0.00943770 -0.00532315 0.99983161 -0.00254198 -0.01006426 0.01513283
1778571128.395756 0.00850220 0.00932704 -0.00531196 0.99983148 -0.00249568 -0.01012542 0.01510808
1778571128.462472 0.00796945 0.00958659 -0.00519536 0.99983234 -0.00259404 -0.01019990 0.01498441
1778571128.529186 0.00858723 0.00941128 -0.00522345 0.99983176 -0.00252528 -0.01010765 0.01509667
1778571128.595901 0.00846109 0.00931026 -0.00528558 0.99983141 -0.00248607 -0.01014593 0.01510045
1778571128.662616 0.00796035 0.00957124 -0.00523488 0.99983287 -0.00258522 -0.01017679 0.01496572
1778571128.729331 0.00853329 0.00945385 -0.00511294 0.99983193 -0.00254003 -0.01015546 0.01505102
1778571128.796046 0.00863597 0.00918669 -0.00532585 0.99983209 -0.00246042 -0.01009661 0.01509309
1778571128.862761 0.00796920 0.00950239 -0.00518789 0.99983265 -0.00256325 -0.01019743 0.01497073
1778571128.929475 0.00854004 0.00946242 -0.00513811 0.99983175 -0.00253896 -0.01016941 0.01505383
1778571128.996189 0.00862201 0.00923030 -0.00537067 0.99983215 -0.00246586 -0.01009252 0.01509073
1778571129.062905 0.00805355 0.00953711 -0.00514121 0.99983311 -0.00258019 -0.01022364 0.01491875
1778571129.129620 0.00852280 0.00953207 -0.00512329 0.99983197 -0.00256561 -0.01016533 0.01503696
1778571129.196334 0.00860837 0.00928890 -0.00551212 0.99983213 -0.00248207 -0.01002991 0.01513099
1778571129.263048 0.00799584 0.00964021 -0.00520016 0.99983298 -0.00259780 -0.01016583 0.01496393
1778571129.329763 0.00863086 0.00947881 -0.00503172 0.99983139 -0.00255630 -0.01018235 0.01506549
1778571129.396477 0.00873169 0.00925073 -0.00552020 0.99983243 -0.00248162 -0.01002734 0.01511341
1778571129.463192 0.00808084 0.00958429 -0.00509430 0.99983276 -0.00259360 -0.01021627 0.01494484
1778571129.529905 0.00864227 0.00951506 -0.00499206 0.99983122 -0.00256716 -0.01019329 0.01506760
1778571129.596621 0.00874028 0.00921513 -0.00527729 0.99983178 -0.00246925 -0.01011057 0.01510298
1778571129.663335 0.00818729 0.00948292 -0.00501100 0.99983271 -0.00257423 -0.01024822 0.01493005
1778571129.730049 0.00870541 0.00939026 -0.00511498 0.99983230 -0.00253750 -0.01015345 0.01502800
1778571129.796762 0.00867821 0.00923181 -0.00519478 0.99983134 -0.00248331 -0.01015883 0.01509686
1778571129.863478 0.00814268 0.00946249 -0.00513243 0.99983246 -0.00257019 -0.01019488 0.01498396
1778571129.930192 0.00871079 0.00941620 -0.00513227 0.99983190 -0.00255353 -0.01014493 0.01505786
1778571129.996906 0.00878766 0.00918604 -0.00543659 0.99983165 -0.00247164 -0.01004215 0.01515667
1778571130.063621 0.00822158 0.00941180 -0.00513520 0.99983245 -0.00255071 -0.01019218 0.01498956
1778571130.130335 0.00877776 0.00940622 -0.00514672 0.99983275 -0.00254440 -0.01016918 0.01498617
1778571130.197050 0.00865850 0.00931047 -0.00520532 0.99983149 -0.00249239 -0.01015001 0.01509177
1778571130.263767 0.00816104 0.00952967 -0.00512320 0.99983217 -0.00256245 -0.01019274 0.01500560
1778571130.330483 0.00861738 0.00945090 -0.00493072 0.99982912 -0.00256530 -0.01028092 0.01514775
1778571130.397200 0.00863611 0.00916673 -0.00523968 0.99982916 -0.00246166 -0.01023631 0.01519235
1778571130.463917 0.00799199 0.00937000 -0.00497784 0.99982962 -0.00252949 -0.01039231 0.01504426
1778571130.530632 0.00865342 0.00933070 -0.00499003 0.99982994 -0.00251812 -0.01028907 0.01509591
1778571130.597350 0.00865020 0.00915441 -0.00525836 0.99982916 -0.00245878 -0.01023196 0.01519572
1778571130.664066 0.00806988 0.00934926 -0.00513543 0.99982957 -0.00253701 -0.01033648 0.01508450
1778571130.730783 0.00865801 0.00934625 -0.00505773 0.99982862 -0.00253451 -0.01026969 0.01519358
1778571130.797500 0.00861809 0.00920462 -0.00517616 0.99982842 -0.00248404 -0.01028294 0.01520624
1778571130.864217 0.00805283 0.00935052 -0.00512471 0.99982873 -0.00254479 -0.01034336 0.01513422
1778571130.930933 0.00860647 0.00932793 -0.00506872 0.99982842 -0.00253352 -0.01024866 0.01522106
1778571130.997650 0.00859498 0.00919190 -0.00515510 0.99982781 -0.00248300 -0.01027463 0.01525187
1778571131.064367 0.00809414 0.00927456 -0.00513947 0.99982889 -0.00251909 -0.01029080 0.01516406
1778571131.131084 0.00854903 0.00936891 -0.00508614 0.99982981 -0.00253708 -0.01026595 0.01511704
1778571131.197800 0.00861691 0.00922292 -0.00530505 0.99982842 -0.00248007 -0.01020475 0.01525943
1778571131.264515 0.00800486 0.00940452 -0.00502087 0.99982793 -0.00255736 -0.01037077 0.01516624
1778571131.331230 0.00842919 0.00949608 -0.00496228 0.99982884 -0.00257179 -0.01032008 0.01513860
1778571131.397945 0.00879392 0.00919722 -0.00534543 0.99982755 -0.00248638 -0.01019285 0.01532311
1778571131.464660 0.00811519 0.00941949 -0.00505147 0.99982786 -0.00256206 -0.01034141 0.01519025
1778571131.531375 0.00861193 0.00941867 -0.00490792 0.99982788 -0.00255135 -0.01030916 0.01521233
1778571131.598090 0.00857947 0.00927780 -0.00521636 0.99982739 -0.00249190 -0.01025404 0.01529166
1778571131.664805 0.00798956 0.00938098 -0.00512520 0.99982745 -0.00254117 -0.01032165 0.01523391
1778571131.731520 0.00852675 0.00938805 -0.00498738 0.99982778 -0.00254955 -0.01029051 0.01523228
1778571131.798236 0.00859272 0.00918433 -0.00517159 0.99982674 -0.00247694 -0.01024503 0.01534267
1778571131.864950 0.00810201 0.00929006 -0.00504574 0.99982681 -0.00252822 -0.01034395 0.01526303
1778571131.931666 0.00852382 0.00935292 -0.00503102 0.99982740 -0.00253885 -0.01025511 0.01528290
1778571131.998380 0.00868046 0.00915075 -0.00527626 0.99982665 -0.00246393 -0.01019054 0.01538679
1778571132.065096 0.00805141 0.00935590 -0.00503941 0.99982638 -0.00253383 -0.01035320 0.01528429
1778571132.131811 0.00858611 0.00937588 -0.00487893 0.99982663 -0.00254867 -0.01031748 0.01528923
1778571132.198526 0.00862936 0.00918382 -0.00526226 0.99982616 -0.00246818 -0.01019249 0.01541637
1778571132.265240 0.00804252 0.00941897 -0.00508111 0.99982710 -0.00254869 -0.01032555 0.01525338
1778571132.331955 0.00846391 0.00944247 -0.00502271 0.99982652 -0.00255485 -0.01025891 0.01533466
1778571132.398670 0.00856215 0.00920128 -0.00516176 0.99982578 -0.00247488 -0.01024948 0.01540257
1778571132.465385 0.00800868 0.00933567 -0.00525909 0.99982667 -0.00251467 -0.01023957 0.01534495
1778571132.532100 0.00836775 0.00939476 -0.00509902 0.99982779 -0.00253021 -0.01023266 0.01527368
1778571132.598814 0.00868096 0.00918310 -0.00530242 0.99982646 -0.00246779 -0.01018040 0.01540493
1778571132.665529 0.00832825 0.00924846 -0.00514684 0.99982636 -0.00251048 -0.01027023 0.01534525
1778571132.732244 0.00838972 0.00943119 -0.00495819 0.99982756 -0.00255458 -0.01030220 0.01523779
1778571132.798959 0.00856003 0.00918125 -0.00514884 0.99982643 -0.00246384 -0.01025456 0.01535858
1778571132.865672 0.00803056 0.00927989 -0.00507054 0.99982675 -0.00249729 -0.01031764 0.01528964
1778571132.932388 0.00828990 0.00943326 -0.00495677 0.99982760 -0.00255034 -0.01029447 0.01524087
1778571132.999103 0.00851632 0.00918494 -0.00511832 0.99982591 -0.00246601 -0.01025218 0.01539383
1778571133.065818 0.00805065 0.00928039 -0.00510876 0.99982648 -0.00250009 -0.01029519 0.01532187
1778571133.132532 0.00842720 0.00937396 -0.00498887 0.99982724 -0.00254064 -0.01025060 0.01529592
1778571133.199247 0.00861414 0.00915905 -0.00511291 0.99982562 -0.00246322 -0.01025762 0.01540918
1778571133.265961 0.00801989 0.00927544 -0.00500899 0.99982648 -0.00249141 -0.01035997 0.01527981
1778571133.332675 0.00823699 0.00948406 -0.00488256 0.99982688 -0.00256535 -0.01032756 0.01526350
1778571133.399389 0.00856762 0.00919782 -0.00522264 0.99982527 -0.00246537 -0.01023273 0.01544824
1778571133.466103 0.00814618 0.00922789 -0.00513898 0.99982657 -0.00248195 -0.01030367 0.01531343
1778571133.532816 0.00820466 0.00952305 -0.00491985 0.99982738 -0.00257366 -0.01032207 0.01523260
1778571133.599530 0.00857170 0.00922542 -0.00521534 0.99982602 -0.00247480 -0.01022149 0.01540553
1778571133.666245 0.00816677 0.00929179 -0.00510312 0.99982693 -0.00250352 -0.01029895 0.01528965
1778571133.732960 0.00828482 0.00948797 -0.00496150 0.99982784 -0.00257351 -0.01027682 0.01523352
1778571133.799673 0.00859625 0.00924016 -0.00513423 0.99982649 -0.00248574 -0.01025490 0.01535107
1778571133.866387 0.00814212 0.00929613 -0.00504461 0.99982769 -0.00250753 -0.01033112 0.01521766
1778571133.933101 0.00831891 0.00953401 -0.00485016 0.99982817 -0.00259949 -0.01032236 0.01517612
1778571133.999814 0.00858350 0.00918336 -0.00509791 0.99982662 -0.00247276 -0.01027782 0.01532884
1778571134.066529 0.00807681 0.00928670 -0.00502412 0.99982727 -0.00250100 -0.01036173 0.01522561
1778571134.133243 0.00823553 0.00953182 -0.00488981 0.99982855 -0.00259411 -0.01031952 0.01515421
1778571134.199958 0.00859169 0.00924850 -0.00518355 0.99982771 -0.00250083 -0.01025620 0.01526815
1778571134.266672 0.00810474 0.00932825 -0.00505257 0.99982781 -0.00250655 -0.01030976 0.01522418
1778571134.333388 0.00810823 0.00957559 -0.00490253 0.99982854 -0.00259390 -0.01029792 0.01516946
1778571134.400104 0.00840969 0.00936672 -0.00504290 0.99982713 -0.00251930 -0.01030398 0.01527029
1778571134.466818 0.00811308 0.00937397 -0.00503136 0.99982788 -0.00252372 -0.01030800 0.01521814
1778571134.533534 0.00811686 0.00958742 -0.00499223 0.99982797 -0.00259501 -0.01025088 0.01523860
1778571134.600248 0.00845929 0.00940238 -0.00510822 0.99982739 -0.00252117 -0.01026455 0.01527958
1778571134.666965 0.00818748 0.00932726 -0.00509118 0.99982683 -0.00251855 -0.01029220 0.01529818
1778571134.733680 0.00807390 0.00955885 -0.00490126 0.99982772 -0.00258735 -0.01029698 0.01522504
1778571134.800395 0.00844307 0.00937396 -0.00503335 0.99982727 -0.00251741 -0.01029576 0.01526739
1778571134.867110 0.00811151 0.00939975 -0.00510442 0.99982708 -0.00252005 -0.01030232 0.01527488
1778571134.933826 0.00802422 0.00958372 -0.00499554 0.99982765 -0.00259327 -0.01028594 0.01523641
1778571135.000541 0.00845375 0.00937160 -0.00507256 0.99982736 -0.00251454 -0.01029090 0.01526519
1778571135.067257 0.00809637 0.00937181 -0.00495178 0.99982670 -0.00252064 -0.01036244 0.01525921
1778571135.133971 0.00805341 0.00956477 -0.00487721 0.99982779 -0.00258754 -0.01032067 0.01520430
1778571135.200687 0.00844866 0.00940310 -0.00488898 0.99982632 -0.00252414 -0.01033138 0.01530418
1778571135.267401 0.00817777 0.00935744 -0.00508786 0.99982680 -0.00250933 -0.01031777 0.01528481
1778571135.334114 0.00807136 0.00953984 -0.00484363 0.99982771 -0.00259591 -0.01036669 0.01517679
1778571135.400829 0.00860802 0.00929899 -0.00495675 0.99982660 -0.00250221 -0.01029941 0.01531131
1778571135.467542 0.00818590 0.00932320 -0.00498262 0.99982630 -0.00250816 -0.01038763 0.01527038
1778571135.534256 0.00793529 0.00958794 -0.00505880 0.99982882 -0.00259878 -0.01028239 0.01516067
1778571135.600970 0.00852652 0.00933678 -0.00499063 0.99982775 -0.00250879 -0.01029981 0.01523445
1778571135.667684 0.00822365 0.00933329 -0.00508259 0.99982712 -0.00250121 -0.01030734 0.01527181
1778571135.734398 0.00806352 0.00952977 -0.00498697 0.99982794 -0.00258071 -0.01028922 0.01521715
1778571135.801111 0.00852474 0.00940082 -0.00490670 0.99982734 -0.00253300 -0.01032640 0.01523958
1778571135.867825 0.00831306 0.00933148 -0.00492440 0.99982620 -0.00252960 -0.01039957 0.01526509
1778571135.934539 0.00804599 0.00959491 -0.00478135 0.99982674 -0.00261683 -0.01038846 0.01522226
1778571136.001253 0.00852464 0.00940242 -0.00481973 0.99982682 -0.00254295 -0.01035028 0.01525574
1778571136.067966 0.00832820 0.00937213 -0.00492039 0.99982635 -0.00254004 -0.01038672 0.01526244
1778571136.134680 0.00808449 0.00951986 -0.00488664 0.99982660 -0.00259721 -0.01033935 0.01526804
1778571136.201393 0.00850014 0.00943867 -0.00473686 0.99982630 -0.00255880 -0.01039142 0.01525914
1778571136.268108 0.00837207 0.00930117 -0.00498364 0.99982622 -0.00250084 -0.01035143 0.01530092
1778571136.334822 0.00802432 0.00949703 -0.00511457 0.99982886 -0.00258653 -0.01027387 0.01516621
1778571136.401536 0.00846649 0.00941251 -0.00487851 0.99982754 -0.00252671 -0.01035246 0.01520934
1778571136.468251 0.00837692 0.00929027 -0.00502740 0.99982569 -0.00249991 -0.01033745 0.01534504
1778571136.534966 0.00794577 0.00949801 -0.00488148 0.99982577 -0.00258094 -0.01038193 0.01529670
1778571136.601680 0.00845729 0.00947669 -0.00471540 0.99982513 -0.00256917 -0.01040719 0.01532333
1778571136.668394 0.00850836 0.00927064 -0.00501902 0.99982461 -0.00250095 -0.01031267 0.01543201
1778571136.735108 0.00799451 0.00961254 -0.00489590 0.99982554 -0.00260306 -0.01037057 0.01531549
1778571136.801822 0.00860553 0.00940348 -0.00482484 0.99982516 -0.00255144 -0.01034542 0.01536562
1778571136.868537 0.00850116 0.00927488 -0.00505151 0.99982561 -0.00249607 -0.01030861 0.01537033
1778571136.935251 0.00805677 0.00947625 -0.00483417 0.99982596 -0.00257080 -0.01040120 0.01527303
1778571137.001965 0.00855612 0.00940022 -0.00484206 0.99982557 -0.00254334 -0.01032652 0.01535339
1778571137.068679 0.00852516 0.00925785 -0.00492189 0.99982424 -0.00249792 -0.01035372 0.01542876
1778571137.135393 0.00809699 0.00949712 -0.00483653 0.99982537 -0.00258500 -0.01039905 0.01531042
1778571137.202108 0.00847537 0.00949819 -0.00479494 0.99982524 -0.00257435 -0.01035445 0.01535109
1778571137.268821 0.00852595 0.00926710 -0.00498276 0.99982447 -0.00249736 -0.01030663 0.01544547
1778571137.335536 0.00809757 0.00947760 -0.00505238 0.99982631 -0.00256916 -0.01027162 0.01533776
1778571137.402251 0.00855788 0.00943750 -0.00486330 0.99982554 -0.00256822 -0.01031916 0.01535584
1778571137.468965 0.00861032 0.00920016 -0.00504618 0.99982445 -0.00247766 -0.01026010 0.01548096
1778571137.535678 0.00805852 0.00946154 -0.00495310 0.99982490 -0.00256643 -0.01034598 0.01538025
1778571137.602393 0.00850418 0.00946304 -0.00469043 0.99982483 -0.00256511 -0.01037371 0.01536606
1778571137.669108 0.00858700 0.00919668 -0.00493924 0.99982424 -0.00247111 -0.01032029 0.01545563
1778571137.735822 0.00801629 0.00943053 -0.00496547 0.99982504 -0.00255364 -0.01033221 0.01538237
1778571137.802537 0.00857677 0.00943101 -0.00477559 0.99982590 -0.00255872 -0.01030920 0.01534064
1778571137.869251 0.00889835 0.00915663 -0.00505932 0.99982425 -0.00248796 -0.01027031 0.01548560
1778571137.935965 0.00816652 0.00941804 -0.00490172 0.99982519 -0.00256008 -0.01034980 0.01535958
1778571138.002680 0.00860252 0.00943867 -0.00467995 0.99982575 -0.00257695 -0.01037134 0.01530569
1778571138.069394 0.00876163 0.00910086 -0.00492719 0.99982372 -0.00246063 -0.01029255 0.01550949
1778571138.136108 0.00824454 0.00927559 -0.00484035 0.99982428 -0.00252182 -0.01039091 0.01539704
1778571138.202824 0.00868706 0.00940940 -0.00467205 0.99982497 -0.00257482 -0.01036851 0.01535868
1778571138.269540 0.00894022 0.00911106 -0.00502389 0.99982344 -0.00248331 -0.01028527 0.01552883
1778571138.336257 0.00840265 0.00930513 -0.00485840 0.99982445 -0.00254569 -0.01036388 0.01540034
1778571138.402973 0.00863552 0.00938694 -0.00475718 0.99982494 -0.00256383 -0.01032280 0.01539357
1778571138.469689 0.00878374 0.00904323 -0.00493320 0.99982393 -0.00243713 -0.01030986 0.01548772
1778571138.536406 0.00828963 0.00914226 -0.00479249 0.99982398 -0.00248282 -0.01042138 0.01540281
1778571138.603122 0.00863059 0.00932361 -0.00445120 0.99982432 -0.00255217 -0.01044627 0.01535208
1778571138.669839 0.00873367 0.00906224 -0.00478305 0.99982308 -0.00244736 -0.01037729 0.01549608
1778571138.736555 0.00827464 0.00919379 -0.00468787 0.99982335 -0.00248237 -0.01046277 0.01541530
1778571138.803272 0.00852615 0.00943164 -0.00445683 0.99982341 -0.00256669 -0.01042436 0.01542381
1778571138.869989 0.00876601 0.00906579 -0.00469525 0.99982209 -0.00245889 -0.01039334 0.01554761
1778571138.936706 0.00826600 0.00911887 -0.00475799 0.99982238 -0.00247960 -0.01043471 0.01549735
1778571139.003422 0.00857209 0.00940248 -0.00449030 0.99982319 -0.00258152 -0.01040987 0.01544566
1778571139.070138 0.00884363 0.00909220 -0.00474006 0.99982223 -0.00246456 -0.01035836 0.01556063
1778571139.136856 0.00826757 0.00918979 -0.00479824 0.99982246 -0.00249880 -0.01043923 0.01548649
1778571139.203572 0.00844621 0.00953634 -0.00441289 0.99982277 -0.00261732 -0.01048374 0.01541674
1778571139.270286 0.00878039 0.00916697 -0.00462075 0.99982156 -0.00249693 -0.01041115 0.01556343
1778571139.337000 0.00832581 0.00927043 -0.00469633 0.99982055 -0.00253492 -0.01045953 0.01558946
1778571139.403715 0.00839831 0.00955362 -0.00440865 0.99982195 -0.00262643 -0.01047127 0.01547662
1778571139.470429 0.00867740 0.00920923 -0.00470948 0.99982186 -0.00250139 -0.01038373 0.01556157
1778571139.537143 0.00836064 0.00925100 -0.00480475 0.99982086 -0.00253004 -0.01041366 0.01560145
1778571139.603858 0.00869220 0.00961896 -0.00397835 0.99981885 -0.00264711 -0.01061203 0.01557702
1778571139.670573 0.00879705 0.00925757 -0.00424354 0.99981909 -0.00253510 -0.01052817 0.01563720
1778571139.737287 0.00869739 0.00935123 -0.00416975 0.99981865 -0.00257030 -0.01056636 0.01563344
1778571139.804000 0.00859825 0.00956353 -0.00393140 0.99981825 -0.00263021 -0.01067012 0.01557849
1778571139.870715 0.00865682 0.00935192 -0.00420481 0.99981938 -0.00255193 -0.01056183 0.01559319
1778571139.937430 0.00867807 0.00932151 -0.00415530 0.99982037 -0.00255601 -0.01054845 0.01553817
1778571140.004144 0.00853738 0.00951715 -0.00392772 0.99981876 -0.00260868 -0.01064182 0.01556902
1778571140.070859 0.00865221 0.00930388 -0.00421856 0.99981946 -0.00253206 -0.01052567 0.01561535
1778571140.137572 0.00869018 0.00929239 -0.00421785 0.99981960 -0.00254641 -0.01051023 0.01561450
1778571140.204287 0.00854893 0.00947597 -0.00399880 0.99981871 -0.00259222 -0.01059724 0.01560508
1778571140.270999 0.00866101 0.00930919 -0.00418851 0.99981959 -0.00254484 -0.01055944 0.01558209
1778571140.337714 0.00855079 0.00936849 -0.00424015 0.99981975 -0.00254723 -0.01052402 0.01559551
1778571140.404427 0.00843486 0.00958224 -0.00403253 0.99981871 -0.00262070 -0.01061855 0.01558607
1778571140.471141 0.00856372 0.00939562 -0.00425596 0.99981998 -0.00255393 -0.01049120 0.01560169
1778571140.537855 0.00855495 0.00940283 -0.00416548 0.99981929 -0.00255551 -0.01052930 0.01562033
1778571140.604569 0.00838598 0.00964182 -0.00386573 0.99981822 -0.00263496 -0.01068673 0.01556828
1778571140.671282 0.00842606 0.00948104 -0.00415674 0.99981998 -0.00256941 -0.01056369 0.01555069
1778571140.737996 0.00850174 0.00941354 -0.00415328 0.99982006 -0.00255898 -0.01054946 0.01555669
1778571140.804709 0.00830915 0.00965719 -0.00384736 0.99981938 -0.00262280 -0.01071052 0.01547956
1778571140.871421 0.00851934 0.00940226 -0.00414787 0.99982023 -0.00255742 -0.01055855 0.01553949
1778571140.938136 0.00859368 0.00928565 -0.00429247 0.99982043 -0.00252174 -0.01046794 0.01559384
1778571141.004849 0.00840594 0.00953817 -0.00395979 0.99981994 -0.00259925 -0.01064138 0.01549464
1778571141.071563 0.00853655 0.00939224 -0.00405779 0.99981924 -0.00253889 -0.01057139 0.01559774
1778571141.138276 0.00852960 0.00934082 -0.00414607 0.99982010 -0.00253207 -0.01054912 0.01555853
1778571141.204991 0.00837984 0.00960948 -0.00394294 0.99981982 -0.00261461 -0.01064059 0.01550073
1778571141.271706 0.00854321 0.00942712 -0.00410477 0.99982006 -0.00254934 -0.01054714 0.01555972
1778571141.338423 0.00855404 0.00938615 -0.00411112 0.99981978 -0.00253456 -0.01052127 0.01559753
1778571141.405140 0.00837344 0.00960663 -0.00387228 0.99981932 -0.00260900 -0.01065877 0.01552135
1778571141.471856 0.00849561 0.00947411 -0.00410258 0.99982004 -0.00256043 -0.01053884 0.01556510
1778571141.538573 0.00866451 0.00930033 -0.00417350 0.99982035 -0.00250856 -0.01045183 0.01561216
1778571141.605289 0.00837881 0.00957826 -0.00392755 0.99982086 -0.00260272 -0.01063556 0.01543915
1778571141.672007 0.00846130 0.00951510 -0.00404075 0.99982038 -0.00257313 -0.01058668 0.01550818
1778571141.738723 0.00855920 0.00939751 -0.00414827 0.99982097 -0.00252707 -0.01047338 0.01555470
1778571141.805440 0.00836622 0.00962441 -0.00402944 0.99982086 -0.00261103 -0.01054547 0.01549903
1778571141.872157 0.00845093 0.00959339 -0.00410561 0.99982045 -0.00257352 -0.01050963 0.01555618
1778571141.938874 0.00866332 0.00932089 -0.00430195 0.99982209 -0.00249139 -0.01039097 0.01554368
1778571142.005589 0.00829098 0.00963019 -0.00420325 0.99982217 -0.00258089 -0.01055538 0.01541251
1778571142.072307 0.00848044 0.00964974 -0.00404262 0.99981961 -0.00257803 -0.01059346 0.01555218
1778571142.139023 0.00871185 0.00935220 -0.00422874 0.99982115 -0.00250467 -0.01043900 0.01556972
1778571142.205740 0.00826459 0.00966072 -0.00421807 0.99982204 -0.00258870 -0.01054274 0.01542856
1778571142.272455 0.00832057 0.00976792 -0.00412323 0.99982098 -0.00260252 -0.01056766 0.01547787
1778571142.339170 0.00849966 0.00942122 -0.00423505 0.99982237 -0.00250995 -0.01042776 0.01549820
1778571142.405885 0.00831532 0.00966071 -0.00422423 0.99982252 -0.00258673 -0.01047595 0.01544298
1778571142.472599 0.00859126 0.00946876 -0.00410408 0.99982151 -0.00254666 -0.01052841 0.01547923
1778571142.539314 0.00870672 0.00934449 -0.00424209 0.99982103 -0.00250576 -0.01045954 0.01556337
1778571142.606029 0.00835258 0.00962968 -0.00422788 0.99982138 -0.00258850 -0.01054096 0.01547235
1778571142.672744 0.00853138 0.00956636 -0.00412916 0.99982120 -0.00255616 -0.01052210 0.01550236
1778571142.739459 0.00870789 0.00934520 -0.00423656 0.99982031 -0.00250735 -0.01046926 0.01560309
1778571142.806174 0.00841106 0.00961911 -0.00442455 0.99982121 -0.00258897 -0.01043409 0.01555539
1778571142.872889 0.00868367 0.00956335 -0.00425647 0.99982064 -0.00257299 -0.01045451 0.01558083
1778571142.939604 0.00873636 0.00933106 -0.00428337 0.99982011 -0.00250663 -0.01046319 0.01562014
1778571143.006319 0.00837113 0.00963977 -0.00436932 0.99982107 -0.00258918 -0.01048084 0.01553318
1778571143.073033 0.00851371 0.00961966 -0.00423453 0.99982173 -0.00257795 -0.01050282 0.01547731
1778571143.139749 0.00872600 0.00931358 -0.00426562 0.99982031 -0.00249919 -0.01044526 0.01562031
1778571143.206463 0.00841996 0.00957621 -0.00421227 0.99982093 -0.00257099 -0.01053671 0.01550737
1778571143.273178 0.00844523 0.00960036 -0.00421217 0.99982136 -0.00256650 -0.01050253 0.01550330
1778571143.339893 0.00879134 0.00927300 -0.00433398 0.99981997 -0.00248536 -0.01040101 0.01567396
1778571143.406607 0.00834928 0.00959574 -0.00427305 0.99982093 -0.00256442 -0.01051912 0.01552062
1778571143.473321 0.00852428 0.00954385 -0.00430813 0.99982082 -0.00256084 -0.01043393 0.01558549
1778571143.540036 0.00872831 0.00931848 -0.00429430 0.99981942 -0.00250179 -0.01044696 0.01567558
1778571143.606750 0.00839955 0.00957018 -0.00424650 0.99982069 -0.00256355 -0.01051953 0.01553589
1778571143.673465 0.00849125 0.00957132 -0.00431280 0.99982058 -0.00256691 -0.01043967 0.01559589
1778571143.740180 0.00880108 0.00929242 -0.00433427 0.99981908 -0.00249690 -0.01039673 0.01573171
1778571143.806894 0.00852095 0.00929600 -0.00470264 0.99982285 -0.00250120 -0.01032996 0.01553386
1778571143.873608 0.00863127 0.00927952 -0.00466014 0.99982360 -0.00250495 -0.01029902 0.01550539
1778571143.940322 0.00903484 0.00911277 -0.00467764 0.99982304 -0.00247191 -0.01024022 0.01558563
1778571144.007036 0.00864940 0.00924583 -0.00475648 0.99982514 -0.00249521 -0.01025609 0.01543632
1778571144.073752 0.00860949 0.00929592 -0.00462013 0.99982649 -0.00251997 -0.01032043 0.01530140
1778571144.140466 0.00887951 0.00915621 -0.00471705 0.99982609 -0.00247873 -0.01023305 0.01539275
1778571144.207181 0.00865200 0.00924884 -0.00477258 0.99982759 -0.00249703 -0.01023174 0.01529248
1778571144.273896 0.00852980 0.00931967 -0.00467582 0.99982797 -0.00252042 -0.01029855 0.01521872
1778571144.340610 0.00879812 0.00916649 -0.00460520 0.99982644 -0.00247627 -0.01030246 0.01532380
1778571144.407325 0.00867845 0.00921604 -0.00472851 0.99982857 -0.00248350 -0.01029842 0.01518583
1778571144.474040 0.00861170 0.00927219 -0.00464849 0.99982877 -0.00251041 -0.01032618 0.01514902
1778571144.540755 0.00885738 0.00914687 -0.00470515 0.99982862 -0.00247227 -0.01027736 0.01519856
1778571144.607469 0.00868590 0.00919689 -0.00464627 0.99982963 -0.00247815 -0.01029628 0.01511817
1778571144.674184 0.00858800 0.00927994 -0.00459467 0.99982971 -0.00251483 -0.01034114 0.01507603
1778571144.740898 0.00862259 0.00921229 -0.00471474 0.99982950 -0.00246110 -0.01027270 0.01514545
1778571144.807614 0.00878402 0.00917851 -0.00467208 0.99982888 -0.00248654 -0.01031081 0.01515637
1778571144.874329 0.00852538 0.00930095 -0.00462298 0.99982962 -0.00251494 -0.01037281 0.01506031
1778571144.941044 0.00888948 0.00913396 -0.00464474 0.99982931 -0.00247354 -0.01033196 0.01511546
1778571145.007758 0.00858261 0.00922101 -0.00455810 0.99982883 -0.00247794 -0.01035321 0.01513210
1778571145.074473 0.00845703 0.00931788 -0.00458151 0.99983001 -0.00250660 -0.01041208 0.01500860
1778571145.141188 0.00882062 0.00913514 -0.00460058 0.99982964 -0.00245744 -0.01034727 0.01508590
1778571145.207903 0.00862717 0.00921061 -0.00470455 0.99983213 -0.00246651 -0.01038622 0.01489176
1778571145.274617 0.00845896 0.00932564 -0.00457845 0.99983095 -0.00252257 -0.01041887 0.01493809
1778571145.341331 0.00858193 0.00921808 -0.00463493 0.99983064 -0.00247619 -0.01038606 0.01498966
1778571145.408045 0.00867090 0.00919986 -0.00477656 0.99983086 -0.00247146 -0.01032119 0.01502068
1778571145.474760 0.00849548 0.00930546 -0.00468444 0.99983146 -0.00251138 -0.01038602 0.01492890
1778571145.541474 0.00866267 0.00920562 -0.00465649 0.99983141 -0.00248136 -0.01038511 0.01493802
1778571145.608188 0.00860020 0.00922132 -0.00474653 0.99983172 -0.00247304 -0.01034933 0.01494349
1778571145.674903 0.00839439 0.00935419 -0.00461851 0.99983082 -0.00252449 -0.01041689 0.01494784
1778571145.741617 0.00851880 0.00926033 -0.00463105 0.99983092 -0.00246696 -0.01040814 0.01495694
1778571145.808330 0.00864861 0.00920326 -0.00464485 0.99983105 -0.00247865 -0.01040216 0.01495038
1778571145.875045 0.00841814 0.00934125 -0.00464382 0.99983100 -0.00252526 -0.01041541 0.01493676
1778571145.941758 0.00855143 0.00926354 -0.00462213 0.99983086 -0.00247380 -0.01039564 0.01496857
1778571146.008472 0.00877693 0.00916144 -0.00455076 0.99982930 -0.00247447 -0.01042241 0.01505426
1778571146.075188 0.00850542 0.00931276 -0.00455957 0.99983058 -0.00252245 -0.01048170 0.01491931
1778571146.141902 0.00883756 0.00916293 -0.00450928 0.99982926 -0.00246239 -0.01040149 0.01507332
1778571146.208617 0.00884028 0.00914500 -0.00463294 0.99982969 -0.00244662 -0.01038994 0.01505509
1778571146.275332 0.00842631 0.00934596 -0.00466846 0.99983116 -0.00252661 -0.01045881 0.01489577
1778571146.342048 0.00866437 0.00922474 -0.00460212 0.99983091 -0.00247698 -0.01041799 0.01494941
1778571146.408762 0.00866799 0.00920333 -0.00462654 0.99983054 -0.00245743 -0.01040544 0.01498589
1778571146.475479 0.00835984 0.00937272 -0.00462678 0.99983122 -0.00252413 -0.01045794 0.01489246
1778571146.542195 0.00861498 0.00926190 -0.00451180 0.99983010 -0.00248168 -0.01043498 0.01499108
1778571146.608910 0.00878648 0.00915268 -0.00460337 0.99983014 -0.00246048 -0.01038968 0.01502274
1778571146.675626 0.00843182 0.00933615 -0.00470354 0.99983170 -0.00252563 -0.01042587 0.01488264
1778571146.742342 0.00857751 0.00925601 -0.00459207 0.99983099 -0.00246884 -0.01040622 0.01495366
1778571146.809057 0.00863225 0.00919997 -0.00464881 0.99983069 -0.00244515 -0.01038725 0.01499053
1778571146.875773 0.00842812 0.00931200 -0.00475242 0.99983152 -0.00249949 -0.01037672 0.01493348
1778571146.942489 0.00842862 0.00933668 -0.00463647 0.99983104 -0.00250916 -0.01044051 0.01491963
1778571147.009205 0.00856662 0.00924905 -0.00460942 0.99982969 -0.00247238 -0.01041052 0.01503645
1778571147.075919 0.00824810 0.00943120 -0.00470116 0.99983026 -0.00255389 -0.01047808 0.01493780
1778571147.142636 0.00850084 0.00930873 -0.00454484 0.99983010 -0.00249580 -0.01048055 0.01495662
1778571147.209352 0.00851728 0.00925037 -0.00465416 0.99982980 -0.00245509 -0.01041938 0.01502585
1778571147.276068 0.00835631 0.00936143 -0.00472949 0.99983058 -0.00252532 -0.01044280 0.01494569
1778571147.342783 0.00851835 0.00930237 -0.00459182 0.99983005 -0.00249734 -0.01048104 0.01495933
1778571147.409499 0.00857832 0.00923694 -0.00461766 0.99982947 -0.00246205 -0.01044105 0.01503175
1778571147.476215 0.00836461 0.00936007 -0.00471335 0.99983039 -0.00252644 -0.01045605 0.01494914
1778571147.542931 0.00844918 0.00933345 -0.00463091 0.99983037 -0.00250413 -0.01047480 0.01494088
1778571147.609647 0.00868766 0.00920830 -0.00461837 0.99982924 -0.00246058 -0.01041960 0.01506225
1778571147.676363 0.00832775 0.00938582 -0.00470833 0.99983048 -0.00253932 -0.01048081 0.01492333
1778571147.743079 0.00833619 0.00941669 -0.00453645 0.99983045 -0.00254229 -0.01050852 0.01490562
1778571147.809793 0.00856362 0.00926918 -0.00459565 0.99982936 -0.00247298 -0.01043053 0.01504489
1778571147.876510 0.00833271 0.00939488 -0.00466337 0.99983000 -0.00253922 -0.01047409 0.01496031
1778571147.943226 0.00832525 0.00942969 -0.00455965 0.99983039 -0.00254340 -0.01048925 0.01492324
1778571148.009942 0.00854123 0.00926833 -0.00462395 0.99982946 -0.00246983 -0.01040759 0.01505438
1778571148.076658 0.00834915 0.00939152 -0.00469217 0.99982874 -0.00253673 -0.01043536 0.01507148
1778571148.143374 0.00834685 0.00941851 -0.00452359 0.99982922 -0.00254830 -0.01049971 0.01499334
1778571148.210090 0.00856411 0.00927377 -0.00452826 0.99982855 -0.00247487 -0.01042732 0.01510023
1778571148.276805 0.00842216 0.00933814 -0.00470479 0.99982995 -0.00250755 -0.01040430 0.01501804
1778571148.343519 0.00848898 0.00933764 -0.00468080 0.99983031 -0.00252924 -0.01041039 0.01498581
1778571148.410235 0.00849560 0.00929930 -0.00466102 0.99982923 -0.00249167 -0.01042158 0.01505666
1778571148.476950 0.00849340 0.00930906 -0.00467007 0.99982959 -0.00250615 -0.01040423 0.01504206
1778571148.543665 0.00835048 0.00939227 -0.00468727 0.99982984 -0.00254730 -0.01042924 0.01500090
1778571148.610380 0.00853275 0.00928002 -0.00467107 0.99982912 -0.00247748 -0.01037836 0.01509560
1778571148.677095 0.00854207 0.00928815 -0.00471369 0.99982993 -0.00249834 -0.01038207 0.01503594
1778571148.743809 0.00845402 0.00934696 -0.00474832 0.99983061 -0.00253086 -0.01038279 0.01498464
1778571148.810524 0.00869656 0.00922339 -0.00464143 0.99982887 -0.00246544 -0.01037235 0.01511828
1778571148.877240 0.00855916 0.00928105 -0.00472593 0.99982933 -0.00249216 -0.01037178 0.01508374
1778571148.943955 0.00838959 0.00935927 -0.00474069 0.99983072 -0.00252769 -0.01040425 0.01496321
1778571149.010671 0.00849898 0.00928438 -0.00467258 0.99983039 -0.00248000 -0.01040409 0.01499325
1778571149.077385 0.00844983 0.00930952 -0.00474149 0.99982987 -0.00248809 -0.01035914 0.01505732
1778571149.144101 0.00831390 0.00938738 -0.00477600 0.99983050 -0.00253475 -0.01039173 0.01498514
1778571149.210816 0.00850478 0.00926893 -0.00471690 0.99983000 -0.00246785 -0.01037454 0.01504127
1778571149.277530 0.00847093 0.00929626 -0.00475278 0.99982977 -0.00248584 -0.01035984 0.01506406
1778571149.344245 0.00829798 0.00939193 -0.00474049 0.99983016 -0.00253486 -0.01041901 0.01498867
1778571149.410960 0.00850494 0.00926905 -0.00470195 0.99983022 -0.00246729 -0.01038065 0.01502261
1778571149.477675 0.00850785 0.00927579 -0.00472029 0.99982984 -0.00247966 -0.01037221 0.01505162
1778571149.544389 0.00827071 0.00939592 -0.00476745 0.99983026 -0.00253523 -0.01041015 0.01498850
1778571149.611103 0.00854347 0.00926623 -0.00468305 0.99982967 -0.00247498 -0.01039594 0.01504763
1778571149.677819 0.00860284 0.00923528 -0.00469224 0.99982945 -0.00247269 -0.01037701 0.01507555
1778571149.744534 0.00843732 0.00932921 -0.00470052 0.99982985 -0.00253258 -0.01042082 0.01500852
1778571149.811248 0.00858484 0.00923892 -0.00466784 0.99982984 -0.00246833 -0.01039480 0.01503825
1778571149.877963 0.00855538 0.00925335 -0.00474036 0.99983048 -0.00246799 -0.01036016 0.01501960
1778571149.944676 0.00830529 0.00937893 -0.00479798 0.99983124 -0.00252663 -0.01037741 0.01494736
1778571150.011392 0.00852240 0.00926670 -0.00468045 0.99983004 -0.00246971 -0.01038225 0.01503312
1778571150.078107 0.00854863 0.00925071 -0.00468342 0.99982993 -0.00246640 -0.01037513 0.01504628
1778571150.144822 0.00834898 0.00935085 -0.00475129 0.99983102 -0.00251904 -0.01038616 0.01495673
1778571150.211536 0.00856565 0.00925139 -0.00462988 0.99983104 -0.00246312 -0.01039070 0.01496217
1778571150.278251 0.00849550 0.00926742 -0.00467960 0.99983161 -0.00245642 -0.01034580 0.01495581
1778571150.344965 0.00819371 0.00943617 -0.00474845 0.99983217 -0.00253465 -0.01034534 0.01490585
1778571150.411680 0.00843545 0.00933944 -0.00458468 0.99983045 -0.00249031 -0.01035284 0.01502315
1778571150.478395 0.00848130 0.00930351 -0.00458005 0.99982938 -0.00247069 -0.01031728 0.01512156
1778571150.545110 0.00819644 0.00944591 -0.00468999 0.99983029 -0.00253971 -0.01035159 0.01502641
1778571150.611825 0.00840553 0.00936955 -0.00459662 0.99982895 -0.00250456 -0.01034018 0.01512879
1778571150.678539 0.00854260 0.00927502 -0.00466354 0.99982875 -0.00246377 -0.01026265 0.01520095
1778571150.745254 0.00831480 0.00939541 -0.00475614 0.99982981 -0.00252966 -0.01029781 0.01509667
1778571150.811969 0.00847344 0.00932526 -0.00464773 0.99982942 -0.00248421 -0.01029557 0.01513126
1778571150.878683 0.00856776 0.00925479 -0.00477496 0.99982906 -0.00244861 -0.01021451 0.01521546
1778571150.945398 0.00827691 0.00940798 -0.00480859 0.99982958 -0.00252497 -0.01027253 0.01512990
1778571151.012112 0.00828690 0.00943111 -0.00464235 0.99982917 -0.00251865 -0.01032138 0.01512463
1778571151.078827 0.00853850 0.00929524 -0.00460207 0.99982681 -0.00246795 -0.01028233 0.01531470
1778571151.145542 0.00821391 0.00944297 -0.00474097 0.99982843 -0.00252754 -0.01029827 0.01518783
1778571151.212256 0.00826911 0.00944205 -0.00466066 0.99982799 -0.00252887 -0.01031695 0.01520364
1778571151.278971 0.00854289 0.00928103 -0.00471518 0.99982678 -0.00245957 -0.01024778 0.01534116
1778571151.345685 0.00832651 0.00938583 -0.00479467 0.99982777 -0.00251239 -0.01027661 0.01524797
1778571151.412401 0.00838527 0.00937914 -0.00472043 0.99982778 -0.00251316 -0.01026739 0.01525388
1778571151.479114 0.00846256 0.00929869 -0.00471889 0.99982621 -0.00245450 -0.01025401 0.01537458
1778571151.545830 0.00824188 0.00940056 -0.00474611 0.99982787 -0.00249386 -0.01028683 0.01523813
1778571151.612545 0.00821041 0.00944376 -0.00469597 0.99982734 -0.00252534 -0.01030825 0.01525317
1778571151.679259 0.00835907 0.00933400 -0.00471593 0.99982664 -0.00246527 -0.01026778 0.01533597
1778571151.745974 0.00838715 0.00934193 -0.00469066 0.99982489 -0.00249023 -0.01026000 0.01545085
1778571151.812689 0.00824104 0.00942152 -0.00467800 0.99982632 -0.00252250 -0.01032665 0.01530765
1778571151.879404 0.00836241 0.00932293 -0.00470617 0.99982629 -0.00245838 -0.01028675 0.01534683
1778571151.946118 0.00828651 0.00936273 -0.00474294 0.99982598 -0.00248141 -0.01027702 0.01537003
1778571152.012833 0.00823112 0.00942183 -0.00468924 0.99982669 -0.00252374 -0.01031847 0.01528864
1778571152.079548 0.00836100 0.00932071 -0.00467557 0.99982608 -0.00246434 -0.01029514 0.01535386
1778571152.146261 0.00841485 0.00929518 -0.00476729 0.99982602 -0.00246563 -0.01023137 0.01540058
1778571152.212977 0.00829245 0.00938754 -0.00473758 0.99982673 -0.00252259 -0.01030192 0.01529755
1778571152.279692 0.00846923 0.00928757 -0.00465004 0.99982630 -0.00246734 -0.01028851 0.01534393
1778571152.346407 0.00837101 0.00931081 -0.00473787 0.99982646 -0.00247330 -0.01025916 0.01535212
1778571152.413122 0.00820633 0.00941165 -0.00474888 0.99982765 -0.00251810 -0.01028307 0.01525057
1778571152.479836 0.00836488 0.00930402 -0.00470639 0.99982680 -0.00246226 -0.01026650 0.01532671
1778571152.546552 0.00841022 0.00928737 -0.00470904 0.99982635 -0.00246750 -0.01026355 0.01535709
1778571152.613267 0.00822416 0.00941062 -0.00475473 0.99982745 -0.00253119 -0.01028293 0.01526158
1778571152.679982 0.00840366 0.00931528 -0.00466954 0.99982665 -0.00247573 -0.01028184 0.01532425
1778571152.746697 0.00843093 0.00928143 -0.00476163 0.99982651 -0.00246170 -0.01022618 0.01537241
1778571152.813412 0.00823713 0.00939484 -0.00484140 0.99982785 -0.00251797 -0.01024500 0.01526340
1778571152.880127 0.00845566 0.00928348 -0.00470933 0.99982716 -0.00246089 -0.01025105 0.01531380
1778571152.946841 0.00845578 0.00926520 -0.00478159 0.99982772 -0.00244424 -0.01021706 0.01530271
1778571153.013556 0.00814443 0.00943337 -0.00480779 0.99982869 -0.00252245 -0.01027794 0.01518524
1778571153.080271 0.00826935 0.00938358 -0.00465325 0.99982886 -0.00248603 -0.01028570 0.01517501
1778571153.146986 0.00851276 0.00926017 -0.00470651 0.99982670 -0.00245186 -0.01019169 0.01538463
1778571153.213701 0.00825342 0.00940860 -0.00476319 0.99982813 -0.00252969 -0.01028732 0.01521465
1778571153.280418 0.00825407 0.00940512 -0.00464661 0.99982841 -0.00249617 -0.01029919 0.01519360
1778571153.347134 0.00848715 0.00926847 -0.00470266 0.99982720 -0.00245162 -0.01020516 0.01534298
1778571153.413850 0.00822813 0.00940337 -0.00480735 0.99982820 -0.00252338 -0.01024543 0.01523952
1778571153.480566 0.00827548 0.00938863 -0.00463610 0.99982812 -0.00249144 -0.01028097 0.01522574
1778571153.547282 0.00852100 0.00925634 -0.00472064 0.99982737 -0.00244814 -0.01018834 0.01534405
1778571153.613997 0.00827922 0.00938694 -0.00481671 0.99982802 -0.00251950 -0.01022930 0.01526235
1778571153.680713 0.00833520 0.00938311 -0.00466652 0.99982764 -0.00251251 -0.01026989 0.01526137
1778571153.747428 0.00836968 0.00932105 -0.00470972 0.99982699 -0.00246312 -0.01022968 0.01533848
1778571153.814146 0.00825128 0.00939996 -0.00476766 0.99982646 -0.00251580 -0.01022154 0.01536982
1778571153.880860 0.00842451 0.00934682 -0.00471844 0.99982708 -0.00250973 -0.01022625 0.01532732
1778571153.947577 0.00845792 0.00927887 -0.00475653 0.99982703 -0.00245449 -0.01022428 0.01534103
1778571154.014293 0.00823516 0.00937672 -0.00475037 0.99982769 -0.00249456 -0.01024339 0.01527889
1778571154.081010 0.00818699 0.00942577 -0.00470797 0.99982813 -0.00251506 -0.01025054 0.01524179
1778571154.147726 0.00837940 0.00930587 -0.00470088 0.99982707 -0.00245937 -0.01022327 0.01533828
1778571154.214441 0.00840928 0.00929755 -0.00477489 0.99982799 -0.00246313 -0.01020316 0.01529090
1778571154.281156 0.00834614 0.00935419 -0.00480090 0.99982861 -0.00249547 -0.01020708 0.01524234
1778571154.347871 0.00846161 0.00925989 -0.00479613 0.99982789 -0.00243374 -0.01019327 0.01530871
1778571154.414588 0.00840203 0.00929241 -0.00485348 0.99982781 -0.00245309 -0.01018023 0.01532000
1778571154.481303 0.00834443 0.00934886 -0.00478707 0.99982878 -0.00250023 -0.01022667 0.01521749
1778571154.548018 0.00856698 0.00922556 -0.00471507 0.99982765 -0.00243546 -0.01021073 0.01531268
1778571154.614735 0.00845567 0.00926364 -0.00480232 0.99982964 -0.00244820 -0.01022006 0.01517419
1778571154.681450 0.00838019 0.00931892 -0.00475614 0.99982986 -0.00249282 -0.01025363 0.01512940
1778571154.748165 0.00855280 0.00921669 -0.00468852 0.99982821 -0.00243103 -0.01023788 0.01525839
1778571154.814882 0.00861824 0.00921504 -0.00470847 0.99982761 -0.00244823 -0.01023482 0.01529748
1778571154.881597 0.00828284 0.00937937 -0.00469154 0.99982916 -0.00251982 -0.01034028 0.01511208
1778571154.948313 0.00846209 0.00926032 -0.00468218 0.99982958 -0.00244520 -0.01026049 0.01515075
1778571155.015028 0.00855434 0.00922586 -0.00475468 0.99982950 -0.00244462 -0.01022474 0.01518071
1778571155.081744 0.00835609 0.00932314 -0.00477333 0.99983034 -0.00248869 -0.01025947 0.01509457
1778571155.148460 0.00843861 0.00927340 -0.00465246 0.99982925 -0.00245740 -0.01029006 0.01515067
1778571155.215176 0.00845844 0.00924731 -0.00475224 0.99982962 -0.00243275 -0.01021924 0.01517806
1778571155.281891 0.00831322 0.00933598 -0.00481282 0.99983010 -0.00248846 -0.01025292 0.01511448
1778571155.348607 0.00843017 0.00928993 -0.00464088 0.99982917 -0.00246517 -0.01029196 0.01515381
1778571155.415323 0.00845058 0.00925155 -0.00472595 0.99982924 -0.00243771 -0.01022924 0.01519548
1778571155.482039 0.00830407 0.00933821 -0.00481882 0.99983016 -0.00248708 -0.01024244 0.01511838
1778571155.548755 0.00849230 0.00927267 -0.00458298 0.99982984 -0.00246269 -0.01032151 0.01508981
1778571155.615469 0.00844883 0.00926642 -0.00466445 0.99982865 -0.00245405 -0.01027128 0.01520354
1778571155.682187 0.00833217 0.00934509 -0.00473082 0.99982877 -0.00250206 -0.01026263 0.01519393
1778571155.748902 0.00852520 0.00926248 -0.00465510 0.99982925 -0.00246069 -0.01026417 0.01516756
1778571155.815618 0.00876843 0.00917130 -0.00466599 0.99982813 -0.00244035 -0.01022578 0.01527032
1778571155.882334 0.00848001 0.00929263 -0.00482328 0.99983008 -0.00248547 -0.01022706 0.01513390
1778571155.949049 0.00846133 0.00930245 -0.00469343 0.99983018 -0.00247956 -0.01027094 0.01509846
1778571156.015765 0.00870913 0.00918890 -0.00462487 0.99982831 -0.00243787 -0.01025187 0.01524136
1778571156.082481 0.00843642 0.00930771 -0.00477793 0.99982960 -0.00248750 -0.01025786 0.01514450
1778571156.149198 0.00849497 0.00929796 -0.00466516 0.99982958 -0.00249532 -0.01029187 0.01512165
1778571156.215913 0.00864613 0.00921145 -0.00465719 0.99982864 -0.00244873 -0.01027003 0.01520587
1778571156.282628 0.00854205 0.00926211 -0.00475647 0.99983006 -0.00247399 -0.01023552 0.01513189
1778571156.349343 0.00853313 0.00928700 -0.00466466 0.99982922 -0.00250604 -0.01027792 0.01515296
1778571156.416057 0.00864175 0.00920279 -0.00467042 0.99982877 -0.00244920 -0.01025828 0.01520493
1778571156.482772 0.00861252 0.00922901 -0.00471247 0.99982996 -0.00246929 -0.01024241 0.01513427
1778571156.549487 0.00849286 0.00928936 -0.00468760 0.99982967 -0.00250177 -0.01027437 0.01512672
1778571156.616200 0.00858031 0.00921545 -0.00465679 0.99982933 -0.00244617 -0.01027083 0.01516067
1778571156.682916 0.00851550 0.00925791 -0.00469579 0.99982885 -0.00247008 -0.01027014 0.01518875
1778571156.749631 0.00834824 0.00934204 -0.00471960 0.99982960 -0.00250666 -0.01028811 0.01512125
1778571156.816346 0.00858826 0.00921773 -0.00463785 0.99982835 -0.00244260 -0.01025589 0.01523548
1778571156.883059 0.00851104 0.00924249 -0.00468755 0.99982803 -0.00244707 -0.01025807 0.01525434
1778571156.949775 0.00827889 0.00936125 -0.00471450 0.99982937 -0.00250283 -0.01031115 0.01512081
1778571157.016490 0.00848762 0.00924072 -0.00465292 0.99982842 -0.00243704 -0.01028739 0.01521027
1778571157.083204 0.00827771 0.00930926 -0.00473866 0.99982890 -0.00244809 -0.01028688 0.01517786
1778571157.149918 0.00815847 0.00940250 -0.00477720 0.99982976 -0.00250472 -0.01029028 0.01510943
1778571157.216633 0.00838559 0.00927806 -0.00470127 0.99983001 -0.00243849 -0.01029075 0.01510326
1778571157.283350 0.00837358 0.00926625 -0.00481485 0.99982918 -0.00243837 -0.01021409 0.01520976
1778571157.350066 0.00828607 0.00934902 -0.00477355 0.99982920 -0.00249977 -0.01027882 0.01515511
1778571157.416782 0.00844705 0.00926309 -0.00470757 0.99982825 -0.00244973 -0.01025295 0.01524268
1778571157.483498 0.00851595 0.00923110 -0.00473865 0.99982869 -0.00244159 -0.01022397 0.01523483
1778571157.550214 0.00826516 0.00934608 -0.00483144 0.99982965 -0.00249000 -0.01023624 0.01515557
1778571157.616930 0.00844181 0.00927601 -0.00472742 0.99982988 -0.00245271 -0.01024505 0.01514078
1778571157.683646 0.00850674 0.00923258 -0.00480682 0.99982921 -0.00242833 -0.01018668 0.01522807
1778571157.750361 0.00820243 0.00938536 -0.00479820 0.99982935 -0.00250540 -0.01026845 0.01515105
1778571157.817078 0.00834334 0.00933046 -0.00462295 0.99982908 -0.00247520 -0.01029745 0.01515437
1778571157.883794 0.00847188 0.00924805 -0.00465655 0.99982765 -0.00243633 -0.01023193 0.01529852
1778571157.950510 0.00827947 0.00934757 -0.00473319 0.99982858 -0.00249180 -0.01027490 0.01519953
1778571158.017226 0.00842604 0.00930900 -0.00459527 0.99982774 -0.00249348 -0.01028797 0.01524577
1778571158.083942 0.00848764 0.00924455 -0.00462049 0.99982691 -0.00243673 -0.01026217 0.01532644
1778571158.150657 0.00844999 0.00928076 -0.00474634 0.99982849 -0.00247718 -0.01025100 0.01522389
1778571158.217374 0.00838204 0.00931175 -0.00474563 0.99982933 -0.00248909 -0.01026477 0.01515738
1778571158.284089 0.00854869 0.00921229 -0.00465018 0.99982718 -0.00243118 -0.01024851 0.01531915
1778571158.350805 0.00842472 0.00927958 -0.00471919 0.99982905 -0.00247016 -0.01025941 0.01518287
1778571158.417519 0.00834887 0.00932661 -0.00471535 0.99982936 -0.00249985 -0.01025705 0.01515910
1778571158.484234 0.00866325 0.00918132 -0.00468494 0.99982741 -0.00242835 -0.01019984 0.01533685
1778571158.550951 0.00854016 0.00923728 -0.00475424 0.99982943 -0.00245673 -0.01024499 0.01516957
1778571158.617666 0.00837056 0.00931685 -0.00472130 0.99982916 -0.00250155 -0.01027417 0.01516020
1778571158.684380 0.00859881 0.00919635 -0.00465212 0.99982791 -0.00243216 -0.01023095 0.01528300
1778571158.751097 0.00843318 0.00926320 -0.00477398 0.99982969 -0.00245370 -0.01023442 0.01515985
1778571158.817812 0.00840141 0.00930536 -0.00478603 0.99982958 -0.00249614 -0.01021507 0.01517323
1778571158.884527 0.00865120 0.00918339 -0.00472625 0.99982820 -0.00243028 -0.01020184 0.01528337
1778571158.951243 0.00855500 0.00922107 -0.00483692 0.99982928 -0.00243839 -0.01018905 0.01521980
1778571159.017957 0.00829240 0.00935612 -0.00480990 0.99982998 -0.00251030 -0.01026131 0.01511339
1778571159.084674 0.00853997 0.00923569 -0.00465097 0.99982869 -0.00245025 -0.01024418 0.01521975
1778571159.151389 0.00861202 0.00921153 -0.00464609 0.99982786 -0.00245351 -0.01024849 0.01527077
1778571159.218105 0.00827158 0.00936868 -0.00474593 0.99982947 -0.00251849 -0.01029016 0.01512633
1778571159.284820 0.00843263 0.00927661 -0.00469843 0.99982956 -0.00245663 -0.01025197 0.01515655
1778571159.351537 0.00861330 0.00921180 -0.00466065 0.99982848 -0.00244729 -0.01023101 0.01524269
1778571159.418254 0.00834361 0.00935052 -0.00472638 0.99982939 -0.00251416 -0.01029125 0.01513158
1778571159.484971 0.00855621 0.00924359 -0.00459828 0.99982934 -0.00245341 -0.01026632 0.01516148
1778571159.551687 0.00859379 0.00921157 -0.00466704 0.99982819 -0.00243908 -0.01022590 0.01526661
1778571159.618404 0.00828836 0.00936068 -0.00477758 0.99982962 -0.00250958 -0.01027035 0.01513104
1778571159.685119 0.00841759 0.00930436 -0.00466102 0.99983026 -0.00247187 -0.01026512 0.01509874
1778571159.751837 0.00859232 0.00922471 -0.00469947 0.99982851 -0.00244060 -0.01019722 0.01526454
1778571159.818553 0.00829009 0.00937217 -0.00479781 0.99982961 -0.00250887 -0.01024802 0.01514702
1778571159.885270 0.00845261 0.00931163 -0.00464800 0.99982833 -0.00248558 -0.01024886 0.01523438
1778571159.951986 0.00874201 0.00917316 -0.00466466 0.99982770 -0.00242769 -0.01018203 0.01532952
1778571160.018703 0.00838117 0.00932632 -0.00479336 0.99982948 -0.00249792 -0.01025036 0.01515584
1778571160.085420 0.00846316 0.00930166 -0.00460940 0.99982825 -0.00248730 -0.01028350 0.01521609
1778571160.152136 0.00860480 0.00921253 -0.00460624 0.99982767 -0.00243324 -0.01025750 0.01528055
1778571160.218852 0.00844004 0.00930449 -0.00468751 0.99982773 -0.00248821 -0.01027669 0.01525454
1778571160.285567 0.00835896 0.00934180 -0.00467284 0.99982889 -0.00250023 -0.01029511 0.01516383
1778571160.352281 0.00856773 0.00923048 -0.00465780 0.99982787 -0.00244284 -0.01024782 0.01527257
1778571160.418996 0.00835931 0.00932736 -0.00478123 0.99982937 -0.00248034 -0.01025085 0.01516592
1778571160.485709 0.00843999 0.00931612 -0.00464080 0.99982802 -0.00250586 -0.01028090 0.01522998
1778571160.552425 0.00861122 0.00921004 -0.00463461 0.99982704 -0.00243780 -0.01026426 0.01531623
1778571160.619140 0.00860404 0.00926779 -0.00469129 0.99982642 -0.00248096 -0.01021973 0.01537960
1778571160.685853 0.00834048 0.00938027 -0.00468351 0.99982792 -0.00252791 -0.01029729 0.01522188
1778571160.752569 0.00843683 0.00927094 -0.00474038 0.99982883 -0.00245202 -0.01022641 0.01522247
1778571160.819283 0.00850634 0.00927082 -0.00474095 0.99982745 -0.00246794 -0.01020584 0.01532412
1778571160.885998 0.00832562 0.00936957 -0.00468431 0.99982825 -0.00252533 -0.01030542 0.01519509
1778571160.952711 0.00848836 0.00924988 -0.00468322 0.99982753 -0.00244724 -0.01024075 0.01529869
1778571161.019427 0.00840361 0.00928904 -0.00479504 0.99982802 -0.00246428 -0.01021471 0.01528109
1778571161.086142 0.00825627 0.00938511 -0.00475370 0.99982871 -0.00252113 -0.01027249 0.01518782
1778571161.152855 0.00853047 0.00924027 -0.00464609 0.99982770 -0.00244472 -0.01024573 0.01528472
1778571161.219571 0.00853402 0.00923596 -0.00480152 0.99982701 -0.00244425 -0.01017812 0.01537446
1778571161.286285 0.00831701 0.00935081 -0.00476341 0.99982842 -0.00251441 -0.01028989 0.01519625
1778571161.353000 0.00853067 0.00924105 -0.00464741 0.99982736 -0.00244842 -0.01026749 0.01529131
1778571161.419714 0.00843562 0.00926989 -0.00480764 0.99982858 -0.00245195 -0.01022102 0.01524234
1778571161.486429 0.00838383 0.00932505 -0.00473964 0.99982787 -0.00251054 -0.01024633 0.01526262
1778571161.553144 0.00853017 0.00923143 -0.00473178 0.99982736 -0.00243683 -0.01022347 0.01532315
1778571161.619857 0.00868809 0.00919566 -0.00479043 0.99982787 -0.00243768 -0.01019046 0.01531171
1778571161.686573 0.00829783 0.00936027 -0.00480815 0.99982981 -0.00251758 -0.01027956 0.01511076
1778571161.753288 0.00857488 0.00922942 -0.00465364 0.99982900 -0.00245169 -0.01024089 0.01520132
1778571161.820002 0.00872392 0.00918478 -0.00477054 0.99982809 -0.00244339 -0.01017113 0.01530890
1778571161.886717 0.00833562 0.00935577 -0.00483987 0.99983016 -0.00251684 -0.01025036 0.01510767
1778571161.953431 0.00857001 0.00926533 -0.00460791 0.99982766 -0.00248197 -0.01026089 0.01527098
1778571162.020146 0.00874318 0.00918290 -0.00472040 0.99982779 -0.00244196 -0.01017360 0.01532722
1778571162.086860 0.00835571 0.00935354 -0.00489552 0.99983050 -0.00251991 -0.01020923 0.01511290
1778571162.153575 0.00859019 0.00925583 -0.00467263 0.99982896 -0.00247665 -0.01022349 0.01521193
1778571162.220289 0.00868446 0.00919373 -0.00472090 0.99982854 -0.00244133 -0.01019501 0.01526376
1778571162.287003 0.00843577 0.00931559 -0.00484867 0.99983017 -0.00250573 -0.01019471 0.01514658
1778571162.353719 0.00853025 0.00927927 -0.00475992 0.99983006 -0.00249065 -0.01021367 0.01514374
1778571162.420433 0.00866832 0.00919708 -0.00470416 0.99982894 -0.00244159 -0.01020286 0.01523261
1778571162.487146 0.00839747 0.00931591 -0.00477358 0.99983023 -0.00249615 -0.01023752 0.01511514
1778571162.553862 0.00843021 0.00933328 -0.00463287 0.99982961 -0.00252104 -0.01027949 0.01512402
1778571162.620576 0.00863278 0.00920942 -0.00464675 0.99982820 -0.00244672 -0.01021495 0.01527235
1778571162.687291 0.00853115 0.00927343 -0.00477969 0.99982928 -0.00249026 -0.01019339 0.01520893
1778571162.754005 0.00836996 0.00934823 -0.00472845 0.99982940 -0.00251675 -0.01025528 0.01515496
1778571162.820720 0.00869309 0.00919132 -0.00467063 0.99982767 -0.00244595 -0.01018843 0.01532437
1778571162.887433 0.00862545 0.00922539 -0.00479618 0.99982883 -0.00246134 -0.01017123 0.01525776
1778571162.954149 0.00832153 0.00935728 -0.00474275 0.99982910 -0.00251253 -0.01028819 0.01515308
1778571163.020863 0.00862121 0.00920428 -0.00470187 0.99982801 -0.00243652 -0.01020626 0.01529192
1778571163.087577 0.00852605 0.00925549 -0.00476178 0.99982774 -0.00246710 -0.01021697 0.01529751
1778571163.154290 0.00832093 0.00935338 -0.00465605 0.99982872 -0.00251598 -0.01031566 0.01515876
1778571163.221006 0.00856161 0.00921880 -0.00461742 0.99982781 -0.00244922 -0.01026038 0.01526665
1778571163.287721 0.00842813 0.00926922 -0.00479115 0.99982867 -0.00245964 -0.01021913 0.01523672
1778571163.354436 0.00830089 0.00934632 -0.00471153 0.99982922 -0.00251524 -0.01026686 0.01515886
1778571163.421151 0.00860168 0.00919189 -0.00471209 0.99982813 -0.00243341 -0.01018588 0.01529823
1778571163.487866 0.00863091 0.00918822 -0.00472733 0.99982749 -0.00243866 -0.01020171 0.01532887
1778571163.554580 0.00838940 0.00931050 -0.00475478 0.99982800 -0.00250952 -0.01022861 0.01526565
1778571163.621295 0.00868207 0.00917061 -0.00467520 0.99982735 -0.00243329 -0.01018758 0.01534773
1778571163.688009 0.00872326 0.00916853 -0.00474961 0.99982721 -0.00243541 -0.01014708 0.01538352
1778571163.754725 0.00829498 0.00934502 -0.00477965 0.99982843 -0.00251436 -0.01024844 0.01522357
1778571163.821440 0.00858512 0.00920806 -0.00468765 0.99982798 -0.00245159 -0.01018318 0.01530726
1778571163.888155 0.00863249 0.00919441 -0.00476170 0.99982729 -0.00243691 -0.01014602 0.01537880
1778571163.954868 0.00844851 0.00931082 -0.00464730 0.99982711 -0.00252273 -0.01023647 0.01531666
1778571164.021584 0.00855790 0.00922905 -0.00459085 0.99982655 -0.00246082 -0.01021380 0.01537829
1778571164.088299 0.00866951 0.00917582 -0.00466003 0.99982805 -0.00242490 -0.01019792 0.01529682
1778571164.155014 0.00837636 0.00932900 -0.00478166 0.99982883 -0.00251718 -0.01020423 0.01522660
1778571164.221729 0.00848834 0.00925134 -0.00467988 0.99982885 -0.00245659 -0.01021213 0.01522971
1778571164.288443 0.00867959 0.00916722 -0.00476328 0.99982704 -0.00242440 -0.01007851 0.01544165
1778571164.355158 0.00846251 0.00929581 -0.00475954 0.99982781 -0.00251447 -0.01019235 0.01530158
1778571164.421873 0.00848967 0.00926663 -0.00466278 0.99982831 -0.00247571 -0.01021233 0.01526213
1778571164.488586 0.00876489 0.00915111 -0.00470392 0.99982642 -0.00243067 -0.01009898 0.01546743
1778571164.555302 0.00849130 0.00928326 -0.00485720 0.99982780 -0.00250085 -0.01013963 0.01533961
1778571164.622016 0.00851757 0.00926699 -0.00470151 0.99982821 -0.00248047 -0.01020354 0.01527387
1778571164.688731 0.00868536 0.00918185 -0.00475856 0.99982683 -0.00243043 -0.01008818 0.01544780
1778571164.755446 0.00845498 0.00929881 -0.00486910 0.99982803 -0.00250165 -0.01011833 0.01533880
1778571164.822161 0.00856240 0.00926224 -0.00469170 0.99982761 -0.00249428 -0.01018128 0.01532520
1778571164.888875 0.00875811 0.00915668 -0.00473126 0.99982622 -0.00242461 -0.01011469 0.01547076
1778571164.955590 0.00853780 0.00925755 -0.00471516 0.99982650 -0.00248527 -0.01018879 0.01539453
1778571165.022305 0.00851208 0.00927350 -0.00466575 0.99982694 -0.00249886 -0.01020555 0.01535206
1778571165.089019 0.00866105 0.00917977 -0.00468283 0.99982626 -0.00243104 -0.01017101 0.01543012
1778571165.155734 0.00839237 0.00929437 -0.00473482 0.99982785 -0.00247753 -0.01019295 0.01530489
1778571165.222448 0.00833786 0.00933368 -0.00465576 0.99982774 -0.00250740 -0.01021746 0.01529051
1778571165.289162 0.00862402 0.00917379 -0.00466805 0.99982519 -0.00242321 -0.01014024 0.01552100
1778571165.355878 0.00851896 0.00923964 -0.00482846 0.99982763 -0.00245615 -0.01012482 0.01536782
1778571165.422591 0.00839716 0.00930704 -0.00479036 0.99982747 -0.00250042 -0.01015233 0.01535276
1778571165.489307 0.00870660 0.00915831 -0.00469608 0.99982563 -0.00242267 -0.01013786 0.01549415
1778571165.556022 0.00841528 0.00927637 -0.00485013 0.99982661 -0.00246514 -0.01014238 0.01542062
1778571165.622736 0.00825975 0.00937136 -0.00471315 0.99982759 -0.00251881 -0.01021370 0.01530087
1778571165.689451 0.00863032 0.00918982 -0.00467557 0.99982563 -0.00243638 -0.01017115 0.01547023
1778571165.756166 0.00869587 0.00918837 -0.00474893 0.99982605 -0.00245586 -0.01011477 0.01547665
1778571165.822880 0.00831413 0.00932706 -0.00478004 0.99982811 -0.00250432 -0.01016326 0.01530292
1778571165.889594 0.00856840 0.00918904 -0.00465303 0.99982672 -0.00242779 -0.01014997 0.01541456
1778571165.956309 0.00869323 0.00915050 -0.00471279 0.99982554 -0.00241917 -0.01012197 0.01551088
1778571166.023024 0.00834760 0.00931147 -0.00474985 0.99982759 -0.00250008 -0.01021564 0.01530280
1778571166.089739 0.00855436 0.00918840 -0.00466009 0.99982617 -0.00242366 -0.01017382 0.01543537
1778571166.156452 0.00862090 0.00916581 -0.00477186 0.99982605 -0.00241325 -0.01009553 0.01549574
1778571166.223168 0.00835014 0.00931347 -0.00475987 0.99982780 -0.00250247 -0.01020965 0.01529272
1778571166.289882 0.00858524 0.00919031 -0.00470770 0.99982610 -0.00242421 -0.01014219 0.01546050
1778571166.356597 0.00868628 0.00917437 -0.00480730 0.99982639 -0.00242357 -0.01008071 0.01548193
1778571166.423312 0.00834526 0.00932468 -0.00478234 0.99982799 -0.00250302 -0.01020373 0.01528452
1778571166.490026 0.00856707 0.00921601 -0.00464547 0.99982602 -0.00244342 -0.01018673 0.01543363
1778571166.556741 0.00860102 0.00919995 -0.00475080 0.99982626 -0.00242761 -0.01013423 0.01545508
1778571166.623455 0.00846918 0.00929449 -0.00467803 0.99982619 -0.00250942 -0.01019651 0.01540541
1778571166.690171 0.00853626 0.00923959 -0.00466222 0.99982563 -0.00245438 -0.01016945 0.01546860
1778571166.756885 0.00866830 0.00917254 -0.00466817 0.99982539 -0.00242420 -0.01016832 0.01548903
1778571166.823600 0.00838410 0.00931513 -0.00477368 0.99982721 -0.00250144 -0.01019974 0.01533815
1778571166.890314 0.00848367 0.00925334 -0.00470874 0.99982809 -0.00245039 -0.01018214 0.01530038
1778571166.957029 0.00871059 0.00916977 -0.00472899 0.99982579 -0.00242818 -0.01010261 0.01550560
1778571167.023744 0.00850429 0.00927711 -0.00478652 0.99982730 -0.00249902 -0.01015718 0.01536094
1778571167.090458 0.00857026 0.00924963 -0.00469422 0.99982758 -0.00246541 -0.01014270 0.01535789
1778571167.157173 0.00876473 0.00916211 -0.00474845 0.99982591 -0.00242105 -0.01004564 0.01553590
1778571167.223888 0.00864266 0.00921040 -0.00477772 0.99982750 -0.00247721 -0.01010435 0.01538649
1778571167.290602 0.00853703 0.00924496 -0.00467548 0.99982837 -0.00247615 -0.01018648 0.01527517
1778571167.357316 0.00864914 0.00917102 -0.00469883 0.99982652 -0.00241956 -0.01011984 0.01544847
1778571167.424032 0.00859219 0.00922746 -0.00477359 0.99982756 -0.00247005 -0.01012063 0.01537257
1778571167.490746 0.00857891 0.00924813 -0.00462382 0.99982813 -0.00249153 -0.01018967 0.01528647
1778571167.557462 0.00877291 0.00912961 -0.00464589 0.99982603 -0.00241854 -0.01010219 0.01549240
1778571167.624176 0.00845520 0.00926598 -0.00478968 0.99982827 -0.00247114 -0.01014230 0.01531205
1778571167.690891 0.00853327 0.00925194 -0.00465693 0.99982808 -0.00248561 -0.01016205 0.01530929
1778571167.757606 0.00872826 0.00913679 -0.00461345 0.99982615 -0.00242159 -0.01015221 0.01545095
1778571167.824319 0.00859691 0.00920136 -0.00459873 0.99982647 -0.00245841 -0.01019647 0.01539539
1778571167.891035 0.00849833 0.00924837 -0.00459849 0.99982678 -0.00248712 -0.01019870 0.01536929
1778571167.957750 0.00868162 0.00914413 -0.00461633 0.99982603 -0.00242421 -0.01016954 0.01544710
1778571168.024464 0.00863754 0.00918228 -0.00458052 0.99982509 -0.00245526 -0.01018876 0.01549022
1778571168.091179 0.00846140 0.00927250 -0.00454813 0.99982665 -0.00250316 -0.01026100 0.01533324
1778571168.157894 0.00869808 0.00913470 -0.00462918 0.99982600 -0.00241561 -0.01014016 0.01546979
1778571168.224609 0.00867848 0.00917120 -0.00465349 0.99982555 -0.00244823 -0.01016439 0.01547764
1778571168.291324 0.00839307 0.00929634 -0.00457485 0.99982729 -0.00249894 -0.01025440 0.01529674
1778571168.358040 0.00860466 0.00916855 -0.00458025 0.99982609 -0.00242120 -0.01017669 0.01543904
1778571168.424755 0.00867567 0.00916791 -0.00470148 0.99982567 -0.00242939 -0.01010536 0.01551174
1778571168.491471 0.00855584 0.00924378 -0.00465710 0.99982709 -0.00249542 -0.01018070 0.01535968
1778571168.558186 0.00871992 0.00913876 -0.00463309 0.99982631 -0.00241615 -0.01014241 0.01544815
1778571168.624902 0.00862326 0.00917970 -0.00468206 0.99982594 -0.00242834 -0.01016319 0.01545616
1778571168.691617 0.00860993 0.00922409 -0.00454341 0.99982581 -0.00249397 -0.01020757 0.01542503
1778571168.758332 0.00876431 0.00910536 -0.00455644 0.99982673 -0.00239994 -0.01019162 0.01539115
1778571168.825048 0.00872698 0.00913315 -0.00472999 0.99982635 -0.00240943 -0.01011607 0.01546398
1778571168.891763 0.00855416 0.00923667 -0.00467059 0.99982719 -0.00249306 -0.01019968 0.01534058
1778571168.958479 0.00858561 0.00917674 -0.00460211 0.99982641 -0.00242624 -0.01020328 0.01540004
1778571169.025193 0.00877167 0.00910861 -0.00458983 0.99982589 -0.00240559 -0.01017147 0.01545750
1778571169.091909 0.00842722 0.00927572 -0.00468448 0.99982806 -0.00249481 -0.01022427 0.01526718
1778571169.158625 0.00874564 0.00912337 -0.00451388 0.99982597 -0.00241853 -0.01019307 0.01543613
1778571169.225340 0.00871228 0.00913282 -0.00469295 0.99982637 -0.00240318 -0.01013062 0.01545384
1778571169.292056 0.00846342 0.00926115 -0.00474853 0.99982850 -0.00248536 -0.01017161 0.01527528
1778571169.358771 0.00859626 0.00917578 -0.00463040 0.99982831 -0.00241647 -0.01017675 0.01529525
1778571169.425486 0.00872058 0.00912136 -0.00456761 0.99982722 -0.00240163 -0.01019299 0.01535780
1778571169.492202 0.00853000 0.00922490 -0.00463710 0.99982716 -0.00246572 -0.01018965 0.01535411
1778571169.558916 0.00874482 0.00913302 -0.00449210 0.99982751 -0.00242733 -0.01020935 0.01532411
1778571169.625632 0.00873714 0.00911129 -0.00465977 0.99982757 -0.00238780 -0.01014019 0.01537205
1778571169.692348 0.00851507 0.00923901 -0.00474942 0.99982925 -0.00246776 -0.01017220 0.01522836
1778571169.759063 0.00864766 0.00921665 -0.00454298 0.99982806 -0.00246128 -0.01019531 0.01529199
1778571169.825778 0.00861368 0.00917810 -0.00469070 0.99982745 -0.00240255 -0.01011606 0.01539387
1778571169.892492 0.00843581 0.00926252 -0.00465853 0.99982795 -0.00246414 -0.01017670 0.01531116
1778571169.959208 0.00847759 0.00923974 -0.00455915 0.99982788 -0.00245143 -0.01018397 0.01531289
1778571170.025924 0.00868355 0.00913365 -0.00465473 0.99982682 -0.00239918 -0.01014143 0.01541817
1778571170.092639 0.00851932 0.00922300 -0.00476757 0.99982864 -0.00245028 -0.01015768 0.01528071
1778571170.159354 0.00842673 0.00926431 -0.00472781 0.99982907 -0.00247316 -0.01015398 0.01525148
1778571170.226070 0.00859901 0.00915852 -0.00464675 0.99982731 -0.00240607 -0.01016265 0.01537175
1778571170.292784 0.00859547 0.00918981 -0.00467631 0.99982744 -0.00243836 -0.01015220 0.01536493
1778571170.359499 0.00835656 0.00929963 -0.00466611 0.99982856 -0.00248865 -0.01021822 0.01523968
1778571170.426214 0.00854115 0.00918247 -0.00462690 0.99982712 -0.00241654 -0.01016941 0.01537765
1778571170.492929 0.00858250 0.00919813 -0.00461257 0.99982732 -0.00244497 -0.01018432 0.01535040
1778571170.559643 0.00840209 0.00927553 -0.00469411 0.99982824 -0.00247606 -0.01017111 0.01529432
1778571170.626357 0.00858733 0.00917006 -0.00466261 0.99982680 -0.00241780 -0.01016330 0.01540231
1778571170.693073 0.00857435 0.00922077 -0.00468502 0.99982566 -0.00244721 -0.01013036 0.01549321
1778571170.759786 0.00835875 0.00933635 -0.00464733 0.99982641 -0.00250633 -0.01019217 0.01539414
1778571170.826501 0.00854978 0.00918041 -0.00459095 0.99982575 -0.00242326 -0.01017360 0.01546244
1778571170.893216 0.00852278 0.00919824 -0.00467943 0.99982535 -0.00242971 -0.01015915 0.01549713
1778571170.959930 0.00834330 0.00930199 -0.00465494 0.99982730 -0.00249243 -0.01021290 0.01532491
1778571171.026646 0.00856984 0.00916410 -0.00460618 0.99982591 -0.00240855 -0.01017467 0.01545364
1778571171.093361 0.00871446 0.00913369 -0.00467595 0.99982533 -0.00241333 -0.01011133 0.01553240
1778571171.160074 0.00843866 0.00926576 -0.00467402 0.99982747 -0.00248761 -0.01021404 0.01531383
1778571171.226790 0.00854817 0.00918185 -0.00460942 0.99982619 -0.00242110 -0.01017869 0.01543134
1778571171.293505 0.00854539 0.00918872 -0.00469104 0.99982605 -0.00242298 -0.01014125 0.01546438
1778571171.360220 0.00846435 0.00926096 -0.00468918 0.99982746 -0.00248688 -0.01016044 0.01535053
1778571171.426934 0.00865807 0.00915115 -0.00466304 0.99982630 -0.00241637 -0.01011854 0.01546435
1778571171.493651 0.00876084 0.00911913 -0.00470079 0.99982601 -0.00240526 -0.01010748 0.01549213
1778571171.560365 0.00839552 0.00928212 -0.00470766 0.99982814 -0.00248982 -0.01020268 0.01527729
1778571171.627081 0.00862158 0.00917501 -0.00451946 0.99982747 -0.00243685 -0.01020602 0.01532718
1778571171.693796 0.00868516 0.00913989 -0.00460899 0.99982663 -0.00241443 -0.01015305 0.01542050
1778571171.760510 0.00862596 0.00920413 -0.00461692 0.99982643 -0.00247711 -0.01017073 0.01541171
1778571171.827226 0.00880544 0.00911970 -0.00454178 0.99982568 -0.00243228 -0.01015588 0.01547758
1778571171.893940 0.00877075 0.00913486 -0.00467176 0.99982691 -0.00241715 -0.01013864 0.01541159
1778571171.960655 0.00852462 0.00925771 -0.00466722 0.99982776 -0.00250105 -0.01020202 0.01530097
1778571172.027372 0.00862263 0.00919864 -0.00455625 0.99982749 -0.00245283 -0.01018832 0.01533529
1778571172.094087 0.00890007 0.00911363 -0.00459869 0.99982526 -0.00242657 -0.01016102 0.01550197
1778571172.160802 0.00869273 0.00920898 -0.00481475 0.99982800 -0.00248087 -0.01010173 0.01535506
1778571172.227517 0.00877736 0.00915857 -0.00463617 0.99982847 -0.00246642 -0.01013608 0.01530359
1778571172.294231 0.00885845 0.00911410 -0.00466447 0.99982699 -0.00242148 -0.01011072 0.01542414
1778571172.360946 0.00860422 0.00921846 -0.00467469 0.99982710 -0.00247825 -0.01015066 0.01538167
1778571172.427661 0.00856834 0.00926638 -0.00461555 0.99982768 -0.00249144 -0.01016758 0.01533026
1778571172.494376 0.00885923 0.00914420 -0.00465061 0.99982566 -0.00243653 -0.01008533 0.01552387
1778571172.561091 0.00871422 0.00919064 -0.00469474 0.99982681 -0.00246597 -0.01012042 0.01542197
1778571172.627806 0.00860797 0.00923442 -0.00455584 0.99982638 -0.00249370 -0.01020300 0.01539116
1778571172.694520 0.00874294 0.00914028 -0.00459330 0.99982559 -0.00242523 -0.01016396 0.01547929
1778571172.761235 0.00875277 0.00916726 -0.00459843 0.99982610 -0.00246073 -0.01018582 0.01542606
1778571172.827950 0.00854624 0.00924953 -0.00458165 0.99982690 -0.00249886 -0.01021719 0.01534694
1778571172.894665 0.00883254 0.00911714 -0.00463326 0.99982580 -0.00242108 -0.01010565 0.01550412
1778571172.961379 0.00875038 0.00917115 -0.00480225 0.99982845 -0.00244834 -0.01008089 0.01534462
1778571173.028093 0.00847656 0.00926831 -0.00469558 0.99982852 -0.00249875 -0.01017093 0.01527229
1778571173.094808 0.00869033 0.00914700 -0.00458649 0.99982613 -0.00242444 -0.01016594 0.01544295
1778571173.161524 0.00869091 0.00916820 -0.00469879 0.99982577 -0.00243701 -0.01010717 0.01550291
1778571173.228239 0.00844265 0.00927476 -0.00463891 0.99982783 -0.00249311 -0.01020681 0.01529459
1778571173.294953 0.00872197 0.00914841 -0.00464493 0.99982583 -0.00241790 -0.01009620 0.01550898
1778571173.361668 0.00855265 0.00923439 -0.00480089 0.99982752 -0.00245227 -0.01009845 0.01539296
1778571173.428382 0.00834988 0.00931581 -0.00466937 0.99982794 -0.00250267 -0.01017988 0.01530320
1778571173.495098 0.00866517 0.00914801 -0.00463142 0.99982570 -0.00241820 -0.01011348 0.01550589
1778571173.561813 0.00862639 0.00917252 -0.00468060 0.99982571 -0.00242857 -0.01013967 0.01548657
1778571173.628528 0.00835430 0.00929691 -0.00458036 0.99982714 -0.00249164 -0.01023492 0.01532066
1778571173.695243 0.00860498 0.00915671 -0.00460664 0.99982589 -0.00241464 -0.01014005 0.01547714
1778571173.761958 0.00873750 0.00912661 -0.00468964 0.99982581 -0.00241119 -0.01010472 0.01550557
1778571173.828673 0.00836244 0.00930014 -0.00471300 0.99982805 -0.00248949 -0.01020129 0.01528429
1778571173.895386 0.00847399 0.00922583 -0.00466023 0.99982636 -0.00243577 -0.01015668 0.01543258
1778571173.962101 0.00862391 0.00916646 -0.00464320 0.99982564 -0.00242125 -0.01014386 0.01548938
1778571174.028817 0.00844293 0.00926613 -0.00470240 0.99982741 -0.00248161 -0.01015175 0.01536017
1778571174.095532 0.00859652 0.00917542 -0.00469524 0.99982845 -0.00242041 -0.01012368 0.01532040
1778571174.162247 0.00874420 0.00912739 -0.00475644 0.99982673 -0.00240519 -0.01004891 0.01548382
1778571174.228963 0.00835625 0.00930544 -0.00478178 0.99982830 -0.00248840 -0.01016154 0.01529457
1778571174.295678 0.00838307 0.00927065 -0.00467694 0.99982726 -0.00244911 -0.01015495 0.01537283
1778571174.362395 0.00868006 0.00915443 -0.00472783 0.99982624 -0.00240122 -0.01005702 0.01551093
1778571174.429111 0.00834710 0.00931035 -0.00482201 0.99982827 -0.00248339 -0.01012743 0.01531975
1778571174.495827 0.00841686 0.00926929 -0.00465937 0.99982842 -0.00245282 -0.01015581 0.01529621
1778571174.562543 0.00881601 0.00911054 -0.00465443 0.99982563 -0.00240434 -0.01005133 0.01555311
1778571174.629260 0.00852577 0.00926849 -0.00477654 0.99982695 -0.00248207 -0.01008473 0.01543393
1778571174.695976 0.00852160 0.00926210 -0.00461790 0.99982720 -0.00247490 -0.01012945 0.01538968
1778571174.762692 0.00876767 0.00912107 -0.00468531 0.99982552 -0.00240430 -0.01001531 0.01558339
1778571174.829408 0.00850133 0.00924979 -0.00476606 0.99982712 -0.00247473 -0.01010109 0.01541333
1778571174.896124 0.00845846 0.00926224 -0.00462230 0.99982717 -0.00247062 -0.01015600 0.01537494
1778571174.962840 0.00867560 0.00915027 -0.00462760 0.99982522 -0.00241713 -0.01010849 0.01554061
1778571175.029555 0.00846701 0.00924657 -0.00472959 0.99982684 -0.00246198 -0.01013584 0.01541112
1778571175.096273 0.00849742 0.00924472 -0.00471321 0.99982677 -0.00246364 -0.01011522 0.01542863
1778571175.162989 0.00869152 0.00913980 -0.00464744 0.99982492 -0.00240661 -0.01012304 0.01555221
1778571175.229705 0.00848655 0.00923051 -0.00470822 0.99982680 -0.00244952 -0.01016255 0.01539762
1778571175.296422 0.00841734 0.00927897 -0.00464419 0.99982676 -0.00247932 -0.01018783 0.01537914
1778571175.363138 0.00853845 0.00917370 -0.00463852 0.99982498 -0.00240723 -0.01013846 0.01553794
1778571175.429856 0.00846357 0.00922845 -0.00470298 0.99982637 -0.00244309 -0.01016295 0.01542651
1778571175.496572 0.00830887 0.00930200 -0.00469191 0.99982679 -0.00247355 -0.01018814 0.01537752
1778571175.563289 0.00851912 0.00917419 -0.00464853 0.99982491 -0.00240316 -0.01014233 0.01554034
1778571175.630006 0.00839771 0.00924925 -0.00476660 0.99982551 -0.00244265 -0.01013763 0.01549872
1778571175.696723 0.00829602 0.00931100 -0.00464789 0.99982607 -0.00248150 -0.01020111 0.01541482
1778571175.763440 0.00852667 0.00918003 -0.00460592 0.99982464 -0.00241817 -0.01015591 0.01554678
1778571175.830157 0.00853107 0.00918705 -0.00464280 0.99982397 -0.00242319 -0.01016344 0.01558396
1778571175.896874 0.00838996 0.00927098 -0.00458194 0.99982502 -0.00248490 -0.01023602 0.01545874
1778571175.963591 0.00860098 0.00914315 -0.00458042 0.99982464 -0.00240542 -0.01016584 0.01554242
1778571176.030308 0.00850823 0.00921862 -0.00476196 0.99982521 -0.00242942 -0.01010594 0.01554064
1778571176.097025 0.00834323 0.00931787 -0.00466717 0.99982592 -0.00249898 -0.01018125 0.01543443
1778571176.163742 0.00858220 0.00916353 -0.00457029 0.99982449 -0.00241257 -0.01014802 0.01556256
1778571176.230458 0.00867194 0.00914026 -0.00460116 0.99982363 -0.00241404 -0.01014568 0.01561851
1778571176.297174 0.00840630 0.00926157 -0.00462426 0.99982582 -0.00247209 -0.01021025 0.01542614
1778571176.363888 0.00871064 0.00912193 -0.00460213 0.99982404 -0.00240409 -0.01013465 0.01560151
1778571176.430604 0.00877870 0.00911957 -0.00471222 0.99982470 -0.00239962 -0.01009342 0.01558610
1778571176.497320 0.00834371 0.00929521 -0.00471317 0.99982694 -0.00248063 -0.01019071 0.01536517
1778571176.564036 0.00869447 0.00913603 -0.00456305 0.99982645 -0.00240468 -0.01015003 0.01543602
1778571176.630752 0.00876720 0.00913070 -0.00467471 0.99982511 -0.00240885 -0.01012070 0.01554059
1778571176.697468 0.00855739 0.00923469 -0.00464798 0.99982628 -0.00248160 -0.01019416 0.01540524
1778571176.764184 0.00862041 0.00918302 -0.00456499 0.99982766 -0.00243604 -0.01018982 0.01532586
1778571176.830899 0.00883526 0.00910642 -0.00466978 0.99982538 -0.00240147 -0.01006262 0.01556227
1778571176.897615 0.00861284 0.00922114 -0.00470118 0.99982656 -0.00247834 -0.01016293 0.01540838
1778571176.964330 0.00872863 0.00916006 -0.00449857 0.99982600 -0.00244882 -0.01018859 0.01543250
1778571177.031047 0.00880598 0.00911540 -0.00458520 0.99982503 -0.00241045 -0.01013121 0.01553915
1778571177.097762 0.00862358 0.00922228 -0.00464705 0.99982661 -0.00248312 -0.01017915 0.01539356
1778571177.164478 0.00854841 0.00923281 -0.00459533 0.99982731 -0.00246695 -0.01017567 0.01535347
1778571177.231194 0.00873232 0.00913661 -0.00461983 0.99982546 -0.00241683 -0.01010196 0.01552946
1778571177.297909 0.00856430 0.00923465 -0.00466045 0.99982645 -0.00248157 -0.01015108 0.01542314
1778571177.364624 0.00856941 0.00923017 -0.00463724 0.99982659 -0.00247183 -0.01012976 0.01542916
1778571177.431341 0.00878212 0.00912830 -0.00469810 0.99982491 -0.00241088 -0.01007064 0.01558563
1778571177.498056 0.00857360 0.00922240 -0.00475009 0.99982688 -0.00246328 -0.01013964 0.01540547
1778571177.564772 0.00840120 0.00929437 -0.00466961 0.99982750 -0.00248815 -0.01016510 0.01534446
1778571177.631488 0.00862403 0.00917291 -0.00465145 0.99982537 -0.00241750 -0.01011853 0.01552388
1778571177.698203 0.00856042 0.00922431 -0.00479924 0.99982681 -0.00245450 -0.01008148 0.01544979
1778571177.764919 0.00836607 0.00930416 -0.00471114 0.99982700 -0.00249006 -0.01015682 0.01538192
1778571177.831635 0.00858637 0.00917273 -0.00468624 0.99982509 -0.00241405 -0.01008611 0.01556410
1778571177.898350 0.00866974 0.00917366 -0.00470886 0.99982417 -0.00243496 -0.01009846 0.01561171
1778571177.965066 0.00838851 0.00928495 -0.00464582 0.99982597 -0.00248651 -0.01021553 0.01541062
1778571178.031780 0.00853639 0.00918329 -0.00462156 0.99982507 -0.00242000 -0.01015547 0.01551911
1778571178.098497 0.00843934 0.00924495 -0.00475630 0.99982553 -0.00245069 -0.01012725 0.01550294
1778571178.165213 0.00831502 0.00931950 -0.00463578 0.99982601 -0.00249632 -0.01019216 0.01542171
1778571178.231927 0.00844554 0.00921952 -0.00463755 0.99982556 -0.00243072 -0.01017032 0.01547618
1778571178.298642 0.00837884 0.00925668 -0.00478415 0.99982577 -0.00244148 -0.01011723 0.01549551
1778571178.365357 0.00836210 0.00929984 -0.00470870 0.99982518 -0.00249133 -0.01014142 0.01550988
1778571178.432072 0.00846015 0.00921918 -0.00471609 0.99982529 -0.00242671 -0.01013510 0.01551726
1778571178.498786 0.00851976 0.00920166 -0.00472177 0.99982418 -0.00242296 -0.01010030 0.01561174
1778571178.565501 0.00838022 0.00928073 -0.00460765 0.99982483 -0.00248882 -0.01019986 0.01549440
1778571178.632216 0.00858578 0.00915742 -0.00460653 0.99982475 -0.00240605 -0.01014108 0.01555111
1778571178.698931 0.00875364 0.00911254 -0.00459260 0.99982140 -0.00237493 -0.01019942 0.01573200
1778571178.765646 0.00850304 0.00921674 -0.00450908 0.99982203 -0.00243639 -0.01029136 0.01562240
1778571178.832360 0.00872641 0.00910738 -0.00446908 0.99982098 -0.00237433 -0.01020002 0.01575868
1778571178.899075 0.00875957 0.00911210 -0.00465191 0.99982252 -0.00236533 -0.01013389 0.01570495
1778571178.965790 0.00869242 0.00915584 -0.00458987 0.99982272 -0.00242018 -0.01019378 0.01564453
1778571179.032504 0.00863895 0.00913466 -0.00449522 0.99982347 -0.00238053 -0.01023543 0.01557582
1778571179.099218 0.00885759 0.00906103 -0.00455073 0.99982117 -0.00235512 -0.01012069 0.01580010
1778571179.165934 0.00865094 0.00917809 -0.00458010 0.99982196 -0.00243605 -0.01022645 0.01566932
1778571179.232647 0.00870085 0.00913521 -0.00443587 0.99982237 -0.00240090 -0.01024442 0.01563706
1778571179.299363 0.00884917 0.00909346 -0.00459840 0.99982153 -0.00237653 -0.01011982 0.01577502
1778571179.366078 0.00866041 0.00919255 -0.00461268 0.99982171 -0.00244324 -0.01019416 0.01570559
1778571179.432792 0.00872862 0.00914302 -0.00441690 0.99982160 -0.00241531 -0.01024226 0.01568548
1778571179.499506 0.00891746 0.00906615 -0.00448005 0.99982006 -0.00237411 -0.01015290 0.01584731
1778571179.566222 0.00866724 0.00917813 -0.00457690 0.99982112 -0.00242922 -0.01018482 0.01575133
1778571179.632936 0.00859600 0.00919890 -0.00445304 0.99982132 -0.00243712 -0.01021815 0.01571563
1778571179.699651 0.00883779 0.00908861 -0.00446751 0.99981962 -0.00237495 -0.01016505 0.01586713
1778571179.766366 0.00871147 0.00916417 -0.00455462 0.99982080 -0.00242105 -0.01018906 0.01577005
1778571179.833080 0.00868824 0.00916953 -0.00441037 0.99982050 -0.00243764 -0.01024390 0.01575107
1778571179.899795 0.00890890 0.00906063 -0.00440255 0.99981877 -0.00237676 -0.01019114 0.01590335
1778571179.966510 0.00880877 0.00912300 -0.00454546 0.99982054 -0.00240367 -0.01016588 0.01580370
1778571180.033224 0.00875844 0.00915213 -0.00450233 0.99982045 -0.00243420 -0.01019314 0.01578736
1778571180.099939 0.00902672 0.00903864 -0.00447954 0.99981892 -0.00236933 -0.01014784 0.01592282
1778571180.166654 0.00878743 0.00912456 -0.00459765 0.99982178 -0.00239257 -0.01018334 0.01571573
1778571180.233369 0.00873021 0.00915692 -0.00448410 0.99982129 -0.00243424 -0.01020195 0.01572821
1778571180.300084 0.00892205 0.00906895 -0.00452744 0.99982062 -0.00238059 -0.01014638 0.01581523
1778571180.366799 0.00893116 0.00908710 -0.00462546 0.99982124 -0.00238715 -0.01010487 0.01580156
1778571180.433514 0.00864384 0.00918220 -0.00446586 0.99982093 -0.00244695 -0.01023764 0.01572631
1778571180.500229 0.00886068 0.00905651 -0.00436254 0.99981964 -0.00237185 -0.01021922 0.01583158
1778571180.566944 0.00886394 0.00908752 -0.00457431 0.99982054 -0.00238104 -0.01013162 0.01582907
1778571180.633658 0.00862362 0.00918876 -0.00448624 0.99982034 -0.00244674 -0.01025207 0.01575453
1778571180.700374 0.00882970 0.00907084 -0.00435019 0.99981908 -0.00237575 -0.01024000 0.01585284
1778571180.767089 0.00900547 0.00904363 -0.00444771 0.99981852 -0.00238146 -0.01016916 0.01593236
1778571180.833803 0.00873613 0.00915774 -0.00439512 0.99981971 -0.00245541 -0.01029320 0.01576576
1778571180.900518 0.00888389 0.00906593 -0.00431778 0.99981951 -0.00239479 -0.01027047 0.01580262
1778571180.967234 0.00898639 0.00906111 -0.00447756 0.99981931 -0.00238878 -0.01016500 0.01588430
1778571181.033949 0.00873195 0.00916612 -0.00448455 0.99982001 -0.00245177 -0.01020933 0.01580228
1778571181.100664 0.00904285 0.00902755 -0.00436965 0.99981886 -0.00238404 -0.01017909 0.01590432
1778571181.167378 0.00914470 0.00903370 -0.00454333 0.99981994 -0.00237704 -0.01012381 0.01587309
1778571181.234095 0.00875654 0.00916421 -0.00454530 0.99982194 -0.00244567 -0.01022047 0.01567318
1778571181.300809 0.00878043 0.00911593 -0.00436606 0.99982245 -0.00239850 -0.01025268 0.01562684
1778571181.367525 0.00899782 0.00905418 -0.00449838 0.99982018 -0.00237581 -0.01011578 0.01586330
1778571181.434241 0.00882722 0.00914559 -0.00453829 0.99982123 -0.00244309 -0.01017414 0.01574894
1778571181.500956 0.00890139 0.00909138 -0.00442806 0.99982182 -0.00240169 -0.01019312 0.01570560
1778571181.567671 0.00909068 0.00903220 -0.00451537 0.99982068 -0.00236837 -0.01010613 0.01583867
1778571181.634387 0.00885412 0.00913503 -0.00451539 0.99982175 -0.00243912 -0.01021374 0.01569060
1778571181.701102 0.00894906 0.00907276 -0.00436797 0.99982183 -0.00240468 -0.01020959 0.01569361
1778571181.767818 0.00907904 0.00902743 -0.00445108 0.99982108 -0.00237104 -0.01015239 0.01578316
1778571181.834533 0.00879018 0.00913674 -0.00448848 0.99982219 -0.00242491 -0.01021741 0.01566221
1778571181.901249 0.00871459 0.00915641 -0.00438793 0.99982233 -0.00243525 -0.01024126 0.01563628
1778571181.967964 0.00901040 0.00903357 -0.00438104 0.99982052 -0.00237080 -0.01018649 0.01579708
1778571182.034680 0.00880745 0.00914146 -0.00451618 0.99982214 -0.00242601 -0.01019610 0.01567964
1778571182.101395 0.00875887 0.00915324 -0.00441047 0.99982208 -0.00243589 -0.01023858 0.01565407
1778571182.168111 0.00908727 0.00901788 -0.00444683 0.99982045 -0.00235999 -0.01013478 0.01583615
1778571182.234825 0.00877922 0.00915086 -0.00463500 0.99982165 -0.00241563 -0.01013550 0.01575112
1778571182.301540 0.00872127 0.00916155 -0.00434118 0.99982174 -0.00244627 -0.01025721 0.01566201
1778571182.368257 0.00888717 0.00905605 -0.00439398 0.99982055 -0.00237676 -0.01019385 0.01578915
1778571182.434972 0.00895066 0.00905977 -0.00449689 0.99982241 -0.00238446 -0.01016342 0.01568995
1778571182.501688 0.00875497 0.00913795 -0.00440914 0.99982223 -0.00243727 -0.01024624 0.01563946
1778571182.568403 0.00896511 0.00902360 -0.00434218 0.99982012 -0.00237188 -0.01020767 0.01580843
1778571182.635118 0.00903011 0.00905205 -0.00451625 0.99982122 -0.00238851 -0.01013242 0.01578484
1778571182.701833 0.00875898 0.00915580 -0.00447600 0.99982203 -0.00244467 -0.01022766 0.01566283
1778571182.768548 0.00896892 0.00903721 -0.00442677 0.99982164 -0.00238019 -0.01016486 0.01573814
1778571182.835264 0.00895109 0.00907605 -0.00455028 0.99982182 -0.00239424 -0.01014518 0.01573743
1778571182.901980 0.00869867 0.00917938 -0.00445777 0.99982206 -0.00245455 -0.01022800 0.01565916
1778571182.968694 0.00892063 0.00906247 -0.00435334 0.99982011 -0.00238433 -0.01020420 0.01580935
1778571183.035411 0.00899560 0.00905861 -0.00442361 0.99981969 -0.00238635 -0.01016791 0.01585911
1778571183.102126 0.00881706 0.00914208 -0.00443784 0.99982091 -0.00244790 -0.01020723 0.01574728
1778571183.168841 0.00888605 0.00907921 -0.00440009 0.99982125 -0.00239729 -0.01020171 0.01573705
1778571183.235557 0.00899272 0.00904814 -0.00442333 0.99981998 -0.00237793 -0.01016726 0.01584247
1778571183.302273 0.00876036 0.00914949 -0.00436926 0.99982050 -0.00244704 -0.01026665 0.01573461
1778571183.368988 0.00885025 0.00908650 -0.00431056 0.99982175 -0.00239351 -0.01024991 0.01567413
1778571183.435704 0.00907120 0.00902891 -0.00448198 0.99982044 -0.00236918 -0.01010116 0.01585660
1778571183.502419 0.00881224 0.00914068 -0.00447698 0.99982122 -0.00244693 -0.01022087 0.01571876
1778571183.569134 0.00881666 0.00910498 -0.00431311 0.99982211 -0.00240596 -0.01024588 0.01565197
1778571183.635850 0.00905971 0.00902445 -0.00445249 0.99982034 -0.00236500 -0.01009351 0.01586891
1778571183.702566 0.00882752 0.00914254 -0.00447542 0.99982199 -0.00244509 -0.01019871 0.01568404
1778571183.769281 0.00873485 0.00913017 -0.00438562 0.99982216 -0.00240076 -0.01022706 0.01566175
1778571183.835997 0.00907500 0.00901555 -0.00445791 0.99982033 -0.00235779 -0.01010069 0.01586563
1778571183.902712 0.00881534 0.00914436 -0.00454488 0.99982214 -0.00243571 -0.01017472 0.01569153
1778571183.969428 0.00879779 0.00913804 -0.00432512 0.99982222 -0.00243296 -0.01024049 0.01564420
1778571184.036144 0.00898896 0.00903770 -0.00440219 0.99982100 -0.00236636 -0.01015385 0.01578833
1778571184.102859 0.00879765 0.00913545 -0.00449080 0.99982228 -0.00242439 -0.01017647 0.01568314
1778571184.169575 0.00877223 0.00915370 -0.00437314 0.99982212 -0.00244059 -0.01021486 0.01566616
1778571184.236291 0.00895147 0.00905689 -0.00444013 0.99982067 -0.00237139 -0.01013852 0.01581812
1778571184.303008 0.00890713 0.00909863 -0.00446338 0.99982209 -0.00241307 -0.01017411 0.01569905
1778571184.369724 0.00873566 0.00915999 -0.00438084 0.99982175 -0.00244318 -0.01021938 0.01568613
1778571184.436442 0.00892352 0.00906167 -0.00439278 0.99982013 -0.00237968 -0.01016444 0.01583417
1778571184.503157 0.00880350 0.00912793 -0.00452759 0.99982222 -0.00240723 -0.01016404 0.01569804
1778571184.569875 0.00869299 0.00918387 -0.00441046 0.99982189 -0.00245401 -0.01021169 0.01568050
1778571184.636592 0.00903800 0.00902897 -0.00437508 0.99981950 -0.00237641 -0.01014886 0.01588479
1778571184.703309 0.00880704 0.00913559 -0.00459551 0.99982120 -0.00240918 -0.01013293 0.01578248
1778571184.770026 0.00869684 0.00917815 -0.00435893 0.99982099 -0.00245210 -0.01024865 0.01571441
1778571184.836742 0.00893779 0.00906495 -0.00442904 0.99982086 -0.00238822 -0.01015307 0.01579449
1778571184.903459 0.00873404 0.00915324 -0.00463841 0.99982175 -0.00240310 -0.01012277 0.01575486
1778571184.970177 0.00867261 0.00918377 -0.00445687 0.99982106 -0.00244453 -0.01018386 0.01575324
1778571185.036894 0.00875886 0.00911090 -0.00445229 0.99982109 -0.00238815 -0.01017787 0.01576404
1778571185.103611 0.00872115 0.00913910 -0.00456199 0.99982144 -0.00239112 -0.01014495 0.01576225
1778571185.170328 0.00867679 0.00918444 -0.00440013 0.99982054 -0.00244842 -0.01023961 0.01574955
1778571185.237043 0.00878457 0.00910620 -0.00439768 0.99982025 -0.00238753 -0.01020739 0.01579772
1778571185.303759 0.00882543 0.00911995 -0.00463881 0.99982077 -0.00237918 -0.01008892 0.01584229
1778571185.370473 0.00865079 0.00920798 -0.00453719 0.99982100 -0.00245172 -0.01019036 0.01575152
1778571185.437190 0.00877351 0.00911302 -0.00446462 0.99982190 -0.00237240 -0.01015944 0.01572637
1778571185.503906 0.00894504 0.00907327 -0.00459617 0.99982052 -0.00235594 -0.01007537 0.01587005
1778571185.570621 0.00856408 0.00921952 -0.00454336 0.99982067 -0.00244572 -0.01022019 0.01575404
1778571185.637337 0.00865482 0.00914355 -0.00439386 0.99982146 -0.00238836 -0.01024128 0.01569933
1778571185.704052 0.00876841 0.00911181 -0.00451825 0.99982087 -0.00237725 -0.01014981 0.01579738
1778571185.770767 0.00860818 0.00920414 -0.00451883 0.99982063 -0.00244124 -0.01019312 0.01577476
1778571185.837482 0.00866662 0.00915874 -0.00439083 0.99982045 -0.00240538 -0.01021941 0.01577483
1778571185.904199 0.00886864 0.00908518 -0.00444534 0.99981889 -0.00237277 -0.01014028 0.01592889
1778571185.970913 0.00873647 0.00916678 -0.00453621 0.99981997 -0.00243104 -0.01015327 0.01584369
1778571186.037630 0.00873650 0.00915899 -0.00441559 0.99982035 -0.00242187 -0.01022480 0.01577547
1778571186.104344 0.00898327 0.00905653 -0.00448426 0.99981884 -0.00236424 -0.01010577 0.01595508
1778571186.171061 0.00880722 0.00915520 -0.00455360 0.99982045 -0.00242745 -0.01017364 0.01580103
1778571186.237775 0.00868885 0.00917500 -0.00440609 0.99982033 -0.00242979 -0.01023102 0.01577135
1778571186.304491 0.00886300 0.00908577 -0.00451428 0.99981994 -0.00237196 -0.01011414 0.01587963
1778571186.371206 0.00875839 0.00914959 -0.00457235 0.99982087 -0.00241368 -0.01015331 0.01578990
1778571186.437921 0.00869175 0.00917378 -0.00439197 0.99982025 -0.00244638 -0.01022416 0.01577817
1778571186.504636 0.00886349 0.00907247 -0.00438908 0.99981868 -0.00237417 -0.01017652 0.01591910
1778571186.571350 0.00880085 0.00912370 -0.00448614 0.99982039 -0.00240095 -0.01019411 0.01579592
1778571186.638065 0.00873260 0.00916094 -0.00436416 0.99981975 -0.00244043 -0.01024031 0.01580001
1778571186.704779 0.00895986 0.00905418 -0.00444583 0.99981832 -0.00237149 -0.01012776 0.01597253
1778571186.771495 0.00881725 0.00912445 -0.00456920 0.99982128 -0.00239281 -0.01015963 0.01576244
1778571186.838209 0.00866468 0.00918108 -0.00440854 0.99982027 -0.00244453 -0.01023801 0.01576837
1778571186.904925 0.00887313 0.00907325 -0.00445937 0.99981949 -0.00237984 -0.01014888 0.01588462
1778571186.971639 0.00893880 0.00909188 -0.00463376 0.99981995 -0.00239000 -0.01007008 0.01590462
1778571187.038354 0.00872121 0.00915202 -0.00444581 0.99982024 -0.00243632 -0.01022962 0.01577655
1778571187.105069 0.00877605 0.00908202 -0.00440186 0.99981982 -0.00237523 -0.01021223 0.01582384
1778571187.171784 0.00878822 0.00911894 -0.00455259 0.99981994 -0.00239020 -0.01015183 0.01585306
1778571187.238498 0.00859396 0.00920531 -0.00446907 0.99982000 -0.00244319 -0.01022636 0.01579285
1778571187.305215 0.00866199 0.00913750 -0.00446868 0.99981985 -0.00239020 -0.01017099 0.01584620
1778571187.371931 0.00882191 0.00910578 -0.00459107 0.99981983 -0.00238087 -0.01008939 0.01590134
1778571187.438647 0.00869017 0.00918921 -0.00451028 0.99981988 -0.00245321 -0.01020193 0.01581494
1778571187.505363 0.00880121 0.00910249 -0.00443929 0.99982068 -0.00238192 -0.01018117 0.01578837
1778571187.572078 0.00875399 0.00912576 -0.00458827 0.99982060 -0.00238550 -0.01013207 0.01582472
1778571187.638793 0.00856555 0.00921674 -0.00447831 0.99981976 -0.00244746 -0.01022099 0.01581074
1778571187.705510 0.00887124 0.00911988 -0.00440686 0.99982009 -0.00240204 -0.01015197 0.01584165
1778571187.772226 0.00884020 0.00913986 -0.00458982 0.99981904 -0.00239029 -0.01008408 0.01595288
1778571187.838941 0.00866794 0.00919658 -0.00457684 0.99982010 -0.00243873 -0.01013269 0.01584756
1778571187.905657 0.00875071 0.00914424 -0.00449001 0.99982052 -0.00239932 -0.01015983 0.01580991
1778571187.972373 0.00901578 0.00906393 -0.00450863 0.99981852 -0.00237258 -0.01010277 0.01597601
1778571188.039089 0.00863113 0.00921295 -0.00459645 0.99981998 -0.00244286 -0.01018073 0.01582385
1778571188.105805 0.00875123 0.00915516 -0.00445447 0.99982031 -0.00242338 -0.01017265 0.01581087
1778571188.172520 0.00899673 0.00907297 -0.00451724 0.99981859 -0.00237994 -0.01010523 0.01596878
1778571188.239236 0.00872033 0.00918421 -0.00455869 0.99982044 -0.00243369 -0.01017798 0.01579799
1778571188.305952 0.00872137 0.00917606 -0.00434958 0.99981979 -0.00244372 -0.01025021 0.01579052
1778571188.372667 0.00894572 0.00907007 -0.00436900 0.99981817 -0.00237920 -0.01017963 0.01594813
1778571188.439382 0.00876984 0.00915509 -0.00447567 0.99981980 -0.00242277 -0.01019081 0.01583153
1778571188.506098 0.00876828 0.00915611 -0.00433351 0.99981903 -0.00244272 -0.01024374 0.01584326
1778571188.572814 0.00883635 0.00909603 -0.00445619 0.99981880 -0.00238315 -0.01017054 0.01591363
1778571188.639529 0.00883328 0.00912591 -0.00450620 0.99982018 -0.00241055 -0.01016457 0.01582648
1778571188.706245 0.00868092 0.00918009 -0.00438241 0.99981941 -0.00244612 -0.01022606 0.01583039
1778571188.772961 0.00880466 0.00909907 -0.00441849 0.99981878 -0.00239064 -0.01017734 0.01590927
1778571188.839676 0.00892030 0.00909348 -0.00454310 0.99982014 -0.00239458 -0.01010998 0.01586630
1778571188.906392 0.00868084 0.00918099 -0.00442901 0.99981943 -0.00244819 -0.01021083 0.01583819
1778571188.973107 0.00874734 0.00910879 -0.00442248 0.99981894 -0.00238350 -0.01018472 0.01589605
1778571189.039823 0.00868022 0.00914485 -0.00456524 0.99982040 -0.00238582 -0.01015064 0.01582561
1778571189.106539 0.00848322 0.00923826 -0.00443729 0.99981934 -0.00245276 -0.01022055 0.01583691
1778571189.173254 0.00873477 0.00910802 -0.00441720 0.99981826 -0.00238093 -0.01016300 0.01595254
1778571189.239969 0.00875331 0.00913736 -0.00465008 0.99981902 -0.00238736 -0.01008037 0.01595642
1778571189.306683 0.00846455 0.00925198 -0.00449438 0.99981948 -0.00244730 -0.01022782 0.01582457
1778571189.373398 0.00860076 0.00914486 -0.00443627 0.99982019 -0.00237065 -0.01018380 0.01581975
1778571189.440111 0.00864202 0.00914902 -0.00456835 0.99981933 -0.00237795 -0.01014178 0.01589950
1778571189.506826 0.00849049 0.00924414 -0.00444193 0.99981846 -0.00244658 -0.01024097 0.01588026
1778571189.573540 0.00857591 0.00917521 -0.00437101 0.99981906 -0.00238848 -0.01023466 0.01585518
1778571189.640255 0.00880091 0.00910416 -0.00450852 0.99981835 -0.00237598 -0.01011380 0.01597923
1778571189.706969 0.00864419 0.00919135 -0.00444457 0.99981827 -0.00244323 -0.01021935 0.01590690
1778571189.773684 0.00863076 0.00915929 -0.00430393 0.99981822 -0.00240186 -0.01025869 0.01589079
1778571189.840398 0.00883067 0.00909044 -0.00448238 0.99981788 -0.00237493 -0.01012635 0.01600048
1778571189.907113 0.00869192 0.00917559 -0.00444878 0.99981788 -0.00244032 -0.01021397 0.01593528
1778571189.973826 0.00871879 0.00913960 -0.00426015 0.99981779 -0.00241169 -0.01026575 0.01591184
1778571190.040541 0.00895839 0.00904412 -0.00440079 0.99981666 -0.00236111 -0.01014178 0.01606938
1778571190.107255 0.00873454 0.00915796 -0.00442406 0.99981817 -0.00243034 -0.01023044 0.01590773
1778571190.173970 0.00862481 0.00918031 -0.00427872 0.99981822 -0.00242976 -0.01028368 0.01587070
1778571190.240685 0.00884406 0.00906725 -0.00434874 0.99981692 -0.00236431 -0.01019317 0.01601982
1778571190.307401 0.00873219 0.00915385 -0.00442107 0.99981846 -0.00242017 -0.01022315 0.01589608
1778571190.374117 0.00864856 0.00918192 -0.00431947 0.99981842 -0.00243784 -0.01025021 0.01587818
1778571190.440833 0.00898845 0.00901550 -0.00433461 0.99981658 -0.00235319 -0.01015851 0.01606465
1778571190.507548 0.00878546 0.00911972 -0.00446274 0.99981904 -0.00240415 -0.01019894 0.01587735
1778571190.574265 0.00868041 0.00915045 -0.00439353 0.99981913 -0.00241488 -0.01022266 0.01585453
1778571190.640980 0.00888514 0.00904733 -0.00444079 0.99981825 -0.00235481 -0.01017334 0.01595060
1778571190.707696 0.00878614 0.00910306 -0.00446201 0.99981834 -0.00239281 -0.01019933 0.01592300
1778571190.774411 0.00876719 0.00911246 -0.00430907 0.99981870 -0.00241573 -0.01024700 0.01586605
1778571190.841128 0.00884031 0.00904186 -0.00446292 0.99981942 -0.00234089 -0.01015323 0.01589225
1778571190.907844 0.00879395 0.00909307 -0.00449956 0.99981896 -0.00237816 -0.01017972 0.01589846
1778571190.974560 0.00879002 0.00911304 -0.00432487 0.99981900 -0.00241781 -0.01023609 0.01585407
1778571191.041276 0.00887724 0.00904185 -0.00445747 0.99981940 -0.00234869 -0.01015164 0.01589312
1778571191.107991 0.00900345 0.00904449 -0.00454094 0.99981973 -0.00236647 -0.01011892 0.01589056
1778571191.174706 0.00879059 0.00911583 -0.00435853 0.99981989 -0.00242666 -0.01025666 0.01578266
1778571191.241423 0.00885662 0.00904211 -0.00430135 0.99981942 -0.00237093 -0.01023028 0.01583840
1778571191.308138 0.00898081 0.00903096 -0.00438351 0.99981844 -0.00236932 -0.01017754 0.01593365
1778571191.374856 0.00872474 0.00913628 -0.00435082 0.99981936 -0.00242932 -0.01026996 0.01580723
1778571191.441572 0.00883379 0.00906849 -0.00429434 0.99981936 -0.00238406 -0.01024198 0.01583222
1778571191.508287 0.00890897 0.00904629 -0.00438585 0.99981878 -0.00236024 -0.01018234 0.01591058
1778571191.575003 0.00873601 0.00916677 -0.00436236 0.99981906 -0.00243686 -0.01023990 0.01584455
1778571191.641720 0.00878896 0.00911107 -0.00430475 0.99981997 -0.00239057 -0.01024626 0.01579022
1778571191.708435 0.00902950 0.00902236 -0.00443195 0.99981842 -0.00235718 -0.01009646 0.01598861
1778571191.775152 0.00882641 0.00912696 -0.00437106 0.99981881 -0.00243610 -0.01024973 0.01585408
1778571191.841869 0.00883199 0.00908738 -0.00424010 0.99981957 -0.00239869 -0.01026842 0.01579992
1778571191.908585 0.00911561 0.00900544 -0.00438704 0.99981795 -0.00236083 -0.01011894 0.01600340
1778571191.975301 0.00882324 0.00914113 -0.00444281 0.99981941 -0.00244328 -0.01021702 0.01583651
1778571192.042016 0.00877681 0.00910520 -0.00421630 0.99981937 -0.00241272 -0.01028247 0.01580110
1778571192.108733 0.00892385 0.00902681 -0.00432943 0.99981780 -0.00235381 -0.01020580 0.01595863
1778571192.175450 0.00887101 0.00909120 -0.00440568 0.99981911 -0.00241077 -0.01019691 0.01587316
1778571192.242165 0.00881829 0.00911063 -0.00426891 0.99981912 -0.00242935 -0.01028448 0.01581321
1778571192.308878 0.00898819 0.00900437 -0.00425811 0.99981866 -0.00235018 -0.01024891 0.01587740
1778571192.375594 0.00886953 0.00909044 -0.00444588 0.99981996 -0.00240130 -0.01018065 0.01583174
1778571192.442309 0.00868834 0.00916093 -0.00432988 0.99981946 -0.00244391 -0.01025840 0.01580631
1778571192.509024 0.00876040 0.00899364 -0.00428902 0.99982254 -0.00233808 -0.01007798 0.01574341
1778571192.575737 0.00855439 0.00911281 -0.00438082 0.99982446 -0.00238785 -0.01015554 0.01556341
1778571192.642453 0.00861352 0.00911957 -0.00428634 0.99982465 -0.00242506 -0.01016966 0.01553597
1778571192.709168 0.00865006 0.00904624 -0.00444512 0.99982338 -0.00234052 -0.01007514 0.01569122
1778571192.775883 0.00879104 0.00901861 -0.00436889 0.99982413 -0.00235118 -0.01011624 0.01561552
1778571192.842598 0.00854578 0.00913853 -0.00427055 0.99982493 -0.00242419 -0.01023109 0.01547747
1778571192.909312 0.00868508 0.00902106 -0.00427506 0.99982358 -0.00235486 -0.01016211 0.01562016
1778571192.976027 0.00855008 0.00907584 -0.00440167 0.99982439 -0.00236718 -0.01013900 0.01558161
1778571193.042742 0.00839624 0.00917551 -0.00428970 0.99982519 -0.00242633 -0.01022315 0.01546589
1778571193.109457 0.00848547 0.00907819 -0.00433125 0.99982520 -0.00235863 -0.01017218 0.01550899
1778571193.176172 0.00854195 0.00908163 -0.00450989 0.99982545 -0.00235404 -0.01006782 0.01556166
1778571193.242886 0.00836444 0.00919733 -0.00435034 0.99982561 -0.00243360 -0.01019062 0.01545880
1778571193.309600 0.00841322 0.00910390 -0.00433678 0.99982532 -0.00236126 -0.01016494 0.01550584
1778571193.376315 0.00854284 0.00907042 -0.00447352 0.99982565 -0.00234688 -0.01007915 0.01554237
1778571193.443029 0.00853739 0.00913451 -0.00435716 0.99982572 -0.00241499 -0.01015702 0.01547664
1778571193.509742 0.00852399 0.00909129 -0.00432730 0.99982499 -0.00236884 -0.01017532 0.01551892
1778571193.576458 0.00870495 0.00902193 -0.00430476 0.99982384 -0.00234996 -0.01016181 0.01560455
1778571193.643172 0.00843884 0.00916203 -0.00433401 0.99982552 -0.00242392 -0.01021924 0.01544729
1778571193.709887 0.00865614 0.00905156 -0.00421836 0.99982603 -0.00237251 -0.01022403 0.01541936
1778571193.776601 0.00872187 0.00901229 -0.00434234 0.99982413 -0.00234083 -0.01013879 0.01560236
1778571193.843315 0.00856663 0.00912394 -0.00429529 0.99982499 -0.00242567 -0.01023386 0.01547196
1778571193.910030 0.00864475 0.00906672 -0.00422872 0.99982586 -0.00238471 -0.01022902 0.01542491
1778571193.976744 0.00869821 0.00901605 -0.00435485 0.99982451 -0.00233865 -0.01014111 0.01557677
1778571194.043458 0.00853604 0.00913579 -0.00434475 0.99982541 -0.00241584 -0.01021876 0.01545626
1778571194.110171 0.00858462 0.00911178 -0.00425915 0.99982591 -0.00240010 -0.01023169 0.01541749
1778571194.176886 0.00875425 0.00900850 -0.00441595 0.99982467 -0.00233092 -0.01009127 0.01559989
1778571194.243602 0.00854723 0.00912912 -0.00442294 0.99982630 -0.00240220 -0.01017664 0.01542811
1778571194.310318 0.00857264 0.00914949 -0.00428583 0.99982588 -0.00241986 -0.01018977 0.01544399
1778571194.377034 0.00865804 0.00906846 -0.00436207 0.99982421 -0.00235724 -0.01013593 0.01559646
1778571194.443750 0.00857242 0.00910591 -0.00434179 0.99982603 -0.00238970 -0.01017363 0.01544978
1778571194.510466 0.00846652 0.00916364 -0.00427931 0.99982641 -0.00242219 -0.01020958 0.01539659
1778571194.577182 0.00859261 0.00906751 -0.00436435 0.99982578 -0.00235578 -0.01014963 0.01548700
1778571194.643897 0.00864512 0.00905905 -0.00430281 0.99982489 -0.00234367 -0.01020272 0.01551153
1778571194.710613 0.00845384 0.00918127 -0.00425675 0.99982507 -0.00242863 -0.01023862 0.01546304
1778571194.777329 0.00871123 0.00904381 -0.00432012 0.99982426 -0.00236096 -0.01014296 0.01558859
1778571194.844045 0.00852052 0.00913562 -0.00446744 0.99982652 -0.00239021 -0.01011944 0.01545340
1778571194.910761 0.00844587 0.00917999 -0.00426455 0.99982571 -0.00243665 -0.01021296 0.01543731
1778571194.977477 0.00862113 0.00906139 -0.00430712 0.99982415 -0.00235906 -0.01015359 0.01558904
1778571195.044193 0.00863171 0.00906548 -0.00442954 0.99982604 -0.00235317 -0.01012416 0.01548750
1778571195.110909 0.00849343 0.00917804 -0.00434246 0.99982538 -0.00242630 -0.01018965 0.01547563
1778571195.177624 0.00849758 0.00911241 -0.00436873 0.99982476 -0.00237162 -0.01016422 0.01554056
1778571195.244338 0.00856300 0.00908638 -0.00442881 0.99982503 -0.00236283 -0.01012705 0.01554878
1778571195.311053 0.00844639 0.00916437 -0.00429195 0.99982472 -0.00242437 -0.01021453 0.01550237
1778571195.377767 0.00846957 0.00909091 -0.00435513 0.99982487 -0.00235704 -0.01015368 0.01554264
1778571195.444480 0.00862002 0.00903866 -0.00435342 0.99982373 -0.00234267 -0.01012835 0.01563432
1778571195.511194 0.00843641 0.00916316 -0.00428802 0.99982474 -0.00241887 -0.01022983 0.01549156
1778571195.577909 0.00857031 0.00906712 -0.00428101 0.99982597 -0.00235448 -0.01021019 0.01543499
1778571195.644622 0.00859074 0.00905727 -0.00441138 0.99982416 -0.00234228 -0.01012228 0.01561104
1778571195.711336 0.00845839 0.00915965 -0.00431216 0.99982438 -0.00241707 -0.01023123 0.01551397
1778571195.778050 0.00852731 0.00909717 -0.00428100 0.99982581 -0.00236837 -0.01021761 0.01543825
1778571195.844764 0.00856782 0.00905359 -0.00438748 0.99982412 -0.00233210 -0.01013300 0.01560796
1778571195.911478 0.00831737 0.00919143 -0.00434920 0.99982509 -0.00240526 -0.01022866 0.01547169
1778571195.978191 0.00847441 0.00911327 -0.00422258 0.99982489 -0.00236447 -0.01022285 0.01549466
1778571196.044905 0.00856233 0.00906814 -0.00433321 0.99982372 -0.00233972 -0.01016489 0.01561193
1778571196.111619 0.00845195 0.00916416 -0.00432031 0.99982462 -0.00241082 -0.01022933 0.01550120
1778571196.178333 0.00846163 0.00914048 -0.00434859 0.99982550 -0.00237773 -0.01016507 0.01549143
1778571196.245045 0.00878677 0.00899846 -0.00439113 0.99982445 -0.00232264 -0.01008191 0.01562132
1778571196.311759 0.00851616 0.00912551 -0.00445466 0.99982535 -0.00238224 -0.01016350 0.01550129
1778571196.378473 0.00853666 0.00912837 -0.00422190 0.99982549 -0.00239716 -0.01025750 0.01542813
1778571196.445186 0.00865761 0.00903379 -0.00428573 0.99982401 -0.00234150 -0.01017369 0.01558735
1778571196.511900 0.00845350 0.00914424 -0.00434892 0.99982551 -0.00239310 -0.01020493 0.01546254
1778571196.578613 0.00837586 0.00917957 -0.00423966 0.99982562 -0.00241293 -0.01023877 0.01542943
1778571196.645326 0.00868646 0.00900144 -0.00430172 0.99982404 -0.00232499 -0.01012135 0.01562194
1778571196.712039 0.00847261 0.00911900 -0.00446350 0.99982614 -0.00236945 -0.01013660 0.01546993
1778571196.778753 0.00842020 0.00915941 -0.00423713 0.99982604 -0.00241038 -0.01025009 0.01539546
1778571196.845466 0.00847650 0.00908149 -0.00433394 0.99982539 -0.00234975 -0.01019372 0.01548389
1778571196.912179 0.00835253 0.00915679 -0.00440807 0.99982694 -0.00238025 -0.01018037 0.01538798
1778571196.978892 0.00834416 0.00919950 -0.00423328 0.99982522 -0.00243010 -0.01024642 0.01544755
1778571197.045605 0.00846500 0.00908269 -0.00427907 0.99982479 -0.00235785 -0.01019130 0.01552339
1778571197.112317 0.00832613 0.00914305 -0.00440260 0.99982503 -0.00236172 -0.01015740 0.01552904
1778571197.179032 0.00824696 0.00921229 -0.00423095 0.99982442 -0.00241942 -0.01025857 0.01549336
1778571197.245746 0.00834210 0.00909536 -0.00426312 0.99982444 -0.00234518 -0.01020736 0.01553690
1778571197.312460 0.00847433 0.00907785 -0.00441702 0.99982443 -0.00234980 -0.01012392 0.01559160
1778571197.379174 0.00823893 0.00921354 -0.00432916 0.99982448 -0.00242042 -0.01024326 0.01549903
1778571197.445889 0.00839181 0.00908108 -0.00432160 0.99982440 -0.00234164 -0.01017700 0.01556008
1778571197.512603 0.00851188 0.00905153 -0.00441820 0.99982327 -0.00232882 -0.01011218 0.01567668
1778571197.579317 0.00824200 0.00920376 -0.00428246 0.99982383 -0.00241457 -0.01028023 0.01551738
1778571197.646032 0.00840627 0.00907736 -0.00426902 0.99982551 -0.00233282 -0.01021942 0.01546181
1778571197.712745 0.00839938 0.00909356 -0.00451440 0.99982550 -0.00233340 -0.01010881 0.01553485
1778571197.779460 0.00829773 0.00918559 -0.00442647 0.99982502 -0.00240363 -0.01017981 0.01550860
1778571197.846174 0.00836303 0.00911686 -0.00437325 0.99982439 -0.00235133 -0.01016654 0.01556591
1778571197.912889 0.00857354 0.00903905 -0.00437807 0.99982362 -0.00232636 -0.01012457 0.01564653
1778571197.979603 0.00837794 0.00916433 -0.00438754 0.99982463 -0.00239727 -0.01021281 0.01551332
1778571198.046316 0.00847443 0.00911222 -0.00433109 0.99982638 -0.00236242 -0.01019229 0.01541926
1778571198.113031 0.00851387 0.00907710 -0.00438724 0.99982496 -0.00234198 -0.01014546 0.01554437
1778571198.179746 0.00823825 0.00922560 -0.00428386 0.99982498 -0.00241733 -0.01026060 0.01545590
1778571198.246460 0.00832348 0.00917372 -0.00421688 0.99982592 -0.00238311 -0.01024732 0.01540888
1778571198.313177 0.00856972 0.00904756 -0.00435373 0.99982431 -0.00232661 -0.01011632 0.01560785
1778571198.379893 0.00834184 0.00919846 -0.00436998 0.99982525 -0.00240980 -0.01020978 0.01547313
1778571198.446609 0.00832730 0.00919449 -0.00422897 0.99982569 -0.00239777 -0.01024472 0.01542385
1778571198.513325 0.00853481 0.00906500 -0.00427593 0.99982430 -0.00233838 -0.01015501 0.01558133
1778571198.580040 0.00837405 0.00919936 -0.00434626 0.99982482 -0.00239741 -0.01018424 0.01552006
1778571198.646756 0.00818183 0.00926367 -0.00430916 0.99982520 -0.00241598 -0.01021245 0.01547380
1778571198.713473 0.00842111 0.00908861 -0.00431563 0.99982392 -0.00233409 -0.01013965 0.01561617
1778571198.780188 0.00819793 0.00920472 -0.00439538 0.99982500 -0.00238215 -0.01018889 0.01550718
1778571198.846905 0.00820789 0.00924261 -0.00422811 0.99982491 -0.00240933 -0.01023998 0.01547518
1778571198.913621 0.00826169 0.00914270 -0.00434715 0.99982407 -0.00234603 -0.01018252 0.01557675
1778571198.980337 0.00817788 0.00919692 -0.00437340 0.99982495 -0.00237257 -0.01019852 0.01550592
1778571199.047052 0.00822956 0.00921784 -0.00420349 0.99982433 -0.00241229 -0.01025263 0.01550375
1778571199.113769 0.00828918 0.00912312 -0.00433727 0.99982402 -0.00234556 -0.01017389 0.01558575
1778571199.180485 0.00824078 0.00917203 -0.00441899 0.99982341 -0.00237391 -0.01016419 0.01562717
1778571199.247200 0.00819760 0.00921980 -0.00423103 0.99982356 -0.00240925 -0.01025352 0.01555315
1778571199.313915 0.00833247 0.00910903 -0.00431552 0.99982275 -0.00234090 -0.01017287 0.01566850
1778571199.380630 0.00830645 0.00914174 -0.00439700 0.99982319 -0.00236224 -0.01017486 0.01563575
1778571199.447345 0.00822057 0.00921976 -0.00424531 0.99982352 -0.00241460 -0.01026739 0.01554605
1778571199.514060 0.00834316 0.00910979 -0.00431677 0.99982378 -0.00235070 -0.01018828 0.01559098
1778571199.580775 0.00834608 0.00913455 -0.00447512 0.99982372 -0.00235898 -0.01012898 0.01563255
1778571199.647490 0.00821604 0.00922037 -0.00430129 0.99982392 -0.00241783 -0.01022410 0.01554814
1778571199.714206 0.00839891 0.00909323 -0.00440215 0.99982393 -0.00234200 -0.01011301 0.01563188
1778571199.780921 0.00845162 0.00910127 -0.00445177 0.99982296 -0.00234815 -0.01011048 0.01569428
1778571199.847636 0.00827226 0.00920339 -0.00422443 0.99982320 -0.00241726 -0.01027027 0.01556429
1778571199.914351 0.00833808 0.00911959 -0.00439348 0.99982366 -0.00235333 -0.01013684 0.01563214
1778571199.981066 0.00838615 0.00911131 -0.00453857 0.99982419 -0.00234088 -0.01007859 0.01563721
1778571200.047781 0.00817589 0.00923590 -0.00436857 0.99982392 -0.00241353 -0.01022030 0.01555127
1778571200.114496 0.00825003 0.00915968 -0.00428198 0.99982364 -0.00236374 -0.01021284 0.01558192
1778571200.181211 0.00852440 0.00904974 -0.00440015 0.99982311 -0.00232392 -0.01009151 0.01570041
1778571200.247926 0.00823647 0.00921877 -0.00438793 0.99982425 -0.00241082 -0.01020441 0.01554127
1778571200.314639 0.00823835 0.00917972 -0.00431242 0.99982542 -0.00236333 -0.01021202 0.01546815
1778571200.381355 0.00831349 0.00911925 -0.00442219 0.99982392 -0.00233148 -0.01011251 0.01563441
1778571200.448070 0.00807409 0.00925769 -0.00441549 0.99982455 -0.00239894 -0.01018707 0.01553512
1778571200.514784 0.00821901 0.00919831 -0.00428363 0.99982514 -0.00237530 -0.01020953 0.01548601
1778571200.581499 0.00848824 0.00907752 -0.00446272 0.99982341 -0.00231714 -0.01003163 0.01572109
1778571200.648214 0.00810863 0.00926983 -0.00446506 0.99982420 -0.00240550 -0.01015991 0.01557454
1778571200.714928 0.00818093 0.00919631 -0.00423454 0.99982411 -0.00237635 -0.01021047 0.01555146
1778571200.781643 0.00839615 0.00906406 -0.00440680 0.99982329 -0.00230379 -0.01007466 0.01570294
1778571200.848357 0.00813137 0.00921382 -0.00441850 0.99982429 -0.00237885 -0.01018997 0.01555328
1778571200.915073 0.00815522 0.00920594 -0.00422820 0.99982406 -0.00238789 -0.01024598 0.01552967
1778571200.981787 0.00834081 0.00908586 -0.00431557 0.99982267 -0.00231954 -0.01016539 0.01568161
1778571201.048502 0.00815041 0.00920988 -0.00439167 0.99982456 -0.00237348 -0.01019288 0.01553454
1778571201.115217 0.00809354 0.00925967 -0.00429817 0.99982448 -0.00240229 -0.01022434 0.01551449
1778571201.181931 0.00831050 0.00911724 -0.00434635 0.99982451 -0.00231878 -0.01016643 0.01556313
1778571201.248646 0.00812118 0.00921047 -0.00447595 0.99982518 -0.00236406 -0.01015066 0.01552397
1778571201.315361 0.00808190 0.00927040 -0.00432084 0.99982406 -0.00240894 -0.01021536 0.01554648
1778571201.382076 0.00826472 0.00911783 -0.00435840 0.99982295 -0.00232830 -0.01014234 0.01567726
1778571201.448789 0.00819339 0.00918650 -0.00453136 0.99982510 -0.00235680 -0.01010265 0.01556138
1778571201.515505 0.00807120 0.00926989 -0.00438903 0.99982481 -0.00240402 -0.01019826 0.01551004
1778571201.582220 0.00814390 0.00915641 -0.00447986 0.99982419 -0.00233061 -0.01012249 0.01561061
1778571201.648933 0.00812637 0.00920039 -0.00451441 0.99982567 -0.00235128 -0.01014682 0.01549658
1778571201.715648 0.00791294 0.00932369 -0.00435992 0.99982479 -0.00240818 -0.01022561 0.01549270
1778571201.782363 0.00807345 0.00919529 -0.00436713 0.99982295 -0.00234282 -0.01016951 0.01565760
1778571201.849077 0.00812494 0.00920053 -0.00446283 0.99982345 -0.00236009 -0.01014792 0.01563678
1778571201.915792 0.00804828 0.00929238 -0.00432144 0.99982376 -0.00242131 -0.01023021 0.01555431
1778571201.982507 0.00812890 0.00920399 -0.00438892 0.99982318 -0.00236215 -0.01017124 0.01563861
1778571202.049222 0.00812210 0.00920073 -0.00453038 0.99982397 -0.00235400 -0.01010502 0.01563256
1778571202.115937 0.00804954 0.00928904 -0.00433868 0.99982354 -0.00241802 -0.01021195 0.01558074
1778571202.182651 0.00816998 0.00919777 -0.00440532 0.99982320 -0.00236216 -0.01014426 0.01565532
1778571202.249366 0.00823382 0.00917882 -0.00459256 0.99982336 -0.00235401 -0.01004474 0.01571049
1778571202.316080 0.00808434 0.00928860 -0.00440534 0.99982344 -0.00242004 -0.01018518 0.01560405
1778571202.382794 0.00816818 0.00919468 -0.00434163 0.99982277 -0.00235651 -0.01017601 0.01566312
1778571202.449508 0.00833355 0.00912727 -0.00449256 0.99982244 -0.00233410 -0.01008376 0.01574638
1778571202.516223 0.00819991 0.00924357 -0.00447892 0.99982283 -0.00241589 -0.01012639 0.01568188
1778571202.582937 0.00832541 0.00916086 -0.00439405 0.99982378 -0.00236241 -0.01014098 0.01562004
1778571202.649651 0.00851490 0.00908176 -0.00448702 0.99982357 -0.00232453 -0.01006621 0.01568719
1778571202.716364 0.00824827 0.00923936 -0.00451089 0.99982334 -0.00241394 -0.01012722 0.01564956
1778571202.783080 0.00836376 0.00917027 -0.00438817 0.99982338 -0.00237603 -0.01015507 0.01563482
1778571202.849794 0.00845060 0.00908558 -0.00443503 0.99982407 -0.00231357 -0.01013082 0.01561529
1778571202.916508 0.00821814 0.00923701 -0.00443161 0.99982369 -0.00240434 -0.01019317 0.01558537
1778571202.983222 0.00833141 0.00918803 -0.00427161 0.99982340 -0.00238411 -0.01021712 0.01559122
1778571203.049937 0.00829458 0.00914489 -0.00445566 0.99982479 -0.00232603 -0.01013853 0.01556220
1778571203.116651 0.00817702 0.00923682 -0.00442823 0.99982425 -0.00239444 -0.01016044 0.01557235
1778571203.183365 0.00828380 0.00921282 -0.00423222 0.99982312 -0.00240419 -0.01022817 0.01559897
1778571203.250081 0.00846064 0.00909923 -0.00436819 0.99982230 -0.00233808 -0.01013020 0.01572529
1778571203.316797 0.00820137 0.00923370 -0.00441747 0.99982358 -0.00239590 -0.01017645 0.01560503
1778571203.383514 0.00828899 0.00921450 -0.00431499 0.99982333 -0.00240404 -0.01018082 0.01561694
1778571203.450231 0.00829808 0.00915062 -0.00446366 0.99982357 -0.00234476 -0.01012991 0.01564318
1778571203.516948 0.00816108 0.00922443 -0.00444616 0.99982270 -0.00238125 -0.01017026 0.01566758
1778571203.583664 0.00818271 0.00925562 -0.00426693 0.99982270 -0.00241353 -0.01024577 0.01561288
1778571203.650380 0.00834717 0.00911706 -0.00445481 0.99982345 -0.00232914 -0.01010055 0.01567254
1778571203.717098 0.00828616 0.00917350 -0.00446848 0.99982424 -0.00236502 -0.01015342 0.01558218
1778571203.783814 0.00819697 0.00922740 -0.00424764 0.99982344 -0.00240188 -0.01025533 0.01556117
1778571203.850531 0.00836111 0.00908741 -0.00439561 0.99982283 -0.00232193 -0.01014055 0.01568732
1778571203.917248 0.00820226 0.00918563 -0.00450685 0.99982294 -0.00235617 -0.01014880 0.01566968
1778571203.983965 0.00806620 0.00926366 -0.00423654 0.99982291 -0.00240652 -0.01027344 0.01558273
1778571204.050681 0.00820523 0.00913407 -0.00430249 0.99982326 -0.00233089 -0.01020326 0.01561751
1778571204.117398 0.00814532 0.00916698 -0.00440870 0.99982269 -0.00234266 -0.01017868 0.01566852
1778571204.184114 0.00807127 0.00925175 -0.00422297 0.99982304 -0.00240317 -0.01027369 0.01557456
1778571204.250831 0.00825772 0.00912360 -0.00432924 0.99982255 -0.00233114 -0.01017371 0.01568191
1778571204.317547 0.00834300 0.00909473 -0.00445722 0.99982419 -0.00231762 -0.01013071 0.01560723
1778571204.384263 0.00808915 0.00923797 -0.00432663 0.99982365 -0.00239527 -0.01023864 0.01555977
1778571204.450979 0.00828374 0.00914157 -0.00432774 0.99982235 -0.00234831 -0.01021705 0.01566445
1778571204.517696 0.00821881 0.00915835 -0.00445986 0.99982355 -0.00233727 -0.01015120 0.01563226
1778571204.584411 0.00797370 0.00929064 -0.00429712 0.99982321 -0.00240707 -0.01024800 0.01557997
1778571204.651128 0.00813769 0.00918833 -0.00425762 0.99982323 -0.00235112 -0.01020224 0.01561689
1778571204.717844 0.00825127 0.00912596 -0.00444960 0.99982343 -0.00232320 -0.01009891 0.01567553
1778571204.784560 0.00808475 0.00927086 -0.00439397 0.99982396 -0.00241210 -0.01019669 0.01556442
1778571204.851277 0.00820789 0.00918834 -0.00420799 0.99982446 -0.00235699 -0.01023969 0.01551277
1778571204.917993 0.00830601 0.00912058 -0.00434496 0.99982291 -0.00232878 -0.01013847 0.01568216
1778571204.984709 0.00803195 0.00927860 -0.00432354 0.99982343 -0.00240332 -0.01022875 0.01557885
1778571205.051425 0.00822871 0.00917760 -0.00432861 0.99982460 -0.00235281 -0.01016242 0.01555473
1778571205.118142 0.00825451 0.00914451 -0.00458492 0.99982468 -0.00232033 -0.01003788 0.01563547
1778571205.184858 0.00820085 0.00922901 -0.00450082 0.99982412 -0.00239192 -0.01011021 0.01561386
1778571205.251573 0.00824395 0.00919905 -0.00428359 0.99982393 -0.00237473 -0.01019894 0.01557110
1778571205.318286 0.00840973 0.00909465 -0.00433297 0.99982246 -0.00232715 -0.01013238 0.01571493
1778571205.385001 0.00817481 0.00924539 -0.00435451 0.99982348 -0.00240127 -0.01019496 0.01559816
1778571205.451714 0.00828639 0.00918896 -0.00421295 0.99982398 -0.00238427 -0.01020956 0.01555944
1778571205.518430 0.00837803 0.00910574 -0.00436682 0.99982315 -0.00233555 -0.01013578 0.01566773
1778571205.585144 0.00824536 0.00921337 -0.00438065 0.99982336 -0.00239400 -0.01017100 0.01562278
1778571205.651858 0.00824976 0.00922136 -0.00425201 0.99982340 -0.00240499 -0.01020316 0.01559730
1778571205.718573 0.00832420 0.00912268 -0.00436021 0.99982309 -0.00233353 -0.01014337 0.01566716
1778571205.785287 0.00815935 0.00920075 -0.00439610 0.99982355 -0.00237166 -0.01017253 0.01561267
1778571205.852001 0.00807015 0.00925329 -0.00423776 0.99982304 -0.00240473 -0.01022882 0.01560393
1778571205.918715 0.00834450 0.00907139 -0.00430958 0.99982272 -0.00234146 -0.01017615 0.01566793
1778571205.985429 0.00818304 0.00917750 -0.00441867 0.99982405 -0.00236262 -0.01015193 0.01559558
1778571206.052143 0.00813397 0.00923891 -0.00424852 0.99982371 -0.00240607 -0.01021014 0.01557256
1778571206.118857 0.00821282 0.00913358 -0.00435407 0.99982323 -0.00233141 -0.01015027 0.01565374
1778571206.185571 0.00823064 0.00915484 -0.00430800 0.99982329 -0.00235827 -0.01019564 0.01561652
1778571206.252285 0.00819674 0.00921908 -0.00415413 0.99982312 -0.00240493 -0.01026484 0.01557505
1778571206.319000 0.00831964 0.00910138 -0.00437666 0.99982290 -0.00232376 -0.01012188 0.01569454
1778571206.385714 0.00824018 0.00914800 -0.00440978 0.99982423 -0.00234214 -0.01016206 0.01558044
1778571206.452430 0.00814976 0.00923085 -0.00418165 0.99982293 -0.00240903 -0.01027873 0.01557707
1778571206.519144 0.00827743 0.00912104 -0.00424637 0.99982287 -0.00234006 -0.01022156 0.01562942
1778571206.585858 0.00824107 0.00914628 -0.00437022 0.99982272 -0.00234893 -0.01017692 0.01566660
1778571206.652573 0.00813832 0.00924778 -0.00420375 0.99982258 -0.00241846 -0.01026853 0.01560493
1778571206.719287 0.00833362 0.00911526 -0.00425410 0.99982276 -0.00234415 -0.01020332 0.01564766
1778571206.786001 0.00842623 0.00910571 -0.00449238 0.99982292 -0.00234441 -0.01008350 0.01571506
1778571206.852716 0.00829053 0.00921397 -0.00430741 0.99982289 -0.00241922 -0.01022693 0.01561239
1778571206.919430 0.00829260 0.00913909 -0.00430359 0.99982326 -0.00235237 -0.01019370 0.01562050
1778571206.986145 0.00834420 0.00913153 -0.00440702 0.99982315 -0.00234767 -0.01015279 0.01565468
1778571207.052859 0.00818206 0.00924334 -0.00427415 0.99982305 -0.00242333 -0.01024473 0.01558959
1778571207.119574 0.00843598 0.00909058 -0.00424628 0.99982305 -0.00237585 -0.01020510 0.01562336
1778571207.186288 0.00847574 0.00908388 -0.00448349 0.99982396 -0.00233512 -0.01005874 0.01566589
1778571207.253002 0.00824899 0.00921768 -0.00437352 0.99982404 -0.00240850 -0.01018232 0.01556928
1778571207.319719 0.00828435 0.00915745 -0.00429095 0.99982487 -0.00235823 -0.01018450 0.01552231
1778571207.386434 0.00853964 0.00904723 -0.00441177 0.99982245 -0.00232016 -0.01006372 0.01576092
1778571207.453149 0.00829831 0.00920594 -0.00438901 0.99982396 -0.00240885 -0.01019383 0.01556730
1778571207.519864 0.00836596 0.00914405 -0.00424453 0.99982460 -0.00236654 -0.01022144 0.01551397
1778571207.586579 0.00848649 0.00905032 -0.00434915 0.99982289 -0.00231393 -0.01012759 0.01569286
1778571207.653294 0.00823503 0.00919815 -0.00433026 0.99982377 -0.00239704 -0.01020355 0.01557458
1778571207.720009 0.00831959 0.00914377 -0.00422924 0.99982436 -0.00236425 -0.01020877 0.01553808
1778571207.786724 0.00855996 0.00901659 -0.00433838 0.99982299 -0.00233008 -0.01013367 0.01568033
1778571207.853440 0.00824777 0.00919047 -0.00441579 0.99982482 -0.00239027 -0.01016390 0.01553432
1778571207.920155 0.00832802 0.00916368 -0.00420572 0.99982487 -0.00238364 -0.01022400 0.01549254
1778571207.986870 0.00854176 0.00900766 -0.00432311 0.99982344 -0.00232586 -0.01013686 0.01565028
1778571208.053585 0.00833810 0.00914247 -0.00436389 0.99982535 -0.00237087 -0.01016499 0.01550259
1778571208.120300 0.00818246 0.00920332 -0.00425992 0.99982511 -0.00238321 -0.01020975 0.01548619
1778571208.187014 0.00835807 0.00904769 -0.00437920 0.99982532 -0.00232402 -0.01014326 0.01552538
1778571208.253731 0.00829684 0.00914754 -0.00441807 0.99982598 -0.00236341 -0.01014827 0.01547380
1778571208.320446 0.00820648 0.00919879 -0.00424642 0.99982527 -0.00238950 -0.01020967 0.01547505
1778571208.387162 0.00828881 0.00909977 -0.00439416 0.99982516 -0.00231540 -0.01012533 0.01554879
1778571208.453877 0.00817476 0.00918000 -0.00443350 0.99982595 -0.00234670 -0.01015790 0.01547216
1778571208.520593 0.00815896 0.00921206 -0.00421293 0.99982503 -0.00238690 -0.01024222 0.01546966
1778571208.587309 0.00831156 0.00908085 -0.00430158 0.99982430 -0.00231829 -0.01017699 0.01556968
1778571208.654024 0.00830119 0.00913332 -0.00440094 0.99982383 -0.00235226 -0.01014814 0.01561352
1778571208.720739 0.00825253 0.00918804 -0.00416820 0.99982316 -0.00239825 -0.01027018 0.01556969
1778571208.787454 0.00834337 0.00908231 -0.00428486 0.99982405 -0.00232352 -0.01019250 0.01557502
1778571208.854171 0.00824855 0.00913561 -0.00441568 0.99982410 -0.00233933 -0.01014891 0.01559777
1778571208.920886 0.00818227 0.00918855 -0.00414777 0.99982300 -0.00239825 -0.01027551 0.01557683
1778571208.987602 0.00817801 0.00911136 -0.00430845 0.99982356 -0.00231971 -0.01019039 0.01560836
1778571209.054318 0.00835449 0.00907296 -0.00435398 0.99982361 -0.00234499 -0.01018156 0.01560699
1778571209.121033 0.00811396 0.00920456 -0.00423346 0.99982315 -0.00239076 -0.01025781 0.01557988
1778571209.187749 0.00824285 0.00909912 -0.00418619 0.99982327 -0.00233310 -0.01021247 0.01561089
1778571209.254465 0.00829021 0.00910089 -0.00432777 0.99982337 -0.00232837 -0.01016930 0.01563331
1778571209.321180 0.00808371 0.00922589 -0.00419043 0.99982308 -0.00239677 -0.01027280 0.01557362
1778571209.387895 0.00823289 0.00912805 -0.00418575 0.99982428 -0.00233375 -0.01023906 0.01552828
1778571209.454610 0.00822226 0.00913411 -0.00437457 0.99982428 -0.00233007 -0.01014324 0.01559143
1778571209.521326 0.00806668 0.00923984 -0.00421173 0.99982286 -0.00239886 -0.01025732 0.01559726
1778571209.588042 0.00827436 0.00912502 -0.00412371 0.99982343 -0.00233852 -0.01025822 0.01556965
1778571209.654758 0.00841261 0.00907326 -0.00425249 0.99982266 -0.00232239 -0.01015588 0.01568823
1778571209.721474 0.00815573 0.00922025 -0.00423609 0.99982265 -0.00239582 -0.01025744 0.01561141
1778571209.788189 0.00825848 0.00915976 -0.00417105 0.99982411 -0.00235670 -0.01023815 0.01553612
1778571209.854905 0.00831467 0.00911249 -0.00433719 0.99982285 -0.00232176 -0.01013276 0.01569118
1778571209.921621 0.00808864 0.00923730 -0.00423125 0.99982271 -0.00239089 -0.01025133 0.01561238
1778571209.988336 0.00820772 0.00918244 -0.00412683 0.99982333 -0.00235749 -0.01026890 0.01556590
1778571210.055051 0.00852357 0.00904442 -0.00430247 0.99982244 -0.00231296 -0.01010757 0.01573450
1778571210.121767 0.00822099 0.00920890 -0.00432018 0.99982314 -0.00239234 -0.01023200 0.01559707
1778571210.188483 0.00827178 0.00917732 -0.00411849 0.99982328 -0.00237803 -0.01028869 0.01555331
1778571210.255201 0.00843724 0.00907317 -0.00424713 0.99982252 -0.00232239 -0.01017619 0.01568396
1778571210.321919 0.00825562 0.00919252 -0.00427885 0.99982327 -0.00238549 -0.01022273 0.01559571
1778571210.388637 0.00833174 0.00914891 -0.00421895 0.99982335 -0.00237404 -0.01020106 0.01560705
1778571210.455355 0.00858120 0.00901570 -0.00431449 0.99982238 -0.00230450 -0.01011257 0.01573651
1778571210.522072 0.00835772 0.00914278 -0.00428774 0.99982324 -0.00237373 -0.01022816 0.01559620
1778571210.588792 0.00823417 0.00918341 -0.00411422 0.99982312 -0.00239285 -0.01029871 0.01555429
1778571210.655510 0.00859127 0.00903867 -0.00427741 0.99982131 -0.00232697 -0.01012158 0.01579520
1778571210.722228 0.00836931 0.00917042 -0.00433033 0.99982359 -0.00238364 -0.01019654 0.01559305
1778571210.788946 0.00815211 0.00922962 -0.00417265 0.99982366 -0.00240383 -0.01026219 0.01554212
1778571210.855664 0.00830910 0.00908885 -0.00435503 0.99982357 -0.00231251 -0.01013929 0.01564202
1778571210.922383 0.00834226 0.00913091 -0.00434032 0.99982422 -0.00235466 -0.01019558 0.01555717
1778571210.989101 0.00824573 0.00917297 -0.00420292 0.99982377 -0.00238159 -0.01023457 0.01555646
1778571211.055820 0.00827146 0.00910124 -0.00429436 0.99982347 -0.00232327 -0.01020310 0.01560558
1778571211.122538 0.00835544 0.00908174 -0.00431619 0.99982269 -0.00232919 -0.01018193 0.01566806
1778571211.189257 0.00817528 0.00917412 -0.00416109 0.99982290 -0.00238247 -0.01029997 0.01556908
1778571211.255973 0.00812773 0.00912901 -0.00424276 0.99982321 -0.00233152 -0.01024192 0.01559510
1778571211.322690 0.00832198 0.00907971 -0.00434093 0.99982376 -0.00232385 -0.01015087 0.01562102
1778571211.389405 0.00822679 0.00916619 -0.00414784 0.99982292 -0.00239501 -0.01029433 0.01557009
1778571211.456123 0.00827827 0.00908150 -0.00416086 0.99982331 -0.00232861 -0.01026181 0.01557636
1778571211.522839 0.00851911 0.00901044 -0.00432852 0.99982401 -0.00233559 -0.01016197 0.01559556
1778571211.589556 0.00832716 0.00914698 -0.00419264 0.99982395 -0.00239765 -0.01026941 0.01551934
1778571211.656272 0.00856382 0.00900380 -0.00423111 0.99982367 -0.00233919 -0.01019162 0.01559762
1778571211.722988 0.00839640 0.00910258 -0.00443585 0.99982440 -0.00234915 -0.01014479 0.01558008
1778571211.789705 0.00822040 0.00920597 -0.00417353 0.99982380 -0.00241304 -0.01028624 0.01551592
1778571211.856420 0.00827477 0.00912946 -0.00431937 0.99982426 -0.00234380 -0.01015874 0.01558090
1778571211.923138 0.00839576 0.00911380 -0.00439647 0.99982442 -0.00234420 -0.01015518 0.01557233
1778571211.989853 0.00818633 0.00923352 -0.00425410 0.99982367 -0.00241310 -0.01026493 0.01553853
1778571212.056571 0.00834883 0.00911903 -0.00430416 0.99982374 -0.00234299 -0.01016001 0.01561294
1778571212.123287 0.00839971 0.00910052 -0.00440320 0.99982290 -0.00233003 -0.01013324 0.01568622
1778571212.190004 0.00822146 0.00922248 -0.00426509 0.99982304 -0.00240764 -0.01026112 0.01558215
1778571212.256717 0.00826957 0.00917572 -0.00419005 0.99982431 -0.00237023 -0.01025001 0.01551366
1778571212.323431 0.00828723 0.00911678 -0.00431132 0.99982386 -0.00233138 -0.01017532 0.01559709
1778571212.390144 0.00821120 0.00919531 -0.00424216 0.99982336 -0.00239228 -0.01024289 0.01557587
1778571212.456859 0.00834923 0.00914260 -0.00422992 0.99982391 -0.00236324 -0.01019541 0.01557588
1778571212.523572 0.00849398 0.00906033 -0.00425814 0.99982226 -0.00232814 -0.01016148 0.01570882
1778571212.590286 0.00821659 0.00920959 -0.00426933 0.99982292 -0.00240354 -0.01024522 0.01560077
1778571212.657000 0.00826914 0.00917961 -0.00411629 0.99982370 -0.00238141 -0.01027134 0.01553680
1778571212.723712 0.00853923 0.00901921 -0.00423613 0.99982263 -0.00233951 -0.01016108 0.01568417
1778571212.790426 0.00830270 0.00916001 -0.00435663 0.99982399 -0.00240369 -0.01019280 0.01556639
1778571212.857140 0.00817964 0.00921448 -0.00421190 0.99982409 -0.00239725 -0.01023105 0.01553581
1778571212.923853 0.00844775 0.00905482 -0.00434995 0.99982385 -0.00233728 -0.01012295 0.01563100
1778571212.990567 0.00828736 0.00918267 -0.00442873 0.99982472 -0.00238758 -0.01014192 0.01555546
1778571213.057280 0.00820902 0.00922418 -0.00418153 0.99982363 -0.00241261 -0.01023492 0.01556043
1778571213.123994 0.00836318 0.00907898 -0.00436239 0.99982365 -0.00231860 -0.01010786 0.01565640
1778571213.190706 0.00829305 0.00916474 -0.00438254 0.99982438 -0.00237544 -0.01016382 0.01556504
1778571213.257423 0.00807954 0.00925068 -0.00423089 0.99982332 -0.00240613 -0.01023843 0.01557949
1778571213.324139 0.00828171 0.00911499 -0.00423701 0.99982269 -0.00233949 -0.01019741 0.01565687
1778571213.390855 0.00815737 0.00918005 -0.00431197 0.99982243 -0.00236240 -0.01019577 0.01567078
1778571213.457571 0.00810653 0.00923579 -0.00412994 0.99982216 -0.00240495 -0.01029122 0.01561898
1778571213.524286 0.00820117 0.00913516 -0.00427233 0.99982315 -0.00233592 -0.01019191 0.01563133
1778571213.591002 0.00812953 0.00916164 -0.00430355 0.99982411 -0.00234327 -0.01021084 0.01555626
1778571213.657718 0.00809460 0.00922420 -0.00409208 0.99982298 -0.00239974 -0.01029431 0.01556516
1778571213.724434 0.00824566 0.00907816 -0.00419696 0.99982253 -0.00234421 -0.01023455 0.01564152
1778571213.791150 0.00845392 0.00905102 -0.00435182 0.99982253 -0.00235532 -0.01014801 0.01569635
1778571213.857866 0.00822977 0.00916844 -0.00418194 0.99982249 -0.00239674 -0.01026761 0.01561466
1778571213.924582 0.00828980 0.00904681 -0.00415903 0.99982263 -0.00234214 -0.01025463 0.01562289
1778571213.991297 0.00818985 0.00909436 -0.00434743 0.99982321 -0.00234316 -0.01019243 0.01562627
1778571214.058013 0.00800347 0.00921666 -0.00415996 0.99982309 -0.00239499 -0.01027120 0.01557417
1778571214.124729 0.00819462 0.00907171 -0.00414723 0.99982278 -0.00234341 -0.01024115 0.01562156
1778571214.191445 0.00819620 0.00910611 -0.00438392 0.99982328 -0.00232111 -0.01011873 0.01567294
1778571214.258160 0.00807597 0.00922850 -0.00419321 0.99982279 -0.00240624 -0.01026416 0.01559612
1778571214.324875 0.00811777 0.00914335 -0.00414887 0.99982209 -0.00234393 -0.01026059 0.01565304
1778571214.391590 0.00825000 0.00907775 -0.00428480 0.99982255 -0.00234436 -0.01020665 0.01565900
1778571214.458304 0.00809900 0.00923118 -0.00423146 0.99982315 -0.00241295 -0.01025145 0.01558048
1778571214.525019 0.00835412 0.00907420 -0.00412735 0.99982242 -0.00236302 -0.01024804 0.01563741
1778571214.591734 0.00858147 0.00901752 -0.00430782 0.99982183 -0.00234800 -0.01011611 0.01576253
1778571214.658449 0.00819046 0.00922525 -0.00430019 0.99982351 -0.00241509 -0.01022107 0.01557703
1778571214.725163 0.00819557 0.00916684 -0.00414986 0.99982398 -0.00236218 -0.01025440 0.01553290
1778571214.791878 0.00863733 0.00901119 -0.00427470 0.99982152 -0.00233859 -0.01009126 0.01579948
1778571214.858593 0.00836598 0.00920381 -0.00429485 0.99982265 -0.00241722 -0.01017972 0.01565903
1778571214.925308 0.00820656 0.00922845 -0.00416583 0.99982349 -0.00239436 -0.01023785 0.01557056
1778571214.992023 0.00860341 0.00899938 -0.00426462 0.99982166 -0.00232637 -0.01011723 0.01577588
1778571215.058738 0.00822128 0.00920174 -0.00431287 0.99982305 -0.00239904 -0.01021603 0.01561248
1778571215.125452 0.00837249 0.00911985 -0.00409520 0.99982357 -0.00236207 -0.01024355 0.01556659
1778571215.192167 0.00865678 0.00897356 -0.00423840 0.99982219 -0.00231883 -0.01015369 0.01571985
1778571215.258882 0.00833462 0.00914890 -0.00432947 0.99982387 -0.00237810 -0.01019881 0.01557439
1778571215.325598 0.00846037 0.00911651 -0.00416706 0.99982387 -0.00236528 -0.01020284 0.01557385
1778571215.392313 0.00851776 0.00903599 -0.00427372 0.99982234 -0.00231044 -0.01014308 0.01571869
1778571215.459028 0.00836709 0.00909469 -0.00419016 0.99982367 -0.00237936 -0.01026365 0.01554457
1778571215.525742 0.00831281 0.00913390 -0.00402984 0.99982357 -0.00237800 -0.01030625 0.01552298
1778571215.592458 0.00847603 0.00899743 -0.00411158 0.99982219 -0.00232801 -0.01022724 0.01567096
1778571215.659173 0.00838777 0.00909331 -0.00422632 0.99982431 -0.00234824 -0.01019655 0.01555174
1778571215.725888 0.00821395 0.00917405 -0.00409604 0.99982387 -0.00238688 -0.01027685 0.01552125
1778571215.792604 0.00842300 0.00902839 -0.00412387 0.99982329 -0.00234189 -0.01025672 0.01557919
1778571215.859319 0.00854358 0.00903163 -0.00424098 0.99982421 -0.00235928 -0.01021148 0.01554704
1778571215.926034 0.00830011 0.00913934 -0.00408985 0.99982363 -0.00238783 -0.01028171 0.01553336
1778571215.992749 0.00849495 0.00898629 -0.00418454 0.99982339 -0.00232269 -0.01018938 0.01561984
1778571216.059465 0.00852404 0.00903334 -0.00432815 0.99982476 -0.00234766 -0.01016842 0.01554160
1778571216.126180 0.00825155 0.00913780 -0.00411696 0.99982408 -0.00237997 -0.01028560 0.01550336
1778571216.192895 0.00844459 0.00899912 -0.00407269 0.99982325 -0.00234266 -0.01027471 0.01556964
1778571216.259611 0.00845261 0.00902187 -0.00420545 0.99982321 -0.00235403 -0.01023499 0.01559652
1778571216.326327 0.00824262 0.00913869 -0.00401141 0.99982268 -0.00239395 -0.01032582 0.01556439
1778571216.393043 0.00836104 0.00902550 -0.00411025 0.99982343 -0.00234501 -0.01024714 0.01557601
1778571216.459758 0.00860229 0.00898781 -0.00424701 0.99982349 -0.00234981 -0.01015846 0.01562908
1778571216.526474 0.00833296 0.00911413 -0.00406286 0.99982282 -0.00239424 -0.01029622 0.01557507
1778571216.593190 0.00843450 0.00899846 -0.00401906 0.99982240 -0.00234844 -0.01029057 0.01561275
1778571216.659905 0.00863780 0.00896729 -0.00419846 0.99982328 -0.00234516 -0.01018001 0.01562924
1778571216.726621 0.00835040 0.00910873 -0.00409496 0.99982292 -0.00239672 -0.01029244 0.01557071
1778571216.793337 0.00860107 0.00894161 -0.00404761 0.99982283 -0.00233665 -0.01025034 0.01561372
1778571216.860053 0.00857081 0.00899180 -0.00422360 0.99982310 -0.00234540 -0.01022922 0.01560875
1778571216.926769 0.00824998 0.00912866 -0.00404727 0.99982268 -0.00238445 -0.01033303 0.01556144
1778571216.993485 0.00850258 0.00898799 -0.00398629 0.99982238 -0.00235232 -0.01030398 0.01560481
1778571217.060200 0.00855436 0.00899362 -0.00416612 0.99982338 -0.00234178 -0.01023239 0.01558948
1778571217.126916 0.00823997 0.00913335 -0.00413650 0.99982339 -0.00237588 -0.01027215 0.01555716
1778571217.193632 0.00840623 0.00903715 -0.00404613 0.99982449 -0.00235026 -0.01027043 0.01549122
1778571217.260346 0.00868989 0.00896792 -0.00409248 0.99982253 -0.00234403 -0.01022092 0.01565103
1778571217.327060 0.00841359 0.00909536 -0.00410896 0.99982261 -0.00237843 -0.01026413 0.01561202
1778571217.393775 0.00841453 0.00908000 -0.00398259 0.99982329 -0.00235263 -0.01030598 0.01554481
1778571217.460488 0.00851707 0.00901894 -0.00420376 0.99982325 -0.00231629 -0.01017244 0.01564075
1778571217.527202 0.00836629 0.00912733 -0.00423618 0.99982286 -0.00238329 -0.01021184 0.01562974
1778571217.593916 0.00850819 0.00906170 -0.00406623 0.99982295 -0.00235317 -0.01025882 0.01559790
1778571217.660630 0.00856516 0.00902820 -0.00427148 0.99982269 -0.00232716 -0.01017053 0.01567613
1778571217.727345 0.00844015 0.00911892 -0.00422656 0.99982252 -0.00239061 -0.01023306 0.01563622
1778571217.794057 0.00837688 0.00911392 -0.00401215 0.99982273 -0.00237349 -0.01032928 0.01556225
1778571217.860772 0.00867728 0.00895788 -0.00404326 0.99982141 -0.00234091 -0.01025344 0.01570133
1778571217.927486 0.00834888 0.00914120 -0.00412811 0.99982253 -0.00239340 -0.01029088 0.01559755
1778571217.994200 0.00826952 0.00917868 -0.00396283 0.99982269 -0.00239783 -0.01033769 0.01555558
1778571218.060914 0.00856745 0.00899531 -0.00406685 0.99982146 -0.00233954 -0.01024497 0.01570394
1778571218.127628 0.00840202 0.00912283 -0.00407978 0.99982245 -0.00239078 -0.01029544 0.01559971
1778571218.194342 0.00832207 0.00915960 -0.00390448 0.99982206 -0.00239831 -0.01034571 0.01559046
1778571218.261056 0.00857143 0.00899875 -0.00402820 0.99982136 -0.00234313 -0.01025064 0.01570601
1778571218.327769 0.00858707 0.00905942 -0.00420769 0.99982270 -0.00238879 -0.01022175 0.01563252
1778571218.394483 0.00853826 0.00910925 -0.00409573 0.99982242 -0.00240648 -0.01024604 0.01563164
1778571218.461195 0.00871276 0.00899305 -0.00420241 0.99982217 -0.00235657 -0.01018764 0.01569379
1778571218.527910 0.00861673 0.00908487 -0.00432547 0.99982206 -0.00238158 -0.01016858 0.01570912
1778571218.594624 0.00837489 0.00916343 -0.00402976 0.99982186 -0.00240696 -0.01033678 0.01560816
1778571218.661337 0.00858257 0.00903170 -0.00413292 0.99982223 -0.00234284 -0.01021825 0.01567178
1778571218.728051 0.00859509 0.00907806 -0.00424076 0.99982290 -0.00236903 -0.01020265 0.01563513
1778571218.794763 0.00843251 0.00917282 -0.00403770 0.99982059 -0.00240490 -0.01037089 0.01566685
1778571218.861478 0.00863301 0.00900018 -0.00414425 0.99982134 -0.00235192 -0.01024897 0.01570730
1778571218.928191 0.00863635 0.00905320 -0.00424792 0.99982218 -0.00239116 -0.01022175 0.01566561
1778571218.994905 0.00850947 0.00911500 -0.00408516 0.99982223 -0.00240372 -0.01027946 0.01562232
1778571219.061618 0.00862665 0.00899738 -0.00411133 0.99982252 -0.00235456 -0.01025179 0.01562953
1778571219.128332 0.00871176 0.00899334 -0.00421645 0.99982220 -0.00236278 -0.01020363 0.01568023
1778571219.195045 0.00846395 0.00910619 -0.00410275 0.99982245 -0.00242006 -0.01029898 0.01559308
1778571219.261759 0.00853457 0.00901039 -0.00410453 0.99982253 -0.00235294 -0.01026010 0.01562392
1778571219.328473 0.00858481 0.00900987 -0.00415655 0.99982222 -0.00236464 -0.01023374 0.01565942
1778571219.395188 0.00826018 0.00916926 -0.00400707 0.99982205 -0.00241420 -0.01032043 0.01560547
1778571219.461903 0.00837837 0.00906760 -0.00397126 0.99982141 -0.00235376 -0.01028563 0.01567851
1778571219.528618 0.00851925 0.00902644 -0.00416716 0.99982197 -0.00233814 -0.01018102 0.01571321
1778571219.595332 0.00830561 0.00914829 -0.00399367 0.99982166 -0.00240609 -0.01032422 0.01562931
1778571219.662047 0.00836075 0.00906730 -0.00395115 0.99982088 -0.00235236 -0.01032002 0.01568974
1778571219.728760 0.00855928 0.00898775 -0.00405989 0.99982122 -0.00235605 -0.01027277 0.01569843
1778571219.795476 0.00839037 0.00912911 -0.00393466 0.99982100 -0.00242057 -0.01034402 0.01565577
1778571219.862190 0.00863215 0.00898237 -0.00388748 0.99982189 -0.00236821 -0.01032730 0.01561810
1778571219.928905 0.00863025 0.00899304 -0.00414660 0.99982236 -0.00236390 -0.01021347 0.01566336
1778571219.995620 0.00839436 0.00912209 -0.00396277 0.99982189 -0.00241063 -0.01031003 0.01562284
1778571220.062334 0.00841777 0.00909669 -0.00391385 0.99982256 -0.00237060 -0.01029623 0.01559558
1778571220.129049 0.00865355 0.00898479 -0.00416560 0.99982247 -0.00235463 -0.01015218 0.01569787
1778571220.195763 0.00844292 0.00912718 -0.00406697 0.99982234 -0.00240828 -0.01026197 0.01562602
1778571220.262479 0.00851912 0.00907055 -0.00398192 0.99982242 -0.00236834 -0.01025241 0.01563345
1778571220.329194 0.00878601 0.00895809 -0.00415510 0.99982135 -0.00234142 -0.01014171 0.01577774
1778571220.395910 0.00847630 0.00913379 -0.00418958 0.99982231 -0.00240675 -0.01021991 0.01565573
1778571220.462626 0.00842346 0.00914110 -0.00399440 0.99982265 -0.00238940 -0.01029404 0.01558806
1778571220.529341 0.00858957 0.00901355 -0.00413190 0.99982132 -0.00232837 -0.01014886 0.01577653
1778571220.596057 0.00839543 0.00915091 -0.00403974 0.99982204 -0.00240348 -0.01029265 0.01562575
1778571220.662772 0.00835925 0.00915513 -0.00391243 0.99982226 -0.00239037 -0.01032535 0.01559224
1778571220.729487 0.00867804 0.00896308 -0.00410224 0.99982088 -0.00233465 -0.01016833 0.01579103
1778571220.796203 0.00857604 0.00907361 -0.00420172 0.99982263 -0.00240215 -0.01020248 0.01564784
1778571220.862918 0.00844503 0.00911273 -0.00408536 0.99982334 -0.00240916 -0.01026202 0.01556203
1778571220.929635 0.00871813 0.00895301 -0.00414270 0.99982202 -0.00233230 -0.01015416 0.01572809
1778571220.996350 0.00858148 0.00905965 -0.00414394 0.99982333 -0.00239771 -0.01023381 0.01558269
1778571221.063067 0.00856385 0.00905170 -0.00408530 0.99982389 -0.00239637 -0.01022078 0.01555570
1778571221.129782 0.00869169 0.00896195 -0.00411987 0.99982226 -0.00234796 -0.01018747 0.01568904
1778571221.196498 0.00838703 0.00910145 -0.00422147 0.99982391 -0.00238991 -0.01020975 0.01556252
1778571221.263212 0.00831994 0.00914156 -0.00406959 0.99982366 -0.00242120 -0.01025755 0.01554238
1778571221.329925 0.00863964 0.00896410 -0.00413446 0.99982305 -0.00234668 -0.01015708 0.01565884
1778571221.396638 0.00849046 0.00906581 -0.00418614 0.99982412 -0.00238767 -0.01020610 0.01555192
1778571221.463352 0.00832839 0.00915220 -0.00393606 0.99982304 -0.00240490 -0.01030975 0.01555040
1778571221.530066 0.00852526 0.00900397 -0.00408612 0.99982242 -0.00235650 -0.01023127 0.01564946
1778571221.596779 0.00845499 0.00908442 -0.00423025 0.99982388 -0.00238634 -0.01020225 0.01557032
1778571221.663492 0.00829275 0.00917105 -0.00399747 0.99982277 -0.00241074 -0.01028850 0.01558106
1778571221.730204 0.00847942 0.00902846 -0.00409990 0.99982274 -0.00235901 -0.01021723 0.01563743
1778571221.796919 0.00841559 0.00909745 -0.00418406 0.99982236 -0.00236897 -0.01019586 0.01567412
1778571221.863632 0.00830246 0.00917356 -0.00393478 0.99982156 -0.00241427 -0.01031418 0.01564058
1778571221.930344 0.00856572 0.00899564 -0.00409507 0.99982222 -0.00235220 -0.01019097 0.01568899
1778571221.997058 0.00856715 0.00904680 -0.00424809 0.99982250 -0.00237903 -0.01017671 0.01567629
1778571222.063771 0.00846143 0.00912230 -0.00400472 0.99982193 -0.00243906 -0.01029971 0.01562319
1778571222.130484 0.00856886 0.00900725 -0.00408446 0.99982257 -0.00236558 -0.01020819 0.01565311
1778571222.197197 0.00861962 0.00903902 -0.00426608 0.99982279 -0.00238345 -0.01016267 0.01566599
1778571222.263913 0.00844887 0.00912510 -0.00413097 0.99982314 -0.00242765 -0.01023883 0.01558699
1778571222.330627 0.00847657 0.00901776 -0.00409746 0.99982261 -0.00235309 -0.01021254 0.01564956
1778571222.397341 0.00859894 0.00900096 -0.00427173 0.99982285 -0.00234754 -0.01011060 0.01570168
1778571222.464056 0.00837116 0.00914537 -0.00408094 0.99982234 -0.00240218 -0.01026995 0.01562220
1778571222.530771 0.00847199 0.00901505 -0.00401461 0.99982171 -0.00235265 -0.01026156 0.01567499
1778571222.597485 0.00852517 0.00903136 -0.00421914 0.99982243 -0.00235801 -0.01018595 0.01567809
1778571222.664200 0.00827573 0.00916358 -0.00402989 0.99982191 -0.00240221 -0.01028592 0.01563907
1778571222.730914 0.00848075 0.00902360 -0.00396252 0.99982264 -0.00235345 -0.01028263 0.01560172
1778571222.797629 0.00879558 0.00896428 -0.00424474 0.99982157 -0.00234055 -0.01011575 0.01578054
1778571222.864343 0.00831259 0.00917939 -0.00429747 0.99982327 -0.00239833 -0.01019115 0.01561475
1778571222.931058 0.00842248 0.00906946 -0.00402813 0.99982343 -0.00236316 -0.01027294 0.01555574
1778571222.997772 0.00865667 0.00899512 -0.00426185 0.99982208 -0.00233401 -0.01010284 0.01575712
1778571223.064487 0.00849053 0.00911330 -0.00417444 0.99982264 -0.00241137 -0.01024866 0.01561562
1778571223.131200 0.00849563 0.00906937 -0.00408585 0.99982387 -0.00237171 -0.01025544 0.01553824
1778571223.197915 0.00859171 0.00901816 -0.00423802 0.99982255 -0.00234116 -0.01012390 0.01571312
1778571223.264629 0.00847011 0.00913216 -0.00418603 0.99982289 -0.00242149 -0.01021783 0.01561816
1778571223.331342 0.00848009 0.00910137 -0.00412979 0.99982388 -0.00238785 -0.01022538 0.01555456
1778571223.398056 0.00854249 0.00903570 -0.00428939 0.99982326 -0.00234127 -0.01013494 0.01566018
1778571223.464769 0.00841565 0.00913388 -0.00423602 0.99982307 -0.00240598 -0.01018597 0.01562957
1778571223.531482 0.00843304 0.00910848 -0.00407192 0.99982303 -0.00238889 -0.01023568 0.01560236
1778571223.598196 0.00875251 0.00894921 -0.00421247 0.99982198 -0.00231646 -0.01009126 0.01577386
1778571223.664909 0.00841054 0.00913342 -0.00419685 0.99982270 -0.00238203 -0.01021232 0.01563981
1778571223.731622 0.00839004 0.00913754 -0.00392754 0.99982209 -0.00238489 -0.01030059 0.01562052
1778571223.798336 0.00865108 0.00896939 -0.00407358 0.99982099 -0.00233152 -0.01019768 0.01576591
1778571223.865049 0.00848469 0.00908919 -0.00414940 0.99982213 -0.00239164 -0.01023655 0.01565859
1778571223.931762 0.00847613 0.00909238 -0.00398376 0.99982230 -0.00240400 -0.01028278 0.01561551
1778571223.998474 0.00864030 0.00897753 -0.00408402 0.99982170 -0.00234752 -0.01019895 0.01571773
1778571224.065188 0.00856192 0.00905534 -0.00412621 0.99982239 -0.00239038 -0.01021340 0.01565758
1778571224.131901 0.00852115 0.00908795 -0.00398405 0.99982224 -0.00241598 -0.01026710 0.01562784
1778571224.198614 0.00871826 0.00894685 -0.00415673 0.99982220 -0.00233508 -0.01013084 0.01573185
1778571224.265329 0.00867248 0.00901452 -0.00413659 0.99982311 -0.00238322 -0.01019771 0.01562275
1778571224.332043 0.00864949 0.00902917 -0.00401789 0.99982287 -0.00239635 -0.01022377 0.01561910
1778571224.398757 0.00866384 0.00897669 -0.00412530 0.99982244 -0.00234804 -0.01018622 0.01567872
1778571224.465472 0.00860760 0.00901638 -0.00413813 0.99982188 -0.00237265 -0.01020330 0.01569944
1778571224.532186 0.00844075 0.00907652 -0.00394259 0.99982223 -0.00240138 -0.01029708 0.01561158
1778571224.598900 0.00877843 0.00891524 -0.00408971 0.99982245 -0.00233639 -0.01015602 0.01569908
1778571224.665614 0.00873530 0.00900197 -0.00427941 0.99982265 -0.00236833 -0.01010329 0.01571575
1778571224.732328 0.00852788 0.00906329 -0.00393345 0.99982201 -0.00238119 -0.01029556 0.01562966
1778571224.799042 0.00862839 0.00894469 -0.00397084 0.99982176 -0.00234331 -0.01024846 0.01568203
1778571224.865757 0.00858595 0.00900229 -0.00416290 0.99982219 -0.00235892 -0.01019250 0.01568894
1778571224.932471 0.00841200 0.00909478 -0.00390153 0.99982179 -0.00239286 -0.01031132 0.01563120
1778571224.999184 0.00862699 0.00892069 -0.00400404 0.99982189 -0.00232608 -0.01020405 0.01570503
1778571225.065898 0.00861950 0.00897508 -0.00414716 0.99982203 -0.00235433 -0.01018845 0.01570205
1778571225.132613 0.00850179 0.00904257 -0.00393707 0.99982201 -0.00239881 -0.01030758 0.01561881
1778571225.199327 0.00865699 0.00892841 -0.00406254 0.99982273 -0.00232701 -0.01018176 0.01566634
1778571225.266042 0.00862498 0.00897289 -0.00418732 0.99982312 -0.00234643 -0.01016879 0.01564682
1778571225.332755 0.00844031 0.00905389 -0.00395358 0.99982258 -0.00239518 -0.01030175 0.01558690
1778571225.399470 0.00863934 0.00894099 -0.00406966 0.99982325 -0.00232853 -0.01017853 0.01563462
1778571225.466184 0.00888053 0.00893528 -0.00413244 0.99982252 -0.00235793 -0.01016113 0.01568811
1778571225.532897 0.00857333 0.00905310 -0.00401435 0.99982346 -0.00240966 -0.01026934 0.01554910
1778571225.599612 0.00848902 0.00898940 -0.00404133 0.99982351 -0.00234547 -0.01022842 0.01558272
1778571225.666327 0.00868784 0.00893831 -0.00416742 0.99982343 -0.00233303 -0.01014000 0.01564735
1778571225.733041 0.00861122 0.00902902 -0.00412178 0.99982436 -0.00239215 -0.01019416 0.01554391
1778571225.799755 0.00859759 0.00897698 -0.00405351 0.99982362 -0.00234778 -0.01022347 0.01557893
1778571225.866469 0.00870549 0.00893136 -0.00416275 0.99982530 -0.00231796 -0.01015336 0.01552093
1778571225.933182 0.00856315 0.00903079 -0.00418069 0.99982562 -0.00238035 -0.01016722 0.01548203
1778571225.999897 0.00862569 0.00897951 -0.00408433 0.99982387 -0.00235246 -0.01018024 0.01559025
1778571226.066611 0.00866274 0.00894598 -0.00416840 0.99982334 -0.00231725 -0.01013093 0.01566162
1778571226.133326 0.00853792 0.00903483 -0.00410677 0.99982478 -0.00237868 -0.01021088 0.01550756
1778571226.200040 0.00858535 0.00899877 -0.00407681 0.99982573 -0.00235032 -0.01021408 0.01544840
1778571226.266755 0.00865066 0.00893842 -0.00417322 0.99982391 -0.00231354 -0.01013105 0.01562570
1778571226.333470 0.00853541 0.00903775 -0.00409338 0.99982464 -0.00238691 -0.01022439 0.01550656
1778571226.400186 0.00845490 0.00904541 -0.00412143 0.99982594 -0.00235710 -0.01020479 0.01544009
1778571226.466901 0.00863999 0.00897020 -0.00423135 0.99982512 -0.00233086 -0.01012488 0.01554967
1778571226.533616 0.00848263 0.00906918 -0.00426069 0.99982550 -0.00237929 -0.01015393 0.01549864
1778571226.600330 0.00854584 0.00903966 -0.00409419 0.99982524 -0.00236866 -0.01020126 0.01548589
1778571226.667047 0.00848859 0.00903036 -0.00428741 0.99982512 -0.00233523 -0.01012451 0.01554890
1778571226.733762 0.00838734 0.00910355 -0.00427513 0.99982532 -0.00238457 -0.01015635 0.01550790
1778571226.800477 0.00838771 0.00908291 -0.00410524 0.99982480 -0.00237345 -0.01020836 0.01550858
1778571226.867193 0.00856211 0.00897134 -0.00419140 0.99982436 -0.00231600 -0.01010748 0.01561181
1778571226.933908 0.00826791 0.00912608 -0.00418715 0.99982492 -0.00238488 -0.01021666 0.01549382
1778571227.000623 0.00822344 0.00912496 -0.00398016 0.99982425 -0.00238481 -0.01028886 0.01548952
1778571227.067338 0.00836164 0.00902401 -0.00423379 0.99982506 -0.00232296 -0.01011396 0.01556137
1778571227.134054 0.00840590 0.00906811 -0.00427527 0.99982555 -0.00235755 -0.01012286 0.01551907
1778571227.200769 0.00837264 0.00909453 -0.00412637 0.99982470 -0.00238313 -0.01018809 0.01552745
1778571227.267485 0.00845789 0.00904415 -0.00425801 0.99982439 -0.00234812 -0.01016256 0.01556941
1778571227.334200 0.00830260 0.00911271 -0.00426956 0.99982367 -0.00237565 -0.01016398 0.01561042
1778571227.400915 0.00814151 0.00916577 -0.00397502 0.99982323 -0.00240511 -0.01029543 0.01554790
1778571227.467630 0.00832623 0.00901554 -0.00415096 0.99982382 -0.00232002 -0.01015197 0.01561674
1778571227.534345 0.00844426 0.00904269 -0.00422539 0.99982302 -0.00235817 -0.01013720 0.01567168
1778571227.601061 0.00819792 0.00914761 -0.00403534 0.99982309 -0.00240052 -0.01028831 0.01556206
1778571227.667776 0.00834261 0.00902747 -0.00419708 0.99982369 -0.00232530 -0.01015449 0.01562280
1778571227.734491 0.00846822 0.00903432 -0.00426958 0.99982344 -0.00235001 -0.01012122 0.01565631
1778571227.801205 0.00828385 0.00912461 -0.00404090 0.99982328 -0.00239865 -0.01027962 0.01555597
1778571227.867921 0.00844793 0.00900172 -0.00415463 0.99982337 -0.00232592 -0.01017286 0.01563131
1778571227.934637 0.00857842 0.00900418 -0.00423829 0.99982474 -0.00233742 -0.01014947 0.01555674
1778571228.001351 0.00840415 0.00907678 -0.00413008 0.99982414 -0.00237860 -0.01021898 0.01554369
1778571228.068068 0.00862412 0.00898288 -0.00421536 0.99982369 -0.00233494 -0.01017369 0.01560872
1778571228.134783 0.00854477 0.00903357 -0.00434176 0.99982412 -0.00234696 -0.01011395 0.01561808
1778571228.201498 0.00840692 0.00909690 -0.00413920 0.99982419 -0.00239402 -0.01021618 0.01553985
1778571228.268213 0.00859530 0.00897427 -0.00413494 0.99982372 -0.00233126 -0.01017660 0.01560562
1778571228.334927 0.00863845 0.00898324 -0.00422333 0.99982393 -0.00234208 -0.01014171 0.01561291
1778571228.401643 0.00844081 0.00908544 -0.00402803 0.99982334 -0.00240533 -0.01030037 0.01553695
1778571228.468358 0.00852860 0.00897908 -0.00409284 0.99982344 -0.00233112 -0.01020048 0.01560798
1778571228.535073 0.00854870 0.00901717 -0.00419175 0.99982388 -0.00235234 -0.01018438 0.01558688
1778571228.601787 0.00842937 0.00907985 -0.00410512 0.99982403 -0.00238995 -0.01022352 0.01554621
1778571228.668502 0.00860678 0.00897929 -0.00415702 0.99982397 -0.00233324 -0.01015098 0.01560561
1778571228.735217 0.00855530 0.00902341 -0.00422797 0.99982384 -0.00235235 -0.01016975 0.01559908
1778571228.801932 0.00835084 0.00912368 -0.00405669 0.99982349 -0.00240942 -0.01027637 0.01554263
1778571228.868645 0.00856089 0.00900959 -0.00401370 0.99982301 -0.00235996 -0.01023570 0.01560771
1778571228.935361 0.00880354 0.00896758 -0.00424598 0.99982384 -0.00234962 -0.01011458 0.01563559
1778571229.002076 0.00863689 0.00906299 -0.00425678 0.99982511 -0.00239585 -0.01013842 0.01553133
1778571229.068791 0.00872536 0.00899922 -0.00421376 0.99982442 -0.00236316 -0.01013421 0.01558357
1778571229.135505 0.00862331 0.00902407 -0.00440853 0.99982490 -0.00233874 -0.01005707 0.01560647
1778571229.202220 0.00833114 0.00914073 -0.00418356 0.99982479 -0.00240995 -0.01021983 0.01549647
1778571229.268936 0.00847579 0.00904116 -0.00402248 0.99982527 -0.00235351 -0.01024477 0.01545754
1778571229.335652 0.00869297 0.00895432 -0.00421454 0.99982389 -0.00231711 -0.01007781 0.01566049
1778571229.402367 0.00845794 0.00908977 -0.00410954 0.99982428 -0.00239327 -0.01025023 0.01551161
1778571229.469083 0.00843394 0.00905768 -0.00402544 0.99982512 -0.00235962 -0.01025571 0.01545873
1778571229.535799 0.00854832 0.00899481 -0.00414854 0.99982329 -0.00232961 -0.01014846 0.01565182
1778571229.602515 0.00832911 0.00912771 -0.00411279 0.99982404 -0.00239950 -0.01023222 0.01553819
1778571229.669231 0.00839896 0.00907101 -0.00403268 0.99982485 -0.00236128 -0.01023592 0.01548948
1778571229.735946 0.00853965 0.00899189 -0.00416038 0.99982310 -0.00232152 -0.01013557 0.01567351
1778571229.802662 0.00834805 0.00912124 -0.00414036 0.99982400 -0.00239482 -0.01020744 0.01555770
1778571229.869378 0.00841456 0.00908468 -0.00406976 0.99982457 -0.00237287 -0.01022179 0.01551500
1778571229.936094 0.00858175 0.00899752 -0.00416825 0.99982274 -0.00233554 -0.01012760 0.01569925
1778571230.002809 0.00835633 0.00913030 -0.00417118 0.99982387 -0.00239484 -0.01019454 0.01557478
1778571230.069526 0.00834787 0.00912478 -0.00411170 0.99982464 -0.00238001 -0.01020834 0.01551795
1778571230.136242 0.00865752 0.00899113 -0.00427253 0.99982356 -0.00231993 -0.01004923 0.01569986
1778571230.202958 0.00839132 0.00914549 -0.00427467 0.99982427 -0.00239724 -0.01017085 0.01556392
1778571230.269674 0.00837551 0.00912362 -0.00410284 0.99982440 -0.00238982 -0.01021192 0.01553007
1778571230.336389 0.00859580 0.00899579 -0.00427184 0.99982269 -0.00232625 -0.01005246 0.01575227
1778571230.403106 0.00839006 0.00913003 -0.00421880 0.99982380 -0.00239943 -0.01017511 0.01559115
1778571230.469821 0.00836553 0.00911399 -0.00406200 0.99982404 -0.00238701 -0.01022126 0.01554726
1778571230.536539 0.00870338 0.00898098 -0.00419781 0.99982259 -0.00234135 -0.01011151 0.01571810
1778571230.603255 0.00852698 0.00909831 -0.00423234 0.99982414 -0.00240043 -0.01015163 0.01558414
1778571230.669971 0.00837646 0.00912021 -0.00406593 0.99982414 -0.00239550 -0.01021678 0.01554219
1778571230.736687 0.00850236 0.00900750 -0.00417379 0.99982239 -0.00232859 -0.01011612 0.01572986
1778571230.803403 0.00835280 0.00910274 -0.00415874 0.99982371 -0.00237958 -0.01018133 0.01559560
1778571230.870120 0.00829867 0.00912288 -0.00402794 0.99982376 -0.00238948 -0.01022634 0.01556148
1778571230.936836 0.00851640 0.00897688 -0.00409136 0.99982185 -0.00231933 -0.01014768 0.01574512
1778571231.003552 0.00843687 0.00905733 -0.00407917 0.99982318 -0.00236775 -0.01022030 0.01560615
1778571231.070268 0.00835071 0.00909507 -0.00395131 0.99982315 -0.00239157 -0.01026738 0.01557347
1778571231.136985 0.00853051 0.00898942 -0.00418465 0.99982272 -0.00232969 -0.01011362 0.01571035
1778571231.203701 0.00850730 0.00905568 -0.00414909 0.99982352 -0.00237632 -0.01018369 0.01560680
1778571231.270416 0.00840140 0.00909676 -0.00392492 0.99982267 -0.00239905 -0.01027758 0.01559606
1778571231.337131 0.00857747 0.00897844 -0.00415399 0.99982252 -0.00232974 -0.01012641 0.01571475
1778571231.403846 0.00858486 0.00903453 -0.00424692 0.99982363 -0.00236503 -0.01012685 0.01563839
1778571231.470561 0.00859767 0.00903187 -0.00408031 0.99982318 -0.00238029 -0.01018548 0.01562693
1778571231.537276 0.00853852 0.00900227 -0.00416102 0.99982306 -0.00234100 -0.01016584 0.01565314
1778571231.603991 0.00852458 0.00903193 -0.00419913 0.99982385 -0.00235060 -0.01015325 0.01560934
1778571231.670706 0.00838058 0.00910314 -0.00404416 0.99982296 -0.00239439 -0.01025296 0.01559455
1778571231.737420 0.00850419 0.00898726 -0.00404077 0.99982162 -0.00233363 -0.01020362 0.01572146
1778571231.804136 0.00842999 0.00905284 -0.00409927 0.99982365 -0.00235514 -0.01021819 0.01557908
1778571231.870850 0.00831308 0.00911703 -0.00398133 0.99982325 -0.00239625 -0.01026541 0.01556769
1778571231.937564 0.00849595 0.00900198 -0.00415193 0.99982292 -0.00233373 -0.01013973 0.01568002
1778571232.004280 0.00851229 0.00903954 -0.00429334 0.99982285 -0.00235727 -0.01009246 0.01571160
1778571232.070995 0.00852201 0.00904956 -0.00405712 0.99982258 -0.00238550 -0.01021634 0.01564433
1778571232.137710 0.00852317 0.00900109 -0.00421104 0.99982339 -0.00232891 -0.01014366 0.01564858
1778571232.204425 0.00834560 0.00907284 -0.00425287 0.99982311 -0.00235093 -0.01017653 0.01564140
1778571232.271141 0.00825558 0.00913691 -0.00397359 0.99982238 -0.00240472 -0.01031201 0.01559138
1778571232.337856 0.00844042 0.00900860 -0.00414077 0.99982315 -0.00232779 -0.01016048 0.01565275
1778571232.404572 0.00843885 0.00903989 -0.00418632 0.99982295 -0.00235288 -0.01017689 0.01565103
1778571232.471287 0.00825794 0.00911514 -0.00393328 0.99982251 -0.00239563 -0.01031640 0.01558116
1778571232.538003 0.00844349 0.00898370 -0.00406316 0.99982433 -0.00230986 -0.01019901 0.01555464
1778571232.604718 0.00838789 0.00903870 -0.00416828 0.99982330 -0.00234651 -0.01018235 0.01562633
1778571232.671434 0.00828342 0.00910411 -0.00390460 0.99982200 -0.00239836 -0.01032726 0.01560665
1778571232.738150 0.00845573 0.00897213 -0.00405798 0.99982283 -0.00231513 -0.01019446 0.01565335
1778571232.804865 0.00855178 0.00897725 -0.00418850 0.99982284 -0.00232784 -0.01014313 0.01568392
1778571232.871580 0.00829667 0.00911079 -0.00400355 0.99982286 -0.00240301 -0.01029418 0.01557283
1778571232.938297 0.00837773 0.00900573 -0.00398418 0.99982243 -0.00233585 -0.01027114 0.01562563
1778571233.005012 0.00856367 0.00896249 -0.00413377 0.99982274 -0.00232670 -0.01017195 0.01567157
1778571233.071728 0.00843615 0.00905578 -0.00406725 0.99982332 -0.00237890 -0.01024118 0.01558146
1778571233.138443 0.00841792 0.00899863 -0.00403490 0.99982330 -0.00233608 -0.01025111 0.01558292
1778571233.205160 0.00845009 0.00900243 -0.00417876 0.99982334 -0.00232897 -0.01017008 0.01563432
1778571233.271875 0.00834979 0.00911563 -0.00413961 0.99982380 -0.00239715 -0.01021750 0.01556353
1778571233.338589 0.00851451 0.00899394 -0.00412556 0.99982333 -0.00232907 -0.01018519 0.01562505
1778571233.405305 0.00852745 0.00899738 -0.00423658 0.99982342 -0.00232572 -0.01014556 0.01564567
1778571233.472020 0.00843100 0.00907201 -0.00407668 0.99982348 -0.00238635 -0.01024088 0.01557037
1778571233.538735 0.00850111 0.00898933 -0.00410716 0.99982340 -0.00232690 -0.01018736 0.01561977
1778571233.605450 0.00850530 0.00899845 -0.00422238 0.99982366 -0.00232715 -0.01014962 0.01562758
1778571233.672165 0.00844765 0.00907460 -0.00407197 0.99982406 -0.00239118 -0.01023413 0.01553703
1778571233.738880 0.00861106 0.00896085 -0.00406769 0.99982243 -0.00232450 -0.01018119 0.01568566
1778571233.805595 0.00865580 0.00896869 -0.00418114 0.99982250 -0.00232086 -0.01014307 0.01570697
1778571233.872311 0.00841687 0.00908986 -0.00412370 0.99982408 -0.00238167 -0.01023686 0.01553555
1778571233.939025 0.00871880 0.00897819 -0.00416416 0.99982406 -0.00234400 -0.01017177 0.01558468
1778571234.005741 0.00880727 0.00897791 -0.00424629 0.99982352 -0.00234061 -0.01014600 0.01563706
1778571234.072456 0.00844229 0.00910453 -0.00410180 0.99982450 -0.00240521 -0.01024882 0.01549650
1778571234.139171 0.00856558 0.00898239 -0.00393874 0.99982409 -0.00233195 -0.01024428 0.01553730
1778571234.205886 0.00866969 0.00895369 -0.00413871 0.99982328 -0.00232168 -0.01012095 0.01567095
1778571234.272601 0.00856430 0.00904806 -0.00412191 0.99982373 -0.00238786 -0.01021785 0.01556951
1778571234.339315 0.00856183 0.00898784 -0.00404180 0.99982273 -0.00233301 -0.01022743 0.01563553
1778571234.406030 0.00864496 0.00896231 -0.00412876 0.99982207 -0.00232203 -0.01016077 0.01572215
1778571234.472744 0.00845719 0.00909182 -0.00418580 0.99982428 -0.00239420 -0.01019787 0.01554625
1778571234.539459 0.00867561 0.00895468 -0.00409939 0.99982277 -0.00232450 -0.01015527 0.01568120
1778571234.606174 0.00861073 0.00899184 -0.00426110 0.99982294 -0.00232163 -0.01011424 0.01569701
1778571234.672889 0.00842086 0.00910437 -0.00420978 0.99982485 -0.00238955 -0.01019704 0.01551070
1778571234.739602 0.00850439 0.00903377 -0.00424705 0.99982467 -0.00233689 -0.01013221 0.01557237
1778571234.806318 0.00861400 0.00900084 -0.00430337 0.99982353 -0.00231948 -0.01007968 0.01568203
1778571234.873033 0.00838019 0.00912742 -0.00416762 0.99982462 -0.00239444 -0.01022995 0.01550297
1778571234.939747 0.00861886 0.00899283 -0.00410824 0.99982281 -0.00233656 -0.01014791 0.01568123
1778571235.006462 0.00876527 0.00896084 -0.00424294 0.99982287 -0.00232357 -0.01008182 0.01572191
1778571235.073175 0.00851045 0.00910174 -0.00420738 0.99982496 -0.00239989 -0.01019454 0.01550354
1778571235.139891 0.00862604 0.00900996 -0.00404843 0.99982451 -0.00234544 -0.01020052 0.01553682
1778571235.206606 0.00867356 0.00897984 -0.00424683 0.99982338 -0.00232323 -0.01008985 0.01568439
1778571235.273321 0.00851534 0.00909397 -0.00430560 0.99982462 -0.00238735 -0.01013729 0.01556458
1778571235.340036 0.00865136 0.00900943 -0.00421407 0.99982462 -0.00233629 -0.01012843 0.01557829
1778571235.406751 0.00860816 0.00901532 -0.00426143 0.99982340 -0.00233226 -0.01012919 0.01565669
1778571235.473465 0.00845319 0.00912087 -0.00416869 0.99982432 -0.00240982 -0.01022006 0.01552628
1778571235.540181 0.00847077 0.00907140 -0.00414510 0.99982533 -0.00235947 -0.01021030 0.01547528
1778571235.606896 0.00858576 0.00902240 -0.00434819 0.99982359 -0.00232721 -0.01006234 0.01568853
1778571235.673612 0.00848297 0.00912713 -0.00435096 0.99982461 -0.00240228 -0.01012844 0.01556915
1778571235.740326 0.00863561 0.00904468 -0.00424354 0.99982547 -0.00235662 -0.01013682 0.01551533
1778571235.807042 0.00880463 0.00902202 -0.00444724 0.99982381 -0.00234809 -0.01002350 0.01569622
1778571235.873756 0.00857133 0.00913791 -0.00449424 0.99982578 -0.00240999 -0.01006216 0.01553551
1778571235.940471 0.00864054 0.00907226 -0.00433397 0.99982651 -0.00237168 -0.01009253 0.01547459
1778571236.007188 0.00877258 0.00900765 -0.00442209 0.99982480 -0.00233212 -0.00999962 0.01565045
1778571236.073902 0.00844311 0.00913027 -0.00428484 0.99982519 -0.00239981 -0.01017115 0.01550397
1778571236.140618 0.00845376 0.00910154 -0.00415919 0.99982568 -0.00237187 -0.01020504 0.01545422
1778571236.207333 0.00874060 0.00900030 -0.00432820 0.99982383 -0.00233424 -0.01003812 0.01568728
1778571236.274049 0.00861127 0.00909910 -0.00436423 0.99982487 -0.00240089 -0.01010856 0.01556512
1778571236.340765 0.00864961 0.00904629 -0.00412676 0.99982457 -0.00236583 -0.01018530 0.01554011
1778571236.407483 0.00884858 0.00899527 -0.00428554 0.99982283 -0.00233699 -0.01004982 0.01574329
1778571236.474200 0.00876760 0.00910068 -0.00438788 0.99982428 -0.00240854 -0.01006378 0.01563098
1778571236.540916 0.00872835 0.00908486 -0.00431053 0.99982537 -0.00238990 -0.01009626 0.01554288
1778571236.607633 0.00872187 0.00902829 -0.00435170 0.99982397 -0.00234641 -0.01006793 0.01565781
1778571236.674350 0.00850090 0.00912890 -0.00426763 0.99982418 -0.00240853 -0.01017329 0.01556654
1778571236.741067 0.00854750 0.00910073 -0.00417068 0.99982517 -0.00239102 -0.01018123 0.01550037
1778571236.807784 0.00873663 0.00902580 -0.00436772 0.99982351 -0.00234282 -0.01003270 0.01571031
1778571236.874501 0.00849878 0.00915481 -0.00434701 0.99982432 -0.00241450 -0.01015015 0.01557185
1778571236.941217 0.00856935 0.00909605 -0.00427960 0.99982502 -0.00237954 -0.01011191 0.01555684
1778571237.007935 0.00861426 0.00907392 -0.00438959 0.99982427 -0.00236042 -0.01007451 0.01563212
1778571237.074652 0.00842877 0.00916239 -0.00431381 0.99982369 -0.00241142 -0.01016461 0.01560324
1778571237.141369 0.00835808 0.00918561 -0.00411074 0.99982423 -0.00238291 -0.01020163 0.01554834
1778571237.208086 0.00878523 0.00900609 -0.00424465 0.99982153 -0.00234423 -0.01008371 0.01580272
1778571237.274801 0.00854398 0.00913862 -0.00439710 0.99982319 -0.00238277 -0.01011315 0.01567281
1778571237.341515 0.00846503 0.00915192 -0.00411327 0.99982362 -0.00237351 -0.01022230 0.01557534
1778571237.408230 0.00860022 0.00906542 -0.00419749 0.99982134 -0.00233018 -0.01014936 0.01577466
1778571237.474945 0.00841298 0.00915827 -0.00424244 0.99982223 -0.00237502 -0.01017132 0.01569753
1778571237.541659 0.00837414 0.00915644 -0.00408664 0.99982295 -0.00236637 -0.01023372 0.01561206
1778571237.608374 0.00861489 0.00902489 -0.00416044 0.99982111 -0.00233598 -0.01016502 0.01577854
1778571237.675087 0.00853836 0.00910597 -0.00429323 0.99982212 -0.00238548 -0.01016041 0.01570994
1778571237.741803 0.00863900 0.00908410 -0.00420010 0.99982318 -0.00236718 -0.01013864 0.01565920
1778571237.808518 0.00852465 0.00908661 -0.00432769 0.99982204 -0.00234456 -0.01009097 0.01576579
1778571237.875232 0.00835891 0.00914138 -0.00417348 0.99982233 -0.00239005 -0.01019877 0.01567088
1778571237.941947 0.00863283 0.00903548 -0.00402537 0.99982101 -0.00236679 -0.01018850 0.01576500
1778571238.008661 0.00856613 0.00902482 -0.00424326 0.99982072 -0.00233019 -0.01011064 0.01583888
1778571238.075376 0.00846900 0.00911483 -0.00427293 0.99982250 -0.00238790 -0.01016581 0.01568180
1778571238.142089 0.00851279 0.00908950 -0.00418537 0.99982333 -0.00237216 -0.01017385 0.01562599
1778571238.208805 0.00856867 0.00903439 -0.00427476 0.99982225 -0.00232462 -0.01010520 0.01574662
1778571238.275519 0.00845390 0.00911891 -0.00428925 0.99982290 -0.00237985 -0.01015797 0.01566300
1778571238.342235 0.00843484 0.00910600 -0.00422860 0.99982354 -0.00236665 -0.01014887 0.01562951
1778571238.408950 0.00848117 0.00904691 -0.00426761 0.99982221 -0.00232566 -0.01010214 0.01575064
1778571238.475665 0.00840006 0.00912277 -0.00423776 0.99982292 -0.00237907 -0.01017682 0.01564952
1778571238.542381 0.00839522 0.00911808 -0.00418300 0.99982364 -0.00236856 -0.01018625 0.01559876
1778571238.609096 0.00856738 0.00905362 -0.00423809 0.99982184 -0.00234014 -0.01010251 0.01577200
1778571238.675811 0.00833449 0.00917581 -0.00431226 0.99982278 -0.00239513 -0.01013740 0.01568124
1778571238.742526 0.00841725 0.00912903 -0.00416208 0.99982344 -0.00238481 -0.01016509 0.01562306
1778571238.809241 0.00848640 0.00905724 -0.00426263 0.99982193 -0.00233264 -0.01009346 0.01577333
1778571238.875956 0.00839342 0.00914035 -0.00425370 0.99982266 -0.00238999 -0.01016066 0.01567479
1778571238.942672 0.00842214 0.00913271 -0.00411973 0.99982260 -0.00239592 -0.01020492 0.01564889
1778571239.009387 0.00856066 0.00904839 -0.00419214 0.99982132 -0.00235158 -0.01013638 0.01578130
1778571239.076102 0.00842223 0.00914119 -0.00417168 0.99982170 -0.00240686 -0.01020021 0.01570797
1778571239.142817 0.00834334 0.00914445 -0.00407355 0.99982252 -0.00239140 -0.01021562 0.01564750
1778571239.209532 0.00847425 0.00906229 -0.00421659 0.99982116 -0.00235084 -0.01010565 0.01581105
1778571239.276247 0.00839513 0.00914437 -0.00417917 0.99982183 -0.00240321 -0.01019846 0.01570107
1778571239.342962 0.00837745 0.00914222 -0.00401078 0.99982220 -0.00240552 -0.01025406 0.01564060
1778571239.409677 0.00853803 0.00902113 -0.00409420 0.99982051 -0.00234617 -0.01015113 0.01582401
1778656344.221597 -127067.24563767 -121110.03940149 -5931343.42491067 0.22099402 -0.82961228 -0.08028975 0.50641748
1778656344.288319 -127038.68181613 -120999.05915254 -5932215.83070911 -0.30249848 0.86413031 0.10959500 -0.38699150
1778656344.355041 -127086.58414496 -121003.57585726 -5933079.41172475 -0.28138877 0.85604203 0.10478344 -0.42075270
1778656344.421763 -127148.42860368 -121041.30823965 -5933940.73983017 0.23533449 -0.83092923 -0.05808424 0.50079987
1778656344.488486 -127133.00089528 -120950.89070217 -5934816.45400444 -0.30109519 0.86425509 0.12200762 -0.38408197
1778656344.555208 -127222.23644715 -121032.88935651 -5935678.73283479 0.22763559 -0.83136840 -0.07625320 0.50119265
1778656344.621931 -127195.98788068 -120926.52333986 -5936552.66308265 -0.30673806 0.86541702 0.10302605 -0.38255820
1778656344.688654 -127246.63377621 -120932.04149501 -5937415.07789549 -0.27952603 0.85504479 0.10203035 -0.42468036
1778656344.755377 -127310.67550184 -120974.75357328 -5938276.27137054 0.23193625 -0.82825940 -0.05232760 0.50739903
1778656344.822100 -127291.43652867 -120876.21268804 -5939153.19077575 -0.30236386 0.86477279 0.12208443 -0.38188940
1778656344.888824 -127383.56215067 -120965.81958043 -5940016.44328072 -0.23044868 0.83290052 0.07757690 -0.49714379
1778656344.955547 -127355.18838244 -120851.73507551 -5940889.88915706 -0.30780910 0.86593563 0.10438827 -0.38014752
1778656345.022271 -127406.42889528 -120857.51454235 -5941752.76689100 -0.28134928 0.85607513 0.10514641 -0.42062120
1778656345.088995 -127471.50264175 -120906.07521291 -5942614.11856123 0.23518433 -0.82798792 -0.04426456 0.50711437
1778656345.155711 -127450.90373848 -120803.32366881 -5943492.02544113 -0.30561402 0.86582817 0.11778809 -0.37824280
1778656345.222428 -127543.47375138 -120895.22628102 -5944355.17759267 -0.23380348 0.83345579 0.07267201 -0.49538486
1778656345.289144 -127514.89143085 -120778.48426611 -5945229.42834025 -0.31044289 0.86680676 0.10158565 -0.37676466
1778656345.355861 -127563.94448299 -120781.62688129 -5946093.41945257 -0.28979259 0.85941257 0.10486194 -0.40796356
1778656345.422577 -127632.15666304 -120837.45939576 -5946954.31437816 0.24009392 -0.82882865 -0.03802349 0.50393670
1778656345.489294 -127610.54845970 -120732.33746157 -5947833.48406026 -0.31053462 0.86723573 0.10770437 -0.37399225
1778656345.556010 -127703.89201083 -120828.79233083 -5948695.57983801 -0.23722879 0.83204303 0.05795305 -0.49806460
1778656345.622727 -127674.29216576 -120706.72096092 -5949571.81856587 -0.31443790 0.86780109 0.09370948 -0.37318710
1778656345.689444 -127731.90118731 -120721.48087402 -5950433.01780317 -0.27999575 0.85401682 0.08898259 -0.42934804
1778656345.756160 -127793.10297599 -120766.68620192 -5951295.25073628 0.24555933 -0.82934672 -0.02976105 0.50099792
1778656345.822877 -127771.59613626 -120657.54888776 -5952175.05784517 -0.31019188 0.86735515 0.11428888 -0.37204044
1778656345.889594 -127866.68677368 -120757.49554833 -5953038.58454695 -0.24029277 0.83528928 0.06711067 -0.48994629
1778656345.956310 -127837.12816388 -120634.56355322 -5953914.17944072 -0.31605545 0.86850858 0.09588113 -0.36960603
1778656346.023027 -127893.17023476 -120644.74980584 -5954775.53956022 -0.28035970 0.85485652 0.09729672 -0.42561969
1778656346.089743 -127958.98355002 -120700.74085220 -5955637.11573071 0.23969227 -0.82547680 -0.02522198 0.51039154
1778656346.156459 -127934.17990363 -120586.64315200 -5956519.21622262 -0.31364655 0.86832254 0.10924220 -0.36838560
1778656346.223175 -128029.90207453 -120690.11825205 -5957382.47295070 -0.24271605 0.83518920 0.06113414 -0.48970455
1778656346.289890 -127999.81290971 -120563.38425610 -5958259.18184607 -0.31887709 0.86920829 0.09219960 -0.36646088
1778656346.356606 -128053.79397863 -120569.10952009 -5959121.50239500 -0.28775447 0.85820188 0.10163170 -0.41274434
1778656346.423322 -128121.63270806 -120631.47745458 -5959983.84165079 -0.24990859 0.83010375 0.02446803 -0.49787024
1778656346.490037 -128097.45887864 -120516.62100704 -5960865.80545534 -0.31784444 0.86971482 0.10324628 -0.36319589
1778656346.556753 -128192.93749785 -120621.72705697 -5961728.78529884 -0.24702088 0.83553279 0.05448672 -0.48774670
1778656346.623468 -128162.90945655 -120492.21637631 -5962606.41463824 -0.32165567 0.87015690 0.08846750 -0.36268183
1778656346.690184 -128225.26112368 -120512.71630967 -5963466.10168246 -0.27776897 0.85201781 0.08148719 -0.43619937
1778656346.756900 -128285.06089887 -120557.49498521 -5964329.05420666 0.24777461 -0.82792848 -0.02147123 0.50267401
1778656346.823615 -128262.26360174 -120443.11887625 -5965212.29960727 -0.31645619 0.86957513 0.11273467 -0.36191913
1778656346.890331 -128358.66408392 -120549.68818717 -5966076.05365649 -0.24713541 0.83716752 0.06306767 -0.48383582
1778656346.957046 -128329.34938192 -120422.56944600 -5966954.07689595 -0.32357914 0.87095558 0.09033178 -0.35857089
1778656347.023762 -128384.60151392 -120427.73208901 -5967815.49049879 -0.28593958 0.85722719 0.10248048 -0.41580988
1778656347.090477 -128448.13671373 -120472.12656432 -5968678.69307877 -0.24753221 0.83429303 0.04984501 -0.49010042
1778656347.157192 -128486.90427845 -120478.73525207 -5969543.45090008 0.24103525 -0.81725826 0.00354790 0.52342942
1778656347.223906 -128461.57817390 -120365.82581549 -5970432.09289453 -0.31323614 0.86818211 0.10355118 -0.37070216
1778656347.290620 -128525.00768476 -120378.12057225 -5971300.72242655 -0.29605806 0.86204991 0.18181280 -0.36900363
1778656347.357334 -128573.32151605 -120395.37104559 -5972159.90654745 -0.24213630 0.83139895 0.04724925 -0.49790893
1778656347.424049 -128572.35244882 -120327.42551820 -5973040.02692906 -0.32453061 0.87296651 0.12134742 -0.34334263
1778656347.490763 -128645.14503037 -120389.82681591 -5973899.67569920 -0.25233964 0.83032539 0.02376775 -0.49630591
1778656347.557477 -128634.17082919 -120310.10353799 -5974787.05507668 -0.33584895 0.87469130 0.07301430 -0.34174482
1778656347.624191 -128691.65197732 -120313.39559206 -5975651.10611347 -0.29162404 0.86094827 0.12192220 -0.39857054
1778656347.690905 -128748.96134521 -120348.73945187 -5976514.15928467 -0.24837993 0.83366684 0.04454558 -0.49124607
1778656347.757619 -128784.55369408 -120345.50378833 -5977379.42076062 0.24276423 -0.81610674 0.01009180 0.52434100
1778656347.824333 -128769.42969131 -120234.81512805 -5978261.48399773 -0.30742892 0.86663116 0.15592854 -0.36072730
1778656347.891047 -128833.91721092 -120256.36944176 -5979128.17206173 -0.28528065 0.85938959 0.15646550 -0.39444014
1778656347.957761 -128884.19132648 -120283.16187725 -5979991.54576829 0.24016842 -0.83005730 -0.04400980 0.50138523
1778656348.024475 -128868.70041350 -120188.12304845 -5980875.03609614 -0.31565500 0.86961570 0.15084789 -0.34838968
1778656348.091189 -128955.65948771 -120273.76482573 -5981735.02737425 0.24477333 -0.82967325 -0.03348591 0.50060664
1778656348.157904 -128937.84445006 -120181.98132445 -5982623.65262378 -0.33904523 0.87663972 0.08030983 -0.33181541
1778656348.224619 -128998.34482783 -120192.91085827 -5983489.24361263 -0.29914935 0.86409296 0.12143029 -0.38614467
1778656348.291334 -129056.39496649 -120230.87379534 -5984351.48986186 -0.24809021 0.83129681 0.03423045 -0.49621077
1778656348.358049 -129041.82610081 -120127.87484426 -5985232.67045328 -0.32493016 0.87307626 0.12333784 -0.34197371
1778656348.424764 -129134.96498351 -120231.36733112 -5986098.75943950 -0.25016391 0.84095858 0.07701712 -0.47357686
1778656348.491479 -129107.74532281 -120103.86639383 -5986978.12559718 -0.33076989 0.87435183 0.09739813 -0.34148756
1778656348.558194 -129173.84028548 -120119.10125222 -5987844.23373568 -0.29046539 0.86136807 0.14846264 -0.38940177
1778656348.624909 -129238.96721234 -120178.15562849 -5988710.78065456 -0.24947883 0.84200459 0.08532327 -0.47064693
1778656348.691623 -129210.42006088 -120050.23558167 -5989589.43947186 -0.32566358 0.87317785 0.12947505 -0.33873277
1778656348.758338 -129311.54853506 -120168.91168463 -5990455.02069768 -0.24832142 0.84086048 0.08022830 -0.47418725
1778656348.825053 -129276.52092953 -120027.95882565 -5991336.26794179 -0.33176850 0.87476817 0.10201389 -0.33808797
1778656348.891768 -129342.32773563 -120056.54569481 -5992199.27103608 -0.29269002 0.85909000 0.08829983 -0.41048759
1778656348.958483 -129404.91162446 -120107.65380913 -5993063.23636191 -0.25606400 0.83208859 0.02184897 -0.49151035
1778656349.025198 -129437.09545837 -120091.56217667 -5993931.06178385 0.25123415 -0.82018005 0.00988261 0.51389534
1778656349.091913 -129412.18484316 -119973.55453149 -5994823.14601003 -0.32691316 0.87364480 0.12857188 -0.33666277
1778656349.158628 -129478.73178183 -120002.82587250 -5995687.24448584 -0.29969789 0.86242714 0.09435919 -0.39685885
1778656349.225342 -129537.60131347 -120045.72075132 -5996551.61300920 -0.25750061 0.82923056 0.00940722 -0.49596534
1778656349.292056 -129521.46550577 -119940.09863480 -5997439.01776925 -0.33403406 0.87595243 0.11171754 -0.32961763
1778656349.358770 -129605.51017059 -120020.64551889 -5998298.49249741 -0.26303023 0.83461245 0.02072701 -0.48353651
1778656349.425484 -129587.99016922 -119919.03800917 -5999188.29175287 -0.34435222 0.87847738 0.08184279 -0.32093736
1778656349.492198 -129650.19935177 -119937.56196852 -6000050.68189902 -0.29912103 0.86062268 0.08071170 -0.40415446
1778656349.558913 -129710.86689798 -119982.78541507 -6000916.69185969 -0.26245001 0.83492866 0.02281014 -0.48321199
1778656349.625627 -129692.98796434 -119867.57944805 -6001801.55851573 -0.33201751 0.87512293 0.11929175 -0.33120041
1778656349.692341 -129788.94112905 -119981.49910315 -6002668.66857576 -0.26259441 0.84539940 0.07362916 -0.45926330
1778656349.759055 -129755.59221841 -119833.32958851 -6003549.80143812 -0.33409743 0.87564064 0.11451944 -0.32942020
1778656349.825769 -129831.18173941 -119862.07290342 -6004417.25374511 -0.29802812 0.86311436 0.16491639 -0.37284771
1778656349.892483 -129890.06915537 -119909.86080459 -6005288.46029762 -0.27264791 0.85364683 0.11724890 -0.42802207
1778656349.959197 -129861.72770279 -119779.26703054 -6006165.40089541 -0.33193752 0.87421027 0.14760902 -0.32215752
1778656350.025911 -129970.09425805 -119919.08745619 -6007033.00354426 -0.25793572 0.84580999 0.08907165 -0.45841124
1778656350.092624 -129922.01645525 -119745.43113675 -6007914.88061218 -0.33379157 0.87508966 0.12524822 -0.32728299
1778656350.159340 -129999.69814503 -119781.91531010 -6008777.68456092 -0.29033855 0.85980088 0.12191354 -0.40197396
1778656350.226055 -130065.59875027 -119844.78681782 -6009642.53361430 -0.25395274 0.83194964 0.02604749 -0.49263509
1778656350.292771 -130022.95464004 -119687.33737681 -6010532.40655126 -0.32793209 0.87235347 0.15375006 -0.32836089
1778656350.359486 -130141.27465535 -119841.88557808 -6011402.27172341 -0.26117433 0.84884347 0.10717670 -0.44695178
1778656350.426201 -130089.23366485 -119660.48963584 -6012282.94727718 -0.33733495 0.87596897 0.12547028 -0.32115528
1778656350.492917 -130161.64385172 -119682.81583292 -6013147.69228260 -0.30292714 0.86442957 0.14530038 -0.37401132
1778656350.559632 -130237.98911731 -119768.71906270 -6014011.62110194 -0.25125616 0.83067571 0.02595458 -0.49615982
1778656350.626347 -130186.60487939 -119595.63308351 -6014902.01049001 -0.32981603 0.87245387 0.15721139 -0.32454615
1778656350.693063 -130310.00232891 -119755.62712004 -6015773.18672304 -0.26518460 0.85117326 0.12040806 -0.43667276
1778656350.759778 -130254.82172050 -119569.40378290 -6016652.83877760 -0.33991211 0.87651488 0.13024234 -0.31498945
1778656350.826494 -130340.32197658 -119616.78303167 -6017515.35805303 -0.28899103 0.85891095 0.12036727 -0.40529974
1778656350.893209 -130407.43785907 -119682.80362497 -6018379.66028798 0.24868274 -0.82624460 -0.01441621 0.50524145
1778656350.959924 -130353.85363887 -119505.23511557 -6019271.65180211 -0.32934166 0.87142605 0.16965222 -0.32151023
1778656351.026639 -130482.12167257 -119674.62105367 -6020144.23031934 -0.26463588 0.85147652 0.13307434 -0.43272025
1778656351.093355 -130453.99218709 -119533.68168205 -6021015.43723867 -0.29542180 0.85284256 0.04789639 -0.42789188
1778656351.160070 -130538.98865092 -119614.28330533 -6021880.88633711 -0.25929632 0.83258258 0.02141166 -0.48899203
1778656351.226785 -130489.62808468 -119445.84216392 -6022771.71414722 -0.33631125 0.87457784 0.15297086 -0.31401951
1778656351.293501 -130538.80685958 -119420.52386862 -6023648.11611051 -0.36797988 0.85860220 0.28591865 -0.21364361
1778656351.360216 -130626.08705618 -119500.47064716 -6024511.59058219 -0.26023519 0.84878435 0.13115143 -0.44118259
1778656351.426931 -130605.27387670 -119408.18438641 -6025395.50893479 -0.35593202 0.88158181 0.13365183 -0.27975542
1778656351.493646 -130709.32127119 -119537.25898363 -6026262.06520269 -0.27020042 0.84635474 0.06554371 -0.45429001
1778656351.560362 -130667.67224219 -119380.19091482 -6027149.69784498 -0.35115823 0.88026779 0.10564513 -0.30109071
1778656351.627077 -130732.26115087 -119382.40894735 -6028020.11416758 -0.32521100 0.86799772 0.19681662 -0.31950114
1778656351.693793 -130808.57615155 -119450.32883018 -6028882.83052118 -0.23936943 0.83518246 0.07883646 -0.48883265
1778656351.760508 -130773.42264642 -119316.66707052 -6029769.98765607 -0.34680471 0.87762665 0.15269489 -0.29356810
1778656351.827223 -130887.00847867 -119472.52336689 -6030641.94737017 -0.27043434 0.85127582 0.10158487 -0.43803568
1778656351.893938 -130839.38641426 -119292.95213449 -6031523.88996366 -0.34786674 0.87890061 0.10468086 -0.30913488
1778656351.960653 -130906.57046814 -119294.94649826 -6032396.97249406 -0.32907614 0.86557877 0.22216999 -0.30516027
1778656352.027369 -130983.49275747 -119367.73452082 -6033258.54335249 -0.23948748 0.83512407 0.07626624 -0.48928213
1778656352.094084 -130946.17761082 -119230.39266928 -6034146.92522552 -0.35003022 0.87830430 0.15491984 -0.28646159
1778656352.160799 -131064.02624414 -119399.25073884 -6035018.96720168 -0.27198306 0.85166369 0.09760798 -0.43722632
1778656352.227513 -131011.71419898 -119209.49291366 -6035902.90412096 -0.35100708 0.87979143 0.10162276 -0.30402942
1778656352.294228 -131062.47631607 -119192.35142003 -6036775.59891219 -0.34126343 0.87334660 0.18473525 -0.29441106
1778656352.360942 -131162.17188441 -119315.08728455 -6037641.04169420 -0.25310462 0.84073597 0.07646730 -0.47249745
1778656352.427657 -131115.87775368 -119151.55543194 -6038530.36961706 -0.35379618 0.88064149 0.12624454 -0.28872332
1778656352.494372 -131231.92313583 -119314.14175893 -6039401.33910309 -0.28350607 0.85464572 0.08642020 -0.42630569
1778656352.561086 -131175.26100068 -119110.22051607 -6040285.10877019 -0.34867361 0.87883674 0.12558734 -0.30050043
1778656352.627800 -131237.41313020 -119109.72477486 -6041157.57925969 -0.34507231 0.87324340 0.19338066 -0.28456104
1778656352.694515 -131331.98868766 -119221.36523080 -6042022.67907719 -0.25712538 0.84220344 0.07743440 -0.46752949
1778656352.761230 -131288.89873220 -119065.08940314 -6042912.37732697 -0.35636765 0.88118652 0.12973001 -0.28228096
1778656352.827944 -131405.62220041 -119235.22805376 -6043783.47064310 -0.28363650 0.85391600 0.08174914 -0.42859641
1778656352.894659 -131355.63482249 -119041.09324010 -6044668.61278962 -0.35571292 0.88091083 0.09137404 -0.29852171
1778656352.961373 -131423.21869372 -119052.62539854 -6045537.12128111 -0.32668348 0.87148513 0.14476904 -0.33590698
1778656353.028087 -131505.36499566 -119137.57022780 -6046400.97095838 -0.25578074 0.83511529 0.04383118 -0.48501289
1778656353.094802 -131463.63895937 -118980.57486830 -6047295.10163805 -0.35415938 0.87992679 0.14188446 -0.28314093
1778656353.161516 -131582.72573358 -119165.16729961 -6048166.95538297 -0.28443455 0.85347978 0.07516977 -0.43013807
1778656353.228231 -131531.97243259 -118964.98174298 -6049053.88978322 -0.35934234 0.88163149 0.07935328 -0.29546920
1778656353.294945 -131597.41128690 -118973.15310854 -6049922.97141129 -0.33239145 0.87345777 0.13630778 -0.32864514
1778656353.361660 -131682.99008948 -119072.40846541 -6050787.12094395 -0.26342703 0.83546604 0.03032095 -0.48133495
1778656353.428375 -131639.56145754 -118904.66624412 -6051682.22823254 -0.35741621 0.88133203 0.12901006 -0.28082720
1778656353.495089 -131756.74568016 -119083.44421317 -6052553.32179426 -0.28877912 0.85408534 0.06878680 -0.42709861
1778656353.561804 -131709.22814210 -118886.37338310 -6053440.18401117 -0.36011647 0.88166016 0.07785705 -0.29483855
1778656353.628518 -131774.86820045 -118892.86411596 -6054308.96339666 -0.33134103 0.87270979 0.14084293 -0.32977873
1778656353.695233 -131859.72448684 -118990.78908868 -6055173.62250069 -0.26408499 0.83582773 0.03147309 -0.48027135
1778656353.761947 -131817.89765219 -118825.90072153 -6056069.47681719 -0.35918903 0.88167313 0.13102798 -0.27652738
1778656353.828662 -131933.61676844 -119005.06879365 -6056940.57608721 -0.29144716 0.85426889 0.06321614 -0.42577803
1778656353.895376 -131888.02761726 -118809.82456363 -6057828.55452634 -0.36216626 0.88209501 0.07425902 -0.29194107
1778656353.962090 -131950.84754330 -118816.57318982 -6058699.58303424 -0.34037586 0.87583308 0.12997864 -0.31649050
1778656354.028805 -132036.16518307 -118919.17902463 -6059563.41036138 -0.27243692 0.83548719 0.01575249 -0.47696032
1778656354.095519 -131995.46762089 -118750.78945799 -6060460.80988396 -0.36288692 0.88290024 0.12157683 -0.27206492
1778656354.162234 -132109.53436840 -118927.79378555 -6061330.65998719 -0.29628834 0.85367633 0.04844031 -0.42556253
1778656354.228949 -132065.82015206 -118733.16423029 -6062220.36387331 -0.36552738 0.88299540 0.07236485 -0.28543334
1778656354.295663 -132147.73955874 -118776.99417037 -6063091.69026875 -0.33250170 0.87331275 0.12962114 -0.33161095
1778656354.362378 -132214.84046244 -118850.53042553 -6063957.90018594 -0.28529836 0.84007267 0.01131284 -0.46125348
1778656354.429093 -132176.80990008 -118679.81452294 -6064853.26675794 -0.36493339 0.88342967 0.11877053 -0.26882931
1778656354.495808 -132291.08089556 -118866.35014329 -6065724.45753910 -0.30053733 0.85525333 0.04763259 -0.41946418
1778656354.562522 -132249.62517088 -118669.62716894 -6066613.03309571 -0.36637506 0.88159152 0.05113900 -0.29317316
1778656354.629237 -132320.42758864 -118688.35491787 -6067482.32576684 -0.33484307 0.87335356 0.11250196 -0.33537589
1778656354.695952 -132400.92915981 -118806.25522587 -6068351.89039239 -0.29108565 0.84306088 0.01265904 -0.45205890
1778656354.762666 -132423.11435659 -118775.57707816 -6069228.23616921 -0.31553578 0.81190402 -0.10797058 -0.47915696
1778656354.829381 -132389.08393263 -118598.93834850 -6070126.66941484 -0.35448868 0.87942886 0.13962121 -0.28539196
1778656354.896096 -132465.21873009 -118630.01001341 -6070996.63944023 -0.33664100 0.87394746 0.14317135 -0.31998536
1778656354.962810 -132533.14522753 -118677.66834299 -6071863.84354045 -0.26572802 0.83862320 0.04620440 -0.47324930
1778656355.029525 -132508.52788181 -118555.18175046 -6072759.97310877 -0.36829825 0.88216582 0.15712041 -0.24789725
1778656355.096239 -132610.33750896 -118688.03211732 -6073627.04022688 -0.29380920 0.84793000 0.02710992 -0.44040427
1778656355.162958 -132576.04077588 -118532.43411482 -6074524.81527636 -0.37783913 0.88763113 0.11061334 -0.23898379
1778656355.229676 -132656.26927611 -118574.75974842 -6075397.44839603 -0.33716025 0.87298068 0.16539553 -0.31124269
1778656355.296395 -132718.07675725 -118627.16262897 -6076267.28549857 -0.28041934 0.84385091 0.03936770 -0.45577497
1778656355.363114 -132690.17041416 -118482.43674204 -6077159.16538777 -0.36983037 0.88391435 0.13812324 -0.25068482
1778656355.429832 -132800.31085911 -118662.72033054 -6078033.53262986 -0.30217639 0.85842577 0.06513187 -0.40933174
1778656355.496551 -132763.27338570 -118474.17680436 -6078921.51418397 -0.36917370 0.88213135 0.04456431 -0.28908317
1778656355.563270 -132840.49610298 -118503.55685341 -6079796.25827364 -0.34100295 0.87470728 0.15449526 -0.30779113
1778656355.629989 -132911.20547624 -118593.72573181 -6080666.56099515 -0.28866279 0.84553139 0.02876630 -0.44824431
1778656355.696707 -132873.36046402 -118411.99117262 -6081557.21414282 -0.36548925 0.88346447 0.10664503 -0.27301093
1778656355.763427 -132990.61240926 -118609.73777707 -6082431.32553587 -0.30532388 0.85823695 0.05531151 -0.40883652
1778656355.830146 -132944.03657657 -118396.53435294 -6083321.62673309 -0.36813467 0.88197705 0.05148791 -0.28972803
1778656355.896864 -133018.13718352 -118417.49819459 -6084193.31671493 -0.34076603 0.87516901 0.12912775 -0.31825106
1778656355.963583 -133097.44768434 -118512.30664331 -6085060.04493548 -0.28273089 0.83874099 0.01284646 -0.46520078
1778656356.030303 -133056.03083400 -118332.71791441 -6085959.39021131 -0.37038267 0.88406478 0.13058407 -0.25336525
1778656356.097022 -133172.85315535 -118524.57132260 -6086833.56720965 -0.30500333 0.85986216 0.07167531 -0.40307901
1778656356.163737 -133148.17278926 -118358.91129733 -6087720.64609938 -0.34977344 0.87227124 0.03292870 -0.34017220
1778656356.230452 -133239.06840862 -118463.57178781 -6088585.44077107 -0.29656489 0.83795152 -0.01273299 -0.45795675
1778656356.297168 -133194.79623545 -118271.82042084 -6089486.02712295 -0.37154042 0.88437729 0.12961506 -0.25106665
1778656356.363883 -133249.36214788 -118256.81473345 -6090365.56749692 -0.38379183 0.87081256 0.24050594 -0.19117063
1778656356.430598 -133340.86923985 -118374.35915974 -6091241.53033653 -0.32527596 0.87017403 0.13705353 -0.34381542
1778656356.497313 -133306.49789574 -118229.70629166 -6092132.26400623 -0.38902607 0.88986088 0.11730643 -0.20747416
1778656356.564029 -133417.04476414 -118395.03521117 -6093000.78951472 -0.31035818 0.85595913 0.03566571 -0.41199482
1778656356.630744 -133379.18906002 -118207.77563718 -6093895.77209476 -0.38162469 0.88817469 0.08320786 -0.24204291
1778656356.697459 -133461.11228511 -118255.30228118 -6094774.35813333 -0.35918909 0.87743179 0.17681953 -0.26425650
1778656356.764174 -133526.25742958 -118341.67829984 -6095641.04476535 -0.30595181 0.84073431 -0.02037276 -0.44625582
1778656356.830889 -133490.68728203 -118157.74314329 -6096537.06435441 -0.37979855 0.88740435 0.09663110 -0.24275298
1778656356.897605 -133602.64120578 -118353.43276902 -6097412.57847443 -0.31734237 0.86086461 0.04626726 -0.39505098
1778656356.964320 -133568.30915997 -118156.58881847 -6098302.04357215 -0.37565483 0.87925532 0.00957889 -0.29274867
1778656357.031035 -133648.81235396 -118200.38353265 -6099181.83796248 -0.35449303 0.87867728 0.14128375 -0.28687948
1778656357.097750 -133712.47940341 -118285.88568072 -6100047.25808728 -0.31360557 0.83378570 -0.05197840 -0.45138808
1778656357.164467 -133674.73024113 -118089.15935823 -6100947.72055090 -0.38179784 0.88777441 0.09344729 -0.23948822
1778656357.231184 -133789.06922090 -118282.19745825 -6101820.14350472 -0.31855315 0.85857590 0.03192428 -0.40043995
1778656357.297900 -133751.37886321 -118079.14283364 -6102713.28472028 -0.37963842 0.88400855 0.03666158 -0.27029517
1778656357.364617 -133828.80143499 -118108.80514340 -6103584.39101264 -0.34729878 0.87610951 0.10697726 -0.31681469
1778656357.431334 -133905.24151339 -118237.96894419 -6104455.96295417 -0.31231884 0.84022962 -0.03040572 -0.44220654
1778656357.498050 -133864.16251123 -118027.32493954 -6105356.68670443 -0.37722497 0.88526979 0.06777951 -0.26344764
1778656357.564767 -133976.15712918 -118217.37809250 -6106229.80229880 -0.32080396 0.85741820 0.02305137 -0.40173061
1778656357.631484 -133940.10535607 -118014.07691739 -6107123.53218628 -0.37850676 0.88194682 0.02589617 -0.27969953
1778656357.698201 -134021.68174434 -118059.56895294 -6107999.64396397 -0.35327027 0.87809984 0.11452812 -0.30170199
1778656357.764918 -134089.90780181 -118176.92362690 -6108868.85610667 -0.32119435 0.83234134 -0.06614866 -0.44684051
1778656357.831635 -134052.92690386 -117966.45803737 -6109770.43311327 -0.38074645 0.88530384 0.05328384 -0.26159143
1778656357.898352 -134162.96870734 -118152.39550209 -6110643.60075826 -0.32510307 0.85729104 0.01456104 -0.39893362
1778656357.965069 -134129.38692648 -117951.88024385 -6111537.67457965 -0.38037084 0.88167568 0.01966688 -0.27853048
1778656358.031786 -134194.96292636 -117957.38824700 -6112414.28363228 -0.36412306 0.88107527 0.11998761 -0.27699052
1778656358.098503 -134279.25854539 -118117.57700160 -6113286.88723711 -0.32082789 0.84708307 -0.02003197 -0.42322389
1778656358.165219 -134241.37053854 -117904.74388732 -6114186.53691891 -0.38325960 0.88419006 0.03166026 -0.26517474
1778656358.231935 -134347.34172181 -118079.12592918 -6115060.03810719 -0.33428426 0.85937607 0.00586855 -0.38690099
1778656358.298651 -134315.63521555 -117880.91728222 -6115954.31264727 -0.38254022 0.88266963 0.02353065 -0.27203605
1778656358.365367 -134392.01590419 -117912.85310379 -6116828.49594862 -0.35790321 0.87881648 0.09511763 -0.30089787
1778656358.432084 -134465.28088698 -118052.74101007 -6117705.39891089 -0.33169667 0.85309083 -0.01800624 -0.40235448
1778656358.498800 -134487.16726598 -117995.93158360 -6118585.55355724 -0.34706991 0.80431329 -0.15430348 -0.45696066
1778656358.565516 -134471.67172515 -117829.62224028 -6119484.33513317 -0.37068361 0.88255623 0.11871680 -0.26380766
1778656358.632232 -134551.46040549 -117877.49621614 -6120357.79250509 -0.34765026 0.87530275 0.10850613 -0.31813647
1778656358.698948 -134616.28839349 -117951.60859602 -6121231.55866618 -0.30824499 0.83839869 -0.02527705 -0.44881370
1778656358.765665 -134587.43269989 -117785.65871028 -6122134.44351151 -0.38739891 0.88721277 0.12281913 -0.21838278
1778656358.832381 -134691.73645244 -117929.01023723 -6123002.84812034 -0.31392759 0.85119771 0.01360622 -0.42038886
1778656358.899097 -134657.68394836 -117754.58513073 -6123907.38008008 -0.39655585 0.89002857 0.11411673 -0.19382978
1778656358.965813 -134746.75825267 -117827.84004797 -6124783.47541167 -0.35534229 0.87718592 0.14146260 -0.29028444
1778656359.032529 -134803.05069477 -117886.63682999 -6125655.78877806 -0.31564767 0.83426063 -0.04853599 -0.44946636
1778656359.099246 -134832.70994194 -117847.00996499 -6126537.27761338 -0.32497974 0.81878155 -0.09875944 -0.46285150
1778656359.165963 -134824.90954615 -117713.86364816 -6127432.99134163 -0.36602626 0.87971574 0.14487556 -0.26671346
1778656359.232680 -134862.29068268 -117697.75354112 -6128316.63937236 -0.36786610 0.87914471 0.14415424 -0.26645574
1778656359.299397 -134964.93238967 -117856.03463351 -6129191.55291679 -0.30856025 0.85040560 0.02575446 -0.42536760
1778656359.366115 -134928.91333466 -117667.56340750 -6130092.23198451 -0.39092007 0.88797929 0.09055266 -0.22466529
1778656359.432832 -135035.21687016 -117810.88160312 -6130961.50139683 -0.32238142 0.85353592 0.01328106 -0.40910912
1778656359.499550 -135043.12974493 -117711.69357953 -6131850.76808379 -0.35086161 0.86855157 0.03008202 -0.34872535
1778656359.566267 -135116.30239678 -117802.98763468 -6132727.14606382 -0.32521879 0.84383695 -0.03054838 -0.42572144
1778656359.632984 -135089.35453314 -117628.88327205 -6133626.83633785 -0.38332886 0.88530290 0.10104456 -0.24307973
1778656359.699702 -135180.16946365 -117711.13530231 -6134510.83125697 -0.36510920 0.87649217 0.17035702 -0.26350566
1778656359.766419 -135227.82636748 -117732.68200793 -6135385.29573034 -0.31868689 0.84766101 -0.00342943 -0.42414351
1778656359.833137 -135206.07893811 -117582.01825045 -6136282.74685632 -0.39631786 0.88686757 0.13552558 -0.19501508
1778656359.899854 -135315.67996137 -117784.63856150 -6137161.97017269 -0.33091409 0.86526460 0.05911883 -0.37191129
1778656359.966572 -135303.63647615 -117619.37146695 -6138047.17017294 -0.35812432 0.85334338 -0.05107762 -0.37542394
1778656360.033289 -135392.13102216 -117727.42784448 -6138921.90811855 -0.32742984 0.84638517 -0.02373621 -0.41935479
1778656360.100007 -135385.58794528 -117592.42686944 -6139815.48276392 -0.36231856 0.87568949 0.05022464 -0.31523114
1778656360.166724 -135474.14049054 -117720.53824864 -6140692.90462175 -0.33247556 0.85412973 -0.00544243 -0.39986596
1778656360.233442 -135475.52989156 -117595.39307775 -6141583.87183835 -0.35133908 0.86707303 0.02194566 -0.35251042
1778656360.300160 -135551.27710766 -117679.83222806 -6142459.52417126 -0.32264433 0.84333833 -0.02576716 -0.42897219
1778656360.366879 -135547.28414343 -117558.52968318 -6143357.25502256 -0.36861559 0.87973965 0.07428142 -0.29096900
1778656360.433596 -135625.65410774 -117648.77954137 -6144234.15581743 -0.33205953 0.85541450 0.00333826 -0.39748126
1778656360.500314 -135636.03341180 -117557.34945160 -6145125.14058148 -0.35920661 0.87175015 0.02950626 -0.33189105
1778656360.567033 -135707.91097672 -117630.89171450 -6146001.61340888 -0.32415791 0.84478313 -0.02246796 -0.42515680
1778656360.633750 -135711.30724649 -117525.76714716 -6146896.81167828 -0.36602446 0.87768893 0.05884435 -0.30368665
1778656360.700469 -135788.18217221 -117616.57918160 -6147774.51044416 -0.33308701 0.85345512 -0.00698892 -0.40077244
1778656360.767187 -135801.15270916 -117522.30515492 -6148663.84059198 -0.34650428 0.86548308 0.02704770 -0.36075234
1778656360.833905 -135871.75998495 -117591.87501866 -6149541.83270866 -0.32044108 0.84629569 -0.01122128 -0.42541180
1778656360.900623 -135879.80573799 -117498.84437897 -6150436.48211192 -0.36031347 0.87437895 0.04898666 -0.32130354
1778656360.967341 -135951.77148177 -117582.47124252 -6151314.89311643 -0.33371890 0.85029378 -0.02230570 -0.40636761
1778656361.034060 -135960.92622870 -117480.45350232 -6152207.03854416 -0.35404659 0.87072135 0.03997582 -0.33896501
1778656361.100778 -136035.71996746 -117567.05973203 -6153084.66740234 -0.32378692 0.84595352 -0.02038825 -0.42321270
1778656361.167494 -136041.19158023 -117461.43038804 -6153979.17536551 -0.35928288 0.87289843 0.03887887 -0.32779958
1778656361.234210 -136115.01232715 -117546.86075548 -6154858.37906187 -0.33559321 0.85334635 -0.01449843 -0.39870665
1778656361.300926 -136131.53300160 -117462.82479508 -6155748.90788061 -0.34926605 0.86446477 0.01153770 -0.36135961
1778656361.367643 -136198.29395096 -117526.99943547 -6156627.29795736 -0.32624732 0.84324492 -0.03382079 -0.42586013
1778656361.434359 -136175.35643981 -117368.25789304 -6157531.75459138 -0.39205277 0.88445372 0.14666436 -0.20621789
1778656361.501075 -136270.11277306 -117468.72801760 -6158414.32388798 -0.35839891 0.87564946 0.15060917 -0.28653990
1778656361.567791 -136314.45114085 -117479.33155933 -6159287.12472082 -0.32458185 0.82621715 -0.07700194 -0.45396316
1778656361.634507 -136284.49676944 -117306.65843074 -6160192.01570845 -0.38988875 0.88010080 0.17670522 -0.20538893
1778656361.701224 -136402.19368380 -117543.10818680 -6161076.47539745 -0.33147234 0.86725060 0.08698656 -0.36115899
1778656361.767940 -136395.08181263 -117378.66958944 -6161961.15859110 -0.36781675 0.82692945 -0.13134634 -0.40453265
1778656361.834656 -136475.37180793 -117463.34585225 -6162841.54069543 -0.34041338 0.84909666 -0.03603870 -0.40231182
1778656361.901372 -136431.47587852 -117250.15766025 -6163741.86398062 -0.38625765 0.88388954 0.13351588 -0.22741553
1778656361.968089 -136531.43411910 -117322.39726048 -6164631.89263660 -0.39430625 0.86771852 0.24390160 -0.17916236
1778656362.034805 -136593.56687315 -117385.89580248 -6165511.80682145 -0.34093355 0.87109958 0.10539804 -0.33740344
1778656362.101521 -136542.48978610 -117185.22828551 -6166406.92849910 -0.40213414 0.88290086 0.17170673 -0.17114613
1778656362.168237 -136682.31716138 -117455.90698445 -6167290.56926932 -0.33020806 0.86698987 0.09073094 -0.36202086
1778656362.234953 -136633.65860345 -117211.26039514 -6168180.33397139 -0.37320838 0.87470787 0.01681240 -0.30873774
1778656362.301669 -136760.91210998 -117424.45291472 -6169061.16979113 -0.33333356 0.86134668 0.03122157 -0.38209403
1778656362.368385 -136689.18798506 -117144.92593866 -6169960.50088888 -0.38560289 0.88468858 0.07982983 -0.24952702
1778656362.435101 -136808.97525157 -117259.61254723 -6170849.42271031 -0.37856091 0.87561015 0.19381327 -0.22898671
1778656362.501817 -136860.96870709 -117283.50934003 -6171719.39230880 -0.31317464 0.84004254 -0.01919782 -0.44258515
1778656362.568533 -136808.67225117 -117079.13113380 -6172622.35473994 -0.40636024 0.88378067 0.16777021 -0.16017563
1778656362.635250 -136953.03365231 -117368.79065890 -6173509.57699728 -0.33155430 0.86746888 0.09376174 -0.35885683
1778656362.701966 -136890.22599306 -117092.00357444 -6174405.49421856 -0.40040857 0.88476021 0.00529518 -0.23842043
1778656362.768682 -136991.22868682 -117162.86530711 -6175290.01297325 -0.37636813 0.87971175 0.15235223 -0.24747337
1778656362.835398 -137058.93495437 -117233.48096479 -6176162.24833236 -0.31651777 0.84378643 -0.00992429 -0.43329259
1778656362.902114 -137002.61257395 -117006.61209209 -6177065.60509927 -0.40065586 0.88628058 0.13606341 -0.18833044
1778656362.968830 -137136.95120508 -117337.48752074 -6177956.89971782 -0.33899724 0.86995746 0.08972817 -0.34670411
1778656363.035546 -137109.43020676 -117106.71281923 -6178848.02333550 -0.40957787 0.83223395 -0.17492478 -0.33020288
1778656363.102262 -137155.62287745 -117045.84708312 -6179736.42234685 -0.38264879 0.88329050 0.08887787 -0.25588771
1778656363.168979 -137254.54366074 -117235.23423811 -6180615.47657459 -0.34322504 0.85870906 -0.00016813 -0.38054606
1778656363.235696 -137199.80574048 -116967.72532971 -6181515.18251034 -0.39667699 0.88428384 0.02244262 -0.24532790
1778656363.302412 -137328.17052476 -117228.06610924 -6182399.48392702 -0.35313384 0.86770300 0.02623031 -0.34885522
1778656363.369129 -137283.82089510 -116967.83549226 -6183294.19354541 -0.39478615 0.87027314 -0.04972297 -0.29033807
1778656363.435845 -137366.52669888 -116988.99147996 -6184177.47568973 -0.37815535 0.88101754 0.11845188 -0.25841011
1778656363.502562 -137450.95936734 -117138.46073841 -6185055.38856285 -0.33544404 0.85166022 -0.01288658 -0.40247497
1778656363.569278 -137398.39873136 -116887.33478739 -6185958.66326527 -0.39664949 0.88603594 0.05247003 -0.23421440
1778656363.635995 -137525.50966571 -117168.76910824 -6186843.96182106 -0.34742739 0.86525988 0.02784667 -0.36033888
1778656363.702712 -137488.85356680 -116919.81159694 -6187740.00799896 -0.39794749 0.85997711 -0.08915365 -0.30680417
1778656363.769429 -137569.06602107 -116940.45729018 -6188622.15168024 -0.37162279 0.87815894 0.07527153 -0.29166345
1778656363.836145 -137645.69241779 -117056.85775726 -6189499.37380443 -0.33742076 0.84396876 -0.04042623 -0.41500565
1778656363.902862 -137600.20124927 -116822.08592256 -6190405.87628984 -0.39638497 0.88593389 0.06721339 -0.23126273
1778656363.969579 -137723.64280950 -117089.42400729 -6191291.16120493 -0.34732554 0.86535751 0.03416186 -0.35965861
1778656364.036295 -137691.25144525 -116857.47630306 -6192187.71377261 -0.39979032 0.86265790 -0.08233645 -0.29868002
1778656364.103012 -137763.08289979 -116867.31807622 -6193073.21010324 -0.38036432 0.88052999 0.07254712 -0.27336211
1778656364.169728 -137843.32147446 -117010.25218631 -6193949.68848427 -0.34175960 0.83995881 -0.05761776 -0.41755211
1778656364.236445 -137803.62638921 -116773.95145558 -6194856.35770984 -0.39709239 0.88266872 0.02230761 -0.25043149
1778656364.303161 -137919.76451183 -117007.69909996 -6195740.03581410 -0.35271003 0.86251960 0.00811016 -0.36275309
1778656364.369878 -137889.12033250 -116782.30439927 -6196638.23691379 -0.39843311 0.86818101 -0.05833969 -0.29001598
1778656364.436594 -137962.27510071 -116798.03079048 -6197524.65836426 -0.38313048 0.88123248 0.08197684 -0.26442419
1778656364.503310 -138041.97467961 -116953.00690949 -6198401.75872155 -0.34554500 0.83974461 -0.06389161 -0.41393901
1778656364.570027 -138005.97688503 -116718.48639606 -6199308.45413779 -0.39888895 0.87982963 -0.00128795 -0.25842943
1778656364.636743 -138116.96666039 -116929.76110529 -6200192.80898883 -0.35845901 0.86360731 0.00322784 -0.35451254
1778656364.703460 -138087.35410082 -116709.37217338 -6201091.51042674 -0.39924438 0.87221539 -0.04089716 -0.27959196
1778656364.770176 -138161.66159523 -116729.38581789 -6201979.09052154 -0.38704381 0.88209832 0.09276604 -0.25198037
1778656364.836893 -138242.03919736 -116884.17803503 -6202855.80681341 -0.34280158 0.83964047 -0.05869633 -0.41718785
1778656364.903609 -138207.47562756 -116654.51635480 -6203762.62054474 -0.40071221 0.87977281 -0.00330571 -0.25577062
1778656364.970325 -138317.63063422 -116869.98417492 -6204646.27338580 -0.35722788 0.86002469 -0.00682181 -0.36427907
1778656365.037042 -138291.20129016 -116654.10555263 -6205545.83160538 -0.40068492 0.86841238 -0.05729980 -0.28640577
1778656365.103758 -138367.22508571 -116689.00113300 -6206436.65907451 -0.38978423 0.88248233 0.07842091 -0.25128339
1778656365.170473 -138439.07088758 -116821.45369152 -6207312.11869899 -0.35416934 0.83239268 -0.09205831 -0.41618718
1778656365.237189 -138409.27763113 -116596.80233126 -6208219.86472753 -0.40327973 0.87946890 -0.00905694 -0.25262202
1778656365.303904 -138517.07795606 -116802.67884923 -6209104.36679732 -0.36267597 0.86159227 -0.00908776 -0.35502438
1778656365.370619 -138492.65095663 -116592.32679944 -6210003.82673773 -0.40309711 0.87018603 -0.05291363 -0.27836870
1778656365.437335 -138576.50427174 -116640.28323892 -6210887.82809759 -0.37928276 0.87665175 0.05242305 -0.29133851
1778656365.504050 -138645.22068546 -116757.48638135 -6211764.59812350 -0.34996988 0.82569214 -0.10064310 -0.43084166
1778656365.570765 -138615.52890490 -116535.95683133 -6212674.97119675 -0.40047713 0.87915969 0.00157520 -0.25825148
1778656365.637480 -138722.31042469 -116745.48359678 -6213560.70891344 -0.36263885 0.86156167 -0.00596409 -0.35520272
1778656365.704195 -138699.76863447 -116540.22824397 -6214460.60225040 -0.40403372 0.86771705 -0.06193143 -0.28282215
1778656365.770911 -138768.66046181 -116551.44356781 -6215350.04976105 -0.39096036 0.88116990 0.06835169 -0.25693899
1778656365.837626 -138846.38024809 -116711.68482719 -6216228.11958209 -0.35663996 0.83544702 -0.08490741 -0.40942271
1778656365.904341 -138818.06053842 -116486.40988442 -6217137.41427837 -0.40667162 0.87640145 -0.02824598 -0.25639981
1778656365.971056 -138920.67754607 -116671.02885006 -6218022.47787309 -0.36986733 0.86100177 -0.02054914 -0.34849942
1778656366.037771 -138899.36701887 -116469.36884084 -6218923.06305439 -0.40640320 0.87305251 -0.04190471 -0.26619494
1778656366.104486 -138981.62092374 -116520.37362972 -6219809.35436656 -0.38723671 0.87816120 0.04815303 -0.27669826
1778656366.171202 -139047.84226319 -116639.46547083 -6220688.40879195 -0.36499529 0.83142781 -0.10506512 -0.40554600
1778656366.237918 -139023.17644266 -116424.30586320 -6221598.18333460 -0.40635607 0.87785964 -0.01502647 -0.25300474
1778656366.304634 -139122.95349246 -116629.65384677 -6222488.48561859 -0.37713210 0.86614810 -0.01097757 -0.32777789
1778656366.371350 -139106.04711005 -116432.16617813 -6223387.06815412 -0.41219249 0.86513717 -0.08187882 -0.27373507
1778656366.438066 -139180.06720796 -116462.41554185 -6224277.38221013 -0.39570734 0.88002411 0.03936275 -0.25966100
1778656366.504782 -139248.34064913 -116582.22240132 -6225155.69578819 -0.37157241 0.83315852 -0.10845338 -0.39499200
1778656366.571499 -139276.40342624 -116500.24969055 -6226044.62590192 -0.37172426 0.80509680 -0.16190350 -0.43292895
1778656366.638215 -139278.65455239 -116372.25302131 -6226957.50194231 -0.40777271 0.88482618 0.09622961 -0.20382324
1778656366.704931 -139362.11594063 -116457.07389209 -6227843.74373378 -0.38487186 0.87789424 0.07348156 -0.27527406
1778656366.771647 -139415.17965357 -116526.91775546 -6228723.16536874 -0.37081984 0.81893963 -0.13835156 -0.41555911
1778656366.838363 -139399.07828966 -116341.00841190 -6229635.15428801 -0.41183827 0.88417590 0.02304119 -0.21929735
1778656366.905079 -139501.88837900 -116506.58350543 -6230513.76228913 -0.36039592 0.85152315 -0.03510891 -0.37919714
1778656366.971795 -139516.40216533 -116405.93951075 -6231411.59083661 -0.38804086 0.85455197 -0.07148083 -0.33772136
1778656367.038511 -139583.09842579 -116492.84540639 -6232297.54364213 -0.37434752 0.83617833 -0.10404024 -0.38709866
1778656367.105227 -139600.50227789 -116398.00568941 -6233196.97717148 -0.39341418 0.85025813 -0.09399810 -0.33682451
1778656367.171944 -139667.49742098 -116458.24458851 -6234083.62169850 -0.36994500 0.84292964 -0.07913013 -0.38255554
1778656367.238660 -139684.62521754 -116367.60038264 -6234984.52711296 -0.39213272 0.86863658 -0.02555514 -0.30174384
1778656367.305376 -139755.78105236 -116474.50061276 -6235870.33688448 -0.37334768 0.84266705 -0.08732168 -0.37801943
1778656367.372092 -139737.85977896 -116285.85398030 -6236780.10746705 -0.40867518 0.88332149 0.03252165 -0.22731055
1778656367.438809 -139823.55246038 -116355.43773396 -6237672.24066180 -0.39780666 0.88123883 0.11210888 -0.22934601
1778656367.505525 -139881.65686955 -116413.44194148 -6238552.37004386 -0.35563058 0.83493051 -0.07937041 -0.41245396
1778656367.572242 -139861.45714969 -116233.56559395 -6239460.79929501 -0.40547104 0.88357219 0.07658468 -0.22142314
1778656367.638958 -139966.85869950 -116469.79925335 -6240350.38591145 -0.36621319 0.86261938 -0.00037150 -0.34896356
1778656367.705674 -139943.07356611 -116240.91663756 -6241250.35364999 -0.40868242 0.85669368 -0.09686565 -0.29945229
1778656367.772391 -140030.98322365 -116320.58917975 -6242148.54049830 -0.39878674 0.88210960 0.07489481 -0.23925419
1778656367.839107 -140083.91088546 -116348.19667090 -6243026.45952864 -0.36446236 0.82944601 -0.10477812 -0.41013175
1778656367.905823 -140128.29780748 -116350.62183238 -6243914.26511164 -0.37511222 0.81376423 -0.15235687 -0.41697241
1778656367.972540 -140107.77975708 -116155.84778742 -6244822.24598195 -0.39362552 0.87935584 0.08087570 -0.25544349
1778656368.039256 -140215.87921502 -116294.00080552 -6245717.38651198 -0.38412145 0.87692590 0.11428657 -0.26531162
1778656368.105973 -140261.84114164 -116282.54828142 -6246593.61396211 -0.33772418 0.82152808 -0.08599600 -0.45126342
1778656368.172690 -140238.48799617 -116119.34875286 -6247510.42706172 -0.42111303 0.88288572 0.14178549 -0.15189961
1778656368.239408 -140352.73073059 -116350.30518708 -6248394.57515276 -0.35276555 0.85655326 0.00286701 -0.37664940
1778656368.306126 -140353.72809493 -116189.18551265 -6249288.65112414 -0.37365985 0.84379647 -0.07655523 -0.37752502
1778656368.372844 -140436.97440601 -116299.41032283 -6250178.40430644 -0.35724009 0.84882396 -0.03472627 -0.38816426
1778656368.439562 -140437.29703455 -116161.27844672 -6251078.15314060 -0.38280517 0.86342689 -0.02316941 -0.32774591
1778656368.506279 -140523.13391768 -116300.32571661 -6251968.23139879 -0.36492513 0.85108132 -0.04198858 -0.37513623
1778656368.572997 -140492.85798342 -116087.58583506 -6252874.76667524 -0.40157798 0.87853766 0.02239428 -0.25769208
1778656368.639715 -140603.06338653 -116248.54305336 -6253770.42333629 -0.37861044 0.87511681 0.09022782 -0.28754764
1778656368.706433 -140635.57658318 -116199.14941695 -6254650.67388179 -0.36227380 0.81401278 -0.13286618 -0.43415143
1778656368.773151 -140688.93034049 -116223.91871374 -6255541.07254530 -0.36361979 0.81908393 -0.12540483 -0.42562400
1778656368.839869 -140686.98233382 -116079.49275007 -6256446.56346201 -0.38280817 0.87390813 0.05293510 -0.29485652
1778656368.906587 -140780.94142352 -116201.36376612 -6257343.70105080 -0.37238289 0.87284688 0.10142404 -0.29863436
1778656368.973305 -140814.14115273 -116155.03596874 -6258226.32292293 -0.34753276 0.82130487 -0.09839077 -0.44158639
1778656369.040023 -140867.18022074 -116181.55800510 -6259118.34060179 -0.35422351 0.82494908 -0.10065848 -0.42878034
1778656369.106741 -140857.93451327 -116032.21237464 -6260027.29872184 -0.38816981 0.87707199 0.08530740 -0.26979913
1778656369.173458 -140949.98108950 -116138.17523009 -6260922.47165467 -0.36945870 0.87172532 0.10795716 -0.30321691
1778656369.240174 -140985.95143416 -116102.03892579 -6261806.56098605 -0.34313445 0.82620258 -0.08169962 -0.43928716
1778656369.306890 -141040.10226692 -116131.61963342 -6262698.98444558 -0.34838090 0.82617109 -0.09070526 -0.43341048
1778656369.373607 -141054.63791455 -116024.61970415 -6263597.77326304 -0.35843102 0.85793851 0.00488599 -0.36802832
1778656369.440323 -141116.43494103 -116047.37884064 -6264496.28659925 -0.36798381 0.87080620 0.08743239 -0.31407016
1778656369.507039 -141160.90409657 -116036.07976981 -6265392.54022492 -0.36822008 0.87083920 0.08709742 -0.31379467
1778656369.573756 -141144.06658613 -115914.34903671 -6266303.99696854 -0.43469961 0.87282729 0.20138624 -0.09301801
1778656369.640472 -141254.53142280 -116158.37381205 -6267200.70187060 -0.36811291 0.87169225 0.08736744 -0.31146819
1778656369.707188 -141248.27761993 -115967.95385323 -6268087.03741655 -0.38961238 0.82106903 -0.15104837 -0.38888588
1778656369.773905 -141342.03658019 -116084.93715059 -6268980.61162249 -0.36394448 0.85647369 -0.01617901 -0.36569862
1778656369.840621 -141325.73441327 -115912.76888918 -6269881.63912910 -0.39385282 0.87444966 0.01694592 -0.28271996
1778656369.907337 -141431.09261986 -116104.10770959 -6270776.22833954 -0.36881512 0.86366279 0.00542786 -0.34355863
1778656369.974054 -141432.74355788 -115949.46802140 -6271668.71410743 -0.37993557 0.83061064 -0.11957356 -0.38914919
1778656370.040770 -141515.94608396 -116028.63887974 -6272559.62730547 -0.35411287 0.84766131 -0.03308238 -0.39367491
1778656370.107486 -141501.09677120 -115874.75745943 -6273469.03010006 -0.40145481 0.88143637 0.07777689 -0.23633603
1778656370.174203 -141599.60320410 -116045.21638498 -6274360.21978817 -0.36098975 0.85926782 0.00091284 -0.36241464
1778656370.240919 -141596.70561210 -115880.83926067 -6275255.39055976 -0.37319799 0.84731375 -0.06415794 -0.37237942
1778656370.307636 -141688.94597072 -116002.38593311 -6276148.22706908 -0.35633900 0.85445756 -0.01092828 -0.37789598
1778656370.374352 -141680.10482085 -115846.07023303 -6277050.23806059 -0.38404612 0.87099344 0.02053345 -0.30570800
1778656370.441069 -141776.08410844 -116001.99025629 -6277943.59688474 -0.36201325 0.85793648 -0.00920696 -0.36442644
1778656370.507785 -141736.40079301 -115779.50436881 -6278851.26280554 -0.40638859 0.88162874 0.04279948 -0.23610863
1778656370.574502 -141852.85421630 -115946.65854129 -6279753.01978337 -0.39036707 0.87775631 0.12339550 -0.24885934
1778656370.641218 -141879.98550432 -115869.30464356 -6280633.87150620 -0.36100111 0.82606971 -0.10510379 -0.41980975
1778656370.707934 -141852.59192859 -115703.26199733 -6281550.57106064 -0.42956631 0.86953401 0.21528546 -0.11417336
1778656370.774651 -141984.44581489 -116010.89591878 -6282446.27574097 -0.34702016 0.86232921 0.06235793 -0.36342376
1778656370.841367 -141971.92373781 -115790.58402927 -6283333.68596298 -0.39603745 0.79162684 -0.20871684 -0.41583478
1778656370.908084 -142066.86477786 -115892.16306695 -6284231.29815859 -0.36262546 0.85527536 -0.01549595 -0.36981984
1778656370.974800 -142037.76011232 -115691.73896942 -6285131.99881626 -0.38912454 0.87608855 0.06631116 -0.27686417
1778656371.041517 -142164.03968954 -115909.18660716 -6286025.38402696 -0.35517629 0.85882302 0.01508989 -0.36884294
1778656371.108233 -142141.35809211 -115705.86784395 -6286922.51497897 -0.37253664 0.85739195 -0.02274162 -0.35437030
1778656371.174950 -142247.08981277 -115855.71369266 -6287816.03444196 -0.34736937 0.85293357 0.00547981 -0.38962652
1778656371.241668 -142200.79561174 -115634.27638679 -6288723.88725306 -0.39865756 0.87962650 0.09282511 -0.24230738
1778656371.308386 -142319.31663431 -115871.66924080 -6289623.54417846 -0.36833134 0.86776381 0.04096273 -0.33111938
1778656371.375103 -142300.06531114 -115656.72770820 -6290516.46068615 -0.38014925 0.83106626 -0.11622131 -0.38898334
1778656371.441821 -142405.60053829 -115802.53412315 -6291413.80344596 -0.36556812 0.86061153 0.00468507 -0.35452192
1778656371.508538 -142381.77005899 -115615.85547783 -6292315.25911336 -0.39141311 0.87276734 0.01796210 -0.29111907
1778656371.575256 -142492.08083630 -115806.20492049 -6293213.61370873 -0.37040352 0.86571161 0.01787491 -0.33619209
1778656371.641973 -142481.71020495 -115626.64107891 -6294108.35304805 -0.37814080 0.84459069 -0.07900421 -0.37072151
1778656371.708691 -142581.34975415 -115757.34608004 -6295003.54846972 -0.35490662 0.85518905 -0.00294329 -0.37773578
1778656371.775409 -142560.91853684 -115579.49265572 -6295906.76707656 -0.38654197 0.87285196 0.03270167 -0.29604958
1778656371.842126 -142668.53760615 -115735.51285067 -6296799.82868783 -0.35569786 0.85602751 -0.00136838 -0.37509208
1778656371.908844 -142613.03788171 -115500.09706747 -6297710.87826034 -0.41218791 0.88311479 0.10191068 -0.19955853
1778656371.975562 -142747.93645066 -115735.64977872 -6298620.23567092 -0.39327967 0.87427794 0.16459911 -0.23211271
1778656372.042280 -142757.55558175 -115589.67308583 -6299497.77428243 -0.37044790 0.81298887 -0.14345179 -0.42572177
1778656372.108998 -142725.87923913 -115422.44064792 -6300418.81586878 -0.44710801 0.84426407 0.29053731 -0.05385793
1778656372.175713 -142753.67518626 -115365.56821000 -6301343.07392586 -0.49583008 0.69884768 0.42231657 0.29565718
1778656372.242428 -142608.22443883 -115184.18010213 -6302268.51186729 -0.41702463 0.61633054 0.38608433 0.54512936
1778656372.309142 -142124.24559197 -116119.36297521 -6303229.45481678 -0.37521886 -0.36700283 0.71542489 -0.46117995
1778656372.375857 -142719.58328775 -115946.97323429 -6304253.78397073 -0.47681255 0.70024627 0.39591106 0.35434360
1778656372.442572 -142452.15961586 -115369.23423741 -6305095.63122441 -0.53339041 0.61149201 0.57273272 0.11640197
1778656372.509287 -142732.30903479 -115800.51438099 -6306029.12150113 -0.08529018 0.70305158 -0.47393923 0.52328354
1778656372.576001 -142685.87539967 -115532.78642616 -6306943.19843491 -0.48174564 0.73711560 0.37674215 0.28748406
1778656372.642716 -142733.41249917 -115546.65401707 -6307851.23153159 -0.54900599 0.57789732 0.58013736 0.16753432
1778656372.709431 -142786.12012380 -115548.11069070 -6308756.47529187 -0.54260223 0.15637923 0.80798137 -0.16820957
1778656372.776145 -142604.33190912 -115301.44326568 -6309629.92495104 -0.56859515 -0.18466472 0.74651719 -0.29207977
1778656372.842860 -142900.88142697 -115494.10465457 -6310612.90286822 0.55689533 -0.43466777 0.70613145 -0.04806139
1778656372.909575 -142541.93354825 -116074.42361692 -6311467.20218003 0.54179426 -0.05248704 0.80850958 -0.22364337
1778656372.976290 -142885.62736304 -115914.81514137 -6312436.32015815 -0.46435265 0.26569484 0.81775585 -0.21226927
1778656373.043004 -142558.56986880 -115270.62017492 -6313315.05531055 -0.47513652 0.70218523 0.52797953 -0.04918142
1778656373.109719 -142711.01338423 -115906.14639279 -6314348.73127398 -0.02820168 -0.01404288 0.90045733 -0.43380186
1778656373.176433 -142845.50404397 -115812.18392377 -6315257.45971505 -0.45229345 0.33469602 0.80135460 -0.20307637
1778656373.243148 -142807.32265586 -115377.19766053 -6316102.89612053 -0.60218760 0.34544817 0.71628877 0.07047023
1778656373.309863 -143018.34485101 -115524.87922972 -6317019.02036208 0.15759122 -0.44755594 0.77047710 -0.42570380
1778656373.376577 -143024.36675090 -115904.33461709 -6317873.11951315 0.02274966 0.66671964 -0.49000123 0.56112936
1778656373.443291 -142210.20633697 -115525.57714062 -6318787.87150181 -0.20808398 0.80295880 -0.10888634 0.54781566
1778656373.510006 -142579.84632059 -115536.96439934 -6319931.92218128 -0.19150029 0.45740058 0.77088332 -0.39981403
1778656373.576720 -142730.97421919 -115468.98789169 -6320846.90483909 0.00236519 0.56497586 0.66053563 -0.49445866
1778656373.643435 -142936.43359553 -115508.31303596 -6321701.78827911 -0.47035208 0.10127126 0.83785656 -0.25789422
1778656373.710149 -142805.00315503 -115228.48265416 -6322526.89742729 -0.59676724 0.08756641 0.78808046 -0.12300473
1778656373.776864 -142927.62687131 -115225.31472518 -6323453.13086356 -0.41462647 -0.22100143 0.79072412 -0.39242659
1778656373.843578 -142923.48216196 -115142.16383571 -6324342.50112204 -0.42436233 -0.28588346 0.75408151 -0.41176247
1778656373.910292 -143136.97845107 -115243.01194444 -6325223.84180418 0.24961505 0.51420716 -0.62207325 0.53507774
1778656373.977006 -142556.52696154 -115900.93288137 -6326093.36812588 -0.42501628 0.69000592 0.34068451 0.47664142
1778656374.043721 -142450.94936329 -115341.45829954 -6327091.38945554 -0.23391844 0.78957447 0.03954458 0.56594218
1778656374.110435 -142897.68235526 -115416.64313315 -6328078.79991901 -0.53262719 -0.15780833 0.76866104 -0.31711986
1778656374.177150 -142494.90012326 -115304.58154771 -6328903.79398968 0.56055508 -0.49001518 -0.55904145 -0.36487776
1778656374.243864 -142770.73286234 -115579.73574857 -6329937.98642134 -0.21226759 -0.17827561 0.85136290 -0.44535547
1778656374.310579 -142810.81225763 -115290.35824622 -6330799.29939293 -0.56187926 0.50118686 0.56725688 0.33365110
1778656374.377294 -142967.20997390 -115327.08972487 -6331683.49114851 -0.58652705 -0.20355964 0.73113586 -0.28282477
1778656374.444008 -142414.01445824 -115359.31104639 -6332548.19636049 -0.54663134 0.58734947 0.57760888 0.15027563
1778656374.510723 -142734.41417149 -115495.66329283 -6333638.27336415 -0.44540954 -0.09443240 0.82471060 -0.33547770
1778656374.577437 -142870.41100430 -115332.55748770 -6334486.35869404 -0.59368799 0.43507273 0.63152658 0.24376314
1778656374.644152 -142753.14787063 -115143.48791981 -6335344.84057356 -0.65632259 0.18451054 0.72744749 0.07756717
1778656374.710866 -143016.21815103 -115468.43617827 -6336284.32830734 -0.04697493 -0.47860190 0.72659562 -0.49070599
1778656374.777581 -142482.56585594 -115280.55344835 -6337166.50521312 -0.39302094 0.84171512 0.11162850 0.35297205
1778656374.844296 -142702.25130096 -115251.01599307 -6338156.94681895 0.16469372 0.69095730 -0.34875923 0.61140901
1778656374.911010 -142839.14959875 -115538.00826075 -6339086.84510122 0.25421813 0.61014511 -0.47606830 0.58004747
1778656374.977724 -142568.39844837 -115299.15351556 -6340003.76852993 -0.21323522 0.83152839 -0.16821255 0.48455733
1778656375.044439 -142733.85828303 -115302.26099347 -6340966.86306487 -0.39603954 -0.16160099 0.82950578 -0.35910718
1778656375.111153 -142731.73237407 -115169.08178009 -6341838.88108613 -0.60355996 0.38068788 0.64644684 0.26999740
1778656375.177869 -142929.51522987 -115218.81657595 -6342743.44776246 -0.64867640 -0.14793090 0.72521528 -0.17719530
1778656375.244584 -142442.27567911 -115311.06986439 -6343617.33311449 -0.46327874 0.73474215 0.44578907 0.21633051
1778656375.311300 -142706.76488256 -115292.14131010 -6344673.16028577 -0.22457809 0.73443546 0.13984045 0.62499111
1778656375.378015 -142698.62865031 -115196.75105915 -6345560.35196136 -0.38606301 0.76793444 0.26868306 0.43478899
1778656375.444731 -142564.56389688 -115171.05808784 -6346448.97919484 -0.43779277 0.70886703 0.37578617 0.40574596
1778656375.511446 -142574.82077759 -115199.72939148 -6347404.73530958 -0.27811264 0.77224388 0.13200094 0.55575940
1778656375.578161 -142638.83312528 -115150.33139286 -6348331.44905168 -0.40021131 0.80453942 0.23949958 0.36767809
1778656375.644877 -142580.82681249 -115113.06549317 -6349231.23053592 -0.44506033 0.65620444 0.40403236 0.45615226
1778656375.711592 -142548.78881561 -115122.09646747 -6350163.06713183 -0.35717049 0.69951039 0.28909904 0.54729900
1778656375.778308 -142573.51743105 -115104.11303994 -6351096.89450203 -0.37418863 0.78290420 0.22042504 0.44548477
1778656375.845023 -142601.58840466 -115057.53742889 -6352011.50464005 -0.46051548 0.69766975 0.40211710 0.37347590
1778656375.911738 -142574.77862336 -115016.12333263 -6352918.45906819 -0.49657411 0.58075698 0.48734086 0.42265160
1778656375.978454 -142502.53108656 -115027.86364125 -6353841.85403294 -0.42154214 0.61030719 0.40103785 0.53758349
1778656376.045169 -142496.29463723 -115061.44324551 -6354789.43707709 -0.28534009 0.74762340 0.16520487 0.57649600
1778656376.111885 -142616.51470543 -115012.86673909 -6355719.99591098 -0.44502816 0.70983137 0.36848833 0.40287183
1778656376.178601 -142560.32062101 -114938.41745294 -6356607.49952460 -0.52059004 0.56707662 0.51759715 0.37350143
1778656376.245317 -142768.96002764 -114974.53406673 -6357533.60588988 -0.66452916 0.15961510 0.72128495 0.11257015
1778656376.312032 -142410.19305854 -114927.87890542 -6358416.44311788 -0.48194301 0.69343013 0.46561959 0.26473379
1778656376.378748 -142703.05950857 -115220.98033050 -6359417.11462988 -0.62170707 -0.18481548 0.72761920 -0.22336934
1778656376.445465 -142623.05196262 -114915.96583112 -6360304.04425608 -0.37845778 0.84233368 0.19920477 0.32796514
1778656376.512181 -142499.53554581 -114873.91778696 -6361208.30201451 -0.43165825 0.70486489 0.38198520 0.41342950
1778656376.578897 -142460.21074882 -114918.36593667 -6362158.74244636 -0.23249293 0.79149132 0.05875329 0.56217130
1778656376.645612 -142562.97218694 -114892.50120065 -6363100.63420657 -0.31559580 0.83316326 0.08946341 0.44523541
1778656376.712329 -142527.64644375 -114833.53742113 -6363996.79893080 -0.40199488 0.73922503 0.31758450 0.43713449
1778656376.779045 -142509.14360473 -114809.85137891 -6364920.76178432 -0.37338866 0.72060483 0.29631852 0.50349272
1778656376.845761 -142431.19883224 -114832.62423659 -6365845.69471006 -0.26608034 0.76528997 0.13221941 0.57100836
1778656376.912477 -142538.41012814 -114806.97512442 -6366789.84737966 -0.32887175 0.79897950 0.15580520 0.47874823
1778656376.979193 -142500.30963470 -114748.97125659 -6367688.02767219 -0.41255144 0.72211897 0.33385050 0.44372215
1778656377.045909 -142504.55850924 -114721.02378460 -6368613.24541987 -0.40808155 0.67923500 0.35580300 0.49549317
1778656377.112625 -142454.97779891 -114708.07548374 -6369535.44238054 -0.37378969 0.74887547 0.26337202 0.47968945
1778656377.179340 -142504.93578893 -114691.02810532 -6370470.04183497 -0.38578755 0.72943684 0.29399824 0.48234313
1778656377.246055 -142484.98776709 -114653.61848117 -6371381.05177324 -0.41699553 0.67203823 0.36664113 0.48995267
1778656377.312770 -142463.31079462 -114632.36839864 -6372304.07797774 -0.39520946 0.68167958 0.33802984 0.51464382
1778656377.379485 -142470.52703555 -114613.86391793 -6373232.58601923 -0.39550933 0.74228564 0.28926705 0.45706562
1778656377.446200 -142495.59195669 -114582.47263493 -6374152.81330730 -0.43556895 0.69256645 0.37226955 0.43823143
1778656377.512915 -142494.22188606 -114545.76670978 -6375068.53149177 -0.46375001 0.62676515 0.43576548 0.44967746
1778656377.579630 -142469.83045722 -114519.42760411 -6375989.72648190 -0.44708836 0.61466308 0.42290078 0.49341284
1778656377.646345 -142430.88947158 -114509.03628574 -6376916.86502995 -0.39966887 0.72042996 0.30969367 0.47469496
1778656377.713060 -142492.60452227 -114494.41645652 -6377849.96495553 -0.41969436 0.67529614 0.36307592 0.48580617
1778656377.779774 -142475.22088403 -114450.26829161 -6378759.81626169 -0.45849604 0.64271857 0.42139878 0.44622560
1778656377.846489 -142474.76972488 -114422.77733781 -6379682.29652207 -0.45714030 0.59682304 0.43841841 0.49255894
1778656377.913204 -142413.92482756 -114408.59805197 -6380605.80169105 -0.40507947 0.69958769 0.32918462 0.48798071
1778656377.979919 -142445.09695515 -114403.82162197 -6381543.42131476 -0.36567215 0.68599785 0.30248933 0.55153515
1778656378.046633 -142483.12789205 -114371.80680872 -6382462.11138094 -0.43612070 0.65482991 0.38916031 0.47911458
1778656378.113348 -142443.25293625 -114329.96488501 -6383375.04297974 -0.44489816 0.65238448 0.39785485 0.46708847
1778656378.180063 -142458.56425356 -114309.69069571 -6384304.56684199 -0.43954621 0.67718142 0.37689027 0.45406847
1778656378.246778 -142480.56207820 -114278.72902675 -6385224.14200407 -0.47351679 0.62588192 0.44076399 0.43563835
1778656378.313493 -142513.08264704 -114245.92142351 -6386141.82190139 -0.51736386 0.55223675 0.51459844 0.40318440
1778656378.380208 -142446.91129279 -114202.21464415 -6387056.08592661 -0.49560557 0.57915623 0.48160881 0.43244206
1778656378.446923 -142353.47464831 -114225.26574836 -6387990.18506808 -0.33794652 0.66205823 0.29634648 0.59970810
1778656378.513638 -142407.87990462 -114235.21279565 -6388938.42556820 -0.25297383 0.69937222 0.19360375 0.63984399
1778656378.580353 -142505.61603085 -114198.85188591 -6389854.67842042 -0.44592782 0.66290116 0.38524303 0.46184222
1778656378.647068 -142468.11285471 -114123.02710839 -6390757.18756866 -0.50173994 0.62816404 0.46423689 0.37168681
1778656378.713783 -142523.16018128 -114100.78896929 -6391682.32102501 -0.53311378 0.54830680 0.52612108 0.37194887
1778656378.780498 -142540.61828215 -114054.17424562 -6392594.68349016 -0.56526915 0.50763463 0.59002067 0.27322790
1778656378.847213 -142611.61409841 -114038.94392777 -6393511.92199797 -0.60719403 0.38356772 0.66252271 0.21273190
1778656378.913928 -142460.32910596 -113955.21088042 -6394420.73695053 -0.56689575 0.49508380 0.59026711 0.29172928
1778656378.980642 -142768.49427412 -114252.50584332 -6395365.68942812 -0.64141097 0.05968786 0.76291336 -0.05470410
1778656379.047357 -142354.51370978 -113971.03221089 -6396267.66289866 -0.44725631 0.82819707 0.26850811 0.20482872
1778656379.114072 -142464.92475534 -114004.94454073 -6397236.80733250 -0.25640364 0.75108851 0.12638507 0.59510507
1778656379.180788 -142493.11860659 -113962.68503536 -6398148.59567919 -0.38423718 0.81260961 0.16640683 0.40538398
1778656379.247504 -142472.42552775 -113922.75837851 -6399065.93839362 -0.41752202 0.80873971 0.21699389 0.35288681
1778656379.314219 -142329.71458355 -113980.17576920 -6400000.36161582 -0.15272604 0.76316235 -0.02296633 0.62747951
1778656379.380934 -142557.44954864 -113989.21620421 -6400954.89173527 -0.31979123 0.81532710 0.05860486 0.47910412
1778656379.447650 -142505.96379765 -113886.31422323 -6401847.92157157 -0.43229775 0.81061384 0.22396056 0.32536984
1778656379.514366 -142428.95302980 -113862.44426495 -6402773.49958294 -0.33550633 0.76946364 0.16239144 0.51864269
1778656379.581082 -142490.17754090 -113843.05379771 -6403703.44876754 -0.37051457 0.81640138 0.11352686 0.42815815
1778656379.647797 -142437.98078234 -113794.91099095 -6404612.33307939 -0.40007070 0.75957886 0.24337676 0.45138801
1778656379.714513 -142464.13599130 -113775.53890364 -6405542.86504531 -0.36996071 0.76058593 0.20958787 0.49062311
1778656379.781228 -142442.56088103 -113746.70861594 -6406465.24266394 -0.38917139 0.79232408 0.17701979 0.43523808
1778656379.847944 -142480.08437906 -113723.85887003 -6407393.24972015 -0.41366766 0.79760414 0.19861138 0.39148465
1778656379.914660 -142427.52531208 -113687.84293945 -6408308.93792080 -0.39827696 0.74313777 0.25560978 0.47305957
1778656379.981375 -142462.12066689 -113670.00030323 -6409238.76963663 -0.37752583 0.74775782 0.22943175 0.49567485
1778656380.048091 -142440.67980703 -113639.35067676 -6410161.21125986 -0.40035671 0.78465094 0.19487563 0.43134776
1778656380.114806 -142326.37595687 -113679.14042847 -6411096.37794983 -0.16246800 0.75389712 -0.00406307 0.63657425
1778656380.181522 -142532.70064635 -113686.95798407 -6412044.00248042 -0.34290472 0.79309618 0.10469782 0.49239534
1778656380.248238 -142491.93947643 -113592.48047740 -6412943.30780141 -0.44939879 0.78001181 0.25191095 0.35519455
1778656380.314954 -142434.93774514 -113561.43091352 -6413868.13730667 -0.37358559 0.74812618 0.21125485 0.50607551
1778656380.381670 -142391.98863084 -113562.95830333 -6414801.52211976 -0.24483480 0.75348101 0.07882609 0.60506920
1778656380.448385 -142507.04978870 -113542.07994587 -6415728.19280898 -0.39709841 0.76553859 0.20401884 0.46329239
1778656380.515101 -142457.67226989 -113465.15766029 -6416634.09740993 -0.47074894 0.73919905 0.31556899 0.36386319
1778656380.581817 -142469.77144971 -113441.09338678 -6417562.32257602 -0.44745224 0.73862543 0.28820527 0.41371088
1778656380.648533 -142431.61587655 -113428.27263520 -6418491.92832300 -0.33198994 0.69045312 0.24963486 0.59223273
1778656380.715249 -142485.67976116 -113406.53802544 -6419417.39736945 -0.40972128 0.72346786 0.26742335 0.48703950
1778656380.781964 -142442.54394080 -113359.35750659 -6420333.16290309 -0.43397893 0.71923016 0.29069262 0.45811359
1778656380.848680 -142446.47767140 -113342.45697479 -6421263.71150851 -0.40873583 0.75415517 0.21592182 0.46643624
1778656380.915396 -142409.27691481 -113337.35570571 -6422195.28586244 -0.28598643 0.72019702 0.16784804 0.60938907
1778656380.982111 -142507.31103586 -113318.42825198 -6423122.72489014 -0.41996059 0.73800098 0.24689715 0.46693624
1778656381.048827 -142419.14798154 -113254.38082202 -6424032.43557736 -0.44095856 0.71812380 0.28771578 0.45505317
1778656381.115543 -142419.56002107 -113250.28635474 -6424967.21215882 -0.35244466 0.75065816 0.15867043 0.53583466
1778656381.182258 -142341.61897551 -113273.97256804 -6425902.75137834 -0.15957739 0.74274976 -0.01058616 0.65018903
1778656381.248973 -142529.71088269 -113280.82402055 -6426843.05593870 -0.37635880 0.75824555 0.16024823 0.50767927
1778656381.315689 -142469.80564498 -113164.30155179 -6427741.47383751 -0.50973270 0.73115607 0.32711616 0.31397197
1778656381.382404 -142486.73213933 -113135.84990444 -6428665.77382321 -0.47645630 0.68454683 0.34656469 0.42927607
1778656381.449119 -142554.98323873 -113130.28834605 -6429592.29179019 -0.47941244 0.59603860 0.42811346 0.48126974
1778656381.515834 -142494.31538824 -113065.62103628 -6430509.67868984 -0.48836879 0.64318607 0.39517073 0.43777585
1778656381.582549 -142489.68778763 -113039.08619687 -6431434.66050352 -0.46660197 0.63907492 0.38204977 0.47739273
1778656381.649264 -142334.33519769 -113062.87626320 -6432365.29667073 -0.20612904 0.70081249 0.13568680 0.66929946
1778656381.715980 -142531.38724040 -113085.41157469 -6433317.60367033 -0.33552359 0.72897413 0.16346605 0.57384622
1778656381.782695 -142558.48240911 -113023.60816577 -6434227.42899074 -0.49127090 0.69939770 0.32301057 0.40639874
1778656381.849410 -142557.98997367 -112967.64198850 -6435144.61231931 -0.51513532 0.64284456 0.40182696 0.39990195
1778656381.916125 -142607.09127389 -112948.20348952 -6436068.54643914 -0.53907844 0.60625306 0.45086438 0.37225390
1778656381.982840 -142673.91707804 -112942.16934602 -6436990.62708266 0.58177448 -0.53915531 -0.53319733 -0.29419485
1778656382.049555 -142590.21438548 -112846.76316680 -6437909.32374407 -0.56471522 0.58022056 0.49136076 0.32094460
1778656382.116270 -142635.26894888 -112831.17391328 -6438832.22251150 0.56608913 -0.53800337 -0.51766635 -0.34945247
1778656382.182986 -142720.25137661 -112841.47091088 -6439757.52912617 0.59667158 -0.50574061 -0.56449570 -0.26373105
1778656382.249702 -142675.53831095 -112763.05478997 -6440679.77927023 0.59046045 -0.54652851 -0.54101835 -0.24487179
1778656382.316418 -142783.10010328 -112798.67288204 -6441602.24744448 0.61750839 -0.42264182 -0.61536496 -0.24775642
1778656382.383134 -142619.16464418 -112670.88820969 -6442522.92210962 0.57351793 -0.56377855 -0.51183759 -0.30208146
1778656382.449850 -142821.70872237 -112769.93458265 -6443452.23053510 0.61020274 -0.41879445 -0.60707827 -0.28934372
1778656382.516566 -142611.89479197 -112611.08385770 -6444377.57135380 -0.56727381 0.65871691 0.44502125 0.21505476
1778656382.583282 -142826.03773235 -112713.57597319 -6445306.68425453 0.57211289 -0.48983658 -0.54975719 -0.36126722
1778656382.649998 -142627.10750548 -112563.99272269 -6446226.17786317 -0.55069248 0.65258572 0.42794017 0.29620412
1778656382.716714 -142781.58724169 -112614.05317918 -6447157.25055302 -0.51500779 0.55275316 0.47445118 0.45180416
1778656382.783430 -142748.23386232 -112539.45655810 -6448081.35031489 -0.56328389 0.61131147 0.47365823 0.29095951
1778656382.850146 -142859.84071741 -112574.70063085 -6449004.93679249 0.58537511 -0.48608073 -0.56156027 -0.32513314
1778656382.916862 -142720.46705349 -112457.67453636 -6449926.40054659 -0.55127432 0.60321236 0.46645794 0.33859778
1778656382.983578 -142866.92025550 -112506.21460781 -6450855.59432771 0.57300535 -0.53575028 -0.52856737 -0.32442726
1778656383.050294 -142816.70845973 -112424.15231310 -6451779.73850052 -0.57098673 0.58191625 0.50159719 0.28939229
1778656383.117011 -142917.59680514 -112453.73744434 -6452702.57702994 0.59213901 -0.47057511 -0.57406316 -0.31365896
1778656383.183727 -142765.82251388 -112331.58601642 -6453625.12676358 -0.55956664 0.59992191 0.47764964 0.31437191
1778656383.250443 -142962.67381582 -112854.44849454 -6454551.53556257 -0.66730857 -0.02151584 0.73852463 -0.09390267
1778656383.317159 -142936.32103084 -112478.28023745 -6455534.13046043 -0.46562227 0.83257684 -0.08620639 0.28736764
1778656383.383875 -142900.14823971 -112360.34419621 -6456414.95172528 -0.45123772 0.78756063 0.14824526 0.39262721
1778656383.450592 -142894.79997091 -112295.73126751 -6457330.18717394 -0.45292117 0.77231944 0.18369312 0.40576093
1778656383.517308 -142799.73178051 -112256.72082208 -6458256.37321710 -0.32618340 0.78014358 0.01241697 0.53369111
1778656383.584024 -142677.55424342 -112284.16793242 -6459189.40181021 -0.05513798 0.71543815 -0.28034457 0.63758527
1778656383.650740 -142921.83063026 -112342.62077796 -6460145.66790505 -0.14577744 0.74551340 -0.18944494 0.62214896
1778656383.717457 -142982.93917659 -112281.21319348 -6461057.57885804 -0.45764615 0.79149271 0.12291487 0.38599381
1778656383.784173 -142973.81853340 -112206.74767113 -6461978.45687264 -0.49530351 0.80256781 0.13094471 0.30563514
1778656383.850889 -142938.39958143 -112145.63538963 -6462896.12206927 -0.43912551 0.75950162 0.17935290 0.44515010
1778656383.917605 -142910.39391104 -112105.12472481 -6463815.00754389 -0.33240832 0.74148374 0.12929934 0.56832055
1778656383.984322 -142976.38980345 -112090.74833379 -6464741.21879816 -0.40152413 0.75347614 0.15548606 0.49686635
1778656384.051038 -142960.31711028 -112048.01102599 -6465669.87529183 -0.42248007 0.77921133 0.09777854 0.45252586
1778656384.117755 -142919.75848598 -112012.20622169 -6466593.96725288 -0.33361554 0.76075594 0.06441900 0.55299300
1778656384.184473 -143005.72717524 -112010.84624351 -6467521.59901794 -0.36302497 0.75065806 0.12251836 0.53825143
1778656384.251191 -143000.75981376 -111960.93544624 -6468444.32241000 -0.39714860 0.75043635 0.14783920 0.50720985
1778656384.317909 -142941.80164514 -111918.51670907 -6469372.97778053 -0.36095467 0.77477473 0.02021416 0.51867836
1778656384.384627 -142847.08117917 -111910.67705633 -6470301.12137836 -0.16506063 0.74316765 -0.13918180 0.63331293
1778656384.451345 -143019.16372342 -111942.24514166 -6471243.01229846 -0.20929738 0.74940573 -0.07750568 0.62336068
1778656384.518063 -143085.04734002 -111921.11512197 -6472166.56000350 -0.39390197 0.76346515 0.09137020 0.50360071
1778656384.584781 -143102.10321871 -111867.21627172 -6473096.02435111 -0.50287866 0.78942643 0.10879001 0.33478904
1778656384.651500 -143078.71145527 -111802.75299193 -6474014.63372854 -0.47371452 0.74904778 0.19421137 0.42048057
1778656384.718218 -143042.88071998 -111749.49592256 -6474931.07653907 -0.38423875 0.72584919 0.17835767 0.54193366
1778656384.784936 -143001.92913779 -111719.52795862 -6475856.97928856 -0.26534166 0.73247399 0.07227224 0.62277796
1778656384.851654 -143083.92124001 -111724.71805168 -6476794.03379906 -0.38102573 0.77225345 -0.00294276 0.50836537
1778656384.918373 -143075.84232808 -111685.37144398 -6477718.90844027 -0.36121163 0.75194916 0.07360945 0.54651649
1778656384.985091 -143121.33405892 -111663.35327070 -6478642.56669942 -0.36960063 0.73169046 0.14382424 0.55438167
1778656385.051809 -143132.43576418 -111617.67473144 -6479566.22724049 -0.42110765 0.73181561 0.17473495 0.50653920
1778656385.118527 -143117.70666576 -111578.20007733 -6480496.80054014 -0.43444124 0.76012911 0.09449145 0.47385219
1778656385.185245 -143092.73392518 -111543.83213774 -6481420.85549534 -0.35202886 0.74148702 0.08893847 0.56423632
1778656385.251962 -143096.52491184 -111521.86759040 -6482347.60026357 -0.26433534 0.72937561 0.06243402 0.62788537
1778656385.318680 -143116.10405440 -111501.21455128 -6483277.12809831 -0.27320787 0.73646018 0.03212597 0.61802248
1778656385.385397 -143123.34554807 -111474.77141231 -6484208.76001079 -0.35340443 0.75767196 -0.03199396 0.54773616
1778656385.452115 -143161.41444242 -111454.83900325 -6485135.22763952 -0.35282771 0.74590689 0.04700962 0.56296147
1778656385.518833 -143222.01875027 -111432.80731460 -6486058.44977784 -0.40834577 0.71782349 0.18041899 0.53425851
1778656385.585550 -143239.92031820 -111383.89093105 -6486985.73346744 -0.48832098 0.72266820 0.21284972 0.44044101
1778656385.652268 -143240.55970803 -111343.08286500 -6487915.08006441 -0.49826731 0.73816270 0.17591165 0.41940506
1778656385.718986 -143160.92283615 -111288.34036829 -6488836.66922833 -0.37107372 0.72221507 0.13761101 0.56725030
1778656385.785703 -143138.54712200 -111274.21671051 -6489763.95299450 -0.19539368 0.71965468 0.02510934 0.66579875
1778656385.852421 -143136.23787258 -111262.94620977 -6490695.25085708 -0.13806318 0.71941791 -0.07944872 0.67606533
1778656385.919139 -143172.09486736 -111253.48187130 -6491629.57380211 -0.27071983 0.73069394 -0.15887454 0.60626398
1778656385.985857 -143299.81084094 -111276.32163219 -6492561.45798063 -0.39598936 0.74193672 0.04939458 0.53877872
1778656386.052574 -143328.40453649 -111212.97455193 -6493483.94832695 -0.51920027 0.71091853 0.22910666 0.41537460
1778656386.119292 -143343.21545542 -111156.79436044 -6494407.57956437 -0.55536315 0.70335461 0.26252787 0.35769146
1778656386.186011 -143355.23018697 -111123.50069678 -6495336.06347681 -0.54340945 0.71413785 0.22853959 0.37746915
1778656386.252728 -143368.10578933 -111087.29821178 -6496258.41211288 -0.51809388 0.68347034 0.27961269 0.43158286
1778656386.319447 -143366.98303792 -111042.67543419 -6497179.05151977 -0.48100932 0.66083640 0.30329101 0.48983656
1778656386.386165 -143408.34767705 -111021.95853719 -6498105.06050711 -0.50449441 0.65898068 0.31424066 0.46095841
1778656386.452883 -143395.17615332 -110977.23634737 -6499037.47492352 -0.51104195 0.69855076 0.23723947 0.44111268
1778656386.519601 -143390.97772563 -110943.28754660 -6499961.32176389 -0.44475201 0.68384498 0.24050899 0.52602959
1778656386.586319 -143436.73413872 -110926.55289216 -6500886.00555434 -0.45512720 0.66265423 0.28504250 0.52201473
1778656386.653038 -143461.13708551 -110892.05596588 -6501815.53932465 -0.50847641 0.67138353 0.28561977 0.45729339
1778656386.719756 -143488.02010789 -110869.37325590 -6502750.61998552 -0.54618641 0.70384878 0.22837580 0.39258348
1778656386.786474 -143513.69963036 -110842.50016363 -6503676.53488252 -0.53411106 0.67410504 0.28687136 0.42191539
1778656386.853192 -143525.71638694 -110808.22604460 -6504603.11918214 -0.52097206 0.66658677 0.29488972 0.44417365
1778656386.919911 -143527.62750948 -110765.24908207 -6505527.66739334 -0.50569895 0.66287279 0.29433637 0.46715558
1778656386.986629 -143507.07279940 -110723.68091539 -6506457.15175285 -0.47604146 0.69528625 0.21009053 0.49580594
1778656387.053348 -143502.09549531 -110693.97782327 -6507381.90885338 -0.39470607 0.69060790 0.19142335 0.57499996
1778656387.120066 -143597.96264157 -110707.36785949 -6508309.62970490 -0.45129977 0.65771679 0.28302707 0.53257189
1778656387.186784 -143604.47793756 -110651.77014422 -6509242.83968596 -0.53950193 0.66879704 0.28446998 0.42511766
1778656387.253501 -143611.28832447 -110619.28818472 -6510175.28255536 -0.53918286 0.69692019 0.21599725 0.42062961
1778656387.320219 -143643.32873223 -110597.33051344 -6511100.34756493 -0.51829255 0.66791566 0.27610235 0.45719689
1778656387.386937 -143650.16811467 -110552.69673250 -6512024.70608293 -0.51242970 0.65024692 0.30694067 0.46944879
1778656387.453655 -143668.53822992 -110518.54986174 -6512951.71230744 -0.51819168 0.65299590 0.30148007 0.46279964
1778656387.520373 -143651.54749257 -110477.72267428 -6513883.77605198 -0.50098960 0.69065655 0.20787402 0.47832138
1778656387.587091 -143651.42621992 -110448.67503566 -6514809.32295259 -0.42720555 0.68435597 0.20215066 0.55523639
1778656387.653809 -143723.51408639 -110447.59560465 -6515736.46158767 -0.46112959 0.65680948 0.27513195 0.52939891
1778656387.720527 -143737.14568340 -110402.98199502 -6516667.74739770 -0.51878578 0.65849035 0.28197031 0.46663103
1778656387.787245 -143719.38757506 -110357.95818957 -6517600.86377745 -0.51570140 0.69183823 0.19325653 0.46697306
1778656387.853963 -143718.25211936 -110326.67440588 -6518525.49318008 -0.43848229 0.68369530 0.19584844 0.54948831
1778656387.920681 -143790.29683036 -110324.39706342 -6519452.19134618 -0.46755939 0.65463956 0.27401504 0.52702090
1778656387.987399 -143815.60508944 -110286.51138140 -6520384.21855721 -0.53118450 0.65069411 0.29222003 0.45721730
1778656388.054118 -143820.68564201 -110249.92093144 -6521321.00519344 -0.56040245 0.68609717 0.20761104 0.41487037
1778656388.120835 -143837.02630804 -110219.53622848 -6522246.60692996 -0.52514843 0.66566576 0.25320129 0.46582972
1778656388.187551 -143857.00895893 -110182.76162508 -6523171.27692144 -0.51931519 0.64386395 0.29872210 0.47593703
1778656388.254267 -143874.40258141 -110148.07836855 -6524099.57132702 -0.52391309 0.64624681 0.29250734 0.47150778
1778656388.320983 -143858.33655795 -110107.20285983 -6525033.60282342 -0.51696483 0.68315591 0.19306091 0.47830205
1778656388.387699 -143853.70053318 -110075.88415371 -6525959.12228585 -0.43573394 0.67989986 0.18695616 0.55939209
1778656388.454415 -143939.66025522 -110085.05964386 -6526887.11553424 -0.46852019 0.65020492 0.27131853 0.53301843
1778656388.521131 -143937.24505982 -110027.20056328 -6527821.51321834 -0.53429621 0.65633347 0.26101625 0.46435380
1778656388.587847 -143923.50650979 -109987.39126240 -6528753.79896211 -0.51728964 0.68373772 0.17344125 0.48459498
1778656388.654563 -143924.49757922 -109957.14116044 -6529679.37824476 -0.43819809 0.67920055 0.17698376 0.56155658
1778656388.721280 -143975.98244382 -109948.10503719 -6530606.21822167 -0.41750024 0.66421244 0.22202300 0.57898288
1778656388.787996 -144013.79224728 -109920.95499816 -6531538.86396385 -0.49559529 0.65278062 0.25582388 0.51265672
1778656388.854712 -144028.84484530 -109887.84930163 -6532480.36491997 -0.57376151 0.68015684 0.17177947 0.42270110
1778656388.921428 -144068.24898997 -109867.96946213 -6533407.01921930 -0.55679965 0.64962521 0.26362472 0.44549214
1778656388.988144 -144073.42129533 -109816.33485544 -6534332.89494561 -0.54868417 0.62893455 0.30802638 0.45662541
1778656389.054860 -144084.30279382 -109780.16309072 -6535258.99091070 -0.52046374 0.63381949 0.29429550 0.49069390
1778656389.121576 -144037.86337316 -109727.72543021 -6536192.77710680 -0.49530170 0.67593368 0.16468444 0.52025851
1778656389.188292 -143975.37301221 -109692.04403034 -6537116.19407901 -0.32551670 0.69037486 0.07107156 0.64216063
1778656389.255007 -144017.53801748 -109691.13245515 -6538046.58403998 -0.22256870 0.69290380 0.02674514 0.68529715
1778656389.321723 -144117.98813136 -109701.08924141 -6538982.53696783 -0.38133697 0.67973450 0.12711973 0.61350118
1778656389.388438 -144193.74531840 -109702.41639206 -6539929.98398175 -0.59178101 0.66934293 0.16302809 0.41856556
1778656389.455153 -144231.27269662 -109669.99976696 -6540868.15457489 0.64571605 -0.64537088 -0.24363720 -0.32739597
1778656389.521869 -144213.30862467 -109591.75503264 -6541790.36584217 -0.60821704 0.61398129 0.31821678 0.38966278
1778656389.588584 -144237.54615782 -109561.94221672 -6542712.64078945 -0.57465059 0.61736903 0.31032009 0.43855856
1778656389.655300 -144286.97993237 -109558.40013154 -6543650.73270087 -0.61665010 0.63360686 0.26764484 0.38295069
1778656389.722015 -144307.02847408 -109512.71228885 -6544586.84217404 0.64507814 -0.60441101 -0.33089944 -0.33025307
1778656389.788730 -144315.12755987 -109469.34178154 -6545508.43731804 0.59630349 -0.58644674 -0.36575660 -0.40831910
1778656389.855446 -144339.28327103 -109442.54856803 -6546435.79550105 -0.57989170 0.59342627 0.35250298 0.43279618
1778656389.922161 -144385.51546507 -109440.62745687 -6547377.41693353 0.63039655 -0.62480025 -0.27916571 -0.36645783
1778656389.988877 -144407.49591907 -109408.46489652 -6548313.29593237 0.64020615 -0.61081324 -0.30978640 -0.34795929
1778656390.055592 -144415.74366682 -109358.28022923 -6549237.35249972 0.60854655 -0.57795043 -0.37491021 -0.39381053
1778656390.122308 -144439.33560861 -109331.32105297 -6550165.87896921 0.59493994 -0.59134268 -0.35008478 -0.41689442
1778656390.189023 -144494.51775756 -109337.49759026 -6551107.78567120 0.64725362 -0.61459064 -0.29364351 -0.34222006
1778656390.255739 -144502.99265172 -109290.97110714 -6552045.42175527 0.65507008 -0.60396072 -0.31520336 -0.32674374
1778656390.322455 -144510.08481524 -109243.27073534 -6552966.64297555 0.60514163 -0.57594915 -0.37385286 -0.40288984
1778656390.389171 -144541.30904056 -109222.05599182 -6553894.94664406 0.59446159 -0.58462381 -0.35786725 -0.42043007
1778656390.455886 -144600.63382030 -109234.55336347 -6554841.13469292 0.66371767 -0.61480309 -0.28164778 -0.31964128
1778656390.522602 -144599.05937914 -109178.11067380 -6555780.36166963 0.66743066 -0.60483543 -0.30312370 -0.31116946
1778656390.589318 -144619.58091080 -109140.02167821 -6556699.53005801 0.61829304 -0.57071070 -0.37694881 -0.38718548
1778656390.656034 -144643.68193657 -109111.47615296 -6557629.80189482 0.61143713 -0.57982149 -0.35973262 -0.40067957
1778656390.722749 -144701.57248001 -109121.15358990 -6558569.56697460 0.65390821 -0.60271392 -0.30390520 -0.34173324
1778656390.789465 -144701.73079323 -109067.15135256 -6559512.07073733 0.66878606 -0.59904405 -0.30763230 -0.31501396
1778656390.856181 -144723.43538200 -109033.09047711 -6560433.71406557 0.62335771 -0.57171376 -0.36970669 -0.38455885
1778656390.922896 -144747.48173279 -109004.09500735 -6561363.52355856 0.61173167 -0.57596432 -0.36212437 -0.40362780
1778656390.989612 -144808.50868455 -109015.52181880 -6562303.08267490 0.65825483 -0.58983520 -0.32449248 -0.33689707
1778656391.056328 -144808.98715313 -108959.44057656 -6563247.49017113 0.67802785 -0.59066411 -0.31665217 -0.30187009
1778656391.123044 -144826.63712407 -108922.57437975 -6564169.20817411 0.63003793 -0.56818571 -0.36997527 -0.37859675
1778656391.189760 -144850.61298199 -108893.80536913 -6565097.94492492 0.61123668 -0.57071090 -0.36730158 -0.40714658
1778656391.256477 -144912.12682089 -108907.87255578 -6566039.06667627 0.66304518 -0.59152376 -0.31219519 -0.33616201
1778656391.323194 -144909.67257228 -108849.73826841 -6566983.30122128 0.67863959 -0.59036510 -0.30892050 -0.30900724
1778656391.389910 -144929.22856072 -108814.57327049 -6567904.86424929 0.62726633 -0.56830463 -0.36529653 -0.38745999
1778656391.456627 -144963.11360410 -108793.27654266 -6568834.63570585 0.61899993 -0.56474307 -0.37234261 -0.39908061
1778656391.523343 -145013.72184988 -108795.74976577 -6569778.99385671 0.67480019 -0.58778847 -0.30969144 -0.32131082
1778656391.590060 -145015.27143266 -108742.23753445 -6570719.60919200 0.67803180 -0.58415467 -0.31520365 -0.31572592
1778656391.656776 -145038.53893357 -108707.96327116 -6571641.21995769 0.62869163 -0.55801032 -0.37918427 -0.38676945
1778656391.723493 -145067.76339432 -108682.44421771 -6572572.76734220 0.62473339 -0.56042553 -0.37417642 -0.39449135
1778656391.790210 -145106.60942100 -108674.68875741 -6573515.77242796 0.66417840 -0.58788295 -0.30405434 -0.34757970
1778656391.856926 -145131.11575522 -108646.39604797 -6574456.72024269 0.67801343 -0.58178525 -0.31282344 -0.32243635
1778656391.923642 -145142.89736562 -108596.52347829 -6575380.78873869 0.63534968 -0.55261131 -0.38227664 -0.38054710
1778656391.990359 -145174.40110500 -108574.04106774 -6576310.36422309 0.62154228 -0.55364736 -0.38255118 -0.40101669
1778656392.057076 -145219.07604245 -108572.78814531 -6577255.24784787 0.67194757 -0.58158553 -0.30819264 -0.33950261
1778656392.123791 -145237.90508234 -108538.07998269 -6578197.55027038 0.68553297 -0.57742953 -0.31172817 -0.31534938
1778656392.190507 -145249.51386364 -108492.94972571 -6579124.34697646 0.64510648 -0.55819802 -0.36406399 -0.37377802
1778656392.257222 -145291.86818644 -108479.30147792 -6580053.48089063 0.63557976 -0.54899147 -0.38299505 -0.38465768
1778656392.323938 -145324.43695814 -108463.70945866 -6581000.02622766 0.68234048 -0.57712374 -0.30705814 -0.32719253
1778656392.390653 -145343.88844685 -108431.68585643 -6581940.08610349 0.68555193 -0.57623221 -0.30641257 -0.32262412
1778656392.457368 -145356.64416553 -108386.30103165 -6582865.30683936 0.64038042 -0.55594961 -0.36451946 -0.38465376
1778656392.524084 -145401.52101173 -108375.29993064 -6583796.00361061 0.63763224 -0.54740502 -0.38062128 -0.38587603
1778656392.590799 -145437.70227614 -108364.11026284 -6584744.72416824 0.69263476 -0.57509106 -0.29945638 -0.31599563
1778656392.657514 -145452.94764518 -108327.64153626 -6585686.64684031 0.69633763 -0.57522150 -0.29572522 -0.31109601
1778656392.724230 -145469.73599123 -108286.68625521 -6586612.33970200 0.65074010 -0.55274667 -0.36239530 -0.37373531
1778656392.790945 -145507.25121996 -108267.12134584 -6587541.89704773 0.64024290 -0.54612628 -0.37760554 -0.38632781
1778656392.857660 -145548.60768878 -108268.30627820 -6588493.79922109 0.70219104 -0.58033824 -0.27195138 -0.31012534
1778656392.924376 -145555.59816275 -108219.62013414 -6589434.31293552 0.69688355 -0.57239404 -0.29394266 -0.31672717
1778656392.991091 -145581.60803769 -108187.91919024 -6590358.00605305 0.64776389 -0.55240421 -0.35895804 -0.38262339
1778656393.057806 -145616.51876680 -108163.78148536 -6591289.29001272 0.64275822 -0.54291050 -0.37810577 -0.38619436
1778656393.124522 -145653.28302683 -108155.69755901 -6592236.95543930 0.69150386 -0.57262742 -0.28842513 -0.33276297
1778656393.191238 -145674.32793284 -108122.86918260 -6593178.71360605 0.69795781 -0.56567753 -0.30178900 -0.31904110
1778656393.257954 -145688.45762579 -108078.77948372 -6594106.70886214 0.65583263 -0.54836292 -0.35834165 -0.37519720
1778656393.324670 -145724.48909557 -108059.82448152 -6595037.35657322 0.64294366 -0.54754239 -0.36373292 -0.39308923
1778656393.391387 -145768.80652708 -108058.59334749 -6595985.28923880 0.69671361 -0.56559793 -0.29547088 -0.32769818
1778656393.458103 -145789.68282392 -108025.46089314 -6596931.16012665 0.71456862 -0.56318383 -0.29039859 -0.29645290
1778656393.524819 -145798.28233885 -107975.69471199 -6597859.53970817 0.66780629 -0.54509007 -0.35426881 -0.36249853
1778656393.591535 -145838.13081106 -107959.91523119 -6598786.86435512 0.64277941 -0.54154638 -0.37101575 -0.39485371
1778656393.658251 -145883.65218018 -107962.23995244 -6599737.68720354 0.70784970 -0.56600833 -0.27855492 -0.31779007
1778656393.724967 -145900.98844500 -107923.59246641 -6600683.77829393 0.72098908 -0.55777431 -0.29159708 -0.28988569
1778656393.791684 -145905.69468748 -107871.34118310 -6601611.43755581 0.66744319 -0.54559466 -0.34716464 -0.36921914
1778656393.858400 -145949.11511858 -107859.17240412 -6602537.50201384 0.63664931 -0.54069292 -0.37053837 -0.40623902
1778656393.925116 -146000.32686128 -107868.70212256 -6603490.29971263 0.71591615 -0.56353574 -0.26997208 -0.31145886
1778656393.991832 -146008.35265440 -107817.67501322 -6604437.58898859 0.72490189 -0.55201668 -0.29456745 -0.28814032
1778656394.058548 -146033.16949200 -107785.63318870 -6605363.41100850 0.67459036 -0.53840851 -0.35346079 -0.36070707
1778656394.125264 -146058.00918155 -107752.45043954 -6606295.66343190 0.65569366 -0.53209749 -0.37412821 -0.38336165
1778656394.191980 -146112.71526716 -107767.02339548 -6607242.36486894 0.70848328 -0.55444625 -0.29137560 -0.32517851
1778656394.258697 -146123.79375362 -107720.20719726 -6608191.64466203 0.72869803 -0.55005042 -0.28789560 -0.28906717
1778656394.325413 -146142.92188814 -107682.95619889 -6609119.79778831 0.67939060 -0.53903150 -0.34329972 -0.36058114
1778656394.392129 -146178.30443288 -107661.45701038 -6610051.21467669 0.66096007 -0.53054109 -0.36987521 -0.38059199
1778656394.458845 -146228.75473326 -107670.65624991 -6611001.53184678 0.72341482 -0.55195997 -0.27872293 -0.30712330
1778656394.525561 -146228.47448895 -107610.20074661 -6611948.48394397 0.72585746 -0.54320956 -0.29876681 -0.29798106
1778656394.592277 -146262.22751350 -107590.17551822 -6612872.82964334 0.67024297 -0.53809209 -0.34437975 -0.37766899
1778656394.658994 -146288.48111528 -107556.37564438 -6613807.28553552 0.65949996 -0.52728828 -0.37201864 -0.38552431
1778656394.725710 -146341.41632226 -107570.74472005 -6614756.83756813 0.71921386 -0.55033933 -0.27583895 -0.32213494
1778656394.792426 -146340.47477997 -107508.83130774 -6615704.12922280 0.72177222 -0.53905287 -0.30336705 -0.31054033
1778656394.859142 -146381.63264030 -107496.18274537 -6616629.34053860 0.67256789 -0.53267021 -0.34913908 -0.37685114
1778656394.925858 -146396.83387708 -107451.03303535 -6617567.47125080 0.66792244 -0.52654577 -0.36324932 -0.38036705
1778656394.992574 -146452.56936066 -107468.28984060 -6618511.88473151 0.70664336 -0.54560312 -0.28898331 -0.34563138
1778656395.059290 -146460.41749804 -107415.40016325 -6619460.62858824 0.72165404 -0.53432087 -0.30675494 -0.31562328
1778656395.126006 -146494.82612804 -107394.57622786 -6620389.54144356 0.68066720 -0.52817196 -0.34788467 -0.36973342
1778656395.192721 -146521.75085249 -107361.64138086 -6621326.35844161 0.67524717 -0.51780546 -0.37208694 -0.37076958
1778656395.259437 -146572.80476932 -107372.78343729 -6622275.24890855 0.72771556 -0.53800021 -0.28474388 -0.31608030
1778656395.326152 -146561.14481160 -107299.05340131 -6623221.68332232 0.71854918 -0.52804905 -0.31614427 -0.32388899
1778656395.392867 -146616.62729378 -107303.04492069 -6624142.48138222 0.65923806 -0.52745364 -0.35699393 -0.39969135
1778656395.459583 -146632.39619377 -107254.91757619 -6625085.00350950 0.67027754 -0.51636836 -0.37221716 -0.38150508
1778656395.526298 -146684.64618634 -107266.35008474 -6626030.28347373 0.71033437 -0.53200804 -0.30520724 -0.34531300
1778656395.593013 -146688.94759969 -107210.43441529 -6626977.58696899 0.71142913 -0.52537221 -0.31949491 -0.34025820
1778656395.659729 -146730.23598811 -107198.70855195 -6627907.60662785 0.67856040 -0.52094180 -0.35249316 -0.37937316
1778656395.726444 -146746.91871076 -107154.95326458 -6628845.62618424 0.66822214 -0.51784041 -0.36419264 -0.39074826
1778656395.793159 -146796.09731340 -107162.56494452 -6629790.39603265 0.70354651 -0.53138069 -0.30214887 -0.36244025
1778656395.859874 -146814.20096888 -107122.10796725 -6630739.72614277 0.72397259 -0.51925417 -0.31649138 -0.32568697
1778656395.926589 -146840.84235355 -107091.12480165 -6631673.20650250 0.69050375 -0.51182329 -0.35810179 -0.36469796
1778656395.993305 -146870.21005497 -107063.84617647 -6632609.46310300 0.67893012 -0.51179972 -0.36441638 -0.37988899
1778656396.060020 -146915.03543051 -107064.91032182 -6633557.22130330 0.72110006 -0.52420076 -0.29780822 -0.34137740
1778656396.126736 -146930.14068854 -107021.28960444 -6634505.47048861 0.73064470 -0.51322500 -0.31754836 -0.31925142
1778656396.193452 -146956.25150426 -106991.22603727 -6635438.17077365 0.69184984 -0.51063686 -0.35301212 -0.36874957
1778656396.260169 -146985.62561328 -106963.86491423 -6636373.88422202 0.67599678 -0.50998202 -0.36431443 -0.38758442
1778656396.326885 -147032.52033523 -106966.65114954 -6637321.25648473 0.71919943 -0.51952471 -0.30288385 -0.34800521
1778656396.393601 -147043.86049080 -106918.05149340 -6638269.96692411 0.72778707 -0.50871009 -0.32250064 -0.32792280
1778656396.460318 -147083.25422327 -106904.01380573 -6639202.05172050 0.69402432 -0.50666853 -0.35395198 -0.36923603
1778656396.527034 -147101.13130445 -106862.00931691 -6640139.91521345 0.67702005 -0.50729198 -0.36312417 -0.39043506
1778656396.593751 -147154.92215111 -106875.36162277 -6641086.98277360 0.72185926 -0.51507763 -0.30304277 -0.34896893
1778656396.660467 -147163.09924608 -106823.10953243 -6642038.14671648 0.73127279 -0.50789673 -0.31185561 -0.33170332
1778656396.727184 -147199.34425989 -106804.57684956 -6642971.21873174 0.69830662 -0.50219123 -0.35391381 -0.36731029
1778656396.793900 -147226.38195186 -106773.21850852 -6643908.89781678 0.68733359 -0.50150864 -0.36225397 -0.38057021
1778656396.860616 -147276.19351070 -106784.75192495 -6644859.21825411 0.73571882 -0.51124906 -0.29010572 -0.33642366
1778656396.927333 -147280.15110365 -106726.53501686 -6645810.34115142 0.74071922 -0.50377735 -0.30423460 -0.32401346
1778656396.994049 -147319.84683388 -106712.74957676 -6646741.83800492 0.70202426 -0.50133192 -0.34566323 -0.36924948
1778656397.060766 -147343.81645887 -106676.61972770 -6647679.69595262 0.68851213 -0.49967721 -0.35893114 -0.38398199
1778656397.127482 -147396.44987432 -106695.25346069 -6648631.57447954 0.74287645 -0.51080632 -0.27139674 -0.33697967
1778656397.194198 -147396.24830616 -106628.21770452 -6649582.55747562 0.74281973 -0.49640316 -0.31302567 -0.32220752
1778656397.260914 -147439.49169420 -106618.70658974 -6650512.20854689 0.69860987 -0.49869707 -0.34796084 -0.37705269
1778656397.327630 -147461.77510474 -106580.41421009 -6651452.16744178 0.69175540 -0.49693620 -0.35583869 -0.38458772
1778656397.394346 -147507.93395922 -106585.01332436 -6652402.09859192 0.73925414 -0.50617803 -0.27800523 -0.34641046
1778656397.461062 -147527.76420201 -106545.73193212 -6653350.72940587 0.73873652 -0.49350494 -0.31569148 -0.33325685
1778656397.527779 -147561.74962336 -106522.07686191 -6654284.37002412 0.70478027 -0.48841833 -0.36013817 -0.36746810
1778656397.594495 -147583.66303454 -106485.35209363 -6655224.92458860 0.69703191 -0.49200154 -0.35603839 -0.38120555
1778656397.661211 -147634.64623130 -106496.41588329 -6656175.54214269 0.74746728 -0.49724425 -0.28598677 -0.33504088
1778656397.727927 -147646.55238823 -106446.70730203 -6657126.73898923 0.74879772 -0.48590091 -0.31622345 -0.32125535
1778656397.794643 -147679.94983903 -106424.50855310 -6658062.56707933 0.71888111 -0.48268372 -0.35353403 -0.35389271
1778656397.861359 -147692.90528482 -106377.28577344 -6659002.32668011 0.69936230 -0.48571372 -0.36209630 -0.37928990
1778656397.928075 -147764.55822318 -106430.12077040 -6659948.96541105 0.74092185 -0.50050890 -0.27074761 -0.35668106
1778656397.994791 -147743.57687447 -106331.35055886 -6660908.32556559 0.75467454 -0.47906119 -0.31831648 -0.31566016
1778656398.061507 -147817.38694771 -106361.90969685 -6661833.29752327 0.70585867 -0.48514610 -0.35340298 -0.37616903
1778656398.128223 -147805.05353145 -106276.91949513 -6662784.48590247 0.71663027 -0.47816532 -0.35646159 -0.36157173
1778656398.194940 -147882.91772053 -106334.78802126 -6663726.38154335 0.74375083 -0.49854449 -0.25896492 -0.36225028
1778656398.261657 -147868.47084604 -106243.03562038 -6664685.45366647 0.75598177 -0.47289442 -0.32423879 -0.31580318
1778656398.328373 -147938.06807149 -106268.28823335 -6665607.62441372 0.69939246 -0.48445979 -0.35419185 -0.38819715
1778656398.395089 -147924.02416607 -106181.55510781 -6666560.80660633 0.71327936 -0.47569533 -0.35834553 -0.36950642
1778656398.461806 -148003.93115675 -106241.84321688 -6667502.40744949 0.74001409 -0.49415039 -0.26678294 -0.37016402
1778656398.528522 -147995.09764819 -106157.78230082 -6668465.35647990 0.76846749 -0.46889377 -0.31018850 -0.30558050
1778656398.595239 -148052.64535759 -106167.07542808 -6669394.76231638 0.72230878 -0.47316131 -0.35119980 -0.36200427
1778656398.661955 -148055.66166769 -106101.84500508 -6670340.29711983 0.71498315 -0.47147685 -0.35998204 -0.37002919
1778656398.728672 -148126.89626246 -106157.97638346 -6671288.50454842 0.75926429 -0.48746078 -0.24761521 -0.35296803
1778656398.795388 -148114.97117222 -106066.67253159 -6672250.23181664 0.77617864 -0.45974004 -0.31620151 -0.29360248
1778656398.862105 -148175.23713491 -106080.47323292 -6673178.31068167 0.72876247 -0.46994192 -0.34437668 -0.35981184
1778656398.928821 -148181.99427134 -106018.41174851 -6674125.76134817 0.72911438 -0.46428930 -0.35547731 -0.35561714
1778656398.995538 -148240.99099906 -106046.37585827 -6675072.80843620 0.76168219 -0.47911946 -0.26259055 -0.34832598
1778656399.062254 -148249.97808564 -105986.60238682 -6676027.85146064 0.76783179 -0.45712726 -0.32457215 -0.31003537
1778656399.128971 -148298.06029383 -105981.78443380 -6676957.39474618 0.71958727 -0.46191634 -0.36746351 -0.36578413
1778656399.195688 -148302.68438193 -105920.14274986 -6677904.20187622 0.71583884 -0.46396743 -0.36313108 -0.37475966
1778656399.262405 -148370.78901943 -105964.42132091 -6678854.03252775 0.76660633 -0.47377999 -0.25968673 -0.34700151
1778656399.329122 -148368.85639080 -105890.85574102 -6679815.36998190 0.78260810 -0.45104190 -0.31120346 -0.29536109
1778656399.395839 -148416.75901127 -105887.86487199 -6680747.50292753 0.73607714 -0.45640245 -0.35461254 -0.35233108
1778656399.462556 -148434.75064696 -105841.73130068 -6681689.51693545 0.71969247 -0.45821626 -0.36614360 -0.37150972
1778656399.529273 -148496.04483051 -105877.03143354 -6682640.83675779 0.76868444 -0.46456449 -0.27826994 -0.34039670
1778656399.595990 -148489.27688736 -105796.38747270 -6683601.85671642 0.78395583 -0.44501132 -0.31579844 -0.29605662
1778656399.662708 -148546.38699801 -105806.12839398 -6684532.69409697 0.73637778 -0.45159371 -0.35884954 -0.35360698
1778656399.729424 -148552.30558341 -105743.74109838 -6685479.66176109 0.73056599 -0.45079695 -0.36452567 -0.36079978
1778656399.796142 -148615.70700981 -105781.45734769 -6686429.32965264 0.77519082 -0.46356782 -0.25301436 -0.34665228
1778656399.862859 -148620.19035716 -105714.34618693 -6687388.09311006 0.78186998 -0.43887426 -0.32611500 -0.29952917
1778656399.929576 -148662.37267155 -105703.40872613 -6688323.17902039 0.74348162 -0.44500255 -0.35865628 -0.34723692
1778656399.996293 -148689.71737591 -105669.96215729 -6689263.89978981 0.72459668 -0.44868412 -0.36984978 -0.36993694
1778656400.063010 -148742.02194431 -105699.09909108 -6690223.22262082 0.78998470 -0.45633411 -0.23688110 -0.33402201
1778656400.129728 -148741.96644403 -105625.73990329 -6691182.01910807 0.79319425 -0.43361863 -0.31410333 -0.29009802
1778656400.196445 -148788.54763348 -105619.94178247 -6692114.79414983 0.74609908 -0.44036784 -0.35926064 -0.34690651
1778656400.263163 -148811.77391047 -105579.78594296 -6693056.68105285 0.73021228 -0.44371075 -0.36795077 -0.36677382
1778656400.329881 -148871.61999552 -105616.17460903 -6694012.02760857 0.78835749 -0.44724962 -0.26450005 -0.32939334
1778656400.396599 -148857.17968657 -105523.27912122 -6694973.11689913 0.79120803 -0.42636842 -0.32653706 -0.29252928
1778656400.463317 -148928.86824165 -105554.77524070 -6695901.81551580 0.74275096 -0.43719788 -0.36422974 -0.35286784
1778656400.530035 -148919.47642144 -105469.56390388 -6696856.17314669 0.75140434 -0.43018353 -0.36693305 -0.34013790
1778656400.596753 -149002.80857510 -105552.26490685 -6697799.64925683 0.77577140 -0.45187766 -0.25060048 -0.36219431
1778656400.663472 -148977.80316410 -105435.59091805 -6698770.99890591 0.80343801 -0.41485645 -0.32967338 -0.27147184
1778656400.730190 -149066.17647929 -105494.23084500 -6699690.08291744 0.73948433 -0.43718711 -0.36117401 -0.36274466
1778656400.796908 -149038.33648544 -105377.41846958 -6700652.51258703 0.75472317 -0.42595391 -0.36498136 -0.34021289
1778656400.863626 -149131.07452858 -105478.74573142 -6701592.60218569 0.77576271 -0.44876223 -0.24531059 -0.36963143
1778656400.930344 -149100.57337666 -105351.87243735 -6702568.62142292 0.81289204 -0.40885658 -0.32107657 -0.26258839
1778656400.997062 -149192.66087549 -105416.80315326 -6703485.77194569 0.74196731 -0.43436637 -0.35715705 -0.36503316
1778656401.063781 -149166.28625560 -105297.68345543 -6704449.93943486 0.76341492 -0.41677123 -0.36842448 -0.32827245
1778656401.130497 -149259.35824601 -105390.14579936 -6705390.23922059 0.78688485 -0.43561879 -0.26680575 -0.34621263
1778656401.197213 -149217.88451970 -105254.22805943 -6706363.86600947 0.81026386 -0.40234721 -0.33222922 -0.26685754
1778656401.263928 -149322.98389558 -105342.53595496 -6707278.68504368 0.73388003 -0.43486545 -0.35899763 -0.37872529
1778656401.330644 -149273.40132722 -105195.46813536 -6708248.43218575 0.76240394 -0.41582658 -0.36376292 -0.33690506
1778656401.397359 -149382.59451070 -105332.79461233 -6709184.11481378 0.77199895 -0.44572881 -0.21633048 -0.39817655
1778656401.464075 -149352.74580919 -105194.42327343 -6710166.38536188 0.81826709 -0.39348379 -0.33351596 -0.25372540
1778656401.530790 -149443.04683634 -105256.21134918 -6711083.00840010 0.75392669 -0.42159398 -0.35764941 -0.35488021
1778656401.597505 -149414.06530110 -105132.90632486 -6712048.36413812 0.77226445 -0.40702847 -0.36407737 -0.32462765
1778656401.664221 -149511.58292293 -105247.63630278 -6712987.33693257 0.78916730 -0.43085536 -0.24174196 -0.36488281
1778656401.730936 -149466.56000535 -105095.81849248 -6713965.86833107 0.81705460 -0.38700256 -0.34198506 -0.25631429
1778656401.797651 -149577.81712971 -105198.81927574 -6714879.37236725 0.74982316 -0.42319380 -0.35088445 -0.36817433
1778656401.864367 -149512.59918322 -105027.47688458 -6715853.15069957 0.77365757 -0.40105495 -0.36862328 -0.32361362
1778656401.931082 -149637.61503161 -105195.93475978 -6716783.26054418 0.77333922 -0.43667968 -0.21572641 -0.40585641
1778656401.997797 -149604.56463249 -105043.37699832 -6717773.42134996 0.83517435 -0.37854831 -0.32440985 -0.23225683
1778656402.064513 -149694.50653985 -105107.33496567 -6718689.65313108 0.76952976 -0.41008586 -0.34752400 -0.34479068
1778656402.131228 -149665.85958156 -104982.04925487 -6719657.39271192 0.79147209 -0.39340031 -0.35283836 -0.30710458
1778656402.197944 -149767.70173500 -105112.24119817 -6720592.89259336 0.79629185 -0.41863339 -0.24714826 -0.35997655
1778656402.264660 -149707.56811356 -104933.97589837 -6721576.89516301 0.82681322 -0.37097159 -0.34752225 -0.24080752
1778656402.331376 -149837.29674982 -105072.11494289 -6722481.78143643 0.74944444 -0.41631824 -0.35434290 -0.37343443
1778656402.398092 -149747.60769235 -104865.51229142 -6723469.65427465 0.80146599 -0.38392250 -0.35190795 -0.29396696
1778656402.464808 -149893.06888895 -105075.89044013 -6724391.17671829 0.76998704 -0.43001262 -0.21473075 -0.41964247
1778656402.531524 -149855.51793668 -104903.38450260 -6725383.14781496 0.83221452 -0.37461234 -0.32115655 -0.25286966
1778656402.598240 -149949.00693790 -104970.04899808 -6726298.16087550 0.77215883 -0.40302247 -0.34539252 -0.34935316
1778656402.664956 -149906.66502518 -104822.22161277 -6727269.21364996 0.79000073 -0.38014080 -0.37213352 -0.30480890
1778656402.731671 -150020.64663358 -104982.60192490 -6728202.47372818 0.79829968 -0.41090160 -0.23561372 -0.37197268
1778656402.798387 -149962.25430014 -104797.02297263 -6729193.19766935 0.84193655 -0.35916849 -0.33269607 -0.22683510
1778656402.865103 -150086.53226085 -104929.31674163 -6730099.52131502 0.76264044 -0.40697406 -0.34038058 -0.36999019
1778656402.931819 -149990.29855193 -104715.02984279 -6731085.80162127 0.80203530 -0.37317933 -0.36127750 -0.29488156
1778656402.998535 -150144.67636472 -104952.92524147 -6732005.75528722 0.77196123 -0.42085891 -0.20960284 -0.42780869
1778656403.065251 -150115.14576231 -104779.73969622 -6733000.80933230 0.84150900 -0.36503742 -0.30965918 -0.25044256
1778656403.131967 -150190.11744762 -104814.11531964 -6733926.99648855 0.79831099 -0.38247097 -0.33930317 -0.31825914
1778656403.198683 -150183.13667558 -104715.31411903 -6734889.79526231 0.80970614 -0.36969454 -0.34979839 -0.29213525
1778656403.265399 -150267.99762961 -104815.24537928 -6735835.98332612 0.83347536 -0.38479794 -0.23309774 -0.32080339
1778656403.332116 -150204.53804085 -104639.35243911 -6736813.24008473 0.83270006 -0.34792258 -0.35824616 -0.23920741
1778656403.398832 -150344.43410273 -104810.63147832 -6737718.55287351 0.76268734 -0.39869906 -0.34756975 -0.37221278
1778656403.465548 -150230.24395539 -104567.25545950 -6738716.35216554 0.82472012 -0.35434492 -0.35255624 -0.26453828
1778656403.532264 -150393.12114192 -104840.05626768 -6739632.03605208 0.76382467 -0.41558757 -0.18120591 -0.45937267
1778656403.598981 -150307.33246434 -104579.48386578 -6740645.22926245 0.85527442 -0.34010558 -0.32848921 -0.21196391
1778656403.665697 -150457.69068678 -104782.58521288 -6741541.38804414 0.77250231 -0.39964290 -0.30928203 -0.38453916
1778656403.732413 -150327.95650751 -104505.71144692 -6742546.16312713 0.84369715 -0.34535620 -0.33175779 -0.24257159
1778656403.799130 -150498.14301768 -104828.22636330 -6743455.45838371 0.75338773 -0.41381165 -0.15721603 -0.48626122
1778656403.865846 -150442.58459182 -104566.62806098 -6744479.56088247 0.86900273 -0.33381795 -0.30957336 -0.19381478
1778656403.932562 -150561.08530756 -104683.58259630 -6745375.36394561 0.79676378 -0.38340113 -0.30384061 -0.35475616
1778656403.999278 -150482.72399136 -104475.00390367 -6746361.48782821 0.83924903 -0.34365774 -0.33640772 -0.25375236
1778656404.065995 -150627.32123049 -104722.03584761 -6747281.16456760 0.79572184 -0.39317504 -0.18205229 -0.42319866
1778656404.132711 -150605.42733210 -104544.39541095 -6748275.51648390 0.85057165 -0.34592855 -0.30517951 -0.25244163
1778656404.199429 -150659.55110956 -104536.07988022 -6749205.79542613 0.81399355 -0.35878180 -0.34019675 -0.30488734
1778656404.266146 -150673.36005821 -104470.79269625 -6750160.58298486 0.81108693 -0.35153829 -0.36221701 -0.29556329
1778656404.332864 -150751.42298292 -104552.33289569 -6751112.05380833 0.84685368 -0.35943720 -0.24174732 -0.30854816
1778656404.399581 -150699.49798300 -104390.07173836 -6752088.04006458 0.84128765 -0.32202503 -0.37130501 -0.22509456
1778656404.466298 -150830.51364340 -104549.03212046 -6752998.98775241 0.77867017 -0.37316632 -0.35943981 -0.35386818
1778656404.533016 -150718.43189642 -104308.22879995 -6753992.03899333 0.81878785 -0.33268177 -0.38374587 -0.26767217
1778656404.599733 -150881.79134483 -104605.53021636 -6754909.67288042 0.77936238 -0.39141898 -0.18604136 -0.45251970
1778656404.666451 -150783.17240317 -104316.94238587 -6755930.57419052 0.86633310 -0.31195361 -0.33877835 -0.19334200
1778656404.733168 -150943.63832040 -104570.02831840 -6756823.26538998 0.77969910 -0.38287079 -0.30516635 -0.39032392
1778656404.799886 -150777.62417473 -104241.40727626 -6757840.00367916 0.85399653 -0.32113161 -0.33720193 -0.23207602
1778656404.866603 -150959.22225132 -104626.26204881 -6758748.69908118 -0.72837260 0.39739385 0.11717071 0.54573117
1778656404.933321 -150968.73169110 -104444.72481909 -6759788.65471489 0.89200353 -0.30648564 -0.29313547 -0.15642204
1778656405.000038 -150964.20292583 -104317.38852991 -6760710.08744950 0.85709442 -0.32677966 -0.30935214 -0.25080963
1778656405.066756 -151075.48983408 -104419.88696676 -6761627.80112577 0.81036018 -0.35596738 -0.32113980 -0.33685729
1778656405.133472 -151045.66183667 -104275.71583728 -6762624.03162048 0.89989090 -0.30530888 -0.26025254 -0.17103064
1778656405.200188 -151114.64958684 -104309.44674814 -6763554.80852816 0.83415517 -0.33795035 -0.32010401 -0.29581774
1778656405.266904 -151128.30572176 -104242.46550400 -6764508.68445465 0.82205922 -0.32276323 -0.38284484 -0.27105787
1778656405.333619 -151202.33892354 -104284.75692200 -6765445.11086568 0.80536595 -0.33406616 -0.38619958 -0.30105711
1778656405.400335 -151219.45898092 -104242.05122465 -6766428.99054665 0.88536575 -0.31039735 -0.26980137 -0.21676759
1778656405.467051 -151239.04069992 -104197.70977482 -6767379.34943673 0.84364487 -0.31284717 -0.35851606 -0.24870910
1778656405.533766 -151271.77275282 -104171.28236408 -6768326.01850687 0.81366989 -0.31832099 -0.40045194 -0.27613640
1778656405.600482 -151339.59602018 -104205.86994880 -6769266.26525777 0.80458640 -0.32500741 -0.40098866 -0.29363070
1778656405.667197 -151355.01828698 -104160.43731180 -6770249.86920699 0.88101593 -0.30311041 -0.29104700 -0.21731693
1778656405.733913 -151375.50137742 -104117.77740164 -6771198.95964745 0.83426517 -0.30813520 -0.37905394 -0.25568036
1778656405.800628 -151428.87169685 -104122.94353949 -6772138.67012534 0.80087836 -0.31897489 -0.41492395 -0.29101027
1778656405.867344 -151457.24062459 -104085.62921798 -6773095.58123623 0.80884553 -0.31079096 -0.41539027 -0.27681910
1778656405.934059 -151511.90461345 -104127.89892404 -6774060.76270111 0.86670451 -0.30974316 -0.29280918 -0.25912402
1778656406.000775 -151469.00138604 -103986.44879460 -6775033.36471399 0.84372448 -0.28536557 -0.39823276 -0.21933119
1778656406.067491 -151594.64073657 -104136.48133592 -6775948.46631267 0.78829032 -0.33321240 -0.39984424 -0.32816527
1778656406.134206 -151478.68287500 -103894.46428495 -6776942.94531942 0.81792192 -0.29620013 -0.41988624 -0.25877551
1778656406.200921 -151646.38054496 -104237.27544082 -6777859.22521435 0.79526642 -0.35718641 -0.23562518 -0.42947639
1778656406.267636 -151464.13119007 -103861.50594151 -6778895.08598751 0.87464005 -0.26832188 -0.36350535 -0.17570433
1778656406.334351 -151627.86181671 -104352.97655955 -6779780.44662687 0.76199718 -0.37301246 -0.28495608 -0.44611886
1778656406.401066 -151404.41089475 -103867.93297076 -6780847.60726487 0.89843663 -0.28559939 -0.25157882 -0.21898106
1778656406.467781 -151634.48452039 -104013.32491963 -6781774.87466826 -0.75785322 0.33435318 0.08068869 0.55439677
1778656406.534496 -151713.12692923 -104059.05960013 -6782731.60202320 0.84289370 -0.31850203 -0.28372715 -0.32800238
1778656406.601211 -151659.66173448 -103864.27629796 -6783694.14794416 0.86439069 -0.28907956 -0.32715512 -0.24946197
1778656406.667926 -151812.84769892 -104101.24597413 -6784599.53790473 0.79932700 -0.34107323 -0.31306069 -0.38306450
1778656406.734641 -151685.26601877 -103799.04830095 -6785624.71972183 0.91082058 -0.25243140 -0.29783935 -0.13407451
1778656406.801356 -151848.89841952 -104167.17752811 -6786521.65837528 0.78104133 -0.35485120 -0.25583417 -0.44565002
1778656406.868071 -151670.70257504 -103762.60322288 -6787558.97184510 0.87617726 -0.26996039 -0.34056477 -0.20844770
1778656406.934786 -151881.01583848 -104118.90488836 -6788462.38396400 0.78040919 -0.35098391 -0.22747066 -0.46478909
1778656407.001501 -151686.81576901 -103738.82019650 -6789496.34348162 0.93163274 -0.25192035 -0.21966874 -0.14262617
1778656407.068215 -151879.19955977 -103870.91170510 -6790409.71967533 -0.76087365 0.34493611 0.16289188 0.52493486
1778656407.134931 -151945.39115834 -103864.64636053 -6791364.30171733 0.81609134 -0.31875950 -0.32875650 -0.35257122
1778656407.201646 -151945.52227964 -103765.38735600 -6792322.29400153 0.83464664 -0.29406442 -0.36130402 -0.29385457
1778656407.268362 -152043.81546870 -103890.26649882 -6793261.12724612 0.83797494 -0.31212270 -0.24841009 -0.37238401
1778656407.335077 -151954.57483043 -103669.80091348 -6794254.17118215 0.86380599 -0.26291486 -0.36614344 -0.22506438
1778656407.401793 -152120.86888772 -103941.19864101 -6795156.55220861 0.77365149 -0.34197137 -0.34675385 -0.40531559
1778656407.468508 -151870.75143912 -103564.94635139 -6796177.66942089 0.83342054 -0.28375682 -0.37927982 -0.28467366
1778656407.535224 -152113.27762207 -104024.61329307 -6797094.71696537 -0.68243530 0.36330732 0.13526620 0.61967161
1778656407.601939 -152130.33542161 -103829.28655265 -6798147.61822354 0.91806559 -0.23975619 -0.27980319 -0.14622834
1778656407.668655 -152125.62927696 -103679.77105242 -6799059.98778024 0.86823993 -0.26788957 -0.32912558 -0.25704272
1778656407.735370 -152237.88557794 -103788.80189896 -6799987.78195750 0.82708358 -0.29740448 -0.34599254 -0.32828722
1778656407.802086 -152193.12420435 -103619.45265385 -6800982.56171211 0.90020219 -0.23975313 -0.31360894 -0.18385833
1778656407.868801 -152311.52401015 -103778.67300426 -6801904.73717113 0.83139870 -0.30128265 -0.29958163 -0.35812823
1778656407.935517 -152196.48593772 -103522.23485169 -6802897.15912367 0.84679485 -0.24531676 -0.41746320 -0.22018775
1778656408.002232 -152374.36343463 -103879.73454769 -6803797.82941711 0.78843220 -0.32403840 -0.34063305 -0.39666472
1778656408.068948 -152161.01045928 -103471.37722278 -6804857.95871030 0.93581787 -0.22111871 -0.23959997 -0.13395254
1778656408.135663 -152364.58215834 -103629.98280112 -6805770.95255148 -0.76888166 0.32459829 0.18981703 0.51713291
1778656408.202378 -152392.20907673 -103566.43675165 -6806733.96218034 0.83060063 -0.28544535 -0.34989746 -0.32587621
1778656408.269093 -152461.67052208 -103587.33031425 -6807672.45112867 0.81807245 -0.28801365 -0.37543607 -0.32688430
1778656408.335808 -152470.48812616 -103522.49872391 -6808649.59855669 0.87334922 -0.25866800 -0.30504386 -0.27802922
1778656408.402523 -152520.70988975 -103528.86511746 -6809596.62811967 0.83152535 -0.28186947 -0.34956253 -0.32698814
1778656408.469238 -152524.21146838 -103450.00217398 -6810556.20507898 0.81294717 -0.27662803 -0.41048355 -0.30675249
1778656408.535953 -152612.58066425 -103521.20656854 -6811495.42376019 0.79815605 -0.29193832 -0.40392940 -0.33846709
1778656408.602668 -152593.37568587 -103410.40746422 -6812484.30746897 0.86458768 -0.25049899 -0.34391098 -0.26732684
1778656408.669382 -152661.91129984 -103452.11703668 -6813429.24048431 0.82242738 -0.28242815 -0.35917233 -0.33888462
1778656408.736097 -152651.39478052 -103353.88162710 -6814392.53814412 0.80532544 -0.27272987 -0.42737318 -0.30728085
1778656408.802812 -152754.00405444 -103455.78491900 -6815327.44216085 0.78940530 -0.29577068 -0.40343145 -0.35581181
1778656408.869527 -152703.18590958 -103298.19521847 -6816324.76281372 0.86579257 -0.24256373 -0.34863475 -0.26461269
1778656408.936242 -152819.63678681 -103440.35533445 -6817252.91840785 0.79151476 -0.30529538 -0.34065474 -0.40528195
1778656409.002956 -152716.54109177 -103210.70675764 -6818242.90476237 0.81759775 -0.25591764 -0.42825558 -0.28746694
1778656409.069671 -152896.50498444 -103521.02273543 -6819153.67736693 0.76873283 -0.31747757 -0.36230876 -0.42070203
1778656409.136386 -152746.56061104 -103182.87123346 -6820205.77027842 0.93675190 -0.20167473 -0.21441795 -0.18933603
1778656409.203102 -152932.39697775 -103489.29285155 -6821113.90971296 0.77130155 -0.31544163 -0.28102474 -0.47604159
1778656409.269818 -152741.71075074 -103122.83285081 -6822125.11261844 0.88028084 -0.21990195 -0.34786431 -0.23609151
1778656409.336534 -152952.29002602 -103580.07965419 -6823033.16621554 0.76307917 -0.31778621 -0.27947063 -0.48848570
1778656409.403250 -152657.61572368 -103113.50825022 -6824102.20932289 0.95659759 -0.17138662 -0.21775877 -0.09015988
1778656409.469965 -152769.44540424 -103121.27673960 -6825025.16712706 -0.80774905 0.25533156 0.14959187 0.50987207
1778656409.536681 -152976.86207580 -103453.82119323 -6825979.85899691 -0.72432372 0.32594646 0.22960206 0.56249173
1778656409.603397 -152929.79303937 -103168.83062830 -6826998.94882332 0.90329738 -0.19883765 -0.32693364 -0.19398924
1778656409.670113 -153063.76129296 -103373.00447871 -6827896.23782933 0.83182892 -0.25349534 -0.18022572 -0.45969495
1778656409.736829 -152914.16763933 -103056.56839402 -6828905.67244869 0.89035017 -0.20229661 -0.34597617 -0.21599338
1778656409.803545 -153099.89839838 -103228.93420771 -6829830.34796808 0.80412499 -0.27911352 -0.26015946 -0.45584614
1778656409.870260 -153048.43416284 -103051.69649698 -6830803.61732166 0.84483058 -0.24119965 -0.36045318 -0.31330102
1778656409.936976 -153185.25498064 -103243.98573369 -6831735.67799129 0.79366577 -0.27591722 -0.21565689 -0.49744994
1778656410.003692 -153039.75205135 -102962.38324307 -6832736.12083146 0.85490235 -0.22428051 -0.37631245 -0.27790135
1778656410.070408 -153247.99149972 -103253.54006231 -6833659.22966115 0.76716437 -0.30135225 -0.28980009 -0.48647873
1778656410.137124 -153053.85603840 -102904.47320436 -6834670.16382285 0.87356697 -0.20825446 -0.35731291 -0.25658977
1778656410.203839 -153279.67739379 -103293.31076570 -6835594.03063550 -0.69048082 0.29889588 0.15599676 0.63997071
1778656410.270555 -153214.92835286 -102982.86539155 -6836632.04593857 0.89075765 -0.18240548 -0.37014751 -0.19044650
1778656410.337270 -153353.39664949 -103137.45502454 -6837517.64378041 0.80144298 -0.27417390 -0.31511188 -0.42804476
1778656410.403986 -153195.02010464 -102854.06251464 -6838517.13554229 0.84138779 -0.22410692 -0.39692170 -0.29033747
1778656410.470701 -153397.30053333 -103063.62518656 -6839455.33787196 -0.78008705 0.26302835 0.19718071 0.53235332
1778656410.537417 -153307.06789032 -102849.39442061 -6840443.36855467 0.85079741 -0.21963794 -0.37502669 -0.29539453
1778656410.604132 -153424.60575420 -103006.39855610 -6841383.78020904 -0.75204769 0.19692896 0.04598798 0.62731838
1778656410.670848 -153481.78004167 -103002.47314670 -6842375.74378718 0.84995317 -0.22863773 -0.33976327 -0.33145938
1778656410.737563 -153405.33842362 -102803.33925881 -6843335.09482118 0.84119314 -0.21789745 -0.40086453 -0.29021101
1778656410.804279 -153579.13240671 -103079.70483110 -6844258.60271899 0.80052722 -0.26453274 -0.28573837 -0.45555700
1778656410.870994 -153421.03620361 -102749.29590332 -6845305.86122797 0.97215155 -0.13187258 -0.16642467 -0.09916559
1778656410.937709 -153539.06403441 -102826.85924519 -6846221.31226946 0.83012417 -0.23425254 -0.24036756 -0.44524492
1778656411.004425 -153634.03835209 -102870.74660893 -6847167.68418817 0.79195103 -0.26595176 -0.38192250 -0.39524477
1778656411.071140 -153554.34568845 -102689.16322311 -6848138.76906642 0.81609054 -0.24034120 -0.39279429 -0.34920623
1778656411.137856 -153696.66437459 -102898.05964316 -6849083.02603249 -0.75626048 0.22320255 0.11909952 0.60337882
1778656411.204572 -153652.86522932 -102714.28603998 -6850081.92303928 0.85363280 -0.20413565 -0.38403192 -0.28663420
1778656411.271288 -153781.36551227 -102833.09664300 -6850997.61702816 0.78163883 -0.26940034 -0.39361581 -0.40190893
1778656411.338004 -153646.12390016 -102592.24653725 -6851991.90478529 0.82820816 -0.22450544 -0.39237496 -0.33122567
1778656411.404720 -153827.51292973 -102867.59448262 -6852929.90643381 -0.70671291 0.21957201 0.09616190 0.66565598
1778656411.471435 -153790.23561172 -102659.92614403 -6853945.00821151 0.86617197 -0.18296824 -0.39095421 -0.25184031
1778656411.538151 -153890.98622381 -102723.61045412 -6854855.85400672 0.80401500 -0.24313450 -0.40265518 -0.36375034
1778656411.604867 -153837.98310928 -102568.94538831 -6855840.14418829 0.84141448 -0.21148182 -0.37427357 -0.32743918
1778656411.671583 -153946.53204328 -102704.72649242 -6856789.57337722 -0.81042813 0.20916885 0.17482864 0.51854564
1778656411.738299 -153883.38658692 -102521.30212909 -6857775.07218292 0.84067141 -0.20121024 -0.40556948 -0.29715216
1778656411.805015 -154047.03804680 -102720.11364537 -6858692.57388863 0.77745199 -0.26389696 -0.39905610 -0.40826588
1778656411.871731 -153779.72603692 -102383.50956815 -6859703.97890641 0.83102003 -0.20774568 -0.40769956 -0.31627284
1778656411.938446 -153989.24547499 -102967.46697687 -6860638.19428203 -0.55197903 0.24944756 0.08077899 0.79156163
1778656412.005162 -153984.28801481 -102590.94159837 -6861735.29788738 0.91670616 -0.12132107 -0.35410113 -0.13979773
1778656412.071878 -154060.38627462 -102552.22173654 -6862604.74308995 0.86870697 -0.17929011 -0.35703494 -0.29279566
1778656412.138594 -154111.77663113 -102536.89037335 -6863565.20028645 0.89449717 -0.16325347 -0.29238767 -0.29619683
1778656412.205311 -154139.57928130 -102513.62732802 -6864540.24392395 0.92249075 -0.13865829 -0.20379140 -0.29707533
1778656412.272028 -154152.89750831 -102445.82797104 -6865492.31416958 0.85887076 -0.17796681 -0.38809701 -0.28293028
1778656412.338745 -154221.93829429 -102460.47146143 -6866437.63207579 0.83074769 -0.19590235 -0.42648604 -0.29931623
1778656412.405462 -154217.93081068 -102376.43625808 -6867403.01367512 0.84630188 -0.18496970 -0.40198621 -0.29659133
1778656412.472178 -154299.80214153 -102451.53438104 -6868363.70175241 0.86899576 -0.17211008 -0.23797043 -0.39823932
1778656412.538896 -154256.67996068 -102304.93289005 -6869336.00878169 0.84333814 -0.17435078 -0.43174785 -0.26828416
1778656412.605612 -154408.08134392 -102462.21424319 -6870256.46607046 0.79485116 -0.22689866 -0.43922979 -0.35186052
1778656412.672329 -154180.57487460 -102157.78020510 -6871259.83168139 0.81333194 -0.19284608 -0.46563758 -0.29065992
1778656412.739046 -154412.91611089 -102682.51572766 -6872198.03765306 -0.68922409 0.19675201 0.12234300 0.68650636
1778656412.805763 -154414.61047134 -102382.26229229 -6873251.66667923 0.89722519 -0.12629563 -0.37111183 -0.20325446
1778656412.872480 -154431.26336900 -102281.78146842 -6874159.27688300 0.86678899 -0.14848439 -0.40767484 -0.24582608
1778656412.939197 -154522.12113864 -102343.94401795 -6875113.47383960 0.88335961 -0.14987600 -0.33613663 -0.29021568
1778656413.005914 -154521.26626021 -102258.68312337 -6876105.74596557 0.93897011 -0.09526661 -0.27972510 -0.17610588
1778656413.072631 -154568.25944985 -102247.65881547 -6877046.00210821 0.86425147 -0.15002230 -0.40452152 -0.25869875
1778656413.139348 -154594.00792336 -102192.28303886 -6877997.49353509 0.82671019 -0.16316299 -0.47594794 -0.25179685
1778656413.206065 -154646.10449137 -102190.71941269 -6878954.61366872 0.84511233 -0.15832886 -0.43628164 -0.26528372
1778656413.272783 -154693.68183883 -102209.10673004 -6879932.67555178 0.90874187 -0.12066983 -0.29449721 -0.26999704
1778656413.339500 -154670.79277902 -102093.99600203 -6880901.66917723 0.84983173 -0.12600431 -0.47195990 -0.19789591
1778656413.406217 -154797.04641007 -102214.47241914 -6881825.39891348 0.81912852 -0.17587566 -0.46498085 -0.28616259
1778656413.472934 -154658.40623265 -101964.50758285 -6882821.75110313 0.81978994 -0.14832952 -0.50282814 -0.23044886
1778656413.539652 -154829.94528511 -102437.49262286 -6883761.96114244 -0.81804883 0.13703737 0.15942232 0.53535166
1778656413.606369 -154643.38785500 -101965.48441388 -6884811.67034255 0.88721790 -0.08485120 -0.42900862 -0.14695671
1778656413.673086 -154773.77273389 -102561.87319758 -6885696.14908343 0.84656683 -0.16750779 -0.33187973 -0.38094827
1778656413.739804 -154406.44682046 -102015.85791103 -6886814.36524177 0.94771836 -0.03198190 -0.31545522 -0.03598724
1778656413.806521 -154638.04000095 -101991.82164450 -6887775.11326692 -0.79389236 0.07130169 0.07293218 0.59944299
1778656413.873239 -154647.03932590 -102535.69546946 -6888726.96898516 0.75702894 -0.24135318 -0.35288844 -0.49409066
1778656413.939956 -154745.46625765 -102333.41945160 -6889780.70033918 0.92880415 -0.09021254 -0.25635685 -0.25192404
1778656414.006673 -154633.61223121 -102039.15023818 -6890750.70074555 0.95933562 -0.05180547 -0.23564162 -0.14650729
1778656414.073391 -154810.18163063 -102142.67058558 -6891704.37685462 -0.81929211 0.08241292 0.10989806 0.55667851
1778656414.140107 -154904.94214982 -102222.11652557 -6892660.28308831 0.87994857 -0.12667067 -0.31188973 -0.33521613
1778656414.206823 -154743.57763476 -101922.69130451 -6893630.56742582 0.89654151 -0.08915472 -0.38385979 -0.20227807
1778656414.273539 -154963.51412331 -102112.46843882 -6894570.63269727 0.83496202 -0.14489564 -0.26140284 -0.46207384
1778656414.340254 -154941.13088676 -101982.05300220 -6895554.45707777 0.94595651 -0.05221885 -0.16702083 -0.27302657
1778656414.406970 -155048.21730543 -102052.44240353 -6896483.21169982 0.83924963 -0.15769293 -0.34884767 -0.38613249
1778656414.473686 -154982.59821530 -101860.93519928 -6897452.38789944 0.83520464 -0.14234896 -0.45339647 -0.27676997
1778656414.540402 -155151.83775982 -102089.73133024 -6898378.68574659 0.79877600 -0.19182402 -0.36318318 -0.43961167
1778656414.607117 -155014.53598815 -101799.91173124 -6899408.45864664 0.93348693 -0.05519297 -0.29825605 -0.19130922
1778656414.673833 -155207.66230871 -102138.14928349 -6900326.34886435 0.77925084 -0.20196324 -0.34302172 -0.48406102
1778656414.740549 -154851.34151510 -101697.23258287 -6901351.44837092 0.86361682 -0.09502318 -0.44872972 -0.20923247
1778656414.807264 -155236.54234985 -101966.76484092 -6902296.63550405 -0.77477395 0.17264046 0.27659900 0.54167665
1778656414.873980 -155174.08471378 -101793.88493178 -6903293.39999733 0.94701891 -0.03722494 -0.25100546 -0.19689018
1778656414.940696 -155255.99613433 -101841.13676840 -6904233.30050204 0.84990168 -0.13333189 -0.36424102 -0.35667665
1778656415.007411 -155274.96191526 -101767.05309445 -6905188.73178004 0.82270688 -0.14850777 -0.45473796 -0.30710294
1778656415.074127 -155320.69790324 -101756.23379997 -6906145.95674489 0.82150496 -0.15602518 -0.42337266 -0.34862778
1778656415.140843 -155349.91665446 -101742.38933956 -6907119.90115935 0.86029236 -0.11122543 -0.29278515 -0.40224721
1778656415.207559 -155393.62463918 -101716.79137905 -6908078.22505945 0.80550644 -0.16946060 -0.43864517 -0.36060074
1778656415.274275 -155426.51460753 -101676.97381430 -6909035.06012865 0.78968715 -0.18165411 -0.46499065 -0.35662261
1778656415.340991 -155459.93004878 -101649.63829409 -6909998.51220920 0.79801089 -0.17511044 -0.43796012 -0.37510783
1778656415.407707 -155474.96733997 -101621.22418341 -6910974.16608235 0.83940450 -0.11989627 -0.29791291 -0.43848930
1778656415.474424 -155544.00633172 -101639.30225787 -6911934.59133822 0.78903568 -0.18220432 -0.44217040 -0.38562887
1778656415.541140 -155533.41443834 -101539.87423257 -6912900.74309916 0.78124343 -0.18366314 -0.47783380 -0.35721340
1778656415.607856 -155621.98598009 -101597.81445401 -6913856.26404764 0.79264216 -0.17541649 -0.42941208 -0.39566744
1778656415.674572 -155600.92268947 -101515.27223700 -6914846.71254733 0.85581636 -0.09910038 -0.30282973 -0.40749433
1778656415.741289 -155691.12891563 -101571.29927036 -6915799.77299229 0.78608021 -0.17959079 -0.43810205 -0.39735582
1778656415.808005 -155633.19859012 -101411.43924012 -6916772.86765575 0.78160271 -0.17668735 -0.48377423 -0.35191090
1778656415.874721 -155794.46820714 -101616.75683344 -6917711.00686062 0.78020333 -0.18080078 -0.40929689 -0.43711542
1778656415.941437 -155642.85270533 -101333.75738129 -6918733.21744114 0.88748991 -0.06209858 -0.36774187 -0.27068679
1778656416.008154 -155846.00655565 -101748.32701204 -6919658.45322878 0.75917321 -0.19108089 -0.37964145 -0.49296705
1778656416.074870 -155391.58347913 -101258.43866512 -6920706.81540416 0.87471704 -0.04754613 -0.44250808 -0.19182300
1778656416.141587 -155836.37154792 -101437.22770133 -6921663.85970900 -0.77062403 0.12137270 0.27252855 0.56314781
1778656416.208304 -155843.80375240 -101414.52222253 -6922628.22072340 0.89817827 -0.03636712 -0.26452178 -0.34925844
1778656416.275021 -155874.15859152 -101368.15702570 -6923587.54312414 0.84672139 -0.09433804 -0.43024245 -0.29842025
1778656416.341738 -155928.89225412 -101360.35152246 -6924538.03305448 0.82245488 -0.12008296 -0.45269182 -0.32282838
1778656416.408455 -155950.65189373 -101308.73243466 -6925504.23648532 0.82848818 -0.11425421 -0.43263378 -0.33672144
1778656416.475172 -155980.84959772 -101301.62890170 -6926478.03799352 0.85494225 -0.06565238 -0.28514707 -0.42831607
1778656416.541890 -156031.97990540 -101289.45211339 -6927442.18351890 0.81183975 -0.12993941 -0.45197978 -0.34604372
1778656416.608607 -156058.03748055 -101236.43935783 -6928400.31093436 0.79424877 -0.14555540 -0.48099613 -0.34150438
1778656416.675324 -156096.14999454 -101218.35884644 -6929363.89302056 0.80394440 -0.13684992 -0.43254375 -0.38451449
1778656416.742042 -156118.27394022 -101190.57277338 -6930339.70982418 0.83563106 -0.09035051 -0.34469503 -0.41802255
1778656416.808759 -156176.12575711 -101191.01829785 -6931301.42486927 0.79073284 -0.14836482 -0.46607759 -0.36810480
1778656416.875476 -156193.34431161 -101127.69188732 -6932265.39536848 0.78110780 -0.15446561 -0.49569104 -0.34684488
1778656416.942194 -156214.01935142 -101087.62172737 -6933229.53443321 0.78772507 -0.14855205 -0.44532646 -0.39888074
1778656417.008911 -156268.69399942 -101107.97118350 -6934199.60974570 0.81206224 -0.09860506 -0.33812051 -0.46530257
1778656417.075629 -156302.62869917 -101067.15243600 -6935166.97616846 0.78116456 -0.15291795 -0.47803201 -0.37132657
1778656417.142346 -156357.62892339 -101064.63865651 -6936124.95685074 0.77282893 -0.16039695 -0.49310646 -0.36586101
1778656417.209064 -156308.71451402 -100938.83412451 -6937099.62035119 0.77835920 -0.15309391 -0.45344016 -0.40633881
1778656417.275782 -156455.67501090 -101130.09513484 -6938059.75853054 -0.78713446 0.10009802 0.32125250 0.51691060
1778656417.342500 -156253.88671283 -100820.48970020 -6939058.44236836 0.81177415 -0.09693582 -0.50274803 -0.28083908
1778656417.409218 -156383.16259417 -101507.63194209 -6939983.13279025 0.79131990 -0.12242190 -0.39316645 -0.45193565
1778656417.475936 -155899.95483306 -100948.51636428 -6941112.74241719 0.92530125 0.05616309 -0.35930107 -0.10754555
1778656417.542654 -156240.49716860 -100867.04819572 -6942099.34920590 -0.72760223 -0.02271749 0.16124308 0.66639297
1778656417.609372 -156343.90894571 -101402.70151548 -6943056.41953221 -0.73523276 0.16066784 0.37867200 0.53872642
1778656417.676090 -156131.63477395 -100879.74587093 -6944122.00778415 0.92768033 0.05491105 -0.34029843 -0.14349550
1778656417.742809 -156345.00447723 -100931.38662815 -6945076.47037643 0.83926486 0.01053534 -0.23489095 -0.49025478
1778656417.809527 -156484.83746370 -101162.87223851 -6946010.94959729 -0.81615183 0.00666032 0.23600864 0.52740094
1778656417.876245 -156379.12935894 -100843.48320701 -6947016.06033523 0.89603384 0.03283081 -0.41654572 -0.15011716
1778656417.942963 -156558.60082496 -101199.68849032 -6947925.86252956 0.82594643 -0.06827314 -0.38308023 -0.40792256
1778656418.009681 -156192.87685044 -100752.17242987 -6948962.55750343 0.88227777 0.01030762 -0.42550607 -0.20105787
1778656418.076399 -156597.05903899 -101000.91036249 -6949933.97203815 -0.71324392 0.04006530 0.24484936 0.65553541
1778656418.143117 -156515.25076824 -100787.84943118 -6950905.04973017 0.87151046 -0.00228179 -0.43159940 -0.23277943
1778656418.209834 -156678.67228282 -101003.51123166 -6951823.90570715 0.80334326 -0.08853159 -0.41233282 -0.42045620
1778656418.276551 -156412.88695688 -100650.54075092 -6952831.11267531 0.85434924 -0.02595916 -0.43415142 -0.28447502
1778656418.343269 -156717.52699363 -101103.76533132 -6953793.14838381 -0.66994113 0.07529620 0.26735221 0.68849994
1778656418.409986 -156597.11563696 -100692.02631283 -6954815.26070163 0.85472788 -0.02509545 -0.42364430 -0.29889123
1778656418.476703 -156783.35782544 -101035.82082793 -6955721.96540925 0.78703587 -0.09604881 -0.40750903 -0.45308449
1778656418.543421 -156444.12841792 -100588.36078184 -6956761.29105038 0.90165270 0.05420401 -0.39335125 -0.17134505
1778656418.610138 -156781.38430020 -100756.66144016 -6957728.05604486 -0.66971980 0.00943522 0.22534714 0.70753447
1778656418.676856 -156784.54749199 -100698.75986620 -6958685.58336301 0.79085573 -0.09857189 -0.44964608 -0.40329790
1778656418.743573 -156819.88715411 -100668.24808317 -6959639.44797409 0.75963267 -0.13334842 -0.45305150 -0.44712498
1778656418.810290 -156830.57984127 -100618.72982842 -6960606.16683463 -0.75695760 0.09177990 0.36840994 0.53185125
1778656418.877007 -156866.60265200 -100603.99162334 -6961576.40463119 -0.74106362 0.06201625 0.31612421 0.58910456
1778656418.943725 -156907.67827488 -100576.40343328 -6962545.65517328 -0.71253954 0.17155627 0.43474392 0.52331020
1778656419.010442 -156924.50564005 -100523.21955954 -6963509.84552875 -0.68967923 0.20492306 0.45265992 0.52673342
1778656419.077159 -156971.13178646 -100519.60921726 -6964475.64911271 -0.69721684 0.13307022 0.36840021 0.60038511
1778656419.143877 -156967.94938611 -100462.48207103 -6965452.00578429 -0.71718789 0.05965451 0.30681207 0.62285570
1778656419.210595 -157053.66065646 -100492.90930633 -6966421.24632373 -0.66931292 0.20457836 0.42600717 0.57331125
1778656419.277312 -156992.63851208 -100359.28703041 -6967393.49170362 -0.66807054 0.22103116 0.44797512 0.55149368
1778656419.344030 -157148.92876464 -100507.45705157 -6968355.93397881 -0.67726948 0.11484201 0.34254508 0.64092140
1778656419.410748 -156994.28845140 -100278.24070862 -6969350.19009020 0.79829254 -0.02844961 -0.34811391 -0.49064891
1778656419.477465 -157237.18956484 -100642.92380740 -6970308.75984201 -0.61175578 0.22470186 0.39392977 0.64813831
1778656419.544183 -156752.89946886 -100199.52374063 -6971336.02679688 0.80616610 -0.05907524 -0.44623260 -0.38403490
1778656419.610901 -157289.60978131 -100553.85323754 -6972316.51284278 -0.65409869 0.07910903 0.31619932 0.68257941
1778656419.677619 -156979.47644453 -100163.86135623 -6973318.26038776 0.91046494 0.11967079 -0.38602928 -0.08782879
1778656419.744336 -157228.86130568 -100289.75503173 -6974268.95362803 0.81437979 -0.00679847 -0.36279034 -0.45290452
1778656419.811054 -157250.46554766 -100252.48363923 -6975215.55287922 0.75375998 -0.11469096 -0.46104387 -0.45401588
1778656419.877771 -157236.41268328 -100178.70591390 -6976182.90158974 -0.75440587 0.07358492 0.39370419 0.52005197
1778656419.944489 -157340.61130759 -100247.03625699 -6977149.75294609 -0.71803222 0.04584657 0.33011074 0.61102759
1778656420.011207 -157273.35021910 -100093.33722613 -6978125.44228808 0.74041481 -0.12555374 -0.46018740 -0.47355012
1778656420.077925 -157456.83970265 -100283.24157758 -6979075.20860213 -0.68656062 0.16899827 0.44130911 0.55255802
1778656420.144642 -157174.35240765 -99963.17734187 -6980075.40444776 0.77112157 -0.06988735 -0.42339643 -0.47034321
1778656420.211358 -157400.68996402 -100632.30827672 -6981052.75439491 -0.50992535 0.10800836 0.29181889 0.80196762
1778656420.278074 -157452.52986913 -100203.99427620 -6982115.76530370 0.79301287 -0.04222009 -0.40540643 -0.45276227
1778656420.344790 -157456.50932598 -100108.12916237 -6983037.09029522 0.81365948 -0.02927451 -0.44485309 -0.37310451
1778656420.411507 -157518.26681807 -100118.43586235 -6984001.53254109 0.79199537 -0.00733288 -0.35927769 -0.49356773
1778656420.478223 -157483.32232697 -100010.39786621 -6984976.12630142 0.80354503 0.01131616 -0.34745786 -0.48317736
1778656420.544939 -157635.12172542 -100151.52589346 -6985933.46930002 0.72456909 -0.13103421 -0.45634190 -0.49958157
1778656420.611655 -157377.07024001 -99851.16925873 -6986919.95397822 0.73057654 -0.13291033 -0.47478515 -0.47241065
1778656420.678371 -157609.09582770 -100507.60574910 -6987884.33038788 -0.68620211 0.07397172 0.36078612 0.62728639
1778656420.745088 -157488.89412193 -99908.43239260 -6988949.87707354 0.89494579 0.09392719 -0.36240987 -0.24271135
1778656420.811804 -157678.32285849 -100407.32591570 -6989871.33060243 -0.76439154 0.04610738 0.40186173 0.50208249
1778656420.878520 -157208.07846250 -99883.17881518 -6990929.16085270 0.88080689 0.09640393 -0.43510445 -0.15990505
1778656420.945236 -157532.84673700 -99857.31852412 -6991909.61595733 -0.79329873 -0.06246935 0.30498991 0.52321684
1778656421.011952 -157733.84464058 -100249.03732688 -6992851.15436052 -0.69792093 0.00661223 0.32018605 0.64058064
1778656421.078669 -157476.90926183 -99797.98982220 -6993873.96706466 0.84430120 0.03683032 -0.47922281 -0.23694834
1778656421.145385 -157742.67853077 -100340.38152457 -6994816.53160626 -0.77804653 0.00142477 0.37990186 0.50031605
1778656421.212100 -157605.36920804 -99827.24029082 -6995850.92839687 0.88264608 0.09192822 -0.39009877 -0.24557699
1778656421.278816 -157794.00866209 -100288.34726964 -6996789.97816220 -0.67495017 -0.03050327 0.29009548 0.67775839
1778656421.345531 -157623.37716720 -99796.97311636 -6997832.26211261 0.84878875 0.04976035 -0.47509019 -0.22665145
1778656421.412246 -157854.52383506 -100236.49070373 -6998752.76759076 0.80337369 0.01730561 -0.39327339 -0.44679667
1778656421.478962 -157554.24468315 -99751.05958602 -6999784.81548443 0.87072633 0.08367086 -0.41996672 -0.24179083
1778656421.545677 -157811.97173728 -100348.36039056 -7000758.00512753 -0.57697237 0.00380750 0.29927755 0.75994825
1778656421.612393 -157875.28759654 -99992.11260731 -7001816.28640545 0.84786991 0.05127794 -0.41674132 -0.32374969
1778656421.679108 -157816.67202469 -99812.43102715 -7002719.03752398 0.84887649 0.05665652 -0.43570594 -0.29386916
1778656421.745823 -157987.55549555 -99997.79828447 -7003672.43207874 -0.78087263 -0.04394602 0.34449596 0.51925833
1778656421.812539 -157712.41473620 -99679.71211647 -7004670.74765931 0.89232151 0.13631966 -0.33510559 -0.26996949
1778656421.879254 -158021.32628939 -99872.56339268 -7005640.81547614 -0.76714511 -0.01848095 0.37617922 0.51926489
1778656421.945970 -157877.76463714 -99648.71418454 -7006603.73728404 0.78981061 -0.02461318 -0.47624138 -0.38572988
1778656422.012685 -158122.97565637 -100017.81508643 -7007553.24166960 -0.69770744 0.04508424 0.39142024 0.59829919
1778656422.079400 -157614.27319461 -99576.86386432 -7008574.93099961 0.84520467 0.06640415 -0.42067770 -0.32287740
1778656422.146116 -158173.64443065 -99940.79909604 -7009566.31159383 -0.69266500 0.01938034 0.38026018 0.61256983
1778656422.212831 -157937.08112722 -99533.57435183 -7010557.09585608 0.80799500 0.01401009 -0.45478401 -0.37432513
1778656422.279546 -158160.40695190 -100085.02525981 -7011493.19887246 -0.68543236 0.03182961 0.38489379 0.61727314
1778656422.346261 -157969.75802561 -99539.71957202 -7012525.47322337 0.85310157 0.09465450 -0.38019929 -0.34453844
1778656422.412976 -158184.49623007 -100094.67210151 -7013464.68642226 -0.64716245 0.08613623 0.40586782 0.63955658
1778656422.479692 -157895.58973491 -99506.18202020 -7014518.68489593 0.81871894 0.03284309 -0.44757704 -0.35818350
1778656422.546407 -158266.73475789 -99952.19572344 -7015484.52634521 -0.72063384 -0.03738549 0.35334741 0.59534427
1778656422.613122 -157948.43274633 -99477.03608820 -7016505.15774016 0.89727298 0.18932622 -0.39152458 -0.07592948
1778656422.679837 -158297.73501082 -99745.56782159 -7017461.68768140 -0.77379343 -0.06002927 0.36974945 0.51080873
1778656422.746552 -158087.97538676 -99444.25680158 -7018414.29430799 0.83155894 0.05861262 -0.48440300 -0.26538278
1778656422.813267 -158311.67524383 -99575.28960326 -7019384.23490703 -0.77379680 -0.06200699 0.37503927 0.50669438
1778656422.879982 -158225.73722595 -99428.60581939 -7020345.99564030 0.78999964 0.04744917 -0.40728301 -0.45581761
1778656422.946697 -158424.97910388 -99621.35976292 -7021303.68087986 -0.68419170 0.06847895 0.43598069 0.58061449
1778656423.013412 -158109.12039168 -99289.29312488 -7022287.60657196 0.75503972 -0.03249410 -0.47412663 -0.45173343
1778656423.080127 -158419.57887401 -99946.43101608 -7023272.29074370 -0.56907718 0.04112012 0.36679357 0.73479437
1778656423.146842 -158426.32080102 -99437.71837242 -7024309.21546530 0.85219216 0.14351857 -0.32737421 -0.38209562
1778656423.213557 -158462.32493207 -99432.15479758 -7025227.18128884 0.76587932 -0.01152110 -0.46624726 -0.44261679
1778656423.280272 -158475.37995184 -99365.60771099 -7026189.38966205 0.74833318 -0.03545946 -0.47402472 -0.46264526
1778656423.346988 -158503.98901519 -99332.51914724 -7027157.85993489 -0.73045570 0.01130844 0.43095271 0.52970402
1778656423.413703 -158533.98701686 -99303.08016036 -7028126.32365547 -0.69990324 -0.04189014 0.36573335 0.61206191
1778656423.480418 -158584.59022368 -99281.65564930 -7029096.13780559 -0.68162857 0.10871496 0.47903396 0.54230066
1778656423.547133 -158592.28766273 -99219.90704612 -7030062.20202733 -0.67594886 0.09719593 0.46570008 0.56282282
1778656423.613848 -158631.51740016 -99199.43810421 -7031034.27817483 -0.68559796 0.02475112 0.41709177 0.59613529
1778656423.680563 -158632.81194788 -99144.66456981 -7032006.69905077 -0.66921158 -0.02944206 0.36969788 0.64390412
1778656423.747278 -158740.62373073 -99189.03214200 -7032978.92491490 -0.63945359 0.15024487 0.47777480 0.58331537
1778656423.813994 -158562.43297784 -99007.37185365 -7033954.42629046 -0.72129445 -0.22230401 0.21184575 0.62083543
1778656423.880709 -158788.09890182 -99148.07022426 -7034948.78686507 -0.60587326 -0.19524052 0.23463403 0.73467381
1778656423.947424 -158772.99086781 -99057.37266167 -7035985.43570358 -0.62989260 -0.20273411 0.22639028 0.71475984
1778656424.014139 -158734.53745366 -98972.47202550 -7036940.18205679 -0.63763828 -0.21204158 0.22035326 0.70703623
1778656424.080854 -158817.24860875 -98994.16978658 -7037922.01842015 -0.54266791 -0.23557280 0.20495064 0.77975139
1778656424.147569 -158719.95924719 -98879.17441841 -7038841.25780906 -0.65893639 -0.35671634 0.05470997 0.65997205
1778656424.214285 -158860.24467620 -98934.16816716 -7039814.64612107 -0.30921777 -0.43546201 0.09630955 0.83992957
1778656424.281001 -158801.12141971 -98841.11501384 -7040798.66128927 -0.61780514 -0.45904052 -0.12144559 0.62677714
1778656424.347717 -158935.03994594 -98902.05239612 -7041774.64319932 -0.35972990 -0.37581615 0.13161296 0.84382146
1778656424.414433 -158893.66694209 -98816.36247067 -7042761.39745370 -0.60948604 -0.45705202 -0.10436281 0.63932669
1778656424.481148 -158973.02049572 -98830.58853226 -7043738.69815322 -0.58847951 -0.36046989 0.07853129 0.71943461
1778656424.547864 -158935.01231736 -98749.90269749 -7044720.36855601 -0.64205869 -0.42115989 -0.04384398 0.63911085
1778656424.614580 -158943.01924625 -98714.25043161 -7045698.02995231 -0.50051967 -0.50619986 -0.10289959 0.69473264
1778656424.681296 -158980.70704770 -98692.61762308 -7046676.73873110 -0.47881433 -0.49997316 -0.06792168 0.71843602
1778656424.748012 -159004.17651767 -98660.55537860 -7047653.74079331 -0.47756071 -0.50129889 -0.06745749 0.71839034
1778656424.814727 -159050.86513054 -98644.15264229 -7048630.92813396 -0.45578425 -0.47120545 0.00011025 0.75513318
1778656424.881443 -159026.37452345 -98579.82506732 -7049610.29459407 -0.54698988 -0.49114564 -0.10720883 0.66939099
1778656424.948159 -159095.08829262 -98579.50363852 -7050585.39765137 -0.38629034 -0.51920007 -0.02360174 0.76200657
1778656425.014874 -159132.60773315 -98548.35271934 -7051561.95742474 -0.49553643 -0.36477052 0.11630939 0.77965264
1778656425.081590 -159097.29678363 -98476.22516362 -7052537.43065833 -0.55914086 -0.44147112 -0.01002101 0.70168678
1778656425.148306 -159112.87252070 -98441.34562712 -7053513.12438004 -0.41954545 -0.52847483 -0.06300240 0.73534119
1778656425.215021 -159151.70771249 -98415.64603721 -7054489.43507527 -0.37834925 -0.52180785 -0.01896087 0.76433559
1778656425.281736 -159198.38697098 -98389.47660026 -7055466.31855749 -0.44730650 -0.34748089 0.15130738 0.81011111
1778656425.348452 -159154.92043437 -98319.52141103 -7056438.98693317 -0.49160796 -0.46583058 -0.00261874 0.73574223
1778656425.415167 -159280.62840662 -98341.35609318 -7057420.00530058 -0.37166866 -0.25635264 0.23140213 0.86174172
1778656425.481882 -159111.08574758 -98216.78570594 -7058388.75446465 -0.55327876 -0.49279761 -0.10381165 0.66351810
1778656425.548598 -159370.76231229 -98300.15455413 -7059379.73141116 -0.20389177 -0.18090443 0.28148996 0.92003540
1778656425.615313 -159110.38761964 -98134.34156027 -7060343.86301284 -0.57132817 -0.49161159 -0.12028473 0.64609114
1778656425.682028 -159442.94100871 -98245.00102254 -7061336.49615007 -0.11986493 -0.15661103 0.29380223 0.93529976
1778656425.748743 -159088.71045904 -98053.90143550 -7062302.75929112 -0.61500070 -0.46715135 -0.09784382 0.62767057
1778656425.815459 -159462.76933979 -98169.76953333 -7063286.80055275 0.01499959 -0.46707675 0.21680682 0.85709342
1778656425.882174 -159222.08762204 -98003.33580220 -7064269.78467023 -0.66690229 -0.45650094 -0.13074120 0.57424295
1778656425.948889 -159539.65915856 -98145.46908344 -7065253.37685947 -0.19581014 -0.24276707 0.26321724 0.91292893
1778656426.015604 -159174.34849612 -97919.90644303 -7066226.88982820 -0.69421158 -0.44317511 -0.11995915 0.55432473
1778656426.082319 -159616.30675020 -98096.40691323 -7067216.85120183 -0.12937173 -0.30428240 0.24881466 0.91036610
1778656426.149035 -159360.16968145 -97890.89133965 -7068185.55545252 -0.57005732 -0.49768847 -0.12960307 0.64073699
1778656426.215750 -159641.08519097 -98010.99030007 -7069163.73246625 -0.26743610 -0.26122681 0.24482360 0.89459482
1778656426.282465 -159323.17629126 -97803.27453419 -7070129.18354359 -0.57760259 -0.49298190 -0.12411520 0.63870143
1778656426.349181 -159735.16070711 -97972.75588256 -7071124.02785783 -0.12635008 -0.17588581 0.29025152 0.93212333
1778656426.415896 -159245.04488134 -97734.54507951 -7072093.43512393 -0.65817522 -0.43941074 -0.06093185 0.60828521
1778656426.482612 -159734.09147407 -97894.05622121 -7073087.01118151 0.12647640 -0.39620891 0.28523403 0.86351825
1778656426.549327 -159471.21808858 -97689.82665098 -7074071.02814501 -0.70433905 -0.44633071 -0.14866402 0.53159610
1778656426.616042 -159771.57162988 -97842.54856810 -7075044.30174300 -0.21974829 -0.37553607 0.19516375 0.87897353
1778656426.682757 -159520.69389385 -97626.07566080 -7076026.77240392 -0.73235028 -0.42221335 -0.08742904 0.52702478
1778656426.749473 -159830.85692426 -97778.89208832 -7076999.13750978 -0.26614634 -0.35663502 0.19604196 0.87381070
1778656426.816188 -159596.77597253 -97576.68259923 -7077974.72266685 -0.57693351 -0.49253471 -0.11443921 0.64145222
1778656426.882903 -159867.54668120 -97688.75942616 -7078946.93942197 -0.30045463 -0.32475895 0.20843396 0.87224648
1778656426.949618 -159640.34743234 -97505.61378332 -7079918.97989221 -0.55118623 -0.50391548 -0.11695325 0.65466393
1778656427.016334 -159938.00885040 -97634.29223393 -7080900.71616027 -0.26735398 -0.30754786 0.22469966 0.88512498
1778656427.083049 -159666.90761420 -97429.92325452 -7081876.57696798 -0.64068832 -0.44145498 -0.04246048 0.62676397
1778656427.149765 -159871.16725403 -97480.69122949 -7082853.02135343 -0.19411424 -0.55363815 0.06352586 0.80732207
1778656427.216482 -159697.25221027 -97360.66891342 -7083831.85495200 -0.52681323 -0.51165442 -0.10516778 0.67053510
1778656427.283199 -159999.14558373 -97479.35281816 -7084817.44025029 -0.20767341 -0.27706960 0.25480410 0.90287267
1778656427.349916 -159638.35234389 -97267.40934260 -7085790.51205519 -0.65067060 -0.45799954 -0.08885031 0.59914089
1778656427.416633 -160130.25618259 -97493.77746752 -7086787.76911964 -0.08198826 -0.21745802 0.29384720 0.92716976
1778656427.483350 -159557.47524603 -97207.83345461 -7087748.44780513 -0.60092533 -0.48809819 -0.11797516 0.62187681
1778656427.550067 -160228.49578223 -97471.80647333 -7088765.46225993 0.01505580 -0.12621228 0.31942266 0.93904896
1778656427.616784 -159685.49473547 -97155.11012505 -7089725.54939386 -0.49321737 -0.40876321 0.08719366 0.76291974
1778656427.683501 -160290.85347273 -97416.45817470 -7090725.72111121 -0.12208345 -0.07555788 0.32112716 0.93608973
1778656427.750218 -159704.03250652 -97102.01881144 -7091707.60751369 -0.63671184 -0.07989695 0.36412491 0.67500190
1778656427.816935 -160367.14973791 -97488.66939238 -7092707.98707309 -0.51625705 0.11816766 0.43190511 0.73005002
1778656427.883653 -159413.86465688 -97176.24843862 -7093724.48447750 -0.52980312 0.07290680 0.40906426 0.73936438
1778656427.950370 -160381.22035697 -97365.26302845 -7094757.49959151 -0.37949369 0.00395045 0.36896741 0.84842913
1778656428.017087 -159651.30901517 -97020.33757239 -7095709.62856219 -0.73845817 -0.10838060 0.38711201 0.54136630
1778656428.083804 -160376.25676657 -97669.52726717 -7096695.88811070 -0.62503707 0.00920211 0.42983959 0.65152276
1778656428.150521 -159698.45580129 -97072.89291652 -7097728.78543811 -0.66697759 0.03582832 0.46127496 0.58402281
1778656428.217237 -160277.79597166 -97731.00049731 -7098726.31785846 -0.65248193 -0.14446471 0.33578122 0.66381342
1778656428.283953 -159917.24888606 -97110.93191235 -7099775.32230496 -0.72113536 -0.10332723 0.38432330 0.56708278
1778656428.350669 -160342.06249175 -97489.26906887 -7100712.83292197 -0.72814983 -0.08332029 0.41212154 0.54130526
1778656428.417385 -159820.04556923 -97094.73617592 -7101720.18443702 -0.69329887 0.04630496 0.49058531 0.52585034
1778656428.484101 -160276.05530702 -97737.75800595 -7102714.73119717 -0.72158889 -0.15356801 0.34778340 0.57859575
1778656428.550817 -159764.37974486 -97170.24252251 -7103790.70552901 0.78292023 0.11488007 -0.42356121 -0.44094714
1778656428.617533 -160310.94210656 -97616.21296358 -7104784.79414028 0.76740413 0.15365111 -0.37141189 -0.49953522
1778656428.684249 -160098.05842593 -97104.87838711 -7105808.76530705 0.77589439 0.09084655 -0.44267237 -0.44019992
1778656428.750965 -160303.00108176 -97201.86296577 -7106710.56529921 -0.75254228 -0.15558613 0.36670084 0.52440783
1778656428.817681 -160160.12961618 -97035.94674881 -7107678.51679804 -0.72351488 -0.05375939 0.44484407 0.52511893
1778656428.884398 -160403.44996934 -97158.77421923 -7108631.94537484 -0.67661456 0.00131317 0.46200163 0.57336333
1778656428.951114 -160148.65600850 -96928.13433339 -7109610.01522118 -0.60379943 0.07525610 0.46345288 0.64418490
1778656429.017830 -160485.05659953 -97122.30613942 -7110576.96465102 -0.62517704 -0.05713337 0.40563138 0.66434376
1778656429.084546 -160098.11975873 -96847.79790849 -7111563.75695953 -0.61236689 -0.00191265 0.42983530 0.66350943
1778656429.151262 -160578.68442302 -97267.69773446 -7112551.26432326 -0.65516339 -0.00278027 0.45281164 0.60474360
1778656429.217978 -159906.34174547 -96872.56936001 -7113576.95100413 -0.59056122 0.06556057 0.45442400 0.66365510
1778656429.284694 -160599.49196199 -97356.46397173 -7114599.43561464 -0.61670796 -0.07492082 0.40095910 0.67326812
1778656429.351410 -160094.95856188 -96776.25347727 -7115621.94062759 -0.71961638 -0.10399788 0.40825194 0.55196654
1778656429.418126 -160548.37304108 -97419.99733644 -7116586.45146643 -0.72896188 -0.10466339 0.41742441 0.53236925
1778656429.484842 -159946.06217915 -96885.50916887 -7117645.73988663 -0.71722487 -0.02898075 0.47506902 0.50897744
1778656429.551558 -160540.90507889 -97411.94062181 -7118661.41421002 -0.71121062 -0.17218417 0.35665554 0.58080021
1778656429.618274 -160414.34140276 -96849.23985989 -7119689.34675960 0.77776804 0.15622801 -0.39332539 -0.46472014
1778656429.684990 -160516.03299209 -96907.13257933 -7120582.81894729 0.76222031 0.10796463 -0.44183416 -0.46059354
1778656429.751707 -160485.21917733 -96805.07786367 -7121544.92843327 -0.71132948 -0.01809568 0.48443587 0.50892514
1778656429.818423 -160577.61921529 -96811.40578227 -7122499.52410466 -0.65027680 -0.06667038 0.42170153 0.62838122
1778656429.885139 -160533.93606313 -96711.25970211 -7123469.16934462 -0.62186159 -0.01892334 0.44002108 0.64754268
1778656429.951855 -160656.51734949 -96744.58361008 -7124437.19724391 -0.59756054 0.06496918 0.47378536 0.64360534
1778656430.018571 -160571.73649180 -96618.65625298 -7125413.51734571 -0.56140476 0.10052543 0.47144930 0.67264768
1778656430.085287 -160719.08740018 -96678.10515284 -7126385.87975901 -0.55982821 -0.03068278 0.41879508 0.71432599
1778656430.152003 -160596.76044831 -96532.90711163 -7127366.66973880 -0.54953657 0.00687758 0.43208358 0.71502870
1778656430.218718 -160802.96621208 -96638.74747297 -7128345.18102490 -0.56901219 0.07634217 0.46932608 0.67091731
1778656430.285434 -160592.87324649 -96439.34117999 -7129330.07213036 -0.51942527 0.07559273 0.44923054 0.72296269
1778656430.352149 -160878.93813182 -96614.19935157 -7130312.33792889 -0.56509680 -0.04582288 0.41689458 0.71046800
1778656430.418864 -160577.03749946 -96359.02446203 -7131301.04696692 -0.58015081 -0.02666743 0.42811535 0.69240966
1778656430.485579 -160980.36097258 -96688.08415657 -7132286.42553779 -0.62154364 0.05142065 0.48620655 0.61208055
1778656430.552295 -160204.55753539 -96388.60206371 -7133286.46706878 0.79480057 0.39611681 -0.07450813 -0.45368719
1778656430.619010 -160668.31827067 -96275.79308871 -7134349.20187644 -0.35338660 -0.49257810 0.12423641 0.78552533
1778656430.685725 -160641.31885761 -96261.47642802 -7135307.45617158 -0.40260934 -0.54095811 0.00152067 0.73842246
1778656430.752440 -160577.08065117 -96205.60163071 -7136274.95173765 -0.37749569 -0.58424956 -0.07234183 0.71478397
1778656430.819155 -160748.86134412 -96197.77507839 -7137262.54254953 -0.25731987 -0.38977173 0.23535184 0.85233444
1778656430.885871 -160472.13898027 -96126.79689915 -7138226.92910714 -0.50728906 -0.55070236 -0.11779069 0.65231133
1778656430.952586 -160862.01535012 -96140.93617215 -7139244.70503792 -0.20463086 -0.21588461 0.33828321 0.89279590
1778656431.019301 -160374.32142607 -96079.71420695 -7140196.32713434 -0.57435332 -0.50642951 -0.04363559 0.64167232
1778656431.086016 -160877.95898306 -96076.15020849 -7141229.00418677 0.10256911 -0.48323646 0.28937397 0.81989317
1778656431.152732 -160442.79637235 -95991.84858788 -7142187.01959342 -0.64261434 -0.50785755 -0.15101631 0.55346327
1778656431.219448 -160910.92375830 -96039.67210728 -7143208.68781060 -0.00772377 -0.27290613 0.34757054 0.89702693
1778656431.286163 -160360.49262647 -95959.45215339 -7144166.80353277 0.73883138 0.47258006 0.13586900 -0.46079919
1778656431.352879 -160883.33624639 -95949.19625299 -7145203.53167441 0.09900204 -0.52334664 0.26832525 0.80268826
1778656431.419595 -160487.88539780 -95853.92956770 -7146160.57317426 -0.67929390 -0.49473684 -0.13664871 0.52452111
1778656431.486310 -160902.97837694 -95886.33312266 -7147169.87083779 -0.15900908 -0.42219260 0.24790513 0.85732874
1778656431.553026 -160546.44056767 -95782.71194990 -7148126.19500659 -0.69700230 -0.47577683 -0.05774448 0.53337583
1778656431.619742 -160966.02060775 -95816.17424587 -7149142.01383928 -0.11688749 -0.39650208 0.27593868 0.86774493
1778656431.686458 -160561.53395348 -95707.66207139 -7150098.76828284 -0.66524071 -0.49959403 -0.12196024 0.54128209
1778656431.753173 -161037.47445626 -95757.82028037 -7151119.50018091 -0.07529299 -0.36544635 0.30257023 0.87705826
1778656431.819889 -160572.69441191 -95634.96142167 -7152075.99245365 -0.68488468 -0.49654426 -0.14751076 0.51246204
1778656431.886605 -161103.99241182 -95698.32350787 -7153100.51446257 -0.02563586 -0.41311767 0.29094682 0.86256973
1778656431.953320 -160603.93798269 -95556.94042923 -7154059.86146815 0.76282205 0.45821179 0.05392492 -0.45303044
1778656432.020036 -160985.12492987 -95537.12367181 -7155075.48035533 0.02622672 -0.58509276 0.19396553 0.78699174
1778656432.086751 -160570.15523452 -95494.19972183 -7156041.72325327 -0.60165053 -0.52714982 -0.13079913 0.58568020
1778656432.153467 -161121.91309765 -95537.30407617 -7157068.37948454 0.08377726 -0.33158127 0.35535775 0.86991730
1778656432.220183 -160464.34236477 -95478.42285071 -7158020.96112606 0.74098261 0.47934854 0.13973707 -0.44904711
1778656432.286898 -161218.66543620 -95492.52924113 -7159082.89649940 0.13373322 -0.28069123 0.37996155 0.87118143
1778656432.353614 -160504.82079313 -95400.54563107 -7159992.90001752 -0.60106938 -0.53509398 -0.19098370 0.56206338
1778656432.420329 -161285.33176811 -95454.77295999 -7161050.49093701 0.01086278 -0.31142571 0.34598187 0.88498168
1778656432.487045 -160610.22468326 -95318.02506799 -7161985.41864457 0.67698838 0.50619704 0.19555214 -0.49720282
1778656432.553760 -161366.81867227 -95406.30797348 -7163034.76871973 0.03328395 -0.32910910 0.34445963 0.87859373
1778656432.620476 -160617.63858480 -95280.22717533 -7163991.54704035 0.78040987 0.46452091 0.11035422 -0.40373593
1778656432.687191 -161251.26042906 -95269.47656999 -7165032.68534071 0.23201579 -0.43894165 0.36623548 0.78700094
1778656432.753906 -160703.28394871 -95188.64046680 -7165987.75533282 -0.67931720 -0.50400599 -0.15092785 0.51159250
1778656432.820622 -161336.15580039 -95273.66484075 -7167017.72561105 0.10869172 -0.26290259 0.38285866 0.87891273
1778656432.887337 -160617.20261258 -95167.27941214 -7167973.61037527 0.70333474 0.49501436 0.13270070 -0.49261704
1778656432.954053 -161340.80111908 -95170.77379687 -7169001.25984806 0.11304760 -0.29136663 0.37878349 0.87111928
1778656433.020768 -160727.47029326 -95050.00392149 -7169916.30109400 -0.51946392 -0.56780741 -0.18340431 0.61164929
1778656433.087484 -161375.23209313 -95068.52615224 -7170957.41214553 0.01183111 -0.04521847 0.40173084 0.91456418
1778656433.154200 -160580.15720928 -95085.47294165 -7171902.08052281 -0.37352888 0.09163571 0.44390294 0.80933878
1778656433.220917 -161347.66673520 -94913.28876152 -7172987.59059793 -0.26105311 0.11417502 0.43183104 0.85576708
1778656433.287633 -160650.73075276 -95001.83667097 -7173936.36287275 -0.35930141 0.01637054 0.42999031 0.82809591
1778656433.354350 -161229.62830959 -94833.50456273 -7174985.96427554 -0.16820997 0.27992397 0.40660419 0.85324147
1778656433.421067 -160691.36247046 -94880.58153756 -7175937.50007914 -0.50093708 -0.32074844 0.27525162 0.75526090
1778656433.487784 -161049.56747178 -94734.20031628 -7176981.55129762 -0.05506297 -0.34875848 0.33439294 0.87379457
1778656433.554501 -160848.39487947 -94728.40824615 -7177948.73926267 -0.42487586 -0.49640058 0.10466994 0.74974074
1778656433.621217 -160931.98527083 -94660.78349974 -7178946.69260698 -0.17594177 -0.52104252 0.17730620 0.81616279
1778656433.687934 -160831.01743011 -94636.89672967 -7179918.93459152 -0.37950232 -0.38649361 0.24411185 0.80436937
1778656433.754651 -160719.08883650 -94637.01725868 -7180895.51083401 -0.32751983 -0.56587492 0.04687984 0.75519442
1778656433.821368 -160933.62910490 -94516.92865936 -7181914.85001605 -0.29700521 -0.22339226 0.35954488 0.85592715
1778656433.888085 -160827.18984697 -94502.47034245 -7182881.86569943 -0.30625286 -0.45376929 0.20121641 0.81228971
1778656433.954802 -160872.47481645 -94445.97105547 -7183881.54014417 -0.15262866 -0.51879875 0.19116596 0.81915074
1778656434.021519 -160767.30501189 -94431.78963329 -7184864.54913151 -0.27380474 -0.56314870 0.08498607 0.77503024
1778656434.088236 -160890.86479375 -94350.51208832 -7185872.99116426 -0.12422843 -0.24463758 0.36885742 0.88806754
1778656434.154953 -160851.56400811 -94316.18245458 -7186856.33352765 -0.20385965 -0.39936630 0.27610172 0.85012684
1778656434.221670 -160800.80462962 -94278.90053340 -7187841.97610517 -0.32791086 -0.27751696 0.33352528 0.83917799
1778656434.288387 -160884.31806169 -94226.75291017 -7188839.19775451 -0.13841402 -0.49201985 0.22264993 0.83017169
1778656434.355104 -160737.57866688 -94209.81225403 -7189817.68542642 -0.37305157 -0.30825657 0.31113440 0.81792775
1778656434.421821 -160860.35767022 -94142.66908709 -7190825.06486095 -0.12818108 -0.52676470 0.19580448 0.81715920
1778656434.488538 -160725.59476642 -94122.53020694 -7191804.54706685 -0.37011888 -0.30043658 0.31768073 0.81965165
1778656434.555255 -160936.00672562 -94054.25846728 -7192811.33440526 -0.09334011 -0.40596192 0.29855927 0.85868789
1778656434.621972 -160766.72609995 -94031.79075361 -7193791.97925748 -0.25590012 -0.54799151 0.11899215 0.78743971
1778656434.688689 -160825.77441765 -93978.58762711 -7194788.96375693 -0.11623402 -0.54203804 0.18723982 0.81094122
1778656434.755406 -160783.93302757 -93936.30100142 -7195777.04923379 -0.28750694 -0.35836410 0.29103680 0.83917371
1778656434.822124 -160818.36132561 -93890.97405870 -7196766.93436939 -0.17873999 -0.46658775 0.23466541 0.83383454
1778656434.888841 -160750.28693160 -93853.24685759 -7197751.40335546 -0.31513045 -0.30671221 0.32113249 0.83874569
1778656434.955558 -160755.53833044 -93816.79574687 -7198738.89778811 -0.18165042 -0.52194204 0.18277158 0.81312618
1778656435.022275 -160680.96751890 -93782.95840493 -7199723.00815393 -0.33056366 -0.32745290 0.30770392 0.82995214
1778656435.088992 -160752.39523688 -93727.92053955 -7200725.27462068 -0.15084247 -0.54905333 0.16747184 0.80482307
1778656435.155710 -160688.20742970 -93688.80481646 -7201711.98405120 -0.31915520 -0.31106806 0.32062168 0.83581000
1778656435.222426 -160875.61071500 -93628.98615597 -7202714.01236855 -0.07829033 -0.40950618 0.30353890 0.85676102
1778656435.289143 -160690.78783428 -93612.75523170 -7203691.84114558 -0.23923649 -0.56822806 0.10200315 0.78069080
1778656435.355860 -160837.84409279 -93530.75881240 -7204699.95596690 -0.14461923 -0.18715509 0.38991712 0.88995668
1778656435.422577 -160764.53921751 -93510.25624127 -7205672.43179884 -0.15704193 -0.56547853 0.14460213 0.79665682
1778656435.489295 -160818.14042479 -93449.13154909 -7206670.55000699 -0.19973672 -0.25225278 0.36236407 0.87473771
1778656435.556011 -160854.61314913 -93413.35917273 -7207655.35032666 -0.13072727 -0.44404059 0.26695550 0.84526510
1778656435.622729 -160758.00109178 -93372.55904904 -7208638.83004469 -0.25362579 -0.32241473 0.32163853 0.85338816
1778656435.689446 -160918.26789838 -93334.37220911 -7209634.14360731 -0.01828405 -0.49764915 0.26213643 0.82661691
1778656435.756163 -160659.48359496 -93308.31301067 -7210607.74311854 -0.30954674 -0.38398301 0.27320176 0.82589265
1778656435.822880 -160833.42894117 -93250.09031410 -7211613.65191174 -0.05679480 -0.54073813 0.21493855 0.81128173
1778656435.889597 -160662.66094346 -93217.51272063 -7212590.02823403 -0.28590725 -0.36260916 0.29367734 0.83697387
1778656435.956315 -160935.89622834 -93167.30554517 -7213595.71259340 -0.00473888 -0.39951875 0.32727323 0.85630283
1778656436.023032 -160573.28427363 -93157.64924064 -7214556.96879955 -0.30656660 -0.42547905 0.24151811 0.81648852
1778656436.089749 -160561.67245677 -93116.61490698 -7215544.63647793 -0.30532191 -0.42632314 0.24182759 0.81642301
1778656436.156466 -160936.61760993 -93026.22886343 -7216568.30537443 -0.05780088 -0.14125558 0.40754212 0.90034179
1778656436.223181 -160703.40536538 -93005.40489988 -7217526.85876345 -0.15157755 -0.59482783 0.11263743 0.78135581
1778656436.289897 -160904.66845432 -92940.32017080 -7218534.28392708 -0.09574329 -0.22727460 0.38249978 0.89043439
1778656436.356614 -160637.43236985 -92933.57937183 -7219490.39289157 -0.19388840 -0.53903454 0.16329824 0.80323268
1778656436.423329 -160874.22853092 -92880.36840175 -7220499.48076983 0.03453795 -0.51573422 0.26946571 0.81253528
1778656436.490045 -160561.26224422 -92859.05373936 -7221470.71477398 -0.31086516 -0.44372427 0.22598250 0.80956996
1778656436.556762 -160778.51227480 -92792.73508875 -7222485.26281631 -0.06026305 -0.55768548 0.20058582 0.80319400
1778656436.623477 -160624.27622780 -92753.55677114 -7223461.82278148 -0.27786187 -0.40331594 0.26902121 0.82931093
1778656436.690193 -160857.40212045 -92707.39616221 -7224464.19876636 -0.05113544 -0.44954393 0.28965790 0.84344160
1778656436.756909 -160476.29011749 -92732.14151907 -7225425.30499394 -0.26695546 -0.59904129 0.04552079 0.75353313
1778656436.823625 -160774.06148576 -92637.08726201 -7226449.78648530 0.02656690 -0.53130204 0.25966379 0.80596964
1778656436.890341 -160620.30446652 -92594.97522228 -7227428.42584820 -0.27274648 -0.43424709 0.24855368 0.82174198
1778656436.957057 -160744.06122923 -92543.13641198 -7228423.12964858 -0.10225966 -0.48204590 0.25532767 0.83185485
1778656437.023773 -160632.23264435 -92502.60466248 -7229403.58623938 -0.25668846 -0.40770756 0.27484116 0.83207447
1778656437.090489 -160721.72235675 -92457.59258436 -7230400.32515252 -0.07223035 -0.53863780 0.21671902 0.81097778
1778656437.157205 -160646.03738965 -92411.40764467 -7231386.61809707 -0.24331481 -0.38891803 0.29255478 0.83901869
1778656437.223922 -160719.93462606 -92371.18423338 -7232381.68149782 -0.06854059 -0.55276238 0.20557357 0.80467102
1778656437.290638 -160610.92223995 -92330.06257076 -7233363.88498069 -0.25825808 -0.40479952 0.27887253 0.83166713
1778656437.357354 -160774.99418959 -92286.72795621 -7234361.09287245 -0.05074032 -0.46644919 0.28419959 0.83611074
1778656437.424071 -160575.10756303 -92250.65955298 -7235338.93000386 -0.26409718 -0.43190033 0.25656562 0.82334007
1778656437.490787 -160857.08483639 -92222.99899347 -7236342.13753810 0.10804068 -0.43647100 0.34795780 0.82264552
1778656437.557504 -160447.46978525 -92203.15049071 -7237314.07169404 -0.32882990 -0.50259765 0.16729227 0.78184385
1778656437.624220 -160857.97289358 -92146.71141312 -7238330.38516298 0.22627022 -0.37485354 0.40584495 0.80223219
1778656437.690936 -160470.68252967 -92119.84844221 -7239302.06599765 -0.25806298 -0.58991158 0.07150237 0.76177112
1778656437.757653 -160883.00220353 -92080.31317662 -7240313.28474003 0.17581974 -0.39734758 0.38476618 0.81434471
1778656437.824369 -160397.37105614 -92056.35513946 -7241279.36165805 -0.33181355 -0.53579157 0.12365283 0.76650971
1778656437.891085 -160886.29577508 -91984.82324986 -7242293.44647432 -0.05174321 -0.28306890 0.38236012 0.87806342
1778656437.957802 -160480.89577600 -91961.47959540 -7243244.66433099 -0.17357813 -0.63653026 0.03780162 0.75051375
1778656438.024518 -160859.81882662 -91884.91148180 -7244262.37648889 -0.03945949 -0.28050351 0.38457339 0.87855793
1778656438.091235 -160551.34433123 -91861.71033842 -7245227.00898180 -0.15831881 -0.62177661 0.07507258 0.76334337
1778656438.157951 -160883.62905876 -91799.99955569 -7246239.79407993 -0.05111634 -0.28421952 0.38149147 0.87810628
1778656438.224667 -160659.12547794 -91754.03191013 -7247213.07121241 -0.18092992 -0.49844192 0.21979468 0.81884695
1778656438.291383 -160912.22574452 -91742.62532772 -7248215.11235818 0.11578104 -0.52211044 0.30154268 0.78934622
1778656438.358099 -160541.89113994 -91692.54261393 -7249190.93284123 -0.28227072 -0.51950895 0.16518939 0.78939607
1778656438.424815 -160956.37682053 -91686.22879972 -7250200.62670202 0.19576172 -0.39473652 0.39308584 0.80705883
1778656438.491531 -160437.92213285 -91644.37893997 -7251173.28743501 -0.31313937 -0.57387509 0.07321742 0.75316022
1778656438.558247 -160942.24567415 -91594.24598161 -7252186.17346061 0.25886058 -0.14445054 0.45166965 0.84149852
1778656438.624963 -160710.67251097 -91520.56657304 -7253150.14506617 -0.03403492 -0.65849932 0.08824606 0.74661429
1778656438.691679 -161024.38038068 -91542.53139647 -7254147.05819301 0.03455501 -0.32405792 0.38104810 0.86521371
1778656438.758394 -160624.45617818 -91452.89097476 -7255121.34254526 -0.13430006 -0.65093654 0.03516092 0.74633024
1778656438.825110 -161072.87158658 -91458.85957299 -7256130.35723186 0.11263202 -0.14229157 0.43309054 0.88289281
1778656438.891826 -160843.04243352 -91366.18360564 -7257102.56985890 -0.01310626 -0.59923502 0.17791100 0.78044429
1778656438.958542 -161067.10219399 -91396.19657603 -7258097.51808887 0.15876615 -0.56074581 0.28986433 0.75916804
1778656439.025258 -160711.24211733 -91281.46607512 -7259079.13528312 -0.13580072 -0.59580667 0.12718722 0.78127843
1778656439.091974 -161180.40414378 -91391.33422861 -7260083.08501120 0.25209388 -0.40919684 0.40415864 0.77824316
1778656439.158690 -160163.92767909 -91566.57515662 -7261060.01574979 -0.48746054 -0.59365137 -0.25948811 0.58534281
1778656439.225406 -160887.21334963 -91272.52761307 -7262092.26275486 0.66077615 -0.02569637 0.52026623 0.54040506
1778656439.292122 -160492.82129410 -91237.07396203 -7263095.99215552 0.80025010 0.17975639 0.56886099 0.06070079
1778656439.358838 -160318.52639524 -92263.30554647 -7264098.50708539 0.74412548 -0.05235106 0.62091915 0.24082369
1778656439.425554 -160672.58070099 -92272.89436375 -7265123.31500095 0.79505823 0.41969456 0.34931873 -0.26403657
1778656439.492270 -160916.35600837 -91928.15859355 -7266144.23337667 -0.67436513 -0.48936402 -0.01236870 0.55281239
1778656439.558986 -160666.18994781 -91583.75969850 -7267143.52748415 -0.52242725 -0.55315911 -0.05979623 0.64614950
1778656439.625702 -161117.86734198 -91632.09463383 -7268129.17939468 -0.09999464 -0.46021055 0.26066815 0.84276891
1778656439.692418 -160798.99075979 -91337.78299218 -7269088.10977025 -0.45110812 -0.59174048 -0.13691283 0.65391096
1778656439.759134 -161226.43526554 -91628.30109158 -7270072.19446515 -0.10453632 -0.52420167 0.20694077 0.81942681
1778656439.825850 -160770.77508783 -91305.12083926 -7271053.23988307 -0.54567784 -0.56505920 -0.18259623 0.59127186
1778656439.892566 -161290.90274107 -91694.12389583 -7272048.16512373 -0.09452607 -0.36183833 0.32761124 0.86764551
1778656439.959282 -160671.32971516 -91386.08252160 -7273037.91598491 -0.55448403 -0.55447590 -0.30954639 0.53785218
1778656440.025998 -161288.05595789 -91611.66112102 -7274044.27568043 0.18126387 -0.23074092 0.42593013 0.85585371
1778656440.092714 -160641.39487148 -91394.85145753 -7275032.06310869 -0.53571791 -0.52910255 -0.42685923 0.50084730
1778656440.159430 -161322.81925299 -91542.08207207 -7276025.60465874 0.24888864 -0.59911302 0.30388133 0.69769203
1778656440.226146 -161350.51877890 -91804.06283552 -7277014.62120843 0.41689052 -0.54685821 0.41346020 0.59682414
1778656440.292862 -160711.85276193 -91905.50632733 -7278020.17189462 0.79967761 0.28880638 0.51948502 -0.08509941
1778656440.359579 -160885.86098087 -91822.06591880 -7279034.65644304 0.80368157 0.21046121 0.41452888 0.37144020
1778656440.426295 -160876.18640995 -91835.73642781 -7280033.44569293 0.80523302 0.21114118 0.41293328 0.36946624
1778656440.493011 -161120.52479309 -91488.11130673 -7281050.84138152 0.42993472 -0.02651940 0.45038960 0.78204991
1778656440.559728 -161043.33273968 -91294.63921566 -7282036.72667952 -0.02050548 -0.37580735 0.34335229 0.86049844
1778656440.626444 -161047.08799278 -91266.80951767 -7283032.98089259 -0.01835463 -0.37660333 0.34368274 0.86006698
1778656440.693160 -161206.80485926 -91147.24896429 -7284008.37976705 -0.47254758 0.04279657 0.48762748 0.73286198
1778656440.759877 -161265.02299992 -91083.27662427 -7284983.68638961 -0.58753612 0.17820721 0.56352225 0.55270803
1778656440.826593 -161278.38724065 -91029.25032399 -7285956.23336597 -0.55355010 0.01554791 0.50198784 0.66434084
1778656440.893309 -161309.27243877 -90992.87607280 -7286943.46979020 -0.55729770 0.03683414 0.51074150 0.65360970
1778656440.960026 -161389.98200943 -90978.57485699 -7287930.83598856 -0.60658959 0.16337315 0.57305517 0.52627565
1778656441.026742 -161282.04007385 -90892.49900834 -7288918.46645475 -0.50345650 0.03700177 0.49502508 0.70718640
1778656441.093458 -161440.51955872 -90909.64105494 -7289909.76992976 -0.61201457 0.15824921 0.57715602 0.51699738
1778656441.160175 -161273.61479693 -90802.45981244 -7290899.90475857 -0.47638577 0.03178455 0.48738397 0.73109727
1778656441.226892 -161473.71407336 -90837.18814728 -7291892.87129384 -0.58503179 0.04769102 0.52891809 0.61295108
1778656441.293610 -161435.43762066 -90764.45412687 -7292887.81076855 -0.57964709 0.18445495 0.56211797 0.56036507
1778656441.360327 -161474.82999387 -90735.99412103 -7293876.98798916 -0.58508909 0.17589334 0.56611363 0.55339647
1778656441.427044 -161472.04916052 -90694.37519282 -7294868.36220223 -0.53527549 0.01717737 0.50488848 0.67695842
1778656441.493761 -161462.92545612 -90642.78599740 -7295860.33946343 -0.52385411 0.09544969 0.52263521 0.66582180
1778656441.560478 -161549.28956504 -90630.92144198 -7296852.13505930 -0.59878174 0.17494864 0.57483225 0.52954819
1778656441.627196 -161479.52407120 -90560.07942816 -7297843.74964671 -0.49258936 0.03085884 0.49929171 0.71211744
1778656441.693913 -161586.83006971 -90555.34700256 -7298835.86602414 -0.58693683 0.16771844 0.56768575 0.55236634
1778656441.760630 -161533.88762863 -90489.56534725 -7299827.75032741 -0.50815021 0.02354922 0.50246926 0.69910903
1778656441.827348 -161574.39843730 -90458.83443604 -7300820.53283975 -0.53258070 0.05659928 0.51907495 0.66611975
1778656441.894065 -161621.50616078 -90428.51372030 -7301814.75771456 -0.58671608 0.16191377 0.56593123 0.55612051
1778656441.960782 -161615.39937541 -90376.44507103 -7302806.57513959 -0.56784511 0.18961487 0.56243077 0.57032426
1778656442.027499 -161633.77601591 -90344.33894903 -7303796.98675201 -0.52430212 0.00959044 0.50582243 0.68495181
1778656442.094217 -161630.46998715 -90295.16158635 -7304789.86257450 -0.51929292 0.09547060 0.52662619 0.66624701
1778656442.160933 -161716.69916757 -90282.81064389 -7305782.17978544 -0.59252500 0.16958043 0.57390360 0.53925065
1778656442.227650 -161648.19646778 -90212.98464665 -7306773.39450545 -0.48240867 0.02154785 0.50045112 0.71858628
1778656442.294366 -161750.67813863 -90204.16063985 -7307766.18312188 -0.57851908 0.17913701 0.56927712 0.55601184
1778656442.361083 -161705.27189530 -90142.71168354 -7308757.58024323 -0.49859048 0.01543747 0.50365286 0.70533893
1778656442.427799 -161739.97120924 -90108.61756976 -7309750.87527826 -0.52328113 0.06301528 0.52293707 0.66988264
1778656442.494516 -161786.77986553 -90077.17153097 -7310745.56229540 -0.57819826 0.16243920 0.56562486 0.56512724
1778656442.561232 -161743.71436980 -90018.93904420 -7311735.67334761 -0.48540034 0.01369653 0.50152787 0.71600888
1778656442.627949 -161836.45695378 -90003.99365441 -7312729.52271649 -0.57872958 0.17709286 0.57014454 0.55555863
1778656442.694665 -161762.67645424 -89934.59087624 -7313720.06748045 -0.47047527 0.01488897 0.49933268 0.72739138
1778656442.761381 -161863.98536969 -89929.27214096 -7314712.18863932 -0.53110304 0.07008369 0.52943395 0.65781269
1778656442.828098 -161850.45519997 -89868.24601591 -7315708.90070018 -0.55436184 0.16794782 0.55675815 0.59539636
1778656442.894814 -161866.71250090 -89835.46887621 -7316698.25191449 -0.50303387 0.00314263 0.50496096 0.70139966
1778656442.961530 -161924.78208994 -89805.57377752 -7317693.58225932 -0.56893467 0.17961525 0.56711938 0.56782683
1778656443.028247 -161873.02412699 -89745.59305041 -7318683.03198543 -0.47752577 0.00669670 0.50086420 0.72184441
1778656443.094963 -161948.44572286 -89729.91123132 -7319675.89964083 -0.51612321 0.05444500 0.52305822 0.67606410
1778656443.161681 -161977.34644764 -89687.04232459 -7320672.52156475 -0.56562167 0.16437780 0.56334435 0.57939211
1778656443.228399 -161950.35788335 -89636.83754062 -7321661.17289473 -0.48387330 0.00209781 0.50249479 0.71649229
1778656443.295117 -162035.18662373 -89617.82996665 -7322657.03807913 -0.57171677 0.17945847 0.57006377 0.56210487
1778656443.361835 -161953.64525794 -89545.55750724 -7323646.83449386 -0.45931441 0.00342192 0.49846114 0.73522449
1778656443.428554 -162068.17783678 -89545.32604066 -7324638.45915595 -0.52029737 0.05506661 0.52675461 0.66991633
1778656443.495272 -162046.80432460 -89479.89382161 -7325636.20831759 -0.54305022 0.16490935 0.55490977 0.60825695
1778656443.561990 -162085.42795803 -89458.35036656 -7326624.37378096 -0.49727913 -0.00702863 0.50541068 0.70514120
1778656443.628709 -162090.39583199 -89403.99516847 -7327621.10853980 -0.53937302 0.18461639 0.55701376 0.60392814
1778656443.695427 -162119.76649520 -89377.95198706 -7328609.75923068 -0.49068410 -0.00783362 0.50464950 0.71027926
1778656443.762146 -162094.59408649 -89317.91552461 -7329604.03856193 -0.48247545 0.05592450 0.51859177 0.70367072
1778656443.828865 -162229.75439826 -89326.80391060 -7330600.41899067 -0.58318907 0.13634862 0.56990147 0.56259388
1778656443.895583 -162091.22542874 -89216.60961398 -7331596.62738467 -0.49502262 0.19280594 0.54042892 0.65246844
1778656443.962301 -162283.81915179 -89262.85563270 -7332584.29561074 -0.56454744 0.01284033 0.53257362 0.63046542
1778656444.029020 -162152.23392727 -89156.76736333 -7333579.39741019 -0.45923560 0.06408451 0.51678912 0.71966995
1778656444.095739 -162318.98078714 -89179.33045870 -7334572.69909930 -0.59029348 0.13649628 0.57439581 0.55044694
1778656444.162456 -162176.87851430 -89076.70854229 -7335563.63235912 -0.41186506 -0.00143499 0.49601380 0.76441836
1778656444.229172 -162304.76286901 -89068.52537174 -7336556.02577371 -0.54304352 0.17709340 0.56074226 0.59942454
1778656444.295889 -162274.14544922 -89015.66679035 -7337547.36382370 -0.46336054 -0.00576728 0.50522557 0.72801845
1778656444.362605 -162301.97435304 -88974.72272035 -7338543.05651982 -0.50545157 0.09781797 0.53669770 0.66851024
1778656444.429321 -162335.67503350 -88935.93961867 -7339538.78188308 -0.54574468 0.16590361 0.56038860 0.60050258
1778656444.496037 -162323.63607375 -88891.24481099 -7340528.15317252 -0.46058722 -0.00944905 0.50479625 0.73003484
1778656444.562753 -162374.14162100 -88856.35171140 -7341524.08982108 -0.53251450 0.17307724 0.55690632 0.61345573
1778656444.629470 -162360.07343989 -88810.83097377 -7342513.83556564 -0.45645916 -0.01063869 0.50443842 0.73285315
1778656444.696186 -162407.02220469 -88778.61769605 -7343507.91831700 -0.49423174 0.08076117 0.53246596 0.68241676
1778656444.762902 -162436.45447381 -88736.18307917 -7344506.17088203 -0.54244111 0.15310964 0.55902146 0.60812012
1778656444.829618 -162452.36475709 -88692.38012097 -7345500.26872324 -0.54162339 0.17272630 0.56178962 0.60100096
1778656444.896334 -162463.28915189 -88659.17882858 -7346487.22651311 -0.46797302 0.00047760 0.51113117 0.72093408
1778656444.963051 -162479.58583680 -88613.89077277 -7347482.87449913 -0.49223064 0.07894585 0.53302082 0.68364125
1778656445.029767 -162514.18732174 -88575.22986234 -7348478.38657682 -0.53182020 0.15780378 0.55658365 0.61844958
1778656445.096483 -162509.36139369 -88533.90228311 -7349467.18645032 -0.44971049 -0.01348279 0.50553761 0.73621357
1778656445.163199 -162568.36957113 -88499.40976267 -7350465.02642585 -0.53682178 0.17469397 0.56102977 0.60543372
1778656445.229916 -162555.71533012 -88457.05947718 -7351452.82976779 -0.44935692 -0.01358834 0.50631662 0.73589211
1778656445.296633 -162583.94081148 -88413.88817659 -7352450.33826789 -0.50091607 0.10277089 0.54052587 0.66809656
1778656445.363349 -162611.75437985 -88372.43284933 -7353446.68796254 -0.53361144 0.15712278 0.55818287 0.61563232
1778656445.430065 -162608.97244135 -88321.21857908 -7354440.49559881 -0.51580206 0.17188393 0.55353891 0.63087148
1778656445.496782 -162645.14644753 -88297.14131367 -7355428.60114902 -0.45698555 -0.01890333 0.50771069 0.73009364
1778656445.563498 -162652.05698027 -88246.17117125 -7356426.10034622 -0.49499640 0.10613240 0.54049773 0.67199455
1778656445.630215 -162691.17095438 -88210.10700503 -7357420.71630334 -0.52335779 0.16785532 0.55681389 0.62279973
1778656445.696932 -162691.75043905 -88171.42418996 -7358408.98520749 -0.43884845 -0.02110735 0.50532724 0.74270512
1778656445.763648 -162747.85713563 -88135.11861338 -7359407.78311658 -0.52643869 0.16960112 0.55881876 0.61791533
1778656445.830365 -162733.84850887 -88092.35711357 -7360395.26818655 -0.43486261 -0.02123005 0.50530253 0.74505916
1778656445.897081 -162769.32954795 -88050.71975000 -7361393.90268705 -0.50003273 0.11176817 0.54433370 0.66421079
1778656445.963798 -162790.08713767 -88005.68710399 -7362390.76353132 -0.52732144 0.16114068 0.55873529 0.61950032
1778656446.030514 -162808.34334717 -87963.63812267 -7363384.17608586 -0.51882943 0.16490397 0.55678974 0.62738177
1778656446.097231 -162811.36217464 -87925.60727923 -7364372.61572382 -0.43302420 -0.02695060 0.50521097 0.74600642
1778656446.163947 -162860.37804813 -87891.01219760 -7365370.35817990 -0.50218179 0.11192171 0.54608706 0.66111717
1778656446.230664 -162869.93421516 -87841.43645349 -7366366.45390595 -0.51700537 0.16702954 0.55677207 0.62834023
1778656446.297381 -162876.23068987 -87792.98975249 -7367360.35261004 -0.50910417 0.17146008 0.55480202 0.63530237
1778656446.364097 -162915.42953513 -87770.66215971 -7368347.98653333 -0.44412976 -0.01283471 0.51202393 0.73512960
1778656446.430814 -162921.47956789 -87718.73613416 -7369346.22142685 -0.48353581 0.10761514 0.54193113 0.67891292
1778656446.497531 -162969.51495731 -87686.10933608 -7370341.73707089 -0.52494641 0.16407814 0.56064442 0.61902138
1778656446.564248 -162966.03058802 -87633.73525309 -7371336.54355043 -0.50605707 0.16664321 0.55475590 0.63904787
1778656446.630964 -162992.85568435 -87604.09796599 -7372325.05746976 -0.43427428 -0.01681245 0.51153378 0.74125325
1778656446.697681 -163025.16132520 -87563.23802699 -7373323.58662272 -0.49366272 0.09714686 0.54485943 0.67081130
1778656446.764398 -163030.83864445 -87512.17602669 -7374319.66341923 -0.50668805 0.16657879 0.55608096 0.63741093
1778656446.831115 -163059.15595313 -87485.19588092 -7375306.36562190 -0.42269767 -0.03559820 0.50636995 0.75076556
1778656446.897831 -163074.88040032 -87432.71011069 -7376306.47940654 -0.49582940 0.17662473 0.55456430 0.64452723
1778656446.964548 -163099.12122497 -87403.75556546 -7377293.87420863 -0.41759218 -0.03727243 0.50604259 0.75375622
1778656447.031265 -163118.36847870 -87355.67082201 -7378293.21780465 -0.47181855 0.08804840 0.54049976 0.69100994
1778656447.097982 -163139.62491808 -87309.40076069 -7379290.45982496 -0.50526573 0.16761882 0.55811291 0.63649073
1778656447.164698 -163156.75775038 -87265.28264368 -7380285.13066612 -0.50043279 0.16593443 0.55721379 0.64151818
1778656447.231415 -163179.33647986 -87236.35871074 -7381272.24452409 -0.41539405 -0.04271437 0.50667062 0.75426000
1778656447.298131 -163208.02700701 -87192.81837795 -7382271.20929097 -0.47315289 0.08423830 0.54233352 0.68913322
1778656447.364848 -163223.97705601 -87144.34067607 -7383267.99728677 -0.49812789 0.16722568 0.55772472 0.64253196
1778656447.431564 -163245.56008066 -87116.50528119 -7384253.61020835 -0.40642475 -0.04539512 0.50601529 0.75941210
1778656447.498281 -163278.35373216 -87068.00978768 -7385255.14038256 -0.49284429 0.17113340 0.55747023 0.64579006
1778656447.564997 -163287.69165397 -87036.05250025 -7386240.75393164 -0.39968706 -0.04620408 0.50566460 0.76316365
1778656447.631714 -163303.79903449 -86983.75191758 -7387241.65870157 -0.46801899 0.10818426 0.54598523 0.68640697
1778656447.698430 -163332.16918077 -86939.91073290 -7388239.22917022 -0.50267301 0.17494198 0.56139149 0.63368347
1778656447.765146 -163341.24754788 -86906.53437315 -7389225.39070675 -0.39792889 -0.05180071 0.50564369 0.76373669
1778656447.831863 -163356.70860721 -86852.51463235 -7390225.77165714 -0.47272997 0.16890339 0.55311236 0.66487950
1778656447.898579 -163392.23819482 -86829.05340161 -7391212.47324129 -0.39818289 -0.04977827 0.50686165 0.76293104
1778656447.965296 -163405.20351020 -86776.07581856 -7392213.23253835 -0.45478619 0.08929891 0.54288351 0.70033757
1778656448.032012 -163431.70775212 -86730.05339185 -7393211.70476672 -0.49332128 0.16535106 0.55995828 0.64477893
1778656448.098729 -163441.84482698 -86698.02878118 -7394197.17020966 -0.39282336 -0.05556611 0.50591964 0.76592919
1778656448.165445 -163469.15884458 -86646.36446408 -7395198.50734915 -0.47245745 0.16680670 0.55502417 0.66400878
1778656448.232161 -163486.70147844 -86617.89237353 -7396184.35607928 -0.38791557 -0.05526281 0.50593305 0.76843951
1778656448.298877 -163516.00504613 -86569.91374393 -7397185.73778246 -0.45635258 0.09415779 0.54566687 0.69650865
1778656448.365592 -163556.07370891 -86529.26780395 -7398184.69120862 -0.49510852 0.15586337 0.56180005 0.64416990
1778656448.432308 -163534.53269174 -86486.91205895 -7399168.54250827 -0.37504598 -0.06029283 0.50475766 0.77519351
1778656448.499024 -163574.38035297 -86438.00565343 -7400170.77271321 -0.46948541 0.16966383 0.55560871 0.66490345
1778656448.565739 -163584.27551010 -86406.98181766 -7401156.62035777 -0.37848666 -0.05901373 0.50606388 0.77276424
1778656448.632455 -163634.93034184 -86367.12836239 -7402158.22983812 -0.45345500 0.07999654 0.54511221 0.70059389
1778656448.699171 -163606.84496467 -86297.96051044 -7403157.49309249 -0.46886768 0.16280845 0.55585971 0.66684068
1778656448.765887 -163674.80515962 -86293.96855820 -7404139.58714222 -0.38407062 -0.05798345 0.50842122 0.76852816
1778656448.832602 -163640.22639324 -86216.37465110 -7405143.12985048 -0.44868363 0.16335865 0.55110178 0.68431263
1778656448.899318 -163723.79157544 -86214.36331657 -7406127.62506472 -0.38303088 -0.05639587 0.50926633 0.76860565
1778656448.966033 -163717.51502803 -86148.64530661 -7407131.43568739 -0.44582049 0.09753568 0.54699701 0.70180137
1778656449.032749 -163754.81006232 -86107.05733316 -7408129.43802346 -0.47673804 0.15460270 0.55934133 0.66026973
1778656449.099465 -163759.22044574 -86076.27829627 -7409113.01351212 -0.36504847 -0.06712193 0.50609307 0.77852686
1778656449.166180 -163772.61548712 -86015.69406923 -7410115.99465510 -0.45061664 0.16646318 0.55336242 0.68045917
1778656449.232896 -163812.45096997 -85997.95047839 -7411100.92640653 -0.36738871 -0.06429581 0.50766007 0.77664203
1778656449.299612 -163825.99473020 -85939.56709587 -7412104.57656757 -0.44264200 0.10474291 0.54872614 0.70142469
1778656449.366328 -163866.69285670 -85899.06402959 -7413103.04511715 -0.47542026 0.14652576 0.56007307 0.66243787
1778656449.433043 -163852.66358546 -85841.07223349 -7414098.69406734 -0.45629737 0.14687599 0.55546581 0.67946882
1778656449.499759 -163902.87738364 -85830.44652387 -7415081.19711395 -0.35752758 -0.06777650 0.50908297 0.78000955
1778656449.566475 -163900.73479466 -85767.27317615 -7416083.43529729 -0.42863179 0.10569301 0.54749670 0.71088054
1778656449.633190 -163943.91664002 -85747.46167769 -7417069.75736588 -0.34946132 -0.06844016 0.50859629 0.78391489
1778656449.699906 -163941.74549948 -85679.99705581 -7418074.05572605 -0.44362736 0.15916425 0.55346652 0.68668502
1778656449.766622 -163989.07225547 -85664.61596862 -7419058.83934999 -0.35224246 -0.06955131 0.50910237 0.78224206
1778656449.833338 -163978.15692031 -85592.72310065 -7420063.21286643 -0.43563547 0.16562637 0.55248288 0.69105160
1778656449.900053 -164033.36697869 -85582.68683864 -7421047.27584065 -0.34784477 -0.07035852 0.50887400 0.78428372
1778656449.966769 -164026.14172135 -85515.44328786 -7422051.29080206 -0.42463859 0.10423846 0.54776721 0.71327940
1778656450.033485 -164066.39725044 -85475.11682196 -7423048.59979679 -0.45280519 0.14932856 0.55668071 0.68027570
1778656450.100200 -164082.56470499 -85446.21863862 -7424034.52830869 -0.34823076 -0.07751061 0.50850243 0.78367897
1778656450.166916 -164057.84296052 -85372.58941450 -7425037.06772476 -0.42206248 0.17514718 0.55036576 0.69877339
1778656450.233632 -164156.09632288 -85375.97579820 -7426022.51819811 -0.36034227 -0.06370865 0.51369324 0.77602443
1778656450.300348 -164069.46343991 -85282.43080317 -7427025.07103306 -0.39642987 0.07795612 0.54214276 0.73678180
1778656450.367064 -164199.81067146 -85274.79596775 -7428021.66276886 -0.45199886 0.17554968 0.55897438 0.67262692
1778656450.433780 -164156.14694606 -85222.74324953 -7429008.63479522 -0.32535714 -0.08949569 0.50488898 0.79449378
1778656450.500496 -164192.02765848 -85163.05491715 -7430014.23008430 -0.43824386 0.17994868 0.55634725 0.68267015
1778656450.567211 -164227.69196379 -85152.20013556 -7430995.69076834 -0.33031479 -0.07779372 0.50880060 0.79117774
1778656450.633928 -164230.72040682 -85087.95509367 -7431999.45462735 -0.40279147 0.08127106 0.54491266 0.73090645
1778656450.700643 -164256.96196946 -85036.86979753 -7432999.50721248 -0.44249058 0.16477505 0.55740043 0.68290265
1778656450.767359 -164288.30477205 -85020.90892046 -7433981.95587248 -0.33035994 -0.08103549 0.50908729 0.79064890
1778656450.834075 -164265.01118092 -84942.54353531 -7434987.20791433 -0.41643833 0.16892327 0.55168703 0.70262755
1778656450.900791 -164347.92964031 -84942.55522636 -7435971.32062240 -0.33878209 -0.07358717 0.51211644 0.78584246
1778656450.967507 -164319.71009993 -84866.25110357 -7436975.33465845 -0.40015697 0.09060414 0.54661007 0.72998816
1778656451.034223 -164363.68232151 -84822.45052853 -7437974.51235025 -0.43954242 0.16511197 0.55799035 0.68424211
1778656451.100939 -164364.28365104 -84769.09105929 -7438970.73769214 -0.43146125 0.16915401 0.55645762 0.68962528
1778656451.167655 -164415.19834982 -84761.74033360 -7439953.18025618 -0.31861536 -0.08648132 0.51065802 0.79387255
1778656451.234371 -164407.32044368 -84696.34488681 -7440954.77000468 -0.38078508 0.06921066 0.54358411 0.74480127
1778656451.301087 -164430.18151326 -84644.80441685 -7441953.75259685 -0.42195978 0.17126339 0.55458800 0.69645599
1778656451.367803 -164475.25733946 -84631.05459878 -7442938.50461021 -0.31453938 -0.08994455 0.51057170 0.79516759
1778656451.434519 -164455.23002174 -84552.66035865 -7443943.99961217 -0.41007020 0.17144488 0.55258826 0.70504986
1778656451.501235 -164519.32345609 -84547.74237148 -7444927.53650551 -0.30913283 -0.09059662 0.51030855 0.79737967
1778656451.567951 -164476.76743830 -84470.32624136 -7445929.00254344 -0.36554842 0.07970017 0.54289390 0.75185667
1778656451.634667 -164547.74566160 -84436.60251196 -7446927.38584064 -0.41652153 0.15946363 0.55447921 0.70259090
1778656451.701384 -164563.49543212 -84408.57432634 -7447914.29257551 -0.30584410 -0.09630794 0.50982825 0.79828524
1778656451.768100 -164537.27305995 -84330.05868732 -7448919.00750020 -0.39764049 0.17230043 0.55078255 0.71332544
1778656451.834816 -164628.36811532 -84331.50094086 -7449903.82832745 -0.31860925 -0.08182684 0.51466530 0.79177784
1778656451.901532 -164574.05225775 -84250.51539554 -7450905.50547582 -0.35775186 0.05191908 0.54125459 0.75918475
1778656451.968248 -164637.07565615 -84211.55382991 -7451904.17029851 -0.40664230 0.17380915 0.55364693 0.70562561
1778656452.034964 -164669.36668855 -84192.39589489 -7452889.99533221 -0.30506738 -0.09637172 0.51073489 0.79799515
1778656452.101680 -164618.66025585 -84105.89873246 -7453894.53946976 -0.38186812 0.15596516 0.54947634 0.72658610
1778656452.168396 -164742.62881999 -84119.68928914 -7454879.11318961 -0.31538454 -0.07838495 0.51615135 0.79244948
1778656452.235112 -164680.20219283 -84032.90149578 -7455881.65459587 -0.35228268 0.04556300 0.54073810 0.76251114
1778656452.301827 -164725.74573029 -83984.45256067 -7456882.53196747 -0.40493466 0.15099945 0.55442646 0.71122316
1778656452.368543 -164729.85197275 -83933.04914323 -7457878.29513547 -0.39485821 0.15633013 0.55269625 0.71705978
1778656452.435259 -164782.03935282 -83919.82186119 -7458864.47610455 -0.31711765 -0.03997552 0.52596306 0.78816319
1778656452.501974 -164784.20499243 -83860.44265089 -7459864.46962556 -0.35745596 0.06229203 0.54395539 0.75660919
1778656452.568690 -164825.32120697 -83840.88404116 -7460851.21467286 -0.27628939 -0.10100082 0.50990721 0.80836727
1778656452.635406 -164794.46065251 -83758.08702598 -7461857.01389769 -0.37781223 0.15195314 0.54956044 0.72948714
1778656452.702121 -164879.02858261 -83757.16640939 -7462841.98795003 -0.28952957 -0.09129685 0.51305798 0.80287547
1778656452.768837 -164821.65050836 -83662.28567785 -7463849.60792448 -0.38730967 0.18090269 0.55054392 0.71705427
1778656452.835552 -164925.00677278 -83672.07387888 -7464832.18086012 -0.29043193 -0.09048345 0.51301358 0.80266999
1778656452.902268 -164900.57358742 -83600.57772523 -7465833.63647705 -0.33592257 0.03337356 0.53850809 0.77204356
1778656452.968983 -164915.48503149 -83544.56004253 -7466832.80242736 -0.37342482 0.14343484 0.54928927 0.73366317
1778656453.035699 -164923.92651935 -83490.14350070 -7467830.58183580 -0.38697609 0.18956756 0.55034347 0.71514733
1778656453.102414 -164997.24205498 -83481.89659975 -7468818.30561280 -0.32230612 -0.03381455 0.52815418 0.78487483
1778656453.169130 -164962.09139116 -83409.77382086 -7469818.44111350 -0.34893913 0.07361228 0.54423868 0.75935958
1778656453.235846 -164992.72335835 -83360.27560312 -7470817.49002765 -0.38318691 0.13616151 0.55171672 0.72817340
1778656453.302562 -165042.07237441 -83352.49377973 -7471800.40913718 -0.26157963 -0.09976313 0.51026423 0.81317515
1778656453.369278 -165004.49422518 -83261.74057018 -7472808.48026246 -0.38253388 0.18503913 0.54986201 0.71908283
1778656453.435994 -165091.51398702 -83266.70129907 -7473790.99881854 -0.27241104 -0.09235429 0.51254097 0.80905171
1778656453.502710 -165064.10774077 -83189.28190057 -7474795.09293422 -0.35287828 0.09176609 0.54498589 0.75501409
1778656453.569426 -165134.71320197 -83180.85132970 -7475781.25359892 -0.26483316 -0.09276876 0.51183059 0.81196478
1778656453.636142 -165079.47753832 -83093.17390839 -7476785.69863748 -0.35209119 0.13160177 0.54428824 0.74997539
1778656453.702858 -165202.36875764 -83102.76852681 -7477771.91435787 -0.28154657 -0.07151656 0.51752645 0.80484985
1778656453.769574 -165071.05081564 -82990.82678239 -7478777.65146787 -0.34824945 0.15169572 0.54285104 0.74901501
1778656453.836290 -165292.27769970 -83039.56182029 -7479761.31043443 -0.29840570 -0.03815365 0.52505122 0.79612785
1778656453.903006 -165032.11421699 -82892.36755974 -7480767.19642137 -0.32518250 0.07038834 0.53907209 0.77375908
1778656453.969722 -165409.21029057 -83004.77281799 -7481747.60123315 -0.29201400 0.02765996 0.53292917 0.79369342
1778656454.036438 -165046.02585548 -82804.90905022 -7482761.11978176 -0.31539867 0.08793874 0.53829653 0.77654832
1778656454.103154 -165496.20558225 -82951.68003182 -7483736.50948982 -0.29654994 0.05276808 0.53512674 0.78924840
1778656454.169871 -164942.87178327 -82719.32565666 -7484752.04460143 -0.28941905 0.10289401 0.53533145 0.78680981
1778656454.236587 -165632.08805497 -82965.18920919 -7485717.52455377 -0.29238135 0.13606341 0.53432834 0.78134059
1778656454.303304 -165167.46203602 -82650.36989981 -7486739.48295639 -0.27955320 0.10064792 0.53376681 0.79171522
1778656454.370020 -165492.39580654 -82718.97652515 -7487718.98450068 -0.25921593 -0.05267101 0.51990451 0.81223898
1778656454.436737 -165317.94339997 -82575.49002542 -7488729.74690583 -0.33752290 0.13368544 0.54171240 0.75812544
1778656454.503453 -165506.82593482 -82614.19881847 -7489711.58865768 -0.25560025 -0.08423918 0.51395821 0.81450551
1778656454.570170 -165378.81786096 -82486.93402020 -7490722.16198555 -0.34588991 0.18038630 0.54092987 0.74512806
1778656454.636886 -165546.97862550 -82524.42193291 -7491702.65098533 -0.25616697 -0.08775586 0.51343461 0.81428637
1778656454.703603 -165462.32588990 -82418.51085207 -7492709.38196392 -0.32537422 0.10892459 0.54102862 0.76782491
1778656454.770319 -165497.38661955 -82368.98695431 -7493708.51381246 -0.34639873 0.15058153 0.54349328 0.74963203
1778656454.837036 -165495.25501438 -82311.38762392 -7494706.92961034 -0.35247304 0.17807440 0.54344782 0.74075416
1778656454.903752 -165568.71126731 -82302.65355730 -7495694.27189176 -0.29473846 0.00225046 0.53266905 0.79333969
1778656454.970469 -165550.73457880 -82233.89615735 -7496695.05505077 -0.32813786 0.11342931 0.54320447 0.76445290
1778656455.037185 -165567.23497176 -82180.65043500 -7497694.08577157 -0.35254246 0.15135888 0.54638114 0.74449442
1778656455.103902 -165635.51008827 -82182.01217780 -7498676.06604436 -0.22528870 -0.11265087 0.50891665 0.82313949
1778656455.170618 -165580.10267993 -82084.57760267 -7499684.27877352 -0.34448894 0.18378582 0.54306296 0.74339274
1778656455.237335 -165687.92263445 -82096.45906907 -7500667.10391962 -0.23770864 -0.10077330 0.51226801 0.81909757
1778656455.304052 -165638.37930615 -82009.19143252 -7501671.69933805 -0.31866459 0.10683418 0.54213575 0.77014814
1778656455.370769 -165735.88191081 -82011.17669770 -7502657.88881325 -0.23219430 -0.09735106 0.51255371 0.82091246
1778656455.437485 -165673.66316204 -81918.02334577 -7503663.14169384 -0.32102942 0.12322470 0.54213691 0.76670943
1778656455.504202 -165791.51309699 -81927.66531088 -7504648.99966245 -0.23923084 -0.08505440 0.51537718 0.81848685
1778656455.570919 -165665.44273563 -81816.00342826 -7505654.35791464 -0.31129150 0.15189855 0.53965018 0.76733443
1778656455.637635 -165881.59961586 -81863.01631030 -7506638.94123652 -0.25600683 -0.03808108 0.52461598 0.81104156
1778656455.704352 -165624.81301220 -81716.00547496 -7507644.39858022 -0.29096350 0.08134121 0.53797317 0.78696170
1778656455.771069 -165912.77225013 -81761.39400174 -7508633.14933825 -0.30447145 0.23026827 0.52997995 0.75722844
1778656455.837786 -165724.43485884 -81626.65866514 -7509640.15901672 -0.28984738 0.14458541 0.53648679 0.77927240
1778656455.904502 -165861.72482692 -81624.71175433 -7510630.08359120 -0.28967844 0.04200433 0.53658472 0.79145365
1778656455.971219 -165829.60357062 -81551.42842429 -7511630.90195627 -0.31289367 0.14215148 0.54019619 0.76816572
1778656456.037936 -165925.72303353 -81561.19585937 -7512613.84252950 -0.20815161 -0.11346269 0.50857022 0.82774118
1778656456.104653 -165875.04619055 -81464.00418829 -7513622.17139215 -0.32364349 0.14316473 0.54148453 0.76259639
1778656456.171369 -165971.57431365 -81473.75037832 -7514604.95919177 -0.20937705 -0.11096836 0.50900115 0.82750535
1778656456.238085 -165888.93629714 -81368.44129533 -7515612.58022585 -0.31671036 0.17325166 0.53800507 0.76172762
1778656456.304801 -166030.52560555 -81390.87373799 -7516596.20731290 -0.22148694 -0.09273612 0.51322225 0.82398208
1778656456.371517 -165945.64902515 -81290.09639560 -7517601.10717830 -0.29659486 0.10741109 0.53813464 0.78160441
1778656456.438233 -166084.11576053 -81307.36078773 -7518587.14927013 -0.21744235 -0.08322331 0.51461033 0.82520840
1778656456.504949 -165947.58175137 -81190.85533609 -7519592.96223843 -0.29837492 0.14970567 0.53636918 0.77515723
1778656456.571665 -166173.15521969 -81241.72807395 -7520577.43828595 -0.23592110 -0.03235366 0.52369076 0.81795016
1778656456.638381 -165914.96379925 -81089.08152384 -7521585.14597019 -0.28899630 0.13015741 0.53596409 0.78248494
1778656456.705097 -166289.55802398 -81203.78954423 -7522565.26161184 -0.24337611 0.04492192 0.53087388 0.81050788
1778656456.771813 -165847.84968718 -80998.68005868 -7523576.38596918 -0.26038598 0.07063644 0.53299125 0.80195384
1778656456.838529 -166262.16905517 -81072.88477908 -7524557.20596952 -0.24568274 0.32164833 0.49267871 0.77035708
1778656456.905245 -166068.49795912 -80916.46289468 -7525569.90918517 -0.27361528 0.17504771 0.52917540 0.78387906
1778656456.971961 -166202.66240947 -80930.55007634 -7526554.41435514 -0.21655867 -0.04980450 0.51973739 0.82492115
1778656457.038677 -166145.67560500 -80836.31011588 -7527560.80983194 -0.30014622 0.15887049 0.53457870 0.77388502
1778656457.105393 -166254.80533337 -80851.14885272 -7528543.32367585 -0.18613030 -0.11286025 0.50694465 0.83404148
1778656457.172110 -166174.20005083 -80745.15928923 -7529550.99473692 -0.29481273 0.17194599 0.53239671 0.77464429
1778656457.238828 -166304.04720672 -80764.65990498 -7530534.32568990 -0.18965785 -0.10446226 0.50825637 0.83354244
1778656457.305545 -166206.41020747 -80655.16268564 -7531541.56105101 -0.28900203 0.17607190 0.53076417 0.77702375
1778656457.372262 -166360.61270636 -80680.91644822 -7532525.65177045 -0.19654957 -0.08739009 0.51132192 0.83203433
1778656457.438979 -166260.72601849 -80573.33609513 -7533531.44708518 -0.28025534 0.13122459 0.53257060 0.78778526
1778656457.505697 -166417.77658927 -80598.02549301 -7534517.03993653 -0.19677961 -0.07209706 0.51368472 0.83199027
1778656457.572414 -166295.36584168 -80483.49812252 -7535522.40822660 -0.27096796 0.13125174 0.53108531 0.79202130
1778656457.639132 -166481.64399531 -80518.82018767 -7536507.93681190 -0.20103718 -0.04600485 0.51730697 0.83057878
1778656457.705849 -166271.81955723 -80379.72561885 -7537514.67034375 -0.26962311 0.14729160 0.52957989 0.79066662
1778656457.772566 -166584.13429943 -80465.81659770 -7538497.03652443 -0.21333541 0.02867632 0.52492376 0.82348086
1778656457.839284 -166244.95596883 -80284.90733312 -7539506.05401353 -0.24688660 0.08598119 0.52873663 0.80752203
1778656457.906001 -166595.59123528 -80356.53337287 -7540490.61171596 -0.23368626 0.32729033 0.48606801 0.77589282
1778656457.972719 -166387.52920653 -80197.11492218 -7541501.06360329 -0.25001824 0.19135776 0.51962845 0.79426656
1778656458.039436 -166544.89170718 -80217.05170592 -7542486.31712580 -0.21151115 -0.00070862 0.52093084 0.82697860
1778656458.106153 -166478.92100008 -80124.07642351 -7543490.16485877 -0.26282180 0.13497026 0.52697825 0.79686991
1778656458.172871 -166585.66146734 -80135.32660790 -7544474.46179600 -0.15885318 -0.11141249 0.50261633 0.84245460
1778656458.239589 -166503.06059727 -80027.81797899 -7545482.01458960 -0.26908739 0.17359203 0.52423740 0.78907093
1778656458.306306 -166634.76160019 -80047.91783687 -7546465.77691317 -0.16460332 -0.10098939 0.50438849 0.84160510
1778656458.373024 -166530.45987060 -79933.29641446 -7547474.03555366 -0.27246382 0.20090355 0.52105580 0.78351904
1778656458.439741 -166690.86575996 -79963.00657625 -7548457.44628634 -0.17463520 -0.08048800 0.50770818 0.83979559
1778656458.506459 -166579.52905480 -79851.90772990 -7549462.93777129 -0.25613078 0.15128023 0.52382573 0.79819667
1778656458.573176 -166749.90902864 -79881.22004428 -7550448.57679510 -0.17333812 -0.05861999 0.51045812 0.84020837
1778656458.639894 -166607.44033229 -79762.71208731 -7551453.26657690 -0.24425892 0.12979925 0.52316596 0.80609373
1778656458.706612 -166821.05127069 -79806.54712285 -7552439.10140632 -0.17561076 -0.01252480 0.51495098 0.83894545
1778656458.773329 -166565.08391199 -79662.77379347 -7553441.52569960 -0.21162970 0.09494274 0.52046986 0.82177240
1778656458.840047 -166913.18650031 -79753.55311913 -7554425.55315940 -0.16419794 0.09847900 0.51523078 0.83539103
1778656458.906765 -166570.39051244 -79568.26384033 -7555436.43049716 -0.20806294 0.09926992 0.51904520 0.82307191
1778656458.973482 -166899.82105304 -79625.83918333 -7556421.26592859 -0.19405475 0.35185962 0.46289420 0.79010538
1778656459.040200 -166688.66760342 -79469.52105761 -7557433.42614841 -0.22379019 0.22159173 0.50552332 0.80328153
1778656459.106917 -166838.52273760 -79482.75767316 -7558418.42372045 -0.17925664 -0.00658631 0.51347762 0.83914505
1778656459.173635 -166778.26740256 -79393.94595930 -7559422.16778745 -0.23647751 0.16456661 0.51595529 0.80671331
1778656459.240352 -166902.64333357 -79409.67006825 -7560406.44618232 -0.13732572 -0.10328177 0.49890763 0.84945024
1778656459.307069 -166816.26117408 -79302.62581296 -7561413.53597342 -0.24302644 0.17239272 0.51578946 0.80323106
1778656459.373787 -166950.01853795 -79321.42712627 -7562397.88758176 -0.13961887 -0.09444414 0.50008819 0.84941078
1778656459.440504 -166835.21383790 -79204.76798140 -7563406.00440837 -0.24761572 0.21505715 0.51022249 0.79505339
1778656459.507221 -167006.85452560 -79236.49227425 -7564389.54428368 -0.15030580 -0.06636073 0.50419763 0.84781435
1778656459.573938 -166860.40165113 -79124.10049898 -7565391.78598182 -0.20562138 0.12859055 0.51470889 0.82234973
1778656459.640656 -167069.35188218 -79159.29670455 -7566379.24957549 -0.13780576 -0.02568412 0.50771840 0.85004231
1778656459.707373 -167066.99968043 -79101.70345970 -7567375.40885098 -0.14474298 -0.01152522 0.50819780 0.84891203
1778656459.774091 -167075.53059734 -79056.38083305 -7568370.16068230 -0.10846513 -0.12534648 0.49201475 0.85466079
1778656459.840808 -167101.37659193 -78993.16216020 -7569376.28751933 -0.22478612 -0.12552896 0.49116872 0.83214600
1778656459.907526 -167128.40076758 -78965.90501007 -7570367.15001844 -0.12347932 -0.11636988 0.49329803 0.85315178
1778656459.974243 -167017.25905670 -78855.71373344 -7571367.58198672 -0.20543736 0.15161501 0.51028820 0.82122733
1778656460.040961 -167111.96444920 -78830.03424832 -7572362.82395096 -0.20458046 0.24062820 0.49486475 0.80953924
1778656460.107678 -167025.53608657 -78737.58542782 -7573366.89900842 -0.22492467 0.22956007 0.50065782 0.80377410
1778656460.174395 -167154.02912000 -78748.02027450 -7574351.21936044 -0.15948981 -0.00183005 0.50846620 0.84618070
1778656460.241111 -167100.04821825 -78662.84488498 -7575354.36719466 -0.20813290 0.15438992 0.50952736 0.82050370
1778656460.307828 -167226.75303746 -78679.38687764 -7576339.95923502 -0.11521066 -0.10764702 0.49357417 0.85529127
1778656460.374544 -167131.60377154 -78567.45907915 -7577346.99674417 -0.22631026 0.18289171 0.50835246 0.81050112
1778656460.441261 -167275.38675323 -78591.24512899 -7578331.63321329 -0.11924143 -0.09651729 0.49489477 0.85530407
1778656460.507977 -167150.17518446 -78471.01288901 -7579338.82508080 -0.22542148 0.21963011 0.50199709 0.80557228
1778656460.574694 -167332.76490381 -78507.08255613 -7580322.58933053 -0.12772897 -0.06431950 0.49916715 0.85462300
1778656460.641410 -167224.27565923 -78397.87412229 -7581326.46020760 -0.19431390 0.12039479 0.50934838 0.82964536
1778656460.708127 -167284.17439016 -78360.59546512 -7582322.26135642 -0.18752326 0.25113252 0.48784544 0.81472346
1778656460.774843 -167387.74829354 -78365.05520042 -7583312.30850525 -0.12876024 -0.07386407 0.49679893 0.85507644
1778656460.841560 -167214.71101367 -78239.28727109 -7584316.60478671 -0.21239631 0.19734834 0.50217083 0.81471829
1778656460.908276 -167485.50610549 -78307.37215413 -7585301.62793938 -0.14221796 0.05222601 0.50573046 0.84928393
1778656460.974993 -167248.09617591 -78150.95918499 -7586307.35144355 -0.18590874 0.08534375 0.50845621 0.83643689
1778656461.041709 -167430.98183958 -78155.85230919 -7587298.83700436 -0.16503616 0.28695186 0.47286909 0.81658834
1778656461.108426 -167325.00928226 -78050.87955158 -7588304.07900736 -0.19690025 0.22497445 0.49319464 0.81693074
1778656461.175142 -167464.29260543 -78064.60889980 -7589290.75418415 -0.14412613 -0.00119602 0.50326171 0.85202927
1778656461.241858 -167398.69837416 -77973.20178399 -7590293.27443532 -0.19657521 0.15997620 0.50314246 0.82620425
1778656461.308573 -167535.02050025 -77992.97357045 -7591280.00760369 -0.10749045 -0.08856349 0.49224819 0.85924038
1778656461.375289 -167420.72623073 -77877.40508563 -7592285.15829290 -0.20600419 0.19083672 0.49997292 0.81925008
1778656461.442005 -167592.94013751 -77909.59651499 -7593271.50570410 -0.11423450 -0.05625905 0.49626499 0.85878196
1778656461.508721 -167428.91435982 -77777.10008916 -7594277.60148847 -0.20442501 0.20835746 0.49678811 0.81731216
1778656461.575437 -167639.89408673 -77822.90582523 -7595262.43031602 -0.10778516 -0.06491025 0.49445988 0.86004561
1778656461.642153 -167507.83282184 -77702.55211712 -7596266.30937847 -0.18575308 0.12321772 0.50417388 0.83433919
1778656461.708869 -167690.80049876 -77736.42696316 -7597253.91798465 -0.09922074 -0.05098380 0.49522854 0.86157100
1778656461.775585 -167502.80614668 -77603.33937853 -7598258.19529893 -0.18405235 0.16952425 0.49866570 0.82989083
1778656461.842301 -167766.85158061 -77665.77110867 -7599244.00028607 -0.10897440 0.05402139 0.49940355 0.85778923
1778656461.909017 -167505.99783770 -77505.42103448 -7600251.12603456 -0.17314869 0.15681469 0.49789689 0.83518104
1778656461.975732 -167827.09011467 -77587.60584466 -7601234.25225524 -0.10458869 0.09821383 0.49621978 0.85625999
1778656462.042448 -167580.47643507 -77424.87794373 -7602240.16227273 -0.14813732 0.06689680 0.50071642 0.85021363
1778656462.109164 -167713.07058535 -77407.94029893 -7603233.38863193 -0.11930860 0.33185826 0.44427940 0.82356018
1778656462.175882 -167861.18238005 -77432.52524705 -7604224.77188267 -0.10069151 -0.08145719 0.48846131 0.86292033
1778656462.242599 -167681.17618175 -77280.21344270 -7605233.05918970 -0.19739363 0.21535474 0.49031414 0.82112736
1778656462.309316 -167908.97637834 -77345.19967589 -7606216.15040919 -0.09444906 -0.10170949 0.48478912 0.86354737
1778656462.376034 -167787.53515452 -77216.92408632 -7607221.11251212 -0.17535482 0.11823152 0.49938142 0.84017271
1778656462.442751 -167794.84897534 -77156.35393923 -7608221.15783602 -0.18702487 0.22739685 0.48578804 0.82299596
1778656462.509469 -167965.21647715 -77203.52591329 -7609205.03868217 -0.08930171 -0.12165452 0.48039660 0.86397019
1778656462.576186 -168072.83461264 -77241.90017357 -7610191.44149696 0.08709160 -0.43716578 0.37787016 0.81148954
1778656462.642904 -167982.79259785 -77115.11395498 -7611191.48286093 -0.03258946 -0.21975412 0.45789823 0.86079920
1778656462.709621 -168089.04069580 -77133.86331313 -7612182.53924707 0.07324126 -0.36133421 0.41575913 0.83139500
1778656462.776339 -168136.12578131 -77113.60784979 -7613176.63442958 0.11514274 -0.44542121 0.37808002 0.80336642
1778656462.843056 -168062.00193106 -76995.79557740 -7614176.36293182 -0.01856052 -0.24843041 0.44828498 0.85847447
1778656462.909774 -168189.72820048 -77031.75933741 -7615167.86250017 0.11797761 -0.43226821 0.38655122 0.80610399
1778656462.976491 -168104.89384409 -76909.65442796 -7616166.95894765 -0.01122539 -0.27863196 0.43751269 0.85488062
1778656463.043209 -168215.86316375 -76924.09438964 -7617160.55844393 0.07322505 -0.34106475 0.42290542 0.83633960
1778656463.109926 -168159.60175210 -76821.29454684 -7618159.63189983 -0.01860163 -0.22446568 0.45428183 0.86191482
1778656463.176643 -168293.57434565 -76866.07825994 -7619150.57497828 0.12050762 -0.41660881 0.39425054 0.81023547
1778656463.243359 -168202.54068428 -76738.52408693 -7620149.35401700 -0.00325661 -0.27942136 0.43650778 0.85520410
1778656463.310075 -168337.97070582 -76777.62653031 -7621142.14944295 0.12134581 -0.41727502 0.39379482 0.80998913
1778656463.376791 -168245.12696125 -76652.00298795 -7622140.34530768 0.00283427 -0.30833576 0.42507052 0.85102061
1778656463.443508 -168350.78691697 -76657.54815772 -7623135.36946834 0.05917213 -0.30279398 0.43397794 0.84645001
1778656463.510224 -168429.47331190 -76664.07070623 -7624129.94242621 0.13287718 -0.45209213 0.37456082 0.79853651
1778656463.576940 -168341.65557244 -76537.66696345 -7625127.00485539 0.01202158 -0.29949280 0.42802729 0.85261491
1778656463.643656 -168480.10024168 -76581.97965522 -7626120.55091241 0.13846818 -0.42987118 0.38856918 0.80315087
1778656463.710372 -168388.82201934 -76453.24711234 -7627118.01978671 0.01900692 -0.31341654 0.42270673 0.85013401
1778656463.777089 -168495.60271994 -76462.72292507 -7628113.10718787 0.07863482 -0.32371644 0.42656514 0.84087241
1778656463.843805 -168569.06877538 -76467.55406963 -7629107.82218129 0.14628513 -0.43635861 0.38511993 0.79992154
1778656463.910521 -168484.39126422 -76334.00717396 -7630105.37095393 0.01448539 -0.24012527 0.44671797 0.86172680
1778656463.977237 -168618.24244872 -76380.12295141 -7631099.54936299 0.13819105 -0.42770140 0.38764205 0.80480332
1778656464.043953 -168534.63013188 -76250.06828771 -7632096.67157779 0.01909629 -0.25216889 0.44236531 0.86044123
1778656464.110670 -168632.44722702 -76261.01987534 -7633091.60466817 0.09102692 -0.33956302 0.41970717 0.83681357
1778656464.177387 -168583.76086079 -76162.22626394 -7634088.68511091 0.01470117 -0.24559867 0.44316616 0.86201446
1778656464.244104 -168721.96948225 -76213.62951569 -7635082.96882228 0.14551135 -0.42567242 0.38904053 0.80391349
1778656464.310821 -168635.32918587 -76085.16409006 -7636079.38260631 0.03680201 -0.30647929 0.42356358 0.85165131
1778656464.377539 -168775.71812676 -76131.62251110 -7637075.17635500 0.14938789 -0.43270330 0.38539145 0.80120194
1778656464.444256 -168683.40350480 -76002.68103338 -7638071.12922373 0.04647516 -0.35229615 0.40476615 0.84255080
1778656464.510973 -168795.74809473 -76019.53789543 -7639066.00332233 0.11278068 -0.34365712 0.41910723 0.83278415
1778656464.577690 -168871.57660119 -76028.19336254 -7640062.09031800 0.17631064 -0.45188255 0.37973841 0.78772803
1778656464.644408 -168783.33059706 -75894.65403650 -7641057.67945978 0.06140949 -0.33796524 0.41164404 0.84413124
1778656464.711125 -168917.08363419 -75937.61767864 -7642053.89326128 0.16636823 -0.43479858 0.38631347 0.79626234
1778656464.777842 -168835.67050570 -75812.06660688 -7643049.71093458 0.06412936 -0.34856028 0.40655369 0.84208506
1778656464.844560 -168940.67754648 -75825.29743196 -7644044.83158779 0.12189261 -0.34411490 0.41782832 0.83195350
1778656464.911277 -168882.41976740 -75715.60212277 -7645041.06504001 0.03614349 -0.24090130 0.44104574 0.86379330
1778656464.977994 -169023.07516648 -75770.75995272 -7646037.79130589 0.15751048 -0.43524292 0.38239218 0.79970636
1778656465.044711 -168938.10887598 -75638.52924644 -7647032.50361500 0.05282329 -0.27214104 0.43234009 0.85803904
1778656465.111429 -169082.66129760 -75694.39180160 -7648029.91803101 0.16656624 -0.43944022 0.38152540 0.79598137
1778656465.178145 -168994.56395477 -75560.68086645 -7649024.45194456 0.06418465 -0.30118477 0.42289341 0.85224951
1778656465.244862 -169096.90347434 -75575.44221508 -7650020.81803522 0.12750132 -0.36238177 0.40887766 0.82779341
1778656465.311579 -169150.33524476 -75562.15283871 -7651019.20703452 0.17057980 -0.48935722 0.35209029 0.77940007
1778656465.378296 -169093.39118662 -75452.54597382 -7652012.71937951 0.07930664 -0.32904198 0.41274101 0.84562799
1778656465.445013 -169223.66585165 -75497.36872313 -7653010.06523544 0.17993842 -0.44169195 0.38170298 0.79172800
1778656465.511729 -169152.85771064 -75379.33538224 -7654005.36217868 0.09829721 -0.38790808 0.38939862 0.82959851
1778656465.578446 -169249.35875768 -75388.15252244 -7655000.13446751 0.14528537 -0.35479130 0.41282592 0.82619008
1778656465.645162 -169188.86267945 -75276.05357003 -7655995.06922272 0.06165384 -0.25748843 0.43295429 0.86165486
1778656465.711879 -169332.15168964 -75334.30737595 -7656993.93154158 0.17716034 -0.44202117 0.37923477 0.79335521
1778656465.778596 -169250.16752247 -75202.95406959 -7657987.25599004 0.08080037 -0.29285971 0.42331814 0.85352577
1778656465.845313 -169387.11252366 -75254.63540045 -7658985.85710061 0.18386907 -0.43605702 0.38328816 0.79318133
1778656465.912029 -169309.31430341 -75126.38461588 -7659979.54185235 0.09072059 -0.31345531 0.41659201 0.84850848
1778656465.978746 -169410.64171306 -75142.64572146 -7660977.21230327 0.15187717 -0.38599471 0.39857321 0.81797360
1778656466.045463 -169468.80127585 -75134.64926206 -7661976.36097741 0.19657147 -0.49583399 0.35202735 0.76914566
1778656466.112179 -169414.74695196 -75025.22020888 -7662969.15511813 0.11337688 -0.36137234 0.39976830 0.83471014
1778656466.178895 -169538.21542226 -75066.90627228 -7663967.39850652 0.20274606 -0.44950008 0.37929390 0.78293030
1778656466.245612 -169480.84112743 -74956.27809408 -7664962.50426735 0.13199242 -0.40652708 0.38216492 0.81930684
1778656466.312328 -169562.57207259 -74956.08789908 -7665956.99774698 0.16814996 -0.36747663 0.40691987 0.81920860
1778656466.379045 -169499.44085705 -74841.24649645 -7666950.79571618 0.08488125 -0.27215952 0.42498859 0.85913274
1778656466.445761 -169631.61499912 -74886.18940173 -7667951.31909008 0.17635282 -0.43124072 0.37981589 0.79916895
1778656466.512477 -169558.15799857 -74763.90896702 -7668943.34586412 0.09493250 -0.28986176 0.41986593 0.85479856
1778656466.579193 -169703.12173821 -74823.56579923 -7669943.94459985 0.20006357 -0.44474275 0.37845031 0.78673618
1778656466.645910 -169627.46337934 -74696.66289564 -7670936.36305870 0.11618401 -0.33088863 0.40823830 0.84282589
1778656466.712626 -169728.36142722 -74714.80429405 -7671934.58150164 0.17639458 -0.39075158 0.39652212 0.81176866
1778656466.779342 -169677.80046140 -74610.53372609 -7672928.85193753 0.10938979 -0.32171729 0.40923568 0.84679278
1778656466.846058 -169804.49012951 -74653.41961299 -7673928.98905681 0.19669825 -0.43905244 0.37880514 0.79060067
1778656466.912775 -169751.13425648 -74546.41144520 -7674923.31324693 0.13305715 -0.37313654 0.39268793 0.82997657
1778656466.979491 -169872.19757318 -74586.59057054 -7675923.06404344 0.21422044 -0.46325283 0.37037282 0.77609947
1778656467.046207 -169826.06408744 -74484.57431368 -7676918.16967571 0.15726717 -0.42176995 0.37507192 0.81036918
1778656467.112923 -169914.63720709 -74494.80906006 -7677913.52512071 0.20259198 -0.41204638 0.39046332 0.79794278
1778656467.179639 -169959.87942704 -74474.53272535 -7678912.42745903 0.22230982 -0.47375584 0.36569938 0.76967377
1778656467.246354 -169875.51803474 -74338.95741720 -7679901.57525963 0.12429458 -0.30648109 0.41216351 0.84896492
1778656467.313069 -170019.07967279 -74396.63454800 -7680903.14757051 0.22028562 -0.44193414 0.38018948 0.78206420
1778656467.379784 -169930.09477302 -74258.84291963 -7681893.67457634 0.12744478 -0.30860460 0.41089425 0.84834364
1778656467.446500 -170038.33683180 -74282.39076105 -7682893.09046719 0.19153306 -0.38946497 0.39458464 0.80989820
1778656467.513215 -169976.15519922 -74170.01318031 -7683885.41130024 0.11851630 -0.29476228 0.41262635 0.85370286
1778656467.579930 -170104.83723325 -74211.11293937 -7684887.89236626 0.20044204 -0.43626688 0.37597818 0.79254943
1778656467.646646 -170037.17692648 -74094.32212738 -7685878.66046145 0.12803237 -0.30999181 0.40851982 0.84889596
1778656467.713361 -170174.80912294 -74146.73324249 -7686880.99491762 0.21978705 -0.44444152 0.37672126 0.78246181
1778656467.780076 -170107.72403120 -74026.85462715 -7687872.62836823 0.14514486 -0.33825877 0.40119175 0.83878433
1778656467.846791 -170199.02304701 -74037.24609619 -7688871.70603450 0.19446012 -0.39880590 0.38891613 0.80739294
1778656467.913506 -170264.51855449 -74034.07706342 -7689873.33648564 0.23144438 -0.49056260 0.35591296 0.76099133
1778656467.980221 -170232.18134752 -73940.84346193 -7690865.36290989 0.17705941 -0.39112378 0.38633888 0.81634210
1778656468.046936 -170322.92032110 -73956.12910143 -7691864.89738706 0.22971639 -0.45633227 0.37209147 0.77494463
1778656468.113651 -170301.40191319 -73872.60832881 -7692859.67843231 0.18614212 -0.40929997 0.37986704 0.80840935
1778656468.180367 -170359.10868216 -73858.85843764 -7693855.25831694 0.21279841 -0.40554531 0.38809133 0.79977182
1778656468.247083 -170416.97680361 -73849.39878906 -7694854.20831325 0.24081053 -0.45273049 0.37560235 0.77198981
1778656468.313798 -170455.02662630 -73822.09827253 -7695850.95120179 0.25354659 -0.44659338 0.38159026 0.76854235
1778656468.380514 -170392.03836802 -73704.60129625 -7696841.95292708 0.16141018 -0.34040784 0.39553017 0.83763067
1778656468.447230 -170459.30894166 -73694.00862156 -7697840.52564305 0.19821784 -0.39029768 0.38682662 0.81162958
1778656468.513945 -170529.40213865 -73692.29067984 -7698840.97396576 0.24186521 -0.46550819 0.36865028 0.76739841
1778656468.580661 -170487.65564438 -73593.75598889 -7699832.51938655 0.16806058 -0.35418753 0.39017249 0.83310999
1778656468.647377 -170578.22748242 -73607.38071004 -7700832.60430838 0.23531154 -0.43272425 0.37932108 0.78325840
1778656468.714092 -170523.93272922 -73501.66492935 -7701823.57959323 0.15695501 -0.32625534 0.39550961 0.84409403
1778656468.780808 -170592.62537966 -73491.53060952 -7702823.23983999 0.19401684 -0.39393095 0.38152973 0.81339470
1778656468.847523 -170572.74134214 -73416.53985637 -7703816.22559752 0.15172850 -0.32094965 0.39484978 0.84738624
1778656468.914239 -170683.80973025 -73445.21829909 -7704818.95695826 0.23906635 -0.44521460 0.37429008 0.77752053
1778656468.980954 -170662.35700106 -73361.92669690 -7705812.84938543 0.18415094 -0.37708139 0.38312327 0.82286975
1778656469.047670 -170755.89777065 -73379.80037373 -7706813.65911394 0.24731585 -0.44690960 0.37473581 0.77374399
1778656469.114385 -170744.72156688 -73304.29943478 -7707808.90294227 0.20590928 -0.40867705 0.37615882 0.80566058
1778656469.181103 -170790.24726773 -73278.66559729 -7708807.23580386 0.21900587 -0.43680362 0.36868795 0.79076433
1778656469.247821 -170869.16597278 -73287.91295473 -7709809.17693517 0.26374146 -0.50031579 0.35529901 0.74423596
1778656469.314538 -170923.95141408 -73280.96557518 -7710806.60452604 0.29269123 -0.48553621 0.37254388 0.73470912
1778656469.381256 -170877.81359048 -73175.29472564 -7711797.06409159 0.24397002 -0.41861811 0.38101906 0.78744014
1778656469.447974 -170884.27235394 -73115.82721040 -7712792.63531035 0.21597465 -0.40646289 0.37595125 0.80424096
1778656469.514692 -170945.40235796 -73103.21149915 -7713792.38067319 0.24498380 -0.44726251 0.36917545 0.77694831
1778656469.581410 -170884.45883883 -72999.54221850 -7714781.87497668 0.17309314 -0.33772364 0.38523877 0.84117335
1778656469.648128 -170992.39628507 -73019.66256118 -7715784.64101493 0.24774644 -0.43388427 0.37432988 0.78118070
1778656469.714845 -170939.43889495 -72920.02664733 -7716775.49151541 0.17747145 -0.34300061 0.38341852 0.83895453
1778656469.781563 -171016.05822865 -72915.37487038 -7717776.19731105 0.22386946 -0.41286652 0.37354139 0.79993158
1778656469.848281 -170988.33221028 -72836.52769057 -7718768.69243266 0.17695765 -0.33968355 0.38298397 0.84060951
1778656469.914999 -171079.09289185 -72844.17431584 -7719770.62027066 0.23956425 -0.42960564 0.37177926 0.78729165
1778656469.981717 -171056.43707796 -72765.24680176 -7720764.09108079 0.18902643 -0.36466659 0.37742496 0.82996246
1778656470.048434 -171158.77894351 -72786.50310349 -7721766.23163179 0.26183632 -0.44185541 0.37369727 0.77237030
1778656470.115153 -171139.67982373 -72706.01224043 -7722760.99078798 0.21120233 -0.39768443 0.37166034 0.81185544
1778656470.181869 -171205.88996024 -72697.23395912 -7723761.48436525 0.24376319 -0.45011208 0.36329055 0.77845912
1778656470.248585 -171191.65732504 -72624.02595309 -7724755.04559295 0.20856170 -0.39574470 0.37037387 0.81407084
1778656470.315301 -171278.11031468 -72633.70351011 -7725756.68885929 0.25878114 -0.45855341 0.36432857 0.76813136
1778656470.382017 -171269.40112064 -72562.68738108 -7726751.52948554 0.22560154 -0.41566934 0.36729718 0.80088434
1778656470.448733 -171357.24709347 -72576.52393527 -7727752.77870131 0.27437018 -0.46348049 0.36627980 0.75877925
1778656470.515449 -171342.07877587 -72498.99616158 -7728747.40672017 0.23896069 -0.42500056 0.36670863 0.79233648
1778656470.582165 -171395.01294530 -72484.79546249 -7729745.50836611 0.26788709 -0.44786930 0.36833547 0.76940144
1778656470.648881 -171321.94415709 -72371.45009158 -7730733.68924599 0.21110611 -0.36539943 0.37625353 0.82483376
1778656470.715597 -171432.22346442 -72392.13948002 -7731737.98211578 0.26175087 -0.44345356 0.36697590 0.77470259
1778656470.782313 -171368.13660295 -72287.59913271 -7732726.89575174 0.21105472 -0.36075076 0.37653748 0.82676135
1778656470.849029 -171506.25928355 -72334.51855934 -7733731.91032119 0.28633416 -0.43624663 0.37716394 0.76514639
1778656470.915745 -171431.35921551 -72216.16822139 -7734721.92115523 0.22190231 -0.37053156 0.37557017 0.82000779
1778656470.982461 -171517.95672473 -72217.88511443 -7735724.34802675 0.25606017 -0.42652611 0.36908582 0.78503778
1778656471.049177 -171467.98889222 -72125.41046759 -7736714.26171390 0.21533915 -0.35707341 0.37630745 0.82735744
1778656471.115894 -171591.84905521 -72156.96915445 -7737720.04504696 0.27497046 -0.44195183 0.36971964 0.76966045
1778656471.182609 -171530.21595071 -72052.44416375 -7738709.50969839 0.22385484 -0.36677115 0.37465888 0.82158302
1778656471.249325 -171641.47915334 -72074.80925969 -7739714.34808778 0.27512753 -0.44131878 0.36901770 0.77030417
1778656471.316040 -171665.60859720 -72033.52049836 -7740711.88556234 0.27144359 -0.43639835 0.36853770 0.77463206
1778656471.382755 -171707.86876202 -72008.05966243 -7741710.25753215 0.28456807 -0.44180355 0.37117153 0.76554708
1778656471.449471 -171677.92480681 -71926.75128738 -7742702.11590879 0.24772888 -0.38860491 0.37240058 0.80556467
1778656471.516186 -171762.34371054 -71930.22321068 -7743705.05778887 0.28688223 -0.44752524 0.36960179 0.76211171
1778656471.582901 -171705.16797893 -71830.66960475 -7744694.28613853 0.23069135 -0.36680320 0.37109144 0.82129657
1778656471.649617 -171780.59617889 -71823.82868569 -7745696.06323760 0.26516376 -0.41665684 0.36936851 0.78717988
1778656471.716332 -171751.46191401 -71747.00963760 -7746687.85449139 0.22935229 -0.36059037 0.37110702 0.82440990
1778656471.783047 -171856.35191079 -71765.44191699 -7747692.47664867 0.29201004 -0.43989283 0.37210849 0.76338699
1778656471.849763 -171817.97444658 -71675.89980676 -7748683.81361224 0.23869556 -0.37489686 0.36923544 0.81617520
1778656471.916478 -171914.10638592 -71690.21916232 -7749687.85619277 0.29683214 -0.44571840 0.37155731 0.75840026
1778656471.983193 -171889.05972713 -71607.92057339 -7750680.23394968 0.24916274 -0.38846334 0.36778527 0.80730920
1778656472.049908 -171933.76989230 -71581.88050131 -7751679.95822317 0.26507302 -0.41942601 0.36508467 0.78773809
1778656472.116624 -171924.46170420 -71517.36271290 -7752673.12007705 0.24089617 -0.37411210 0.36726942 0.81677558
1778656472.183341 -172029.97159811 -71541.61832875 -7753677.61528290 0.30871425 -0.44274258 0.37441009 0.75398383
1778656472.250058 -172041.44035465 -71483.85289915 -7754674.07462685 0.27809028 -0.41350359 0.36860604 0.78473573
1778656472.316776 -172135.72299018 -71504.89361837 -7755679.10977627 0.32306725 -0.47557000 0.37027818 0.72962648
1778656472.383493 -172199.36904511 -71501.85051513 -7756677.71156965 0.33654504 -0.44379415 0.38286202 0.73702161
1778656472.450210 -172315.91550905 -71581.94275870 -7757682.94768338 0.39621023 -0.46705512 0.40620779 0.67813878
1778656472.516927 -172347.78476134 -71568.70667676 -7758679.20555714 0.43214015 -0.44634408 0.42809390 0.65632879
1778656472.583645 -172334.78289609 -71468.82906873 -7759672.35119963 0.39393921 -0.40881006 0.41163518 0.71291144
1778656472.650362 -172330.92864824 -71386.94801297 -7760672.64324619 0.36390330 -0.47015837 0.38701794 0.70479969
1778656472.717080 -172231.38133994 -71233.16301051 -7761659.17082971 0.28324353 -0.40870643 0.36423581 0.78744170
1778656472.783797 -172277.91950432 -71205.00413230 -7762659.55727379 0.29092400 -0.43999971 0.36011195 0.76946921
1778656472.850514 -172351.83951820 -71204.80553510 -7763661.45015273 0.32315171 -0.46390564 0.36771133 0.73834471
1778656472.917232 -172402.88138452 -71187.12100003 -7764661.93060845 0.33531290 -0.47628585 0.37017843 0.72366082
1778656472.983949 -172344.30501618 -71082.26501142 -7765651.47226967 0.27388552 -0.40583101 0.35767834 0.79520697
1778656473.050666 -172370.65628963 -71043.35949840 -7766649.74222173 0.27543542 -0.40625338 0.35719097 0.79467485
1778656473.117383 -172370.85069538 -70988.89760943 -7767643.80616253 0.26543936 -0.38025747 0.35818092 0.81034106
1778656473.184099 -172452.37885934 -70990.51486186 -7768647.25375612 0.32000534 -0.43985580 0.36826630 0.75399164
1778656473.250814 -172426.98267030 -70912.83961674 -7769639.91974546 0.27012356 -0.39019374 0.35650555 0.80478935
1778656473.317530 -172529.27982555 -70929.66808806 -7770646.01672723 0.32934333 -0.45961822 0.36728691 0.73850145
1778656473.384245 -172481.10502026 -70835.91275255 -7771635.93854554 0.27449327 -0.39486823 0.35575979 0.80135354
1778656473.450961 -172517.60412525 -70804.26865756 -7772635.63100496 0.28748698 -0.41836974 0.35612800 0.78453225
1778656473.517676 -172518.26435553 -70749.66805252 -7773629.63773685 0.27367662 -0.38053224 0.35659225 0.80816971
1778656473.584392 -172596.47051510 -70750.75607424 -7774632.61942091 0.33022189 -0.43083851 0.37058684 0.75365581
1778656473.651107 -172579.95980302 -70676.87250072 -7775626.38237531 0.28071962 -0.39233927 0.35573693 0.80044839
1778656473.717823 -172648.80297944 -70672.05810435 -7776628.72120835 0.32881348 -0.43500144 0.36785116 0.75322040
1778656473.784538 -172630.73719317 -70598.02847889 -7777622.17819833 0.28301549 -0.39397720 0.35505075 0.79913902
1778656473.851254 -172655.61290130 -70561.66300299 -7778620.23805410 0.29627020 -0.40368026 0.35838094 0.78792723
1778656473.917969 -172651.82770854 -70504.90105077 -7779614.19316735 0.28062693 -0.37168605 0.35651126 0.80993687
1778656473.984684 -172730.05646697 -70505.60228506 -7780617.41389890 0.33311165 -0.41703880 0.37010246 0.76035481
1778656474.051399 -172717.32814811 -70433.93443362 -7781611.80439443 0.28745570 -0.38612792 0.35521666 0.80130866
1778656474.118115 -172845.85627696 -70467.48761139 -7782621.39219533 0.34375101 -0.45613463 0.36698245 0.73423452
1778656474.184831 -172788.20847317 -70367.10763808 -7783610.58870200 0.29606577 -0.40043532 0.35450660 0.79140488
1778656474.251547 -172843.87190304 -70347.32770625 -7784611.92724449 0.31365897 -0.42419672 0.35757095 0.77059601
1778656474.318263 -172950.25753925 -70373.05697468 -7785617.97466515 0.35974890 -0.46222825 0.37271347 0.71972942
1778656474.384979 -172880.44138005 -70260.07574237 -7786606.69256517 0.30492485 -0.40815491 0.35459901 0.78402165
1778656474.451695 -172981.15799027 -70276.80368872 -7787613.01262306 0.34954377 -0.45926210 0.36692646 0.72956319
1778656474.518411 -172919.95651427 -70174.47887114 -7788601.74065100 0.30168949 -0.40291623 0.35252757 0.78890194
1778656474.585127 -172945.81218362 -70135.70699783 -7789600.33834918 0.30322737 -0.40330890 0.35203565 0.78833115
1778656474.651844 -173052.02767130 -70154.89472923 -7790607.69861164 0.35068925 -0.46639461 0.36531047 0.72528710
1778656474.718560 -173105.13747714 -70139.37918671 -7791608.03749755 0.36424674 -0.46622843 0.37180304 0.71534457
1778656474.785276 -173058.64859403 -70044.17499314 -7792598.90338439 0.31417124 -0.41501520 0.35193574 0.77794604
1778656474.851992 -173095.76653430 -70013.77284539 -7793598.61742017 0.32732894 -0.42756420 0.35586086 0.76381128
1778656474.918708 -173080.62594753 -69948.59502400 -7794592.49279040 0.30144553 -0.39736972 0.34666261 0.79438840
1778656474.985424 -173155.19468421 -69944.61670798 -7795597.01955111 0.34530402 -0.45003372 0.36100552 0.74020930
1778656475.052140 -173131.20179028 -69870.24366749 -7796589.16807348 0.30339058 -0.40100796 0.34550442 0.79232156
1778656475.118856 -173222.86262322 -69879.29139269 -7797594.98281138 0.35600886 -0.45173389 0.36487230 0.73216281
1778656475.185572 -173184.11089350 -69793.52809257 -7798586.17288248 0.30733093 -0.40446844 0.34530743 0.78912341
1778656475.252288 -173218.16692083 -69763.30098698 -7799585.27310290 0.32798019 -0.41250616 0.35344174 0.77288201
1778656475.319003 -173218.08080596 -69707.35778645 -7800580.64253403 0.30767018 -0.39141120 0.34520633 0.79559344
1778656475.385719 -173242.01733303 -69667.74540778 -7801579.02413069 0.30919875 -0.39180848 0.34470554 0.79502222
1778656475.452434 -173236.13699024 -69615.29118691 -7802573.02624085 0.30672976 -0.36753104 0.34507504 0.80731716
1778656475.519150 -173268.44783050 -69590.07864721 -7803572.98486289 0.35096026 -0.39599380 0.36192232 0.76748162
1778656475.585865 -173245.04936548 -69522.86300267 -7804565.25904963 0.30823554 -0.35289944 0.34531418 0.81314879
1778656475.652581 -173200.24011094 -69466.91401417 -7805554.64598201 0.32953584 -0.30668829 0.35394279 0.81980054
1778656475.719297 -173138.21075432 -69411.33508763 -7806539.64506957 0.33522095 -0.22946761 0.35172228 0.84336408
1778656475.786012 -173173.30872217 -69398.11899811 -7807540.25693785 0.43300642 -0.27013452 0.38790745 0.76750283
1778656475.852728 -173070.96798364 -69326.21714024 -7808525.41271022 0.36012015 -0.21542414 0.35646275 0.83476957
1778656475.919443 -173375.75481823 -69374.77229890 -7809549.59522100 0.43797421 -0.33088289 0.39630990 0.73595759
1778656475.986159 -173472.80222003 -69341.98469576 -7810556.61593709 0.35504468 -0.37372181 0.35898889 0.77807600
1778656476.052874 -173553.04975701 -69339.02815136 -7811562.02348402 0.37019376 -0.40685563 0.36508458 0.75109143
1778656476.119590 -173571.53496164 -69294.45215948 -7812558.55977962 0.36478089 -0.38975647 0.36131464 0.76451064
1778656476.186306 -173715.14856774 -69366.22194647 -7813569.33858546 0.42497366 -0.43524146 0.39361905 0.68922152
1778656476.253021 -173744.20095503 -69330.47827942 -7814565.14221502 0.42125082 -0.39618675 0.38804150 0.71764030
1778656476.319737 -173804.77664144 -69330.60123501 -7815570.71060824 0.43469625 -0.43927823 0.39898378 0.67741107
1778656476.386452 -173860.55082155 -69329.35213062 -7816567.36075010 0.45167062 -0.39097561 0.40299966 0.69334191
1778656476.453168 -173930.34909949 -69353.02061718 -7817571.57912248 0.47260521 -0.40264435 0.41771907 0.66334955
1778656476.519884 -174034.24906554 -69469.26602327 -7818576.97070586 0.53927242 -0.38257590 0.46346983 0.58992936
1778656476.586599 -174122.37800808 -69742.69920902 -7819585.26015516 0.64864299 -0.23191551 0.48961798 0.53455748
1778656476.653315 -174038.29811541 -70084.35225213 -7820604.17158466 0.77644790 -0.07093542 0.52732899 0.33766989
1778656476.720031 -174033.93910604 -69958.27091476 -7821616.23920815 0.86276284 0.10237941 0.37880434 0.31885108
1778656476.786746 -174113.06469486 -69755.56917190 -7822604.64734178 0.75099121 -0.08248994 0.47028341 0.45611526
1778656476.853462 -174186.87692510 -69636.44961716 -7823598.28897009 0.61699725 -0.20341834 0.43498065 0.62347991
1778656476.920177 -174239.25825136 -69609.22780908 -7824601.19594367 0.58677929 -0.32101393 0.47333751 0.57322920
1778656476.986893 -174297.47543711 -69647.32294689 -7825601.59963552 0.62020793 -0.26845618 0.47368696 0.56470707
1778656477.053608 -174326.74688889 -69859.82142952 -7826612.76043223 0.72346045 -0.16955557 0.52906127 0.40981712
1778656477.120324 -174307.70427063 -69924.25837256 -7827631.45185016 0.84006830 0.05795580 0.37035986 0.39212238
1778656477.187039 -174310.56939601 -69919.63474681 -7828637.90973068 0.86144079 0.06842884 0.39336519 0.31384881
1778656477.253755 -174362.63157598 -69866.72947991 -7829639.02495069 0.85056788 0.07236302 0.35425184 0.38184227
1778656477.320470 -174419.32107720 -69857.13058473 -7830636.61169689 0.79735516 -0.04029988 0.45988000 0.38873004
1778656477.387185 -174449.61173651 -69931.35814932 -7831643.46685887 0.82868741 0.01706489 0.41381225 0.37649089
1778656477.453900 -174461.78714459 -69957.87733854 -7832649.32060716 0.85047104 0.04249867 0.41558121 0.31966411
1778656477.520616 -174500.30960378 -69932.15183315 -7833655.38343913 0.85601280 0.07216513 0.35296760 0.37074002
1778656477.587331 -174545.59839404 -69930.04746385 -7834654.68834735 0.82340226 -0.00349203 0.44029495 0.35796211
1778656477.654046 -174578.50289559 -69974.69443892 -7835661.09692755 0.84248172 0.04055890 0.38550453 0.37412001
1778656477.720761 -174599.20070870 -69995.53577238 -7836666.05729292 0.84887611 0.03600580 0.41348025 0.32733318
1778656477.787476 -174633.74966954 -69990.68819773 -7837671.89701580 0.86063463 0.06897746 0.35781582 0.35569365
1778656477.854191 -174673.99356310 -69990.59964730 -7838671.28303949 0.83657345 0.01100996 0.43676576 0.33054395
1778656477.920906 -174701.76273723 -70032.01925659 -7839679.24600011 0.86047799 0.06245983 0.36822403 0.34653638
1778656477.987621 -174725.85761687 -70042.45260668 -7840683.49942187 0.85937111 0.04899704 0.40347630 0.31030222
1778656478.054336 -174762.13695802 -70042.60474860 -7841690.52231855 0.86598303 0.07710425 0.34289856 0.35573713
1778656478.121052 -174796.59639354 -70055.92655622 -7842691.14289128 0.84805894 0.02677761 0.42477349 0.31566831
1778656478.187768 -174825.29935099 -70084.34149178 -7843699.21497749 0.87072527 0.07836625 0.34599223 0.34056661
1778656478.254483 -174853.96837618 -70091.17391526 -7844702.89458689 0.86180497 0.05081522 0.39485850 0.31431953
1778656478.321199 -174888.88023679 -70100.67100367 -7845709.61836234 0.86847971 0.07454230 0.34467387 0.34840546
1778656478.387916 -174918.25351066 -70119.56164805 -7846711.33058686 0.85809195 0.03986740 0.41376410 0.30147647
1778656478.454631 -174945.78917831 -70143.34593264 -7847721.02024015 0.88087745 0.09623057 0.31624207 0.33880017
1778656478.521348 -174975.68526530 -70148.18425636 -7848726.47900411 0.86816370 0.06534512 0.36038247 0.33488248
1778656478.588063 -175008.56008361 -70166.07664384 -7849734.69964666 0.86869250 0.08612327 0.31095350 0.37585109
1778656478.654779 -175030.58578823 -70191.04415584 -7850735.67769729 0.86925733 0.05415836 0.40659692 0.27593029
1778656478.721495 -175064.88024607 -70190.28309671 -7851739.17193978 0.88791243 0.08951246 0.35165030 0.28273857
1778656478.788211 -175107.05687774 -70186.52917981 -7852743.73079736 0.86715213 0.05780468 0.37247271 0.32553015
1778656478.854928 -175138.10840741 -70221.28265726 -7853753.15054635 0.86139250 0.06547460 0.33563868 0.37558316
1778656478.921643 -175149.30874550 -70260.68202645 -7854756.78716693 0.87221084 0.05637833 0.40876844 0.26263681
1778656478.988359 -175186.13693194 -70259.26220730 -7855777.23184855 0.86953837 0.15891404 0.16935693 0.43585271
1778656479.055075 -175123.50954255 -70321.53866989 -7856794.59129103 0.88522313 0.14085149 0.22521321 0.38186368
1778656479.121791 -175089.53399271 -70298.91969699 -7857801.97889281 0.92422324 0.16356387 0.23967625 0.24822080
1778656479.188508 -175106.35082747 -70240.75823631 -7858801.27364250 0.94174521 0.18780353 0.24625672 0.13116181
1778656479.255224 -175262.40054842 -70162.12623085 -7859789.65659461 0.90573483 0.14338053 0.25484759 0.30682102
1778656479.321941 -175284.68952139 -70317.81366254 -7860801.28850011 0.87993660 0.08806931 0.34353139 0.31613534
1778656479.388658 -175301.43739585 -70351.77466219 -7861803.63654230 0.89653654 0.10551376 0.36835067 0.22227654
1778656479.455374 -175344.22761814 -70330.27909550 -7862803.36156074 0.89624476 0.10566985 0.37160925 0.21791230
1778656479.522091 -175402.15823713 -70329.93342314 -7863814.91165830 0.85540256 0.09103199 0.28927608 0.41990355
1778656479.588807 -175394.29197827 -70419.64545139 -7864826.48666126 0.86855186 0.06209170 0.37412355 0.31905149
1778656479.655524 -175406.07139063 -70417.11675072 -7865830.05545624 0.91161050 0.13009568 0.34541002 0.18092353
1778656479.722240 -175455.28202960 -70379.56261257 -7866831.26638402 0.90672795 0.12095226 0.34609395 0.20840814
1778656479.788957 -175501.72262164 -70403.39487386 -7867843.99116781 0.87195064 0.10708504 0.27604978 0.38991204
1778656479.855674 -175448.72273343 -70484.09898083 -7868861.38560112 0.89714643 0.12493533 0.29223706 0.30678486
1778656479.922390 -175518.77198286 -70429.64822422 -7869856.20691509 0.91175386 0.13427524 0.35128330 0.16515177
1778656479.989107 -175566.52071545 -70444.68025748 -7870855.72796860 0.89822120 0.10806255 0.36083587 0.22653615
1778656480.055823 -175589.90767980 -70494.25229126 -7871871.85408851 0.88744231 0.11957907 0.27572337 0.34946190
1778656480.122540 -175594.00312488 -70534.59294201 -7872881.95908666 0.89627436 0.10733160 0.33018356 0.27595474
1778656480.189256 -175618.30635264 -70531.57805161 -7873883.16070500 0.91098394 0.12951603 0.34718138 0.18110481
1778656480.255973 -175657.54513623 -70524.24584416 -7874886.51686816 0.91145307 0.12960155 0.33674996 0.19762642
1778656480.322689 -175693.01524888 -70550.15806279 -7875902.49708536 0.89179598 0.13282139 0.24901434 0.35362447
1778656480.389405 -175700.28996269 -70597.39123178 -7876910.92632864 0.89279133 0.10012356 0.33586769 0.28300497
1778656480.456122 -175717.86751800 -70604.99776021 -7877913.19076298 0.91230052 0.13042902 0.34450354 0.17892272
1778656480.522838 -175760.83158117 -70588.02869038 -7878917.09510692 0.91446063 0.13297465 0.32731908 0.19733657
1778656480.589555 -175795.86056327 -70614.76545936 -7879930.46054845 0.89647668 0.12528353 0.27039777 0.32790036
1778656480.656271 -175803.63563084 -70661.07201836 -7880939.80277845 0.89842015 0.10743461 0.32928957 0.26993965
1778656480.722987 -175821.44325429 -70669.63304823 -7881943.40104880 0.91273678 0.12939773 0.34087208 0.18432042
1778656480.789704 -175859.68330127 -70660.39558093 -7882947.90908626 0.91511757 0.13271712 0.32995068 0.18994354
1778656480.856420 -175894.17939387 -70684.85488758 -7883963.43403886 0.89929587 0.13529496 0.24977034 0.33253120
1778656480.923137 -175849.49198308 -70734.56738851 -7884980.00164220 0.91263604 0.14396251 0.26488905 0.27605080
1778656480.989853 -175842.92891779 -70706.56627590 -7885987.15071127 0.92713202 0.15917222 0.28263136 0.18764312
1778656481.056570 -175882.04948931 -70672.25106323 -7886990.20051666 0.93348709 0.17343537 0.28458564 0.13241241
1778656481.123286 -175994.22947282 -70676.54775610 -7887991.13489767 0.90181830 0.13349227 0.27027818 0.30960179
1778656481.190003 -175954.41855056 -70800.84294614 -7889009.74725901 0.90708575 0.13221792 0.29514445 0.26945059
1778656481.256720 -175993.24781118 -70781.86300886 -7890011.72901759 0.91926403 0.14750173 0.33043757 0.15494479
1778656481.323436 -176031.42045008 -70784.92867553 -7891014.89357827 0.91852615 0.14524122 0.32615220 0.16982177
1778656481.390153 -176062.34871582 -70814.18412842 -7892031.25984358 0.90734686 0.14637241 0.24745467 0.30669689
1778656481.456870 -176067.08201601 -70856.87589776 -7893042.33694029 0.90905855 0.12950728 0.30464776 0.25304182
1778656481.523587 -176084.14008709 -70864.46818268 -7894045.48241177 0.91814874 0.14466110 0.33420689 0.15614676
1778656481.590304 -176118.34631014 -70860.88798868 -7895051.01117182 0.92361406 0.15336552 0.31383293 0.15787644
1778656481.657021 -176150.30373737 -70885.30130812 -7896068.62751454 0.91236846 0.15535360 0.22999680 0.30091615
1778656481.723737 -176109.32094181 -70924.32180474 -7897085.25607615 0.91814664 0.15925165 0.24809064 0.26475781
1778656481.790454 -176108.87616150 -70898.19598340 -7898092.84919196 0.92808193 0.16646617 0.27847468 0.18276982
1778656481.857171 -176148.36165728 -70874.55497766 -7899097.03917017 0.93374951 0.18009226 0.28134467 0.12854500
1778656481.923888 -176246.07845412 -70896.91493589 -7900102.94790964 0.91463447 0.16082300 0.23862908 0.28396463
1778656481.990605 -176205.66690992 -70993.48829339 -7901121.41754302 0.91290165 0.15364950 0.26945275 0.26532552
1778656482.057322 -176244.87540366 -70983.71846137 -7902121.99856518 0.91763302 0.15585857 0.34107555 0.13162526
1778656482.124038 -176277.99834821 -70992.04892494 -7903127.48910458 0.92642132 0.16790921 0.30576682 0.14162165
1778656482.190755 -176305.52437556 -71021.79774028 -7904147.42384787 0.91392771 0.16925278 0.21783904 0.29771762
1778656482.257471 -176311.40839792 -71059.52953706 -7905159.23241358 0.91489957 0.14813142 0.28406392 0.24560854
1778656482.324188 -176328.30301314 -71067.90963804 -7906162.02202178 0.92047782 0.15704866 0.32792429 0.14325487
1778656482.390903 -176361.66380505 -71066.80358432 -7907169.27114434 0.92916549 0.17044825 0.29437529 0.14471377
1778656482.457620 -176391.96124162 -71091.43826786 -7908186.33723206 0.91986781 0.16847282 0.22781049 0.27122407
1778656482.524336 -176399.84018468 -71127.85163676 -7909198.06811848 0.91824272 0.15102275 0.28429853 0.23064426
1778656482.591053 -176414.23360531 -71140.31757158 -7910201.61629764 0.91979386 0.15529900 0.33151062 0.14128762
1778656482.657768 -176443.56437415 -71142.90633004 -7911209.68317994 0.92913889 0.17013373 0.29903537 0.13540046
1778656482.724485 -176472.58936050 -71165.50843630 -7912227.54344995 0.92410475 0.17108568 0.22934763 0.25329780
1778656482.791201 -176439.80111555 -71193.99398198 -7913244.00096080 0.92235233 0.16909832 0.24414646 0.24711220
1778656482.857918 -176506.48135560 -71180.35957321 -7914243.94292402 0.92104901 0.16041929 0.33113982 0.12759619
1778656482.924634 -176527.52586115 -71213.78227595 -7915250.85424952 0.92820057 0.17029267 0.30434745 0.12967937
1778656482.991350 -176547.69269254 -71242.72797673 -7916270.55645334 0.92595802 0.17364639 0.22620342 0.24754937
1778656483.058066 -176561.41573199 -71269.43952020 -7917284.05225502 0.92392313 0.16217156 0.26077966 0.22816750
1778656483.124783 -176572.89469403 -71286.89303726 -7918289.72955312 0.92421161 0.16070698 0.31395823 0.14641172
1778656483.191498 -176598.93757025 -71291.29447078 -7919297.04297173 0.93092985 0.17458588 0.29723694 0.12058021
1778656483.258214 -176627.62289171 -71312.33756756 -7920315.10439070 0.93005874 0.17679072 0.22231195 0.23305188
1778656483.324930 -176639.90078401 -71342.34100539 -7921327.45872615 0.92542519 0.16079498 0.27119258 0.21020890
1778656483.391645 -176653.16899409 -71358.92937082 -7922333.82571124 0.92652199 0.16433859 0.30910335 0.13785843
1778656483.458361 -176677.48260510 -71366.27137226 -7923342.18006247 0.93151611 0.17420169 0.29527714 0.12142043
1778656483.525077 -176703.37333743 -71389.61182432 -7924360.97540439 0.93218871 0.17794672 0.22034874 0.22540100
1778656483.591793 -176715.39368029 -71417.71573534 -7925373.38453879 0.92712699 0.16217749 0.26977482 0.20336062
1778656483.658508 -176729.11704428 -71434.44072768 -7926380.87540622 0.92919680 0.16672038 0.29835917 0.14063931
1778656483.725224 -176752.79770009 -71443.30924811 -7927390.30369581 0.93376258 0.17520445 0.28519559 0.12670562
1778656483.791939 -176777.41334344 -71468.30754820 -7928409.74152649 0.93289354 0.18092189 0.20910072 0.23076787
1778656483.858655 -176789.42475835 -71494.95460480 -7929421.85214899 0.92755298 0.16257189 0.26753144 0.20406560
1778656483.925371 -176802.91198812 -71510.96936453 -7930428.92487883 0.92950021 0.16754782 0.30140820 0.13080586
1778656483.992086 -176827.03723031 -71518.82885957 -7931438.20934198 0.93473790 0.17705159 0.28549746 0.11579719
1778656484.058802 -176851.19323678 -71544.43376503 -7932458.19391553 0.93504201 0.18197391 0.20832947 0.22176737
1778656484.125517 -176863.32472900 -71571.02029558 -7933471.52170785 0.93014230 0.16624053 0.25765823 0.20201888
1778656484.192233 -176875.11383954 -71588.28609177 -7934478.45566866 0.92892176 0.16533259 0.30330510 0.13332482
1778656484.258949 -176897.59518991 -71597.82269734 -7935488.86777384 0.93640201 0.17854736 0.27963138 0.11436088
1778656484.325665 -176922.73145398 -71624.73853316 -7936511.82966769 0.93295830 0.18693809 0.18164195 0.24829249
1778656484.392381 -176896.85536948 -71639.98455628 -7937526.39113723 0.92158519 0.16215788 0.24513079 0.25356747
1778656484.459097 -176905.83104700 -71628.67817521 -7938535.34934729 0.92556546 0.15834509 0.28914249 0.18615056
1778656484.525813 -176983.10027536 -71636.52506549 -7939539.27897572 0.93096775 0.18028920 0.30738372 0.07943613
1778656484.592529 -176991.90861612 -71695.36167394 -7940562.73892056 0.94038469 0.18911298 0.19253045 0.20699020
1778656484.659245 -177001.53492386 -71717.22207862 -7941575.70334011 0.92946056 0.16339542 0.26412453 0.19910609
1778656484.725961 -177013.24377491 -71734.73698288 -7942584.15122604 0.93099803 0.16895069 0.29839984 0.12512340
1778656484.792676 -177034.91926535 -71744.34431720 -7943594.42041545 0.93503271 0.17662800 0.28625973 0.11212380
1778656484.859392 -177058.23970374 -71772.10621128 -7944617.77691083 0.93738387 0.18652727 0.18633211 0.22759481
1778656484.926108 -177070.69973709 -71795.37530005 -7945631.15542297 0.93164576 0.16500868 0.25793147 0.19565191
1778656484.992824 -177081.60544454 -71812.38928865 -7946638.26638268 0.93053805 0.16718315 0.30245327 0.12112286
1778656485.059540 -177103.47787241 -71822.95147926 -7947649.96830725 0.93773087 0.17819676 0.27573813 0.11346900
1778656485.126256 -177126.54187110 -71850.53107211 -7948673.41270909 0.93867996 0.18536135 0.18659492 0.22294266
1778656485.192975 -177139.27320383 -71873.04604629 -7949686.58243936 0.93279532 0.16456944 0.25742372 0.19116174
1778656485.259694 -177149.88233292 -71890.66118178 -7950694.51861619 0.93176520 0.16643423 0.29812335 0.12343306
1778656485.326413 -177170.51291249 -71902.02483320 -7951706.59580056 0.93835449 0.17728898 0.27522524 0.11095284
1778656485.393131 -177192.83427679 -71928.37161498 -7952730.12257327 0.94239946 0.18613694 0.18635179 0.20617787
1778656485.459851 -177206.55878414 -71950.96046238 -7953744.10357689 0.93500490 0.16671030 0.24505953 0.19472887
1778656485.526570 -177215.36443113 -71969.82098630 -7954752.38092698 0.93127838 0.16395126 0.30176157 0.12157511
1778656485.593289 -177235.38343997 -71982.98600889 -7955766.20566898 0.94192158 0.17913430 0.25897041 0.11674319
1778656485.660008 -177257.57841203 -72010.23330039 -7956790.04676463 0.93987845 0.18436859 0.17769440 0.22596777
1778656485.726727 -177238.48925118 -72020.63365879 -7957803.44858936 0.92070941 0.15222685 0.25594437 0.25221748
1778656485.793447 -177291.23334437 -72029.58939559 -7958811.51727466 0.93102438 0.16558081 0.30473378 0.11363947
1778656485.860166 -177304.14334756 -72057.80903060 -7959826.77300151 0.94324566 0.18343294 0.25755896 0.10150546
1778656485.926885 -177322.46607986 -72086.32917440 -7960850.42896820 0.94092847 0.18410833 0.18183245 0.21839115
1778656485.993605 -177304.22767990 -72096.59668407 -7961863.39379397 0.91980486 0.14979594 0.26324430 0.24944467
1778656486.060324 -177356.16988947 -72105.47083173 -7962872.59708914 0.93077522 0.16488717 0.30535859 0.11500372
1778656486.127043 -177368.79608626 -72133.08112053 -7963888.37154449 0.94241148 0.18243710 0.26260590 0.09805836
1778656486.193760 -177387.10873872 -72161.53409679 -7964912.32035559 0.94208349 0.18454801 0.18318348 0.21181251
1778656486.260477 -177401.63094901 -72180.91395487 -7965926.18352114 0.93391533 0.16166343 0.25766926 0.18781280
1778656486.327193 -177411.90440960 -72200.92484679 -7966938.33974379 0.93747862 0.16886652 0.27499386 0.13036987
1778656486.393910 -177431.78707522 -72212.44177751 -7967951.77412877 0.94044217 0.17413863 0.26724208 0.11758369
1778656486.460626 -177450.24569339 -72242.55010401 -7968976.37536365 0.94489346 0.18511889 0.17746950 0.20349922
1778656486.527343 -177465.64449260 -72260.42231151 -7969990.21967859 0.93527413 0.16099099 0.25205336 0.18924406
1778656486.594059 -177474.19463111 -72280.97088453 -7971002.15120736 0.93709544 0.16647527 0.28141243 0.12225043
1778656486.660776 -177491.89226393 -72294.85172274 -7972016.08265875 0.94108314 0.17172515 0.26477251 0.12152576
1778656486.727493 -177509.70743096 -72324.20552303 -7973040.59900901 0.94451883 0.18051428 0.18402203 0.20355507
1778656486.794209 -177524.92806207 -72342.59498469 -7974055.38370418 0.93656212 0.16022192 0.24762856 0.18936849
1778656486.860926 -177534.04251659 -72362.25624009 -7975068.10371907 0.93893468 0.16633545 0.27624226 0.12010164
1778656486.927643 -177551.51975752 -72375.81395243 -7976081.42223510 0.94092421 0.16889433 0.26904570 0.11726358
1778656486.994359 -177568.93393046 -72406.53061137 -7977107.39088586 0.94684251 0.18170684 0.17501283 0.19960559
1778656487.061076 -177584.99426065 -72423.79824670 -7978122.21565308 0.93734838 0.15869396 0.24452923 0.19078704
1778656487.127793 -177593.09520309 -72444.73716517 -7979135.56175384 0.94030737 0.16507824 0.27142591 0.12206231
1778656487.194509 -177608.48321075 -72458.73382954 -7980148.19355298 0.93965960 0.16442565 0.27622161 0.11707122
1778656487.261225 -177624.94740403 -72488.75921457 -7981173.94018462 0.94858946 0.17822515 0.18308762 0.18679605
1778656487.327941 -177641.11162179 -72506.41075886 -7982189.42321730 0.93864226 0.15732122 0.24138171 0.18956692
1778656487.394657 -177649.92124278 -72527.19045500 -7983203.60765810 0.94084888 0.16253155 0.27076835 0.12276552
1778656487.461373 -177665.48857945 -72542.40888079 -7984218.03279430 0.94330273 0.16601074 0.26183549 0.11858568
1778656487.528089 -177681.28785467 -72570.70548236 -7985242.24570783 0.94894120 0.17416684 0.19018870 0.18167214
1778656487.594805 -177696.36009411 -72589.74405266 -7986258.78736168 0.94129125 0.15815638 0.23626777 0.18202990
1778656487.661521 -177703.67058337 -72610.38374456 -7987272.24481595 0.93941721 0.15724811 0.27795395 0.12453890
1778656487.728237 -177716.79695207 -72627.87587451 -7988287.62430860 0.94382540 0.16333151 0.26195235 0.11788722
1778656487.794953 -177737.29535088 -72654.58291970 -7989314.23944159 0.95175463 0.17689129 0.17108270 0.18331207
1778656487.861669 -177752.79726226 -72670.98132195 -7990329.03999010 0.94100465 0.15357088 0.25036017 0.16806552
1778656487.928385 -177756.98322461 -72693.25896585 -7991342.20434030 0.94016601 0.15766482 0.28204180 0.10808375
1778656487.995100 -177771.02475324 -72710.44205670 -7992358.67820946 0.94551714 0.16282513 0.25768307 0.11438862
1778656488.061817 -177787.41854760 -72741.43680939 -7993386.54619046 0.94966754 0.17340358 0.16141218 0.20496066
1778656488.128532 -177781.79859998 -72741.73048380 -7994396.37650587 0.91063763 0.11657629 0.27518117 0.28534960
1778656488.195250 -177817.08466928 -72767.20868181 -7995412.32968315 0.93225533 0.14943762 0.31382850 0.10039952
1778656488.261966 -177825.12989642 -72791.86662872 -7996431.29521912 0.94644166 0.16509581 0.25818980 0.10163452
1778656488.328683 -177846.20880451 -72819.39720140 -7997459.91244223 0.94951642 0.17180513 0.16348605 0.20536278
1778656488.395400 -177863.89404841 -72836.03858021 -7998476.84847562 0.94201133 0.15027247 0.24053559 0.17937521
1778656488.462117 -177866.44960477 -72859.00068156 -7999490.33374404 0.94007148 0.15015672 0.27979058 0.12424087
1778656488.528834 -177876.78249977 -72877.97514755 -8000506.12897896 0.94228852 0.15148104 0.26808579 0.13143763
1778656488.595551 -177893.42434663 -72905.34216473 -8001532.59882220 0.94971336 0.16383777 0.18564794 0.19166784
1778656488.662268 -177908.45116828 -72923.29329089 -8002549.17054108 0.93910146 0.14132212 0.25101352 0.18737320
1778656488.728985 -177911.96943264 -72945.75976924 -8003563.70763508 0.93729041 0.14188801 0.29106651 0.12897585
1778656488.795702 -177922.82242696 -72964.89736713 -8004580.61812666 0.94195710 0.14642121 0.27003294 0.13549859
1778656488.862419 -177941.35308577 -72991.63021884 -8005608.06547527 0.94974697 0.15999491 0.18292965 0.19727914
1778656488.929137 -177956.47102845 -73009.85734034 -8006625.17488019 0.93971025 0.13812844 0.25049009 0.18740303
1778656488.995854 -177959.45760589 -73032.15995717 -8007640.00650317 0.93821087 0.13958276 0.29005602 0.12706110
1778656489.062571 -177970.25669497 -73050.81696040 -8008657.28770560 0.94317148 0.14504553 0.27011817 0.12816215
1778656489.129288 -177986.81214088 -73078.60788472 -8009684.13521895 0.94898420 0.15443945 0.18799488 0.20058756
1778656489.196004 -178001.21073791 -73097.44413290 -8010701.85721881 0.93920253 0.13301071 0.25253657 0.19087180
1778656489.262720 -178002.21068636 -73120.59485040 -8011716.76382781 0.93719457 0.13298101 0.29280055 0.13509341
1778656489.329436 -178012.00601851 -73139.10912639 -8012733.81350179 0.94126271 0.13737994 0.27710874 0.13550651
1778656489.396152 -178030.15552499 -73166.53316366 -8013761.63249572 0.94860325 0.15026484 0.18524730 0.20798025
1778656489.462868 -178044.61288682 -73185.81165843 -8014779.83377873 0.93843388 0.12763212 0.25334249 0.19715345
1778656489.529584 -178044.68875768 -73209.55760839 -8015795.76218185 0.93873225 0.13040443 0.28770000 0.13785918
1778656489.596300 -178055.53231378 -73228.17518804 -8016813.62852653 0.94295557 0.13399464 0.26630206 0.14820068
1778656489.663016 -178073.77236796 -73255.64819213 -8017841.95717936 0.94894772 0.14777143 0.17806304 0.21437206
1778656489.729732 -178085.63931297 -73275.01890581 -8018858.94688358 0.93628118 0.11962554 0.26432385 0.19799037
1778656489.796448 -178083.58846843 -73298.81909530 -8019874.51555907 0.93739698 0.12479337 0.29449888 0.13778215
1778656489.863164 -178094.62713769 -73316.78922320 -8020892.38171227 0.94116849 0.12696332 0.27338544 0.15278282
1778656489.929880 -178113.20751349 -73343.45660973 -8021920.61323211 0.94906892 0.14145745 0.18885766 0.20878398
1778656489.996596 -178114.90747229 -73342.51605114 -8022928.22063024 0.89676055 0.06557145 0.31570675 0.30306788
1778656490.063312 -178135.43352055 -73378.04551428 -8023952.55102993 0.93634146 0.12916967 0.30909886 0.10506076
1778656490.130028 -178140.14212118 -73402.38955215 -8024974.54569805 0.94614565 0.13302872 0.26032133 0.13908480
1778656490.196746 -178160.30039553 -73427.97403918 -8026002.02570069 0.94673784 0.13614369 0.19411875 0.21787673
1778656490.263464 -178171.37989566 -73449.61493263 -8027021.54147435 0.93844065 0.11648088 0.26027322 0.19498514
1778656490.330182 -178169.82222968 -73472.54051971 -8028037.68582560 0.93674343 0.11682318 0.29679022 0.14415149
1778656490.396900 -178180.07733844 -73492.24156436 -8029057.07166121 0.94252293 0.12212707 0.26896581 0.15618228
1778656490.463618 -178198.63416900 -73519.90699009 -8030085.83889923 0.94566178 0.13371668 0.18243212 0.23358547
1778656490.530336 -178209.85666829 -73540.57387642 -8031104.62662384 0.93416626 0.10573189 0.26710183 0.21168559
1778656490.597054 -178205.29501764 -73564.56883290 -8032120.83531971 0.93474134 0.10949907 0.30336393 0.14912715
1778656490.663772 -178217.57485396 -73582.64758131 -8033140.44915997 0.94129942 0.11539209 0.27098833 0.16494056
1778656490.730490 -178233.85027326 -73608.01109466 -8034167.11437849 0.94716958 0.12340990 0.22034331 0.19770839
1778656490.797209 -178243.97324137 -73630.12643049 -8035186.96548702 0.93741337 0.10601101 0.26412613 0.20063706
1778656490.863927 -178243.19335469 -73653.07917406 -8036204.73827871 0.93517410 0.10534438 0.30236963 0.15140862
1778656490.930645 -178250.97497074 -73672.67529637 -8037223.59082232 0.93880896 0.10838509 0.28689317 0.15678875
1778656490.997363 -178267.51237738 -73698.95379939 -8038251.58421321 0.94792383 0.12079698 0.21131096 0.20541710
1778656491.064081 -178278.90356562 -73720.48762554 -8039271.31980020 0.93478497 0.09737517 0.26851895 0.21116988
1778656491.130800 -178273.95194205 -73744.70985449 -8040288.80118164 0.93231285 0.09749415 0.31366650 0.15133064
1778656491.197515 -178281.25066763 -73763.95607299 -8041307.43119789 0.93700361 0.10068444 0.29148005 0.16409221
1778656491.264231 -178301.41531886 -73790.03916293 -8042336.59793630 0.94496507 0.11423834 0.20502161 0.22794023
1778656491.330947 -178313.02982364 -73788.75337568 -8043343.00595796 0.87810910 0.02182732 0.33216602 0.34367675
1778656491.397663 -178316.66093739 -73831.31021264 -8044373.30077618 0.93267884 0.10749472 0.32839327 0.10350330
1778656491.464379 -178320.55782324 -73852.59969302 -8045394.74926746 0.94111516 0.10305457 0.27496456 0.16756045
1778656491.531095 -178345.95239374 -73876.78157330 -8046422.98973735 0.93875991 0.10516932 0.20994835 0.25217244
1778656491.597810 -178353.46287537 -73882.72205718 -8047430.35518470 0.87579738 0.01480787 0.33705608 0.34518527
1778656491.664526 -178355.62388091 -73921.07403303 -8048459.54391468 0.92838572 0.09554978 0.33807248 0.12114949
1778656491.731242 -178365.70804387 -73940.48878307 -8049483.39129234 0.94152781 0.10070697 0.27617884 0.16464730
1778656491.797957 -178390.40004435 -73966.58774106 -8050513.59406343 0.94021907 0.10608532 0.19692018 0.25681987
1778656491.864673 -178403.51431471 -73972.03704637 -8051520.05457701 0.87009657 0.00777487 0.33174321 0.36444196
1778656491.931389 -178401.68986870 -74011.12683732 -8052550.03103570 0.92614734 0.08629489 0.34103648 0.13600886
1778656491.998105 -178410.13109619 -74030.74511167 -8053572.66276654 0.93620999 0.08860931 0.28601693 0.18399338
1778656492.064820 -178438.24454986 -74056.38294467 -8054605.95941438 0.94067377 0.10672243 0.18293906 0.26509713
1778656492.131536 -178456.78301672 -74062.05408247 -8055612.22821391 0.86701488 0.00380161 0.32469292 0.37794874
1778656492.198254 -178453.86872056 -74100.41492669 -8056644.06035081 0.92800125 0.08222368 0.33194587 0.14786783
1778656492.264971 -178464.71195904 -74120.18591226 -8057668.59781923 0.93982687 0.08963776 0.27227509 0.18589462
1778656492.331689 -178490.11074759 -74145.40431370 -8058700.19365630 0.93969717 0.10087591 0.18722972 0.26784009
1778656492.398406 -178506.69549196 -74152.36644587 -8059705.38330866 0.86332964 -0.00593638 0.33187781 0.38011027
1778656492.465124 -178503.76816412 -74190.09442949 -8060735.97709109 0.92220004 0.06728963 0.33989587 0.17172648
1778656492.531841 -178515.65418736 -74210.21762348 -8061761.55701918 0.93385623 0.07665521 0.28187559 0.20635571
1778656492.598559 -178542.46699727 -74234.56418674 -8062793.36218367 0.93255052 0.09104652 0.19003076 0.29316952
1778656492.665276 -178559.67603651 -74253.96228383 -8063818.04932247 0.93044222 0.07045922 0.26131290 0.24703916
1778656492.731994 -178561.06362962 -74277.35279361 -8064838.21690900 0.93119735 0.06937420 0.29724188 0.19926361
1778656492.798712 -178572.95093262 -74296.80130078 -8065861.95968592 0.93873683 0.07908286 0.27920741 0.18590938
1778656492.865429 -178588.38013083 -74327.13418940 -8066892.18426205 0.93867299 0.09102366 0.18574020 0.27587732
1778656492.932147 -178612.76576636 -74330.70576327 -8067897.32475370 0.85501981 -0.01771675 0.31990151 0.40778703
1778656492.998864 -178606.13667541 -74372.54435203 -8068930.40239397 0.92039066 0.05197075 0.33086251 0.20176735
1778656493.065582 -178615.56676009 -74393.16248930 -8069954.33042109 0.92540406 0.05504396 0.29377404 0.23301140
1778656493.132300 -178639.31385312 -74417.73797093 -8070985.01020006 0.92472814 0.07095657 0.20660924 0.31169802
1778656493.199015 -178662.47015656 -74424.17125152 -8071992.92537590 0.84838968 -0.02990496 0.32384989 0.41768636
1778656493.265731 -178661.08113492 -74462.87831168 -8073029.48655383 0.92487945 0.05264345 0.31217395 0.21065157
1778656493.332447 -178677.07450985 -74479.03470782 -8074054.44378383 0.92798644 0.05424813 0.29043943 0.22703137
1778656493.399162 -178698.02300057 -74506.55915649 -8075087.05327766 0.93124530 0.07689656 0.18623276 0.30362223
1778656493.465878 -178723.24391677 -74511.67395338 -8076093.12776728 0.84646814 -0.03207965 0.31478953 0.42821740
1778656493.532594 -178719.14260867 -74553.03359426 -8077128.62440154 0.91916829 0.03931686 0.31389835 0.23463092
1778656493.599309 -178731.04155846 -74572.11238299 -8078151.77850570 0.91629187 0.03388406 0.30255144 0.26023778
1778656493.666025 -178752.60801301 -74598.09895236 -8079184.03316866 0.92087715 0.06290676 0.19486068 0.33174888
1778656493.732741 -178777.58265493 -74603.88790581 -8080191.56255712 0.83983742 -0.04767288 0.32588815 0.43150588
1778656493.799456 -178775.53503229 -74643.22952081 -8081227.14599758 0.91340919 0.02656948 0.32267452 0.24669592
1778656493.866172 -178789.43841030 -74662.08536698 -8082251.67934809 0.91265528 0.02431698 0.30559152 0.27033841
1778656493.932888 -178810.76771991 -74687.98097748 -8083284.54492551 0.91986252 0.05396588 0.20280025 0.33137996
1778656493.999603 -178837.36686830 -74693.74164546 -8084292.80140107 0.83943917 -0.04983439 0.31837475 0.43760249
1778656494.066319 -178835.64651307 -74734.05976254 -8085330.53258509 0.91685658 0.02656777 0.30232179 0.25936404
1778656494.133034 -178849.69024094 -74751.84755544 -8086353.29725060 0.90720275 0.01195733 0.31424003 0.27945197
1778656494.199750 -178868.61519804 -74780.76884006 -8087387.05837691 0.91418616 0.05164271 0.18551044 0.35662665
1778656494.266466 -178898.30072087 -74783.99236098 -8088395.34539562 0.83357003 -0.05926943 0.31710633 0.44843251
1778656494.333182 -178895.91989738 -74825.09651118 -8089433.17401221 0.91335372 0.01721007 0.30267363 0.27180411
1778656494.399897 -178910.13907086 -74842.18215363 -8090455.83080303 0.90223485 0.00030449 0.32516803 0.28326302
1778656494.466613 -178928.43415117 -74870.74964830 -8091489.42655940 0.91406605 0.04057371 0.20010315 0.35042225
1778656494.533329 -178956.49098562 -74875.63849489 -8092498.48943918 0.83536874 -0.06722353 0.32681709 0.43684167
1778656494.600044 -178955.75853035 -74915.45214712 -8093536.23252136 0.91091655 0.00910635 0.30423154 0.27855211
1778656494.666760 -178971.51497567 -74933.69611812 -8094560.70756415 0.90239599 -0.00325241 0.31108575 0.29815525
1778656494.733476 -178991.27056607 -74961.39655536 -8095594.32581013 0.90958715 0.03478060 0.19323123 0.36620106
1778656494.800191 -179019.24856898 -74967.27491494 -8096604.02051203 0.83303904 -0.07017028 0.31634931 0.44838064
1778656494.866907 -179018.23217417 -75006.86016094 -8097641.37094030 0.90583328 -0.00246383 0.30871777 0.29009194
1778656494.933623 -179033.13903726 -75026.76054386 -8098665.93094249 0.89808850 -0.01246457 0.30575062 0.31590859
1778656495.000338 -179053.18712750 -75053.26370570 -8099698.25583130 0.90186911 0.01930083 0.20586060 0.37931649
1778656495.067054 -179080.76610352 -75060.47650420 -8100709.16193224 0.82878294 -0.07860100 0.31430852 0.45623555
1778656495.133770 -179075.09154788 -75100.56532658 -8101731.95512523 0.84231184 -0.08006138 0.34160180 0.40915662
1778656495.200486 -179095.32808936 -75116.09302111 -8102750.06271885 0.81344349 -0.11048914 0.34846390 0.45240994
1778656495.267202 -179101.90950257 -75154.47455153 -8103798.25069437 0.90061309 0.01537153 0.19753810 0.38683132
1778656495.333919 -179147.54283117 -75146.57296378 -8104807.90530833 0.80738405 -0.09286444 0.29728619 0.50112684
1778656495.400635 -179139.93658754 -75193.97051435 -8105851.10666509 0.90183341 -0.01760048 0.30223189 0.30828980
1778656495.467351 -179161.93034500 -75203.25981902 -8106860.41176816 0.83187358 -0.09343365 0.33539736 0.43216328
1778656495.534067 -179164.98812776 -75244.64178394 -8107903.25396104 0.90291679 0.00052691 0.22438737 0.36659420
1778656495.600783 -179205.58228160 -75241.67754285 -8108913.69970514 0.81475041 -0.09153334 0.29340296 0.49164837
1778656495.667500 -179198.21544443 -75288.35025682 -8109956.83157729 0.90150199 -0.02233782 0.29404721 0.31675137
1778656495.734215 -179220.74399919 -75297.03062503 -8110965.72830199 0.83010381 -0.10190619 0.33927319 0.43062339
1778656495.800932 -179222.19396233 -75339.21504329 -8112009.81409448 0.90605329 -0.00587806 0.23120992 0.35436543
1778656495.867648 -179266.29967885 -75333.75466108 -8113020.08652550 0.81729465 -0.09178999 0.28596165 0.49176212
1778656495.934364 -179257.63606092 -75380.44280117 -8114049.11919947 0.84652676 -0.08322430 0.31168114 0.42346314
1778656496.001081 -179273.19785278 -75398.78431947 -8115065.89023295 0.81009666 -0.13264095 0.35686855 0.44586389
1778656496.067797 -179276.26401245 -75437.41725587 -8116111.53105237 0.89488137 -0.01922609 0.22714542 0.38369603
1778656496.134513 -179328.57307036 -75425.41489975 -8117121.72884102 0.80174688 -0.11295995 0.29156746 0.50934311
1778656496.201229 -179315.17812483 -75478.39115365 -8118168.65624627 0.90059251 -0.03495937 0.29318866 0.31898493
1778656496.267945 -179342.90242028 -75483.57117028 -8119177.23829725 0.82698435 -0.11348516 0.33224367 0.43912657
1778656496.334660 -179341.45040911 -75528.86854665 -8120224.49010743 0.90865488 -0.01104156 0.21249773 0.35926188
1778656496.401376 -179385.14306734 -75523.49782921 -8121233.89142037 0.81995849 -0.10739232 0.29643529 0.47776676
1778656496.468092 -179372.44894117 -75574.16797863 -8122276.31698051 0.89749487 -0.04332223 0.29205740 0.32761047
1778656496.534808 -179400.59919966 -75579.27922270 -8123285.25179011 0.82565111 -0.12165862 0.33705428 0.43576809
1778656496.601523 -179396.79992548 -75626.57894643 -8124329.59835970 0.89630132 -0.02613910 0.21493109 0.38699524
1778656496.668239 -179445.58920582 -75617.84981157 -8125338.57858000 0.80170920 -0.12662224 0.29564655 0.50380779
1778656496.734955 -179427.07388374 -75673.90579745 -8126384.23472333 0.89523048 -0.04918631 0.28235358 0.34120310
1778656496.801670 -179461.02981512 -75674.34959518 -8127392.62036137 0.81797762 -0.13318124 0.33548948 0.44790868
1778656496.868386 -179473.93876575 -75706.33528782 -8128420.94572429 0.82866245 -0.08353504 0.23689286 0.50022217
1778656496.935102 -179485.59385889 -75734.30378635 -8129446.80917961 0.81204281 -0.12643228 0.29602077 0.48679878
1778656497.001817 -179474.26802146 -75776.82982157 -8130486.09375316 0.87837620 -0.07558492 0.30246400 0.36229505
1778656497.068533 -179493.64936345 -75794.15908295 -8131510.03515425 0.86701776 -0.08975287 0.31238713 0.37767566
1778656497.135249 -179511.29220707 -75821.04220487 -8132542.20492154 0.87370342 -0.05980488 0.22897106 0.42501526
1778656497.201965 -179557.06525650 -75817.37087401 -8133553.36806738 0.79360296 -0.14460429 0.29295691 0.51328374
1778656497.268681 -179533.14951878 -75874.94654150 -8134599.58142165 0.88773351 -0.07184637 0.29990861 0.34179253
1778656497.335397 -179576.40731362 -75868.57613660 -8135606.33767587 0.80475098 -0.15687678 0.33680379 0.46295651
1778656497.402114 -179562.03203668 -75924.77140024 -8136655.87216061 0.89391587 -0.04414935 0.20465691 0.39633421
1778656497.468830 -179620.88064826 -75907.65683928 -8137662.44452219 0.78898134 -0.15435589 0.29427021 0.51680533
1778656497.535546 -179591.18409758 -75972.23332683 -8138709.54823836 0.88634022 -0.07891990 0.30340981 0.34075674
1778656497.602263 -179633.84405933 -75966.62604111 -8139716.13046761 0.80264292 -0.16525962 0.34106550 0.46057348
1778656497.668979 -179618.01482836 -76023.92365653 -8140766.31234780 0.89187819 -0.04728480 0.19231823 0.40660931
1778656497.735695 -179679.91681727 -76004.66131622 -8141772.58704326 0.78589238 -0.16378451 0.29678703 0.51717043
1778656497.802412 -179647.16602570 -76071.95318760 -8142820.00039132 0.88452837 -0.08560057 0.29872770 0.34791360
1778656497.869128 -179694.86985724 -76062.67250384 -8143825.79661904 0.79481234 -0.17622810 0.33757888 0.47250132
1778656497.935844 -179673.66158877 -76124.03940655 -8144876.38596677 0.88791536 -0.05628231 0.19244623 0.41400853
1778656498.002561 -179738.59335785 -76102.29755518 -8145882.50061400 0.78149698 -0.17294234 0.29614668 0.52120107
1778656498.069277 -179710.75639773 -76166.32505253 -8146917.73642615 0.83616140 -0.13929051 0.31703674 0.42534689
1778656498.135993 -179747.28956862 -76170.07487497 -8147932.69727593 0.78310932 -0.19172981 0.33504621 0.48756898
1778656498.202709 -179728.20446165 -76226.80541998 -8148983.10931050 0.87254710 -0.07159495 0.19075060 0.44401569
1778656498.269425 -179801.33068252 -76198.97877217 -8149989.38769665 0.76467196 -0.18825966 0.28862305 0.54454736
1778656498.336141 -179766.15496750 -76269.73462325 -8151028.82947884 0.83672511 -0.14445256 0.31641133 0.42297568
1778656498.402857 -179807.70573865 -76268.53520966 -8152042.56931481 0.78025361 -0.20037239 0.33606543 0.48797052
1778656498.469573 -179786.80747968 -76327.20387803 -8153095.13536307 0.87707052 -0.07450191 0.18538292 0.43684086
1778656498.536289 -179860.69091695 -76298.26540574 -8154101.31327048 0.77026465 -0.19181461 0.29048691 0.53433779
1778656498.603005 -179827.17673422 -76368.78014706 -8155141.26881738 0.84168831 -0.14192354 0.29837729 0.42707083
1778656498.669721 -179871.32257314 -76366.01161976 -8156154.67218171 0.77905921 -0.20298701 0.32457633 0.49650098
1778656498.736437 -179847.18315652 -76427.06625933 -8157205.22364609 0.87260130 -0.09310140 0.20742024 0.43229151
1778656498.803153 -179919.42150728 -76399.66146528 -8158211.91628962 0.76772707 -0.20090852 0.29181419 0.53392452
1778656498.869869 -179876.49087088 -76475.48999703 -8159263.74272520 0.87718324 -0.11645199 0.29776088 0.35822751
1778656498.936584 -179934.33219618 -76458.55227013 -8160270.25375493 0.79146342 -0.19968647 0.33057728 0.47374005
1778656499.003300 -179907.16462450 -76526.87355427 -8161324.06287865 0.88655289 -0.08104974 0.17909859 0.41878228
1778656499.070016 -179978.97880653 -76499.68572753 -8162330.27330731 0.78204974 -0.19185327 0.28267845 0.52123261
1778656499.136732 -179936.83082085 -76575.18216170 -8163378.89191206 0.87544127 -0.12336237 0.29812661 0.35986779
1778656499.203448 -179995.65880824 -76557.72862464 -8164384.58597190 0.78710308 -0.20739200 0.32748128 0.47980550
1778656499.270164 -179966.23841857 -76627.97732045 -8165436.58482911 0.87780640 -0.09481954 0.18458740 0.43173218
1778656499.336880 -180042.06186125 -76597.48602859 -8166442.58420580 0.77131719 -0.20144047 0.27306627 0.53844809
1778656499.403596 -180002.60706397 -76673.48662395 -8167484.83052451 0.84421817 -0.15465026 0.28774335 0.42495029
1778656499.470312 -180052.32921328 -76666.14291403 -8168497.07233077 0.77772171 -0.21936739 0.32175772 0.49345604
1778656499.537028 -180052.51853847 -76711.32261058 -8169532.82055290 0.81243227 -0.15172275 0.21288333 0.52116667
1778656499.603744 -180076.82161217 -76729.80450145 -8170557.06793598 0.78314338 -0.20077368 0.27336533 0.52119839
1778656499.670460 -180049.62462449 -76785.81421221 -8171598.29012732 0.84603716 -0.15794754 0.28078233 0.42477638
1778656499.737176 -180121.45916688 -76759.22247175 -8172605.81372977 0.75706921 -0.24032312 0.31787036 0.51773491
1778656499.803892 -180122.72119873 -76805.27270261 -8173638.70278138 0.78724073 -0.17580460 0.21698843 0.54978250
1778656499.870608 -180124.90406511 -76842.63980184 -8174668.88107382 0.78468284 -0.20738107 0.27662877 0.51453130
1778656499.937324 -180105.63147225 -76890.11660777 -8175706.57799460 0.83553594 -0.17263003 0.28118568 0.43933265
1778656500.004039 -180182.51248574 -76860.79419987 -8176715.18332648 0.74776414 -0.25016385 0.30852952 0.53204921
1778656500.070755 -180149.45543430 -76933.21352840 -8177759.88660494 0.82486386 -0.16093525 0.21633855 0.49688741
1778656500.137471 -180207.47050736 -76921.81032034 -8178774.37540028 0.75364603 -0.23978757 0.28573028 0.54118185
1778656500.204187 -180172.53220836 -76987.46791556 -8179812.79984828 0.81590964 -0.19806949 0.29621728 0.45531886
1778656500.270903 -180233.70056269 -76973.72297093 -8180826.81124987 0.74905957 -0.25727899 0.31505176 0.52293372
1778656500.337619 -180213.22590141 -77033.85061887 -8181867.26758421 0.80955643 -0.18375262 0.23043788 0.50769257
1778656500.404335 -180264.82242453 -77029.87538325 -8182885.48418134 0.75171653 -0.24012565 0.26768431 0.55281736
1778656500.471051 -180211.11216995 -77105.89752360 -8183935.38673746 0.84785634 -0.17252909 0.26731849 0.42416289
1778656500.537767 -180306.73815569 -77058.52190095 -8184939.34448515 0.74272778 -0.26691542 0.31257695 0.52858987
1778656500.604483 -180325.12409209 -77080.64953501 -8185966.13622168 0.74368391 -0.26736911 0.31136895 0.52772851
1778656500.671199 -180269.12120038 -77171.58468260 -8187019.08573279 0.85114872 -0.16230991 0.21894954 0.44862284
1778656500.737915 -180302.62081238 -77185.04670728 -8188043.22370217 0.82221038 -0.19300846 0.24890083 0.47409514
1778656500.804631 -180344.04564533 -77189.03847985 -8189059.79714356 0.76995435 -0.24599760 0.29424748 0.50997442
1778656500.871347 -180334.16115342 -77238.46544102 -8190091.92882351 0.79417782 -0.22092950 0.26635824 0.49952481
1778656500.938062 -180375.82029048 -77243.89929255 -8191113.55555192 0.75987154 -0.24293620 0.25730054 0.54531979
1778656501.004778 -180357.67332453 -77296.61612042 -8192148.62780666 0.79354032 -0.22809944 0.27652459 0.49173017
1778656501.071494 -180405.68000103 -77294.86758269 -8193166.99644841 0.74971489 -0.26751639 0.29479760 0.52863687
1778656501.138210 -180386.76520520 -77350.37484388 -8194201.98194384 0.78510666 -0.23937197 0.28358602 0.49587052
1778656501.204927 -180441.55259242 -77345.27587939 -8195221.71439215 0.74010671 -0.26624568 0.26494941 0.55781457
1778656501.271644 -180377.42909447 -77426.68420620 -8196275.56676478 0.84623293 -0.18952679 0.25128556 0.42991276
1778656501.338361 -180493.59179349 -77362.03252253 -8197278.23778347 0.73178729 -0.28553962 0.29372525 0.54468337
1778656501.405078 -180418.83165081 -77470.25864578 -8198334.12856541 0.85023376 -0.18306528 0.22452320 0.43952132
1778656501.471795 -180521.12583575 -77419.17632114 -8199340.54256558 0.74975763 -0.26090909 0.25424152 0.55240491
1778656501.538512 -180435.82325415 -77528.63438192 -8200400.57412108 0.86970581 -0.17662144 0.24525699 0.39021235
1778656501.605229 -180549.75777021 -77463.28823785 -8201399.61275163 0.74983358 -0.27984549 0.30344184 0.51706785
1778656501.671947 -180466.02815301 -77579.15590971 -8202460.02959006 0.87552765 -0.16878974 0.21224282 0.39989293
1778656501.738664 -180585.86799439 -77508.71706555 -8203460.72247271 0.75548914 -0.26389777 0.25845477 0.54110559
1778656501.805381 -180516.93524633 -77615.88899725 -8204507.99050260 0.83315253 -0.21624754 0.28267308 0.42330816
1778656501.872098 -180592.86847574 -77589.65150071 -8205518.42138546 0.75600448 -0.28021436 0.30213759 0.50857646
1778656501.938815 -180522.22500875 -77685.46856787 -8206572.10458700 0.85531422 -0.19256098 0.22779393 0.42363637
1778656502.005533 -180651.15956200 -77607.63051839 -8207574.10931410 0.73265776 -0.28320590 0.25337040 0.56463303
1778656502.072250 -180568.74576383 -77726.14071817 -8208627.17909849 0.83542437 -0.21826305 0.27121133 0.42529023
1778656502.138967 -180660.03379811 -77685.42820899 -8209635.46282481 0.74893400 -0.28896616 0.29614317 0.51758636
1778656502.205684 -180600.50016591 -77779.87717564 -8210683.80707047 0.83026823 -0.21427257 0.22340144 0.46350159
1778656502.272400 -180700.42731344 -77731.96047355 -8211693.00792313 0.73794272 -0.28435674 0.24973856 0.55875973
1778656502.339117 -180617.96021148 -77839.44116807 -8212743.46821088 0.82875095 -0.22953580 0.27568043 0.42951773
1778656502.405833 -180729.91250727 -77779.85115170 -8213749.59325179 0.73011845 -0.30709153 0.29388733 0.53502530
1778656502.472550 -180652.87568910 -77889.98292872 -8214803.40521745 0.83547087 -0.21555403 0.21824324 0.45595480
1778656502.539266 -180767.92967870 -77826.97825327 -8215810.39757391 0.73553097 -0.28640160 0.23625823 0.56670131
1778656502.605982 -180675.71180563 -77945.17448369 -8216865.40109024 0.83927710 -0.22548090 0.26420964 0.41828887
1778656502.672699 -180792.33279424 -77880.00521581 -8217869.35858866 0.73418526 -0.30956635 0.29587107 0.52687852
1778656502.739416 -180710.93050805 -77994.85909602 -8218923.73361293 0.84125025 -0.21966787 0.22458845 0.44000462
1778656502.806132 -180827.29577703 -77931.01846813 -8219929.78512302 0.73494806 -0.30015325 0.25733971 0.55094069
1778656502.872848 -180735.25209614 -78050.32357813 -8220984.55256186 0.84056595 -0.22823158 0.25219006 0.42161524
1778656502.939565 -180853.65541306 -77984.36217405 -8221989.41781785 0.73541134 -0.31171951 0.28891527 0.52775854
1778656503.006281 -180770.35710848 -78100.77975149 -8223042.82258663 0.83707312 -0.22925937 0.22874120 0.44093786
1778656503.072998 -180888.31821992 -78034.83110441 -8224048.52436777 0.72905343 -0.31356777 0.27011865 0.54515344
1778656503.139715 -180800.66767955 -78151.69097970 -8225099.72132746 0.82784865 -0.24566964 0.26958067 0.42619162
1778656503.206431 -180912.44597351 -78094.09041544 -8226108.25038154 0.73325975 -0.31735112 0.28499656 0.52952372
1778656503.273147 -180831.90061096 -78207.54496541 -8227163.14827049 0.83544547 -0.22884591 0.19712910 0.45913019
1778656503.339863 -180952.78999996 -78138.72522600 -8228168.86664625 0.72973063 -0.31119752 0.24755815 0.55620524
1778656503.406579 -180860.33217394 -78259.53528355 -8229221.47488635 0.82831718 -0.24951316 0.26073514 0.42854523
1778656503.473295 -180978.59647135 -78194.05883509 -8230228.27246829 0.72916219 -0.32448563 0.28289026 0.53198184
1778656503.540011 -180900.31667881 -78308.66000384 -8231277.77372547 0.81635414 -0.25748533 0.24291881 0.45635258
1778656503.606728 -181009.59125806 -78253.68066205 -8232287.80167047 0.72436057 -0.32266630 0.25524194 0.55320861
1778656503.673444 -180939.92457048 -78357.00486492 -8233333.58462703 0.80081666 -0.27471721 0.26201828 0.46321652
1778656503.740160 -181022.21632444 -78328.62621991 -8234348.68722642 0.73556586 -0.32511359 0.28245882 0.52293502
1778656503.806876 -180962.54092197 -78419.83222257 -8235394.28313539 0.80386640 -0.26709171 0.22173241 0.48300679
1778656503.873592 -181075.57135533 -78360.83558690 -8236405.02739349 0.71345584 -0.33283417 0.24762402 0.56469861
1778656503.940309 -180981.77973884 -78478.74583984 -8237457.12917090 0.81365809 -0.27000877 0.25451950 0.44752162
1778656504.007025 -181108.08183678 -78406.29216392 -8238464.92843949 0.71366470 -0.34463582 0.28178400 0.54083882
1778656504.073741 -181022.33470607 -78527.95049218 -8239521.60815103 0.82684757 -0.24873541 0.18110601 0.47080188
1778656504.140457 -181135.98160147 -78466.98142521 -8240529.21768028 0.72640566 -0.33447454 0.26543786 0.53852051
1778656504.207173 -181041.83203982 -78585.08290060 -8241579.11370602 0.81914933 -0.27320962 0.26885134 0.42669643
1778656504.273889 -181172.30380563 -78509.84142327 -8242586.79518608 0.71249063 -0.35106686 0.28635052 0.53582884
1778656504.340605 -181082.61700355 -78636.00883450 -8243644.03798923 0.82857308 -0.25376948 0.17895496 0.46587856
1778656504.407321 -181201.06669289 -78570.56338747 -8244651.07945743 0.72599015 -0.33874960 0.26174709 0.53821508
1778656504.474038 -181104.14523264 -78693.33902118 -8245702.23633659 0.81999230 -0.27624332 0.25420596 0.43206665
1778656504.540754 -181168.98809463 -78688.93262776 -8246721.13476486 0.77135640 -0.31103697 0.25862750 0.49130146
1778656504.607470 -181157.17501195 -78743.86355457 -8247761.13203792 0.79768015 -0.27513785 0.17263815 0.50813543
1778656504.674186 -181247.83591240 -78705.93489363 -8248774.56718977 0.72565096 -0.34106468 0.24954840 0.54298358
1778656504.740902 -181155.65669581 -78814.18626658 -8249820.99420837 0.80186916 -0.29646936 0.28394543 0.43415063
1778656504.807619 -181306.55690262 -78716.08814696 -8250827.86854469 0.68186325 -0.38073128 0.28874937 0.55383210
1778656504.874335 -181189.80322257 -78866.55153166 -8251892.93238611 0.83949703 -0.25668692 0.16676990 0.44893692
1778656504.941051 -181337.48346997 -78768.51847732 -8252895.81136385 0.71833203 -0.35076128 0.25217436 0.54531982
1778656505.007767 -181214.46442720 -78918.88781819 -8253952.51272112 0.82938502 -0.28055113 0.27248388 0.39895374
1778656505.074483 -181364.28074126 -78822.13316073 -8254957.00997223 0.70914822 -0.36822534 0.30093966 0.52053263
1778656505.141199 -181256.48733534 -78969.21586061 -8256020.49620077 0.84752694 -0.25657224 0.15782398 0.43699013
1778656505.207915 -181396.87833486 -78878.66822386 -8257023.17183279 0.72650890 -0.35259567 0.26330900 0.52775892
1778656505.274631 -181281.42639713 -79023.50105906 -8258078.34792969 0.83166747 -0.28317670 0.25317048 0.40502455
1778656505.341347 -181366.92032192 -79002.84867355 -8259091.02279657 0.75940818 -0.33519076 0.27338732 0.48601002
1778656505.408063 -181376.07704913 -79048.15095518 -8260126.94409145 0.77289670 -0.30349185 0.16398563 0.53257121
1778656505.474780 -181398.18378468 -79072.61148242 -8261151.50991030 0.74205347 -0.34460712 0.24702259 0.51921327
1778656505.541496 -181346.70251648 -79142.79702627 -8262188.09193412 0.78049412 -0.32477950 0.27889211 0.45559456
1778656505.608212 -181422.38990793 -79130.87182505 -8263207.32054757 0.72965474 -0.35933738 0.27438496 0.51302388
1778656505.674927 -181433.79092585 -79171.32469906 -8264243.30077118 0.75003720 -0.32702382 0.18091931 0.54568106
1778656505.741644 -181456.89225437 -79195.59895519 -8265270.96577575 0.73273936 -0.35123735 0.22839872 0.53624564
1778656505.808360 -181399.50930237 -79267.11402301 -8266308.58366930 0.77255685 -0.33508880 0.28552010 0.45754747
1778656505.875076 -181557.29839960 -79163.63427353 -8267318.53981007 0.65839142 -0.41076652 0.28273789 0.56378266
1778656505.941792 -181410.23661270 -79329.78391429 -8268389.66314200 0.84783774 -0.27495198 0.16003221 0.42421959
1778656506.008508 -181594.38526558 -79187.18018024 -8269388.51188523 0.69976395 -0.38600555 0.28555577 0.52894993
1778656506.075224 -181456.27394050 -79369.51124166 -8270454.57596477 0.84983925 -0.28470511 0.22830434 0.38025436
1778656506.141940 -181556.25033309 -79338.06163021 -8271464.40420401 0.76105959 -0.34649367 0.26494967 0.48013760
1778656506.208658 -181541.45903733 -79404.43447854 -8272505.55833951 0.79033072 -0.30680606 0.14452118 0.51025584
1778656506.275375 -181599.63551218 -79397.97141872 -8273525.02605954 0.74316133 -0.35423067 0.22643360 0.52053789
1778656506.342093 -181542.84764762 -79480.40559483 -8274563.17567276 0.77977786 -0.33684116 0.25307979 0.46307143
1778656506.408811 -181664.71504403 -79414.93466453 -8275577.32779112 0.69853486 -0.39000684 0.26487455 0.53831700
1778656506.475528 -181555.53419896 -79549.66309492 -8276636.48445760 0.81603321 -0.30214051 0.15355887 0.46820998
1778656506.542247 -181719.89755996 -79432.00316339 -8277640.76441053 0.69739155 -0.38954866 0.24451913 0.54964286
1778656506.608964 -181582.86811110 -79599.50275428 -8278700.94393732 0.82019405 -0.31534949 0.24629490 0.40887070
1778656506.675682 -181689.39400240 -79563.85293124 -8279713.20707836 0.74122817 -0.36854160 0.26547275 0.49424903
1778656506.742400 -181631.94692812 -79657.78214374 -8280761.81811389 0.80244874 -0.31444473 0.14713900 0.48533560
1778656506.809118 -181771.14740645 -79569.03150796 -8281769.72664027 0.70110148 -0.39453092 0.25588197 0.53602843
1778656506.875836 -181645.52276158 -79718.30736312 -8282824.56408573 0.80798646 -0.32875132 0.24639195 0.42234046
1778656506.942554 -181757.75872608 -79678.77518306 -8283836.99334668 0.71829791 -0.38782916 0.26903678 0.51113195
1778656507.009272 -181689.63971528 -79778.67916535 -8284888.43666167 0.79899425 -0.32043847 0.13850909 0.48963517
1778656507.075990 -181841.74572143 -79675.21332948 -8285895.42866948 0.69123011 -0.40491735 0.25254943 0.54264322
1778656507.142709 -181711.94103592 -79834.25267554 -8286954.19074314 0.81093253 -0.33101410 0.22223092 0.42828906
1778656507.209426 -181825.41694130 -79792.27862703 -8287965.14608988 0.71624716 -0.39309316 0.26302009 0.51311617
1778656507.276144 -181754.44710375 -79895.00430985 -8289016.90164815 0.79847400 -0.32745733 0.14038465 0.48528664
1778656507.342862 -181905.78713133 -79790.86029654 -8290025.14788276 0.69876237 -0.40395948 0.24884082 0.53537476
1778656507.409579 -181776.43916545 -79949.83075479 -8291082.50832724 0.80747532 -0.33990408 0.23726965 0.41970458
1778656507.476297 -181889.40587141 -79908.50253644 -8292094.58740781 0.71905434 -0.39567748 0.25975175 0.50885088
1778656507.543015 -181820.17224728 -80011.30045060 -8293143.02028810 0.78706187 -0.34609294 0.16814624 0.48216193
1778656507.609733 -181972.94027805 -79906.89550061 -8294152.03552058 0.68031872 -0.42103174 0.26101293 0.54015827
1778656507.676451 -181833.38943406 -80073.26230833 -8295211.69521706 0.80864119 -0.34393700 0.22059073 0.42325700
1778656507.743168 -181961.60966398 -80017.86590354 -8296221.53759315 0.70588076 -0.40945112 0.27266546 0.50964270
1778656507.809886 -181913.87148656 -80109.91246558 -8297267.14194497 0.77357607 -0.36407299 0.18590512 0.48422125
1778656507.876604 -182019.42945278 -80060.75586362 -8298284.16304732 0.70042580 -0.40891917 0.21600994 0.54362534
1778656507.943322 -181908.54817059 -80191.34616994 -8299335.47395310 0.78473503 -0.36233831 0.21701717 0.45365783
1778656508.010040 -182028.58110521 -80141.31213789 -8300349.16404927 0.70228336 -0.41169194 0.25245140 0.52304505
1778656508.076758 -181980.41108836 -80230.49052258 -8301394.94484873 0.76840962 -0.36778557 0.18816415 0.48874807
1778656508.143476 -182076.97680119 -80190.00337058 -8302415.72508856 0.71508702 -0.40162010 0.21822793 0.52889357
1778656508.210193 -182098.91431205 -80215.83690437 -8303447.83134345 0.71589205 -0.40192829 0.21741491 0.52790433
1778656508.276909 -182015.17063937 -80328.81292314 -8304490.97930905 0.76063033 -0.38013400 0.23795406 0.46937991
1778656508.343626 -182104.42293393 -80305.73961981 -8305511.85918038 0.71594790 -0.40441541 0.22078916 0.52451780
1778656508.410343 -182080.73146228 -80374.61799962 -8306550.87856457 0.74209251 -0.38758963 0.19399202 0.51131212
1778656508.477061 -182096.85961409 -80402.21408551 -8307577.72330331 0.72582786 -0.40372313 0.26281346 0.49103018
1778656508.543778 -182116.25069441 -80434.15586426 -8308605.43761664 0.70549653 -0.41598596 0.26681980 0.50797393
1778656508.610495 -182180.29690862 -80428.98443209 -8309632.88149314 0.68603692 -0.42407977 0.22289961 0.54756319
1778656508.677212 -182124.24227956 -80516.00655727 -8310676.11990909 0.74133019 -0.39342611 0.20310549 0.50437447
1778656508.743929 -182181.40460988 -80515.57364559 -8311700.23869244 0.70811478 -0.41742905 0.25195353 0.51073071
1778656508.810646 -182185.62817666 -80558.43643776 -8312730.19165217 0.69734306 -0.42511522 0.27486889 0.50738230
1778656508.877363 -182189.97228305 -80600.29989924 -8313767.14592584 0.72772273 -0.40518140 0.21170253 0.51130197
1778656508.944080 -182229.83200989 -80616.67988972 -8314798.00160177 0.71459143 -0.41137480 0.19946574 0.52947454
1778656509.010797 -182236.23033001 -80653.81874056 -8315827.86437643 0.70770079 -0.42165343 0.26047047 0.50351079
1778656509.077514 -182279.60241429 -80666.07143305 -8316854.61551017 0.67790538 -0.43938827 0.26730826 0.52528901
1778656509.144231 -182258.44514461 -80727.89609457 -8317893.87204217 0.72507810 -0.41107877 0.21287235 0.50986406
1778656509.210948 -182304.51410995 -80739.81994392 -8318926.53623563 0.71725201 -0.41012077 0.17126267 0.53667459
1778656509.277663 -182271.74898747 -80804.58294416 -8319962.60301121 0.73126242 -0.41148811 0.23395120 0.49112080
1778656509.344380 -182341.31843647 -80795.98819614 -8320984.51385357 0.68439159 -0.43933994 0.26891829 0.51601504
1778656509.411096 -182331.63502352 -80852.36741594 -8322022.12829290 0.71915513 -0.41792967 0.20922379 0.51417515
1778656509.477812 -182357.59122778 -80879.48391690 -8323055.87190435 0.71895415 -0.41582402 0.18416964 0.52562045
1778656509.544528 -182347.44828726 -80927.64784804 -8324088.78885424 0.72321544 -0.42015315 0.24039399 0.49258654
1778656509.611244 -182402.69755359 -80932.74683685 -8325114.32638383 0.68738501 -0.44037195 0.24598243 0.52255817
1778656509.677960 -182397.83575108 -80982.87497958 -8326150.06857451 0.71285193 -0.42636236 0.21937208 0.51179405
1778656509.744676 -182457.92127523 -80979.89680348 -8327178.16646550 0.69003863 -0.43890266 0.21791617 0.53265720
1778656509.811392 -182392.38744008 -81068.35789737 -8328218.24747960 0.73244245 -0.41881662 0.25983024 0.46969026
1778656509.878108 -182491.39885570 -81040.16713360 -8329241.92900490 0.67966975 -0.44792248 0.24238285 0.52788733
1778656509.944824 -182444.23172385 -81125.22404287 -8330286.15544688 0.74057189 -0.41332502 0.18721551 0.49564711
1778656510.011540 -182516.47541714 -81114.55100015 -8331313.50259499 0.71279936 -0.42825481 0.18912056 0.52225310
1778656510.078256 -182483.02930201 -81184.16433543 -8332349.72255736 0.72883484 -0.42458017 0.23863321 0.48123346
1778656510.144972 -182536.48836710 -81191.09366052 -8333375.43944934 0.69442344 -0.44353199 0.24236457 0.51216685
1778656510.211688 -182535.09962894 -81238.51641165 -8334410.58388491 0.71493451 -0.43338659 0.22535898 0.50025797
1778656510.278404 -182544.74777324 -81277.36340647 -8335447.30653014 0.72768131 -0.42598136 0.19691752 0.50024322
1778656510.345120 -182566.08482996 -81304.75673073 -8336476.79186497 0.71284648 -0.43669560 0.24338883 0.49184217
1778656510.411836 -182615.13950483 -81313.17239044 -8337504.19641077 0.68418217 -0.45247711 0.24972520 0.51458385
1778656510.478552 -182593.94588069 -81376.90428530 -8338541.07003534 0.71267017 -0.43819746 0.22930042 0.49749927
1778656510.545268 -182685.73636258 -81346.46389165 -8339566.75368466 0.66966911 -0.45919542 0.20815699 0.54530131
1778656510.611983 -182590.74914140 -81461.91677725 -8340612.29849832 0.73796784 -0.42713223 0.23539948 0.46642107
1778656510.678699 -182711.84465884 -81412.36969879 -8341633.53995048 0.67364661 -0.46128436 0.24256426 0.52400339
1778656510.745415 -182664.33854066 -81502.24186137 -8342675.74574887 0.72807629 -0.43407288 0.21789319 0.48374395
1778656510.812131 -182711.88496159 -81514.27529226 -8343706.38085539 0.71107726 -0.44235317 0.20039858 0.50846161
1778656510.878847 -182676.44872084 -81581.50224918 -8344741.20356157 0.72400200 -0.43755114 0.25519569 0.46823634
1778656510.945563 -182757.04617603 -81567.45015799 -8345764.66630920 0.67423470 -0.46379627 0.26760736 0.50861271
1778656511.012279 -182733.16735684 -81636.65341049 -8346805.58664348 0.72070325 -0.44037382 0.19953113 0.49683504
1778656511.078995 -182783.01752391 -81645.87482743 -8347837.45027325 0.70720972 -0.44679713 0.18488470 0.51579491
1778656511.145710 -182774.99176914 -81695.60875522 -8348868.81068798 0.70213439 -0.45220330 0.25733853 0.48610324
1778656511.212428 -182831.56345284 -81697.46405184 -8349896.36155197 0.67437978 -0.46728848 0.25634166 0.51102089
1778656511.279145 -182799.11288913 -81771.10903107 -8350936.11721421 0.71545697 -0.44774509 0.21858790 0.48976014
1778656511.345862 -182862.59932770 -81771.17347746 -8351966.12887022 0.69181363 -0.45873861 0.19487248 0.52247249
1778656511.412579 -182834.63817675 -81836.20141131 -8353000.74802028 0.70371384 -0.45474933 0.25558726 0.48235364
1778656511.479297 -182880.88626265 -81848.98895422 -8354030.73550938 0.68921103 -0.46331633 0.24324620 0.50115609
1778656511.546014 -182902.97269145 -81880.56562816 -8355063.85346074 0.68848311 -0.46456133 0.23071936 0.50689482
1778656511.612731 -182924.19150582 -81913.37660461 -8356098.11117094 0.69260611 -0.46252394 0.20246151 0.51514825
1778656511.679449 -182924.36479734 -81956.54595436 -8357130.32235538 0.69265345 -0.46344299 0.25890203 0.48828428
1778656511.746166 -182940.66218853 -81992.53456113 -8358164.64945392 0.69873372 -0.46209393 0.23015287 0.49524746
1778656511.812883 -182998.60776172 -81994.02606525 -8359192.70014058 0.66469070 -0.47902495 0.24381643 0.51891707
1778656511.879601 -182966.96652727 -82069.56207708 -8360236.02855095 0.71770813 -0.45236463 0.16821625 0.50196073
1778656511.946318 -182995.12392199 -82088.25834996 -8361263.89702259 0.69510318 -0.46428504 0.27230082 0.47657448
1778656512.013035 -183047.04170660 -82097.55210321 -8362294.57480694 0.67790887 -0.47535862 0.23360546 0.50980609
1778656512.079752 -183016.51976468 -82168.90142925 -8363332.33459703 0.70564528 -0.46297669 0.23217567 0.48354088
1778656512.146470 -183089.08915400 -82162.60965001 -8364364.45653748 0.68973459 -0.46894206 0.17042274 0.52470528
1778656512.213186 -183036.46752203 -82244.29807919 -8365399.59975780 0.70140675 -0.46415486 0.26993217 0.46874882
1778656512.279902 -183133.58268908 -82218.09258411 -8366426.58574058 0.66533031 -0.48427366 0.22859907 0.52015100
1778656512.346619 -183080.21885329 -82308.05846518 -8367467.04974429 0.70918102 -0.46442996 0.23048852 0.47774693
1778656512.413335 -183167.51677995 -82287.94908023 -8368498.98665807 0.69293000 -0.47200477 0.17925631 0.51471029
1778656512.480051 -183101.14808192 -82378.88080109 -8369535.84869722 0.71430477 -0.45994702 0.27602910 0.44947233
1778656512.546767 -183213.32322102 -82340.39223303 -8370562.61244427 0.66861921 -0.48570939 0.23468872 0.51181632
1778656512.613484 -183146.48211286 -82443.19499603 -8371605.72347683 0.72369324 -0.46121847 0.21782159 0.46486489
1778656512.680200 -183257.44737689 -82402.89991421 -8372634.35456031 0.68645423 -0.47708887 0.16538450 0.52327314
1778656512.746916 -183159.77215185 -82519.12119839 -8373675.60985114 0.72651269 -0.45851238 0.25992837 0.44088881
1778656512.813632 -183292.91342275 -82460.41831273 -8374699.77918790 0.67070083 -0.48691613 0.25274336 0.49919322
1778656512.880349 -183213.81659221 -82577.28935453 -8375746.60495396 0.73981967 -0.45769463 0.19615139 0.45244570
1778656512.947065 -183328.59740122 -82532.15715326 -8376768.08930292 0.66830858 -0.48982758 0.23629445 0.50754065
1778656513.013781 -183233.86978174 -82649.13023317 -8377809.91750299 0.72600986 -0.46067475 0.26681203 0.43531574
1778656513.080497 -183370.61886330 -82587.57265719 -8378834.85904204 0.66196111 -0.49323712 0.25730679 0.50231250
1778656513.147214 -183287.74039798 -82708.72325844 -8379881.29936816 0.73219072 -0.46419200 0.20496140 0.45432737
1778656513.213930 -183407.83348241 -82659.21094341 -8380905.43080264 0.67069338 -0.49212008 0.21503962 0.51161135
1778656513.280646 -183308.97477558 -82780.48785406 -8381948.32132727 0.72760805 -0.46408808 0.25693665 0.43496246
1778656513.347362 -183446.73385033 -82717.90741251 -8382970.48160119 0.64885392 -0.50000537 0.27513275 0.50327446
1778656513.414077 -183350.98125041 -82844.13915087 -8384017.68005305 0.73603962 -0.46475192 0.22593159 0.43727137
1778656513.480793 -183493.13519098 -82776.39191415 -8385041.44231010 0.65907348 -0.49987909 0.22516455 0.51482421
1778656513.547509 -183375.35194593 -82914.86710686 -8386086.09736402 0.72979652 -0.46504421 0.26245576 0.42690502
1778656513.614225 -183530.14027973 -82836.03847008 -8387107.61394097 0.64231229 -0.50435157 0.28395843 0.50242613
1778656513.680941 -183420.52114089 -82976.29037886 -8388156.16774014 0.73862108 -0.46654490 0.22640203 0.43071671
1778656513.747657 -183577.62650460 -82893.45452029 -8389178.60613901 0.65173292 -0.50564729 0.22929576 0.51670928
1778656513.814373 -183440.03408446 -83047.35942046 -8390225.84764086 0.73760879 -0.46280093 0.27030736 0.41070975
1778656513.881089 -183662.03896303 -82866.70929634 -8391244.76761687 0.60122484 -0.52412025 0.29295371 0.52726159
1778656513.947805 -183429.04903795 -83118.37182209 -8392312.33837078 0.79450863 -0.44730886 0.19006563 0.36406852
1778656514.014521 -183689.45623124 -82924.72175734 -8393322.86671186 0.62192197 -0.51462044 0.29618398 0.51054277
1778656514.081237 -183476.16560973 -83168.97346520 -8394385.84593524 0.79233729 -0.44461749 0.23454904 0.34569301
1778656514.147952 -183707.41447210 -83013.18243560 -8395399.35730843 0.65027570 -0.49861917 0.32003989 0.47549438
1778656514.214669 -183551.48806713 -83217.26446455 -8396455.72780651 0.78364758 -0.45452396 0.20247187 0.37189995
1778656514.281385 -183736.61546726 -83105.07425991 -8397469.97108015 0.66230844 -0.50304154 0.26403877 0.48844679
1778656514.348101 -183591.04016281 -83280.00406144 -8398517.87150199 0.75334250 -0.46179257 0.26273897 0.38754476
1778656514.414817 -183762.17040724 -83185.74591500 -8399537.24950264 0.65368595 -0.50332985 0.29722303 0.48063730
1778656514.481533 -183658.59820793 -83334.88420828 -8400587.20231121 0.74821781 -0.47366787 0.19509236 0.42160151
1778656514.548249 -183794.40526534 -83269.95367883 -8401608.79201847 0.66947051 -0.50545389 0.23370208 0.49163903
1778656514.614966 -183673.88105880 -83407.63484957 -8402651.86781783 0.73015484 -0.47114584 0.28673914 0.40333135
1778656514.681682 -183836.46323320 -83324.59653537 -8403677.31547455 0.65330602 -0.50881672 0.27884065 0.48635859
1778656514.748398 -183735.37660269 -83466.05572689 -8404724.39961455 0.73535672 -0.48064394 0.21778489 0.42520776
1778656514.815114 -183871.55235072 -83402.41715441 -8405747.59337196 0.65951719 -0.51137599 0.24270315 0.49459767
1778656514.881830 -183763.27351969 -83535.70679241 -8406791.24665819 0.72475488 -0.47965473 0.26908448 0.41503643
1778656514.948546 -183906.93388077 -83467.23642737 -8407815.97665880 0.65019398 -0.50999966 0.29146624 0.48186675
1778656515.015262 -183818.34900871 -83596.22829196 -8408860.70374097 0.72029155 -0.48908929 0.22539407 0.43722907
1778656515.081979 -183952.79756841 -83534.88657790 -8409886.54615583 0.65348344 -0.51732783 0.23003243 0.50241058
1778656515.148695 -183839.44514023 -83670.21232863 -8410928.47037723 0.71187359 -0.48496724 0.28561243 0.42008131
1778656515.215411 -184001.26510043 -83586.13500943 -8411953.67227710 0.62913681 -0.52402161 0.27383014 0.50458426
1778656515.282127 -183889.17916691 -83733.61215860 -8413004.24635063 0.73311068 -0.48841486 0.20955908 0.42436382
1778656515.348844 -184038.83614542 -83656.61612631 -8414026.55557178 0.64767581 -0.52053110 0.24667836 0.49871154
1778656515.415560 -183916.63980422 -83803.12156066 -8415070.19440812 0.71434116 -0.48694940 0.28123348 0.41653897
1778656515.482276 -184083.06757955 -83712.11600683 -8416097.38630390 0.64145142 -0.52123000 0.27206605 0.49278741
1778656515.548993 -183971.29712635 -83863.63135108 -8417149.61533803 0.74092097 -0.48940528 0.19271218 0.41758904
1778656515.615709 -184113.07131128 -83792.14398191 -8418170.29088111 0.65403863 -0.51731153 0.26852514 0.48219964
1778656515.682425 -183999.25747893 -83931.80882459 -8419212.27182958 0.71552685 -0.48662116 0.29159051 0.40767162
1778656515.749142 -184162.97320738 -83846.64527528 -8420238.37260589 0.63282971 -0.52645542 0.27458551 0.49696484
1778656515.815858 -184050.78373931 -83995.86589567 -8421287.82428723 0.72922146 -0.49477423 0.21867761 0.41906399
1778656515.882575 -184224.23611182 -83883.31106241 -8422308.60147735 0.62311053 -0.52964194 0.28301689 0.50111289
1778656515.949291 -184048.67262535 -84075.15688140 -8423361.07659317 0.74086737 -0.48446997 0.25963838 0.38599521
1778656516.016007 -184274.41718419 -83918.85175268 -8424383.10264822 0.61854415 -0.53184068 0.28804716 0.50157498
1778656516.082724 -184078.35273945 -84140.32492818 -8425445.53901920 0.77003628 -0.48486200 0.18006088 0.37353854
1778656516.149440 -184319.97629047 -83960.18790459 -8426458.93254836 0.61999919 -0.52818998 0.30522989 0.49340760
1778656516.216157 -184097.87970325 -84202.64989660 -8427519.60621230 0.77348383 -0.47750047 0.23435603 0.34466405
1778656516.282874 -184360.54998394 -84003.96634597 -8428537.27139894 0.62457019 -0.52436106 0.31881284 0.48302788
1778656516.349590 -184386.95638312 -84030.86188094 -8429574.55776968 0.63319314 -0.51526278 0.32552288 0.47708026
1778656516.416307 -184180.40802166 -84275.51719785 -8430635.64376243 0.78124099 -0.48098899 0.18428635 0.35263388
1778656516.483024 -184369.41080392 -84166.81910343 -8431648.87681941 0.67186718 -0.46727601 0.41632067 0.39613726
1778656516.549741 -184285.36800022 -84309.68928217 -8432692.44476876 0.74187889 -0.48625596 0.26333355 0.37924436
1778656516.616457 -184411.40308699 -84260.57177224 -8433719.66064969 0.67558496 -0.51767063 0.24840187 0.46249172
1778656516.683174 -184357.22110008 -84369.79283990 -8434762.99099259 0.71236209 -0.51036065 0.18158026 0.44620720
1778656516.749891 -184396.29616997 -84379.54797259 -8435788.41749017 0.68248553 -0.50027926 0.32012235 0.42597634
1778656516.816608 -184425.08179425 -84414.34052485 -8436821.26418033 0.66793982 -0.51559011 0.28469077 0.45494439
1778656516.883325 -184455.57201980 -84445.42054183 -8437861.72221321 0.68855639 -0.52010484 0.20274272 0.46290003
1778656516.950042 -184447.52462483 -84498.40062573 -8438896.11074614 0.68498063 -0.51193500 0.27371024 0.44023494
1778656517.016758 -184470.15484115 -84527.97481259 -8439927.83369085 0.67570796 -0.50612441 0.31618190 0.43276534
1778656517.083475 -184522.36330136 -84542.73594428 -8440961.61263710 0.65564744 -0.52353323 0.28018960 0.46640453
1778656517.150192 -184525.01096023 -84595.78585220 -8442002.85807304 0.68663858 -0.52177859 0.21766922 0.45704996
1778656517.216908 -184544.36170672 -84628.13310954 -8443035.62601473 0.67207820 -0.51766747 0.28086598 0.44882690
1778656517.283624 -184532.38293333 -84680.12206436 -8444069.96978389 0.68310154 -0.49933182 0.33382415 0.41545332
1778656517.350341 -184627.39753274 -84658.92250841 -8445101.57163643 0.63492228 -0.52782425 0.30626320 0.47379121
1778656517.417057 -184571.81490920 -84758.00064674 -8446149.47905217 0.70975005 -0.51496407 0.22055212 0.42711080
1778656517.483773 -184674.02767182 -84725.96557491 -8447177.93691992 0.65487749 -0.53218512 0.25029274 0.47462408
1778656517.550489 -184587.78722887 -84837.94185410 -8448218.44334911 0.69985049 -0.50462148 0.29800539 0.40836167
1778656517.617206 -184743.90529987 -84753.28871007 -8449245.60293502 0.61940745 -0.53149290 0.32287939 0.47916449
1778656517.683922 -184615.02059616 -84914.96441894 -8450299.29362757 0.73373324 -0.50951430 0.21139511 0.39666462
1778656517.750638 -184791.69420239 -84813.36563395 -8451321.38113790 0.63089690 -0.53649859 0.28523988 0.48246925
1778656517.817354 -184632.06243440 -84988.77950098 -8452371.79539172 0.73130603 -0.50067768 0.26868864 0.37725291
1778656517.884070 -184834.76642248 -84867.36409512 -8453395.12344465 0.62405810 -0.52831905 0.33181701 0.47045504
1778656517.950786 -184688.01305894 -85049.74934637 -8454454.66413132 0.75698122 -0.50721900 0.17693455 0.37202483
1778656518.017503 -184874.92821881 -84937.80155574 -8455471.61237521 0.63483582 -0.53056738 0.30983416 0.46849177
1778656518.084219 -184711.40499147 -85120.99213470 -8456523.24716090 0.74029700 -0.50211403 0.25636760 0.36622058
1778656518.150935 -184924.77980358 -84985.62014385 -8457544.35861727 0.61854790 -0.53066324 0.33560356 0.47240372
1778656518.217651 -184739.02134140 -85191.43568986 -8458605.22679006 0.76291824 -0.50629244 0.18965444 0.35447836
1778656518.284368 -184980.34383959 -85019.05071158 -8459622.91280821 0.62386955 -0.53339459 0.32041882 0.47287290
1778656518.351084 -184745.87900743 -85261.61695740 -8460682.82854952 0.76419388 -0.49988822 0.23164334 0.33535180
1778656518.417801 -185027.63263851 -85048.72672823 -8461700.31628269 0.60316743 -0.52476699 0.37393025 0.47009024
1778656518.484517 -184745.77563981 -85325.88978834 -8462773.44836273 0.79560472 -0.50182243 0.14750106 0.30566455
1778656518.551234 -185077.88925319 -85036.25627501 -8463786.03800062 0.59860705 -0.52100588 0.38820341 0.46853023
1778656518.617950 -184737.47690694 -85375.59064240 -8464864.28223943 0.81167805 -0.49347103 0.17848349 0.25653212
1778656518.684666 -185095.86170569 -85085.40607683 -8465879.44925393 0.61555025 -0.45724334 0.49465549 0.40907502
1778656518.751383 -184791.52613868 -85420.64763423 -8466966.21396849 0.82608501 -0.49922561 0.05671048 0.25522786
1778656518.818099 -185099.09749904 -85208.41407986 -8467975.12427557 0.71016442 -0.42244220 0.47202266 0.30725183
1778656518.884816 -184922.77538458 -85457.86091648 -8469031.76400101 0.80585301 -0.49342027 0.20087106 0.25843408
1778656518.951532 -185082.04668980 -85381.95108642 -8470041.72473762 0.71199063 -0.46163174 0.40991000 0.33457327
1778656519.018249 -185040.04448056 -85493.67625425 -8471086.48273253 0.76062567 -0.51003223 0.21141981 0.34149286
1778656519.084965 -185131.69179156 -85470.78140315 -8472110.68377796 0.69662637 -0.52283543 0.26880834 0.41121393
1778656519.151682 -185049.77053808 -85584.06623281 -8473148.99387108 0.72564022 -0.50564136 0.29153828 0.36438788
1778656519.218398 -185178.59371031 -85529.13717897 -8474172.63857963 0.65056183 -0.50748364 0.37494540 0.42266489
1778656519.285115 -185071.88010712 -85663.58696462 -8475222.64632617 0.74235394 -0.50818322 0.26034576 0.35054319
1778656519.351832 -185264.42602703 -85551.36676625 -8476246.82382964 0.62874815 -0.54477672 0.28721512 0.47476475
1778656519.418549 -185057.54937693 -85753.43737205 -8477300.10367617 0.74170857 -0.50553336 0.27416731 0.34516185
1778656519.485265 -185314.70605359 -85579.02159779 -8478321.24391375 0.60386588 -0.51830072 0.39676319 0.45748152
1778656519.551982 -185058.75677460 -85823.10764661 -8479390.24092908 0.78608378 -0.50854801 0.18697841 0.29747318
1778656519.618699 -185386.60987395 -85533.35062866 -8480407.21585046 0.58417460 -0.53849480 0.36515207 0.48520857
1778656519.685415 -185005.60934157 -85876.89994565 -8481488.06110175 0.80808677 -0.50192216 0.18602731 0.24589379
1778656519.752132 -185315.48682866 -85721.69027936 -8482506.16616443 0.68121610 -0.26361785 0.64018552 0.23793435
1778656519.818849 -185231.92659939 -85891.38836084 -8483563.45197386 0.79178252 -0.50316729 0.19375175 0.28699019
1778656519.885566 -185360.63843270 -85842.48425027 -8484582.29439214 0.71152633 -0.51112927 0.29645472 0.38025222
1778656519.952282 -185266.95242145 -85969.96428760 -8485619.71892510 0.73800406 -0.49828375 0.30335237 0.33917643
1778656520.018999 -185384.76986362 -85926.42311504 -8486643.06901563 0.66836046 -0.48595278 0.40710823 0.38911064
1778656520.085716 -185325.84555225 -86032.99957081 -8487689.54960575 0.73115320 -0.50907692 0.27957225 0.35790368
1778656520.152432 -185469.88429090 -85965.60479712 -8488717.44473589 0.64753668 -0.53799041 0.29158813 0.45413536
1778656520.219149 -185299.71623737 -86133.47672139 -8489765.83291382 0.73656969 -0.49883691 0.30671358 0.33845768
1778656520.285865 -185502.39225256 -86025.04265512 -8490789.73331798 0.63372155 -0.49693926 0.41705844 0.42132010
1778656520.352582 -185351.80775658 -86197.65351024 -8491846.96303913 0.75799775 -0.50809627 0.24770123 0.32545612
1778656520.419298 -185587.01931640 -86039.41310625 -8492868.47390358 0.61451627 -0.54405883 0.31647458 0.47561916
1778656520.486014 -185301.29238947 -86286.57502575 -8493930.58501982 0.76681362 -0.50278120 0.25806058 0.30432330
1778656520.552731 -185636.20565053 -86028.14761290 -8494952.29223771 0.59058700 -0.48862692 0.46648784 0.44140665
1778656520.619447 -185272.61397548 -86340.17799934 -8496037.49739972 0.81576202 -0.51189386 0.11142982 0.24511302
1778656520.686164 -185390.71152849 -86292.09182977 -8497053.82070326 0.72786701 -0.04245345 0.68440074 0.00171835
1778656520.752880 -185507.33446848 -86307.76032505 -8498092.40427691 0.74302144 -0.32352793 0.55355617 0.19189679
1778656520.819596 -185452.55159782 -86398.66265010 -8499125.08155576 0.77587545 -0.38878521 0.45840704 0.19164116
1778656520.886313 -185488.17754434 -86421.15690178 -8500159.13818339 0.76489826 -0.37382816 0.48578295 0.19798504
1778656520.953029 -185546.45294090 -86442.44153669 -8501195.50734283 0.74104723 -0.41577400 0.45417008 0.26778820
1778656521.019745 -185466.44470769 -86522.67468590 -8502230.32721642 0.76603284 -0.38139775 0.47562282 0.20374588
1778656521.086462 -185430.66382780 -86552.57965091 -8503263.49564526 0.75507436 -0.25733656 0.59051631 0.12219285
1778656521.153178 -185463.90496637 -86578.86900515 -8504305.79929154 0.75431463 -0.24569769 0.59767556 0.11587070
1778656521.219895 -185535.80350980 -86597.69987113 -8505344.96086913 0.72930645 -0.28660001 0.59117072 0.19102281
1778656521.286612 -185472.90727903 -86669.26990173 -8506384.56820307 0.77416356 -0.31971338 0.52756012 0.14189595
1778656521.353328 -185366.06521920 -86690.22661378 -8507418.99856283 0.75034694 -0.10358377 0.65287368 -0.00241447
1778656521.420045 -185185.36141612 -86628.61807310 -8508467.32656693 0.68718556 0.18493831 0.64594892 -0.27626768
1778656521.486762 -185066.06844618 -86395.46926893 -8509542.08210600 -0.24223878 -0.49366527 -0.37865830 0.74446818
1778656521.553478 -185066.02807004 -86449.43193173 -8510675.67330352 0.09203151 -0.55043149 -0.22013218 0.80006075
1778656521.620195 -185053.64497157 -86401.91458612 -8511776.30937704 0.11863619 -0.59093144 -0.16147085 0.78144267
1778656521.686911 -185063.71862266 -86291.75127765 -8512878.98487428 0.35285909 -0.58527487 -0.05697413 0.72780336
1778656521.753628 -185109.38549453 -86236.37353846 -8514008.75266569 0.44433836 -0.51650764 -0.14382206 0.71770363
1778656521.820345 -185226.26504187 -86186.86956675 -8515139.80870781 0.54815558 -0.55152597 -0.01876079 0.62848436
1778656521.887061 -185251.69884947 -86369.18157169 -8516261.74186742 0.41760849 -0.35743394 -0.32516359 0.76948864
1778656521.953778 -185191.20217082 -86368.20660663 -8517347.50846272 0.26444958 -0.39382726 -0.31866833 0.82061989
1778656522.020495 -185187.17181579 -86331.73683718 -8518426.20627874 0.26426734 -0.48508302 -0.23497803 0.79977657
1778656522.087211 -185218.09732266 -86265.43864932 -8519515.62313600 0.53994372 -0.55832779 0.00711790 0.62982552
1778656522.153928 -185199.32295112 -86341.73343269 -8520620.99885086 0.50032765 -0.45784817 -0.20995524 0.70424860
1778656522.220644 -185191.72596509 -86344.96447205 -8521707.42310312 0.45287819 -0.50084522 -0.15553085 0.72101703
1778656522.287361 -185183.21747384 -86337.86360918 -8522793.08517963 0.46999022 -0.47724450 -0.18580382 0.71890460
1778656522.354077 -185176.17136648 -86259.69783054 -8523879.31801691 0.52294470 -0.54465556 -0.04383071 0.65418501
1778656522.420794 -185186.56168468 -86296.78293475 -8524976.10607710 0.63721452 -0.52112610 -0.02908793 0.56704421
1778656522.487510 -185156.09078006 -86308.03615711 -8526059.84356341 0.61995406 -0.51441631 -0.04016145 0.59111748
1778656522.554226 -185177.39966590 -86312.64553792 -8527146.56210872 0.56515158 -0.38157772 -0.26454074 0.68192400
1778656522.620943 -185154.00249627 -86308.21379844 -8528238.82290207 0.40846789 -0.44976246 -0.21368878 0.76498681
1778656522.687659 -185169.82254803 -86311.95662625 -8529319.18274248 0.44355984 -0.51843608 -0.09614746 0.72473055
1778656522.754375 -185129.29304593 -86265.56186623 -8530389.72499654 0.60806675 -0.52925578 0.04673307 0.58988064
1778656522.821092 -185161.60180794 -86313.45470370 -8531470.86175207 0.54034940 -0.37642358 -0.23721307 0.71418329
1778656522.887808 -185135.35450435 -86320.16323624 -8532549.92867988 0.38119893 -0.43489565 -0.20851541 0.78871698
1778656522.954525 -185120.10984437 -86258.04496967 -8533613.67735604 0.46385810 -0.56082280 0.04298423 0.68444562
1778656523.021241 -185120.40464824 -86262.21781430 -8534698.12955251 0.64656723 -0.50623020 0.05437387 0.56808915
1778656523.087958 -185103.19437900 -86303.95839572 -8535776.97173050 0.28735549 -0.42672898 -0.23105254 0.82579896
1778656523.154675 -185157.89540036 -86190.48811102 -8536827.56817333 0.59324033 -0.53926712 0.24976948 0.54302125
1778656523.221393 -185132.65495567 -86336.71092291 -8537922.80854138 0.66921019 -0.48663651 0.04228419 0.55995953
1778656523.288111 -185069.68143920 -86325.65802699 -8538994.92033246 0.52717830 -0.52432639 0.02337727 0.66829513
1778656523.354829 -185034.50254107 -86243.24758890 -8540047.83298400 0.34749825 -0.53169399 -0.08269627 0.76792434
1778656523.421547 -185091.15619963 -86158.63717836 -8541122.12541413 0.56210211 -0.55074023 0.17239351 0.59245834
1778656523.488265 -185075.16451238 -86312.32541243 -8542229.17214093 0.40299248 -0.37856785 -0.22553439 0.80213321
1778656523.554983 -185061.73329260 -86290.27288816 -8543300.34927742 0.33666763 -0.47776089 -0.14144795 0.79899432
1778656523.621701 -185062.20485203 -86187.13571765 -8544365.83952746 0.48061400 -0.56788937 0.11161913 0.65882700
1778656523.688419 -185118.64367372 -86281.95240486 -8545464.24569742 0.63067247 -0.49432433 0.05187857 0.59599018
1778656523.755137 -185073.91338107 -86334.63436270 -8546542.89975944 0.51443765 -0.42744468 -0.14299265 0.72951905
1778656523.821856 -185034.29987843 -86310.43125822 -8547621.51013434 0.44195748 -0.49030997 -0.07682368 0.74724015
1778656523.888574 -185007.56588382 -86191.71975722 -8548688.02212712 0.35631403 -0.56204646 -0.02483399 0.74600762
1778656523.955292 -185081.95801369 -86162.08428261 -8549800.26752699 0.63629698 -0.50633543 0.06460099 0.57842657
1778656524.022011 -185079.74488499 -86299.55361191 -8550909.75344907 0.55507920 -0.50138261 -0.00697869 0.66366698
1778656524.088729 -185029.11235767 -86288.03851917 -8551991.57853776 0.57348789 -0.51732827 0.06173496 0.63219609
1778656524.155446 -184992.75151297 -86222.03954646 -8553061.40939434 0.47796863 -0.46096085 -0.11034963 0.73951609
1778656524.222163 -184972.09912789 -86210.02642172 -8554091.45852977 0.45741740 -0.57483589 0.14210452 0.66342997
1778656524.288879 -184964.75691521 -86267.04420812 -8555136.30576329 0.37879499 -0.51941681 -0.05935378 0.76367379
1778656524.355596 -184950.54625810 -86143.88467512 -8556173.72389263 0.50622235 -0.56734991 0.21067398 0.61438545
1778656524.422312 -185018.28519738 -86277.04017320 -8557259.36483348 0.51190232 -0.43773244 -0.09784980 0.73264708
1778656524.489029 -184933.73313201 -86259.82880755 -8558329.22927104 0.33846191 -0.58618732 0.05186358 0.73426026
1778656524.555746 -184915.73779725 -86229.56623691 -8559390.65854824 0.30582818 -0.52679316 -0.08046491 0.78897623
1778656524.622462 -184962.48989340 -86100.09836473 -8560474.61074318 0.54974500 -0.55051219 0.22995748 0.58466770
1778656524.689178 -184977.67285754 -86277.84518468 -8561588.30533290 0.46670471 -0.35730317 -0.18757765 0.78697890
1778656524.755895 -184968.01262158 -86258.46271959 -8562664.93795031 0.38581451 -0.44427241 -0.12247627 0.79923010
1778656524.822612 -184970.88782060 -86174.63368884 -8563746.66671388 0.56918871 -0.53111850 0.19703087 0.59591626
1778656524.889328 -184982.16383910 -86256.41492420 -8564849.34285080 0.62634591 -0.48354802 0.08308943 0.60577905
1778656524.956045 -184947.67532720 -86281.86886428 -8565925.83887921 0.50943753 -0.44562947 -0.06485112 0.73326810
1778656525.022761 -184854.05417862 -86238.58387146 -8566940.65021904 0.36326518 -0.61068338 0.17081435 0.68258822
1778656525.089478 -184846.24027489 -86233.48966188 -8567971.29500767 0.47338335 -0.45339706 -0.07583826 0.75139062
1778656525.156195 -184835.88877701 -86109.42722208 -8569013.55043541 0.33207397 -0.63939044 0.22345060 0.65648806
1778656525.222913 -184967.38305527 -86234.54453185 -8570099.63623807 0.59115912 -0.44166684 -0.00725286 0.67483975
1778656525.289631 -184909.95604704 -86310.71109275 -8571183.78541290 0.39684944 -0.53447610 0.03955475 0.74517195
1778656525.356349 -184834.11775744 -86158.64773923 -8572244.54301414 0.50432072 -0.55606134 0.23573959 0.61715739
1778656525.423067 -184856.05800622 -86162.88266641 -8573359.45462320 0.52733839 -0.51511968 0.09104323 0.66953496
1778656525.489786 -184929.04883034 -86212.60520748 -8574447.62207104 0.55693389 -0.39531468 -0.09145056 0.72469838
1778656525.556504 -184837.25267698 -86228.86292349 -8575524.17250657 0.36088387 -0.59080564 0.11755887 0.71196309
1778656525.623222 -184837.24698396 -86194.20388576 -8576595.81098306 0.61178948 -0.42955170 -0.02501043 0.66375707
1778656525.689940 -184781.25539371 -86191.72147378 -8577670.43029913 0.25504510 -0.65092264 0.13256245 0.70262287
1778656525.756658 -184785.96971688 -86099.17546172 -8578706.21110282 0.65612072 -0.48325340 0.32141116 0.48235528
1778656525.823376 -184831.96247502 -86211.15504136 -8579817.98830291 0.55838393 -0.50456338 0.12375452 0.64676735
1778656525.890095 -184781.10800361 -86238.26789992 -8580885.63222356 0.34975706 -0.54211436 0.00454201 0.76404280
1778656525.956813 -184730.98345282 -86202.66264994 -8581945.42727828 0.43955960 -0.58800018 0.24826777 0.63198596
1778656526.023531 -184740.29871345 -86288.12808341 -8583011.85264439 0.25732198 -0.53663354 -0.06120452 0.80128886
1778656526.090250 -184702.11485206 -86238.91781314 -8584080.99747976 0.39336131 -0.59943581 0.17884270 0.67376470
1778656526.156967 -184709.47683669 -86308.45523149 -8585140.50468433 0.25498228 -0.57357136 -0.01762652 0.77826040
1778656526.223684 -184671.37950620 -86265.35819017 -8586212.85649601 0.37910253 -0.59644973 0.13608194 0.69426990
1778656526.290400 -184688.95447065 -86343.15507593 -8587269.29735322 0.28705227 -0.49116506 -0.10348790 0.81587262
1778656526.357116 -184708.33526360 -86400.58085503 -8588321.06751336 0.11282991 -0.63176029 -0.03919326 0.76590616
1778656526.423833 -184700.13325362 -86432.57757921 -8589340.59000648 0.10682714 -0.57219202 -0.11029490 0.80561734
1778656526.490550 -184654.66610198 -86427.62820096 -8590407.75302435 0.17151936 -0.58597711 -0.05936518 0.78973901
1778656526.557266 -184671.54362539 -86476.56103884 -8591453.38509125 0.14952033 -0.48250098 -0.16984025 0.84616237
1778656526.623982 -184597.85821808 -86437.18316941 -8592522.87695126 0.20822101 -0.54766799 -0.08590213 0.80580681
1778656526.690699 -184611.87909839 -86488.78822190 -8593582.03534110 0.22759071 -0.44406428 -0.17374934 0.84901151
1778656526.757416 -184639.96208587 -86531.91834465 -8594650.47158151 0.11756419 -0.54177314 -0.13744287 0.82083493
1778656526.824132 -184653.39682646 -86565.56923266 -8595685.17901622 0.09406110 -0.47168613 -0.20106019 0.85336950
1778656526.890848 -184602.89172959 -86553.25883173 -8596749.73015403 0.12699826 -0.50276786 -0.16617255 0.83873870
1778656526.957565 -184623.09434459 -86598.49488546 -8597788.16205943 0.08568643 -0.44106458 -0.22411198 0.86480847
1778656527.024281 -184606.34348240 -86592.65841369 -8598846.29833660 0.06490537 -0.48327930 -0.20536273 0.84856029
1778656527.090998 -184712.24344163 -86658.68397981 -8599840.10649371 -0.20527948 -0.44784172 -0.32072766 0.80896965
1778656527.157714 -184690.23026951 -86681.07268999 -8600847.99808731 -0.30314864 -0.56421525 -0.32798919 0.69439553
1778656527.224430 -184583.40574593 -86649.88846890 -8601892.14775807 -0.12605664 -0.57719058 -0.22777224 0.77400295
1778656527.291147 -184563.27551761 -86649.48828788 -8602950.71931863 -0.08629096 -0.54851934 -0.22510147 0.80063083
1778656527.357863 -184670.79704883 -86732.78029865 -8603968.08274155 -0.35003902 -0.40482913 -0.38871452 0.74999139
1778656527.424579 -184736.55847675 -86766.28843059 -8604992.59637209 -0.51100522 -0.44878974 -0.48224748 0.55217642
1778656527.491296 -184608.01905102 -86778.58437920 -8606016.12067963 -0.39084186 -0.50519583 -0.39609750 0.65964125
1778656527.558012 -184536.40816685 -86750.05812018 -8607073.34331476 -0.24534371 -0.54472461 -0.30215403 0.74282199
1778656527.624728 -184572.73419892 -86803.83923868 -8608113.24059607 -0.27056029 -0.35488822 -0.36051579 0.81907255
1778656527.691445 -184529.58321143 -86793.74072923 -8609168.09051564 -0.27572905 -0.51733564 -0.32502490 0.74208904
1778656527.758161 -184473.62458614 -86774.12047991 -8610232.87851679 -0.07128298 -0.49737148 -0.24086785 0.83037523
1778656527.824878 -184455.40351708 -86786.53570074 -8611303.55322389 -0.02781802 -0.45936188 -0.24269442 0.85399780
1778656527.891594 -184469.96257032 -86837.84931863 -8612361.69816630 -0.05283099 -0.35182858 -0.29387606 0.88716537
1778656527.958310 -184457.94376250 -86854.33823213 -8613416.05138426 -0.05224922 -0.35341800 -0.29303845 0.88684508
1778656528.025027 -184505.68446855 -86904.53347004 -8614459.36562818 -0.17751400 -0.32945723 -0.33285229 0.86553802
1778656528.091743 -184531.30796524 -86917.05732183 -8615499.64373809 -0.31756997 -0.46899728 -0.35896127 0.74184747
1778656528.158459 -184568.97921014 -86948.90351389 -8616531.02761607 -0.37483337 -0.36639895 -0.39596961 0.75396275
1778656528.225176 -184544.37270120 -86960.05731578 -8617571.69501087 -0.39468510 -0.46352919 -0.39910881 0.68562126
1778656528.291892 -184581.96157762 -86989.89540740 -8618603.95574556 -0.45381018 -0.35979257 -0.43170006 0.69154948
1778656528.358608 -184542.98587387 -87001.87794645 -8619649.71502020 -0.42409601 -0.46303472 -0.41500311 0.65841768
1778656528.425324 -184496.09226015 -87020.03024092 -8620688.85576526 -0.33878678 -0.38214622 -0.37659182 0.77289481
1778656528.492041 -184387.94808930 -86980.69792790 -8621742.74017742 -0.17355559 -0.48881000 -0.28284376 0.80681016
1778656528.558757 -184360.43073448 -87009.46524215 -8622800.49658258 -0.06261684 -0.29913277 -0.30498336 0.90198884
1778656528.625473 -184304.31577636 -86971.27145284 -8623866.70758965 -0.07256250 -0.43804570 -0.26221952 0.85679144
1778656528.692189 -184279.09360419 -86943.65118126 -8624942.00616599 0.00305813 -0.47892126 -0.21607758 0.85084402
1778656528.758905 -184299.06552224 -86980.40211875 -8626019.74340903 -0.02769946 -0.48110504 -0.22765132 0.84613566
1778656528.825622 -184521.38804943 -87095.89163665 -8627045.56121657 -0.42710195 -0.34455550 -0.41511861 0.72563212
1778656528.892338 -184680.40646864 -87061.12246572 -8628066.79323659 0.66594313 0.24109122 0.55976847 -0.43017907
1778656528.959054 -184763.55581422 -86988.81431869 -8629105.79887005 0.77584760 0.04614467 0.57793448 -0.24884313
1778656529.025770 -184792.10905305 -86972.48554888 -8630161.31333414 0.81363938 -0.02846816 0.53016443 -0.23686746
1778656529.092486 -184819.28927076 -86953.87128501 -8631228.99418222 0.85106516 -0.10275915 0.44186975 -0.26434782
1778656529.159203 -184837.58431255 -86962.59579379 -8632286.01647194 0.83505928 -0.07104493 0.45964689 -0.29385941
1778656529.225919 -184859.38344438 -86958.91422900 -8633340.69276588 0.85060924 -0.09809612 0.44552561 -0.26143449
1778656529.292635 -184878.37544043 -86962.04024372 -8634393.52266482 0.85098013 -0.09716961 0.44442759 -0.26244046
1778656529.359352 -184901.37571342 -86949.68317320 -8635451.55926990 0.87290581 -0.14254691 0.38396196 -0.26512079
1778656529.426068 -184914.88986852 -86963.02842806 -8636506.08985265 0.83728623 -0.07462988 0.43884831 -0.31748118
1778656529.492784 -184936.01750300 -86959.37051914 -8637561.30739505 0.85651282 -0.10632769 0.41937190 -0.28143814
1778656529.559500 -184956.32860377 -86958.86610755 -8638619.10593178 0.86123758 -0.12002665 0.39178807 -0.30060861
1778656529.626217 -184976.76825043 -86953.40351697 -8639678.15805046 0.86470432 -0.13263310 0.36578812 -0.31763808
1778656529.692933 -184994.62103859 -86952.61966843 -8640734.22780643 0.85883013 -0.11471542 0.39016013 -0.31149037
1778656529.759649 -185013.02222605 -86950.83362612 -8641790.74702306 0.86151534 -0.11684011 0.38844649 -0.30536705
1778656529.826365 -185032.07979845 -86947.85643471 -8642848.27233686 0.86416317 -0.12404789 0.37353915 -0.31353251
1778656529.893081 -185051.39999398 -86940.35473473 -8643906.85614693 0.86908257 -0.13444787 0.35677007 -0.31517356
1778656529.959798 -185065.01784778 -86950.36406597 -8644960.13756922 0.83672745 -0.07302112 0.41178618 -0.35353533
1778656530.026514 -185084.86241891 -86943.08208624 -8646017.15777842 0.85921278 -0.10420530 0.39666354 -0.30586385
1778656530.093230 -185104.53096325 -86938.98853249 -8647077.10971227 0.86463882 -0.12189291 0.36405974 -0.32404065
1778656530.159947 -185123.67601956 -86930.62346099 -8648137.36539694 0.86787030 -0.13308298 0.34216035 -0.33468845
1778656530.226663 -185140.91324740 -86923.91969337 -8649197.27972605 0.86504191 -0.12478475 0.35154777 -0.33547791
1778656530.293380 -185157.73873640 -86916.40086825 -8650257.86783941 0.86634168 -0.12530927 0.34973208 -0.33382205
1778656530.360096 -185174.89336302 -86906.80064252 -8651319.60603343 0.87012432 -0.13530073 0.33217956 -0.33798538
1778656530.426813 -185191.09060740 -86893.78307687 -8652382.22008873 0.87405902 -0.14474905 0.31555429 -0.33984413
1778656530.493529 -185205.99326998 -86883.37290196 -8653445.69413760 0.87045787 -0.13976305 0.31774817 -0.34900642
1778656530.560246 -185219.32913920 -86871.41635124 -8654508.87040802 0.86920144 -0.13382445 0.32471994 -0.34804717
1778656530.626962 -185239.16753246 -86890.74711696 -8655565.59006159 0.83093842 -0.08562375 0.35446809 -0.42019316
1778656530.693679 -185253.46451660 -86863.97924928 -8656628.84058643 0.86360184 -0.12336541 0.32832829 -0.36217863
1778656530.760395 -185270.48874436 -86881.88715172 -8657683.02493385 0.82450394 -0.05941146 0.38243083 -0.41280769
1778656530.827111 -185287.31147883 -86887.02203993 -8658737.57958342 0.82317437 -0.04324413 0.40301926 -0.39760456
1778656530.893828 -185305.18243988 -86888.69772428 -8659792.70082102 0.82818287 -0.05227818 0.39218992 -0.39694734
1778656530.960544 -185322.10226258 -86864.45091116 -8660856.59092100 0.85965456 -0.10514628 0.34334535 -0.36338996
1778656531.027261 -185334.44334584 -86847.31003825 -8661921.03730379 0.86051475 -0.10380674 0.34579429 -0.35939510
1778656531.093977 -185352.89810088 -86864.33745099 -8662979.03520230 0.82379565 -0.05409843 0.37540940 -0.42130971
1778656531.160694 -185366.04765881 -86838.28053418 -8664043.60447541 0.85558300 -0.09341296 0.34980768 -0.36998153
1778656531.227411 -185376.98268573 -86816.20033481 -8665112.44381400 0.86602554 -0.12718996 0.29829516 -0.38058176
1778656531.294128 -185395.95513809 -86835.16068790 -8666170.31495994 0.80992005 -0.03947468 0.37303010 -0.45090998
1778656531.360846 -185404.53898938 -86804.55271179 -8667237.31507545 0.85322956 -0.08673232 0.34899325 -0.37773078
1778656531.427563 -185425.55128637 -86820.65757503 -8668295.28303714 0.82107571 -0.05453597 0.35770141 -0.44148636
1778656531.494280 -185434.83434943 -86790.63469232 -8669362.74312582 0.85102446 -0.09308054 0.32748140 -0.39981159
1778656531.560997 -185436.45073918 -86768.00832822 -8670431.07928330 0.84990674 -0.08376349 0.34111319 -0.39279002
1778656531.627714 -185463.42292964 -86791.12888003 -8671490.90010518 0.80466481 -0.03894196 0.35557133 -0.47388511
1778656531.694431 -185465.95693938 -86755.55292316 -8672558.13132036 0.84299963 -0.06603503 0.35539665 -0.39835187
1778656531.761148 -185467.77298779 -86733.85863165 -8673631.29595875 0.85177227 -0.10353854 0.30013204 -0.41675476
1778656531.827865 -185494.09769577 -86752.97994686 -8674691.05182624 0.78398998 -0.00660093 0.37170800 -0.49714113
1778656531.894583 -185491.62249382 -86716.46696278 -8675761.92759383 0.83996419 -0.06145360 0.35051488 -0.40966197
1778656531.961300 -185489.01118542 -86698.88849853 -8676834.51658474 0.84096500 -0.07493922 0.32767457 -0.42401810
1778656532.028017 -185526.20439161 -86718.97395025 -8677896.26202269 -0.78160211 0.03090954 -0.33293022 0.52659303
1778656532.094734 -185518.94037650 -86683.56701236 -8678964.02383573 0.81601830 -0.01573599 0.38455770 -0.43125617
1778656532.161451 -185517.25663802 -86668.92149654 -8680038.30985077 0.83103183 -0.06074721 0.33038668 -0.44332890
1778656532.228168 -185552.55207341 -86686.67462653 -8681094.46510398 -0.77295915 -0.01522368 -0.37376707 0.51244568
1778656532.294885 -185548.32325701 -86651.38600059 -8682166.42580433 0.82920796 -0.04837026 0.34032374 -0.44074282
1778656532.361603 -185540.84035917 -86635.56580345 -8683239.60373278 0.81995290 -0.03266842 0.35290920 -0.44951653
1778656532.428320 -185578.60824958 -86652.47530107 -8684300.77895490 -0.76373948 -0.01729943 -0.36119679 0.53473322
1778656532.495037 -185597.44209889 -86648.77526431 -8685356.25126602 0.78356747 0.03618496 0.40204732 -0.47230352
1778656532.561754 -185594.95464816 -86617.48972188 -8686428.02649109 0.83041479 -0.05114227 0.32567218 -0.44914738
1778656532.628471 -185621.06482908 -86632.28238162 -8687487.54360547 -0.76106994 -0.03582548 -0.37354208 0.52910812
1778656532.695189 -185640.91531921 -86633.00566618 -8688546.49224334 0.78282412 0.02951239 0.38404151 -0.48869983
1778656532.761905 -185633.87599983 -86599.66925405 -8689614.61385120 0.81267563 0.00903218 0.39100583 -0.43196200
1778656532.828623 -185664.00226038 -86614.96670103 -8690676.83817319 -0.79798968 0.01601481 -0.33319084 0.50193611
1778656532.895340 -185661.34541352 -86585.16804794 -8691746.52917257 0.79579467 0.02043557 0.37931496 -0.47160724
1778656532.962057 -185684.58187646 -86596.70965882 -8692807.83330367 -0.77934345 -0.03144457 -0.37272195 0.50270605
1778656533.028774 -185679.49203217 -86565.76301272 -8693878.07444512 0.80444306 0.01983879 0.38398532 -0.45280575
1778656533.095492 -185682.52961485 -86550.61526781 -8694954.13466922 0.81209289 -0.02755265 0.31918886 -0.48771351
1778656533.162209 -185679.55209040 -86536.17760922 -8696027.61065496 0.78434448 0.03803619 0.37994562 -0.48887453
1778656533.228925 -185712.17722272 -86548.88892157 -8697085.85183060 -0.76300410 -0.06169902 -0.38389515 0.51637436
1778656533.295642 -185705.90294195 -86521.23684583 -8698155.44320343 0.79409812 0.04031214 0.38954677 -0.46479718
1778656533.362359 -185712.60341494 -86511.61600678 -8699230.57698734 -0.79089171 -0.00197033 -0.32971369 0.51553399
1778656533.429076 -185714.59101571 -86499.32844040 -8700302.76568171 -0.76369224 -0.06484416 -0.38176635 0.51654995
1778656533.495792 -185713.94238641 -86486.95860631 -8701375.03861885 0.77548414 0.05844651 0.38404321 -0.49771394
1778656533.562509 -185715.75715789 -86476.91108561 -8702445.49221060 0.78131765 0.05637997 0.38556823 -0.48754607
1778656533.629226 -185730.95891703 -86471.93334518 -8703517.15403068 -0.76768628 -0.04008232 -0.34681786 0.53737190
1778656533.695943 -185737.95720871 -86460.07742128 -8704586.28822079 -0.74599668 -0.09244603 -0.38713104 0.53392157
1778656533.762660 -185740.54259264 -86447.70456254 -8705655.89466155 -0.76055470 -0.07992655 -0.38504883 0.51662917
1778656533.829376 -185749.19577311 -86439.89540349 -8706723.02332444 -0.76172832 -0.08128394 -0.38544403 0.51438875
1778656533.896093 -185765.63480959 -86433.00316776 -8707792.52344446 -0.75822176 -0.05272274 -0.34343957 0.55169678
1778656533.962810 -185768.81831558 -86418.77832257 -8708859.81709506 -0.74635503 -0.10536149 -0.39363535 0.52621700
1778656534.029527 -185772.51861337 -86409.02558300 -8709929.42787969 -0.75846560 -0.08649181 -0.38076488 0.52179230
1778656534.096243 -185779.85004042 -86400.98947767 -8710997.09345612 -0.75442662 -0.09903879 -0.39003509 0.51855995
1778656534.162960 -185793.74091267 -86394.65843281 -8712066.51364921 -0.74845416 -0.08328822 -0.36090658 0.55011443
1778656534.229676 -185800.65031558 -86382.52015144 -8713134.18557112 -0.74155296 -0.11072363 -0.38506574 0.53811138
1778656534.296391 -185804.10527760 -86370.46438466 -8714202.33761580 -0.75761219 -0.09870124 -0.38518283 0.51760605
1778656534.363107 -185810.38685597 -86362.75558991 -8715269.85846610 -0.75358002 -0.10956317 -0.39291345 0.51549209
1778656534.429823 -185829.66047650 -86360.17769955 -8716338.09858347 -0.74268039 -0.08827489 -0.35143584 0.56313962
1778656534.496539 -185835.79432912 -86345.69238310 -8717405.11146701 -0.73802900 -0.12219862 -0.38534095 0.54027127
1778656534.563254 -185838.39627493 -86333.77861835 -8718473.46180408 -0.75204419 -0.11221736 -0.38614248 0.52223633
1778656534.629970 -185844.36444440 -86325.19988584 -8719541.33755531 -0.75616517 -0.11099816 -0.38680898 0.51601595
1778656534.696686 -185860.30708400 -86322.55782324 -8720610.15698177 -0.73414273 -0.11485301 -0.36498431 0.56091861
1778656534.763401 -185864.88435657 -86308.09666333 -8721676.82629427 -0.74099700 -0.13492054 -0.39561503 0.52555556
1778656534.830117 -185869.79949247 -86298.28410622 -8722745.35122813 -0.75179103 -0.11941199 -0.38475800 0.52202711
1778656534.896833 -185862.04959834 -86290.29566022 -8723818.87468439 -0.75246847 -0.12122321 -0.38703679 0.51893994
1778656534.963549 -185888.25300947 -86291.90618062 -8724885.68373794 -0.71497007 -0.14694598 -0.37414637 0.57204823
1778656535.030264 -185896.97832512 -86275.38990941 -8725949.20069576 -0.73827340 -0.14659609 -0.39812038 0.52436833
1778656535.096980 -185904.52576241 -86265.42999470 -8727017.47946108 -0.73854289 -0.14617403 -0.39818916 0.52405433
1778656535.163695 -185909.31555305 -86254.67793252 -8728083.88976982 -0.75172252 -0.13275950 -0.39356498 0.51224484
1778656535.230411 -185927.78680178 -86255.07124170 -8729152.93910861 -0.72093809 -0.13336919 -0.35682103 0.57891250
1778656535.297127 -185933.81878884 -86239.95390528 -8730218.13392489 -0.73473711 -0.15404443 -0.39575579 0.52896980
1778656535.363842 -185936.71926158 -86228.32673498 -8731285.78629073 -0.75153805 -0.13569482 -0.38881826 0.51536186
1778656535.430558 -185944.01997627 -86221.59386540 -8732353.74946388 -0.74201522 -0.14883199 -0.39261457 0.52260525
1778656535.497274 -185961.17637457 -86220.62549484 -8733422.68783570 -0.71771822 -0.15109414 -0.36425161 0.57390930
1778656535.563989 -185966.15376286 -86205.18939935 -8734487.25864147 -0.73810509 -0.16177597 -0.40081783 0.51804871
1778656535.630705 -185972.48072621 -86197.02935157 -8735554.49128034 -0.74405361 -0.14970473 -0.38749480 0.52327860
1778656535.697420 -185980.96627917 -86189.66466473 -8736620.50432833 -0.74248786 -0.15871992 -0.39622693 0.51625960
1778656535.764136 -186000.04145136 -86191.10402227 -8737689.54265158 -0.71023400 -0.16006186 -0.35648332 0.58554890
1778656535.830852 -186005.17576752 -86175.03448879 -8738753.33119425 -0.73300581 -0.17574008 -0.40294397 0.51908966
1778656535.897567 -186044.20431134 -86202.29051356 -8739812.76376861 -0.70378569 -0.12550530 -0.30888131 0.62731687
1778656535.964283 -186029.91488235 -86156.67398432 -8740883.21569366 -0.72806605 -0.17848125 -0.39409558 0.53174519
1778656536.030998 -186017.71407747 -86139.65698907 -8741959.51321202 -0.74064481 -0.16952469 -0.39618847 0.51550106
1778656536.097714 -186016.83074649 -86133.55222599 -8743035.69439172 -0.73055620 -0.17922437 -0.39255869 0.52921067
1778656536.164430 -186029.05525441 -86144.18240467 -8744113.67494230 -0.65962710 -0.19364644 -0.33472743 0.64447706
1778656536.231148 -186045.18567984 -86127.52198687 -8745176.72353455 -0.69850836 -0.22219729 -0.40509841 0.54645193
1778656536.297866 -186042.59361941 -86108.66105123 -8746240.51208958 -0.73698214 -0.18919556 -0.41224784 0.50111284
1778656536.364583 -186059.45880816 -86110.57521853 -8747304.30712500 -0.72678062 -0.18952434 -0.39118854 0.53182891
1778656536.431301 -186108.13192272 -86150.73087512 -8748346.79555140 -0.69787543 -0.17709243 -0.33827287 0.60595348
1778656536.498019 -186114.70395476 -86133.39581115 -8749403.32072291 -0.72486736 -0.20800008 -0.41556633 0.50853505
1778656536.564737 -186117.65256822 -86119.71770610 -8750466.23222202 0.74522044 0.19212379 0.42390220 -0.47753730
1778656536.631455 -186117.65965007 -86102.05947707 -8751538.03451106 0.74051492 0.19151717 0.40695864 -0.49934306
1778656536.698172 -186149.91097768 -86133.33670781 -8752599.47675039 -0.70121036 -0.19240621 -0.34767266 0.59195236
1778656536.764890 -186158.17162909 -86120.22916476 -8753658.12855962 -0.71850929 -0.22030318 -0.41273932 0.51464275
1778656536.831608 -186155.81863706 -86092.64127609 -8754727.33269897 0.73954497 0.20060972 0.41227310 -0.49280815
1778656536.898326 -186186.32192129 -86129.00906695 -8755790.93653879 -0.70392868 -0.18682724 -0.33483475 0.59788435
1778656536.965044 -186187.56844038 -86095.85812552 -8756856.92597265 -0.71200970 -0.22930528 -0.40686495 0.52433023
1778656537.031762 -186189.77079636 -86080.64336268 -8757926.97267525 -0.72034827 -0.22421440 -0.40984014 0.51269614
1778656537.098480 -186192.44220493 -86064.92403083 -8758999.00537804 -0.73839285 -0.20401272 -0.40026942 0.50293061
1778656537.165196 -186223.10849290 -86091.33436833 -8760064.78082757 -0.69185704 -0.20721190 -0.33529987 0.60495543
1778656537.231912 -186229.40441735 -86073.91278442 -8761126.26177434 -0.70620379 -0.23898438 -0.40003794 0.53304064
1778656537.298628 -186234.30659033 -86065.16125611 -8762189.15584402 -0.70601814 -0.24552989 -0.40960709 0.52294883
1778656537.365344 -186243.00246878 -86058.52841803 -8763251.98026562 0.73632418 0.21706864 0.40956931 -0.49291062
1778656537.432059 -186267.21264325 -86103.37066143 -8764301.32298481 -0.68944520 -0.23649737 -0.36019336 0.58223282
1778656537.498775 -186277.12753921 -86098.52267280 -8765358.43448829 -0.69490441 -0.26118304 -0.40884129 0.53079193
1778656537.565491 -186286.26053820 -86097.81922136 -8766417.70744289 -0.68723927 -0.27569763 -0.42036834 0.52438865
1778656537.632206 -186296.74074901 -86093.63582099 -8767478.57442849 0.71424946 0.25147975 0.42498256 -0.49597931
1778656537.698922 -186307.68385446 -86120.51809664 -8768538.02103853 -0.67086840 -0.26910720 -0.37064558 0.58321416
1778656537.765638 -186318.02652425 -86115.72207557 -8769595.56895338 -0.67886854 -0.28729662 -0.41574385 0.53268678
1778656537.832353 -186326.51232601 -86122.05382746 -8770653.33007153 -0.66438296 -0.30485747 -0.41855578 0.53895108
1778656537.899069 -186336.07132552 -86125.12240424 -8771710.63258150 -0.67896208 -0.29575419 -0.42921917 0.51702114
1778656537.965785 -186343.40894257 -86142.50851302 -8772771.12105059 -0.65589097 -0.29959977 -0.38357544 0.57698952
1778656538.032500 -186351.12068624 -86147.10106380 -8773826.22164907 -0.64485903 -0.32906061 -0.41701604 0.54952122
1778656538.099216 -186349.27942732 -86173.87407427 -8774880.35481490 -0.62772810 -0.32216624 -0.37056049 0.60402920
1778656538.165932 -186358.11890069 -86178.67798237 -8775940.58452270 -0.62757623 -0.32346443 -0.36924920 0.60429618
1778656538.232647 -186366.95488635 -86183.43920767 -8777000.81591262 -0.62742935 -0.32475784 -0.36793075 0.60455912
1778656538.299363 -186371.26191746 -86192.19265151 -8778052.66337003 -0.61578964 -0.35673675 -0.40019937 0.57739282
1778656538.366078 -186364.32591305 -86215.18254236 -8779105.27457662 -0.59484834 -0.35572129 -0.36152434 0.62363288
1778656538.432794 -186360.80486245 -86229.29445831 -8780154.96581256 -0.56664022 -0.39721661 -0.37858164 0.61466557
1778656538.499510 -186356.32809068 -86244.08296204 -8781205.37411125 -0.54288372 -0.42225717 -0.37663266 0.62058359
1778656538.566225 -186343.11969652 -86260.48221290 -8782255.92339478 -0.51347218 -0.43559152 -0.35020364 0.65112500
1778656538.632941 -186332.15449704 -86273.44278255 -8783307.55001239 -0.52218853 -0.39178074 -0.30966739 0.69132706
1778656538.699656 -186320.67627077 -86283.91916194 -8784355.34868575 -0.51366725 -0.42845518 -0.33810462 0.66201011
1778656538.766371 -186300.68710749 -86292.95409343 -8785404.13061692 -0.45861749 -0.46511122 -0.31222314 0.68982481
1778656538.833087 -186294.23034593 -86302.14263261 -8786454.48237034 -0.45471476 -0.45585890 -0.29774989 0.70482065
1778656538.899802 -186283.49594573 -86309.26604811 -8787504.11707773 -0.48793405 -0.39323578 -0.27143029 0.73048723
1778656538.966518 -186285.17708485 -86319.80001839 -8788556.06471137 -0.49225263 -0.44050020 -0.31909779 0.67957599
1778656539.033233 -186267.72200194 -86323.99696989 -8789607.52805464 -0.47086580 -0.39944632 -0.25915406 0.74267571
1778656539.099949 -186259.70124939 -86330.96283046 -8790657.08168573 -0.45639935 -0.45360899 -0.29163520 0.70773400
1778656539.166664 -186245.59417915 -86334.88767633 -8791707.00655164 -0.47800133 -0.38466057 -0.24985837 0.74908061
1778656539.233380 -186236.95423176 -86341.64818477 -8792755.80288011 -0.48210168 -0.44532268 -0.30685683 0.68927830
1778656539.300097 -186216.76656417 -86339.08498329 -8793805.34255742 -0.45723300 -0.38934723 -0.23581780 0.76402662
1778656539.366812 -186200.13177604 -86337.87089511 -8794854.02540315 -0.48193562 -0.43474776 -0.29257133 0.70223533
1778656539.433529 -186172.72240418 -86315.41827546 -8795904.69720942 -0.39350577 -0.47167246 -0.24253807 0.75090185
1778656539.500244 -186164.75048421 -86316.31832119 -8796959.65145370 -0.43678392 -0.41699597 -0.23644668 0.76120112
1778656539.566960 -186166.76402327 -86335.91134963 -8798013.12424538 -0.50206947 -0.36681022 -0.24513590 0.74383124
1778656539.633677 -186181.24277173 -86363.98439896 -8799067.00919409 -0.48185123 -0.44576483 -0.29928633 0.69248884
1778656539.700392 -186172.67931935 -86368.96172354 -8800118.36920372 -0.45990002 -0.40177741 -0.23909357 0.75491797
1778656539.767108 -186216.41735603 -86399.20819388 -8801185.95594240 -0.47241713 -0.46430227 -0.30572968 0.68394065
1778656539.833824 -186216.99909063 -86406.44339089 -8802249.68819816 -0.47474665 -0.41702086 -0.26011744 0.73010146
1778656539.900540 -186214.67003522 -86414.50809602 -8803304.60142490 -0.47437719 -0.41826327 -0.25893334 0.73005181
1778656539.967256 -186219.06950245 -86423.79338324 -8804358.17814858 -0.51097546 -0.41235631 -0.28471113 0.69843105
1778656540.033972 -186201.82515204 -86428.14546182 -8805407.09792822 -0.47992526 -0.45851895 -0.30082958 0.68478733
1778656540.100688 -186165.52183363 -86417.49354932 -8806453.40437964 -0.39011826 -0.49887093 -0.24756467 0.73324435
1778656540.167404 -186131.75788418 -86391.85089956 -8807501.26798562 -0.43790302 -0.44231337 -0.24040232 0.74485338
1778656540.234120 -186136.49364101 -86413.16074396 -8808553.03350854 -0.50967797 -0.39075392 -0.25277972 0.72363123
1778656540.300835 -186152.43126593 -86438.86088180 -8809606.67848457 -0.48540106 -0.45542200 -0.29729475 0.68453813
1778656540.367551 -186141.08267905 -86440.77236877 -8810658.89981032 -0.45836490 -0.42645682 -0.23954029 0.74206243
1778656540.434267 -186180.76575859 -86466.64112990 -8811726.61289599 -0.45550540 -0.48685581 -0.29645325 0.68381410
1778656540.500983 -186187.26022230 -86473.96483775 -8812792.47155355 -0.48135289 -0.43072654 -0.25982784 0.71781860
1778656540.567698 -186178.85336765 -86480.17137836 -8813842.31804377 -0.48392311 -0.46899200 -0.30540156 0.67275167
1778656540.634413 -186171.83619560 -86486.09729145 -8814897.63582797 -0.47053013 -0.43927321 -0.25466287 0.72165591
1778656540.701129 -186163.82857301 -86492.43189790 -8815946.28977637 -0.49290623 -0.45770346 -0.29740928 0.67756824
1778656540.767845 -186145.02095132 -86492.66203297 -8816996.92037297 -0.46181632 -0.44182088 -0.24556957 0.72884538
1778656540.834561 -186120.85029192 -86487.72841871 -8818043.24231993 -0.43431199 -0.49382210 -0.27112243 0.70285522
1778656540.901276 -186101.91541858 -86481.89252791 -8819091.10473864 -0.46946596 -0.41546274 -0.22366229 0.74630262
1778656540.967992 -186084.49515769 -86477.05311302 -8820141.00457876 -0.48197280 -0.46110323 -0.28271975 0.68931529
1778656541.034707 -186069.01986741 -86466.71048387 -8821192.48141648 -0.47081241 -0.41850499 -0.22406239 0.74362981
1778656541.101423 -186060.19234336 -86468.96106470 -8822247.89117710 -0.50241618 -0.44675464 -0.28378342 0.68370699
1778656541.168139 -186054.77242229 -86468.45295490 -8823302.49458758 -0.40841477 -0.49798466 -0.24049580 0.72620274
1778656541.234857 -186092.75175929 -86515.42300821 -8824367.59661255 -0.43339179 -0.48477982 -0.24988114 0.71743954
1778656541.301575 -186131.55253765 -86538.40998862 -8825438.01395921 -0.48997880 -0.44779396 -0.26373758 0.69988845
1778656541.368293 -186161.33265047 -86546.84305265 -8826506.72556185 -0.51341589 -0.46062344 -0.30916747 0.65471035
1778656541.435011 -186164.12830680 -86552.76016283 -8827570.07999090 -0.50383330 -0.45284829 -0.28152787 0.67957523
1778656541.501729 -186167.88348058 -86560.36765268 -8828625.33153195 -0.47126263 -0.49405217 -0.29904391 0.66663088
1778656541.568447 -186161.71864909 -86566.43229347 -8829682.60418490 -0.49776690 -0.45350332 -0.27004332 0.68821469
1778656541.635165 -186158.01631094 -86573.79064232 -8830732.37039943 -0.49506048 -0.48385393 -0.31261212 0.65044151
1778656541.701884 -186145.48398491 -86579.64434762 -8831787.65860957 -0.47646351 -0.46420756 -0.25540573 0.70161370
1778656541.768602 -186135.49042219 -86585.25105586 -8832836.05618561 -0.48759347 -0.47607552 -0.28374258 0.67460718
1778656541.835320 -186109.55206252 -86584.24511572 -8833883.76100782 -0.41645725 -0.51377323 -0.24814078 0.70783231
1778656541.902038 -186092.54139166 -86582.92428315 -8834932.06408007 -0.44588097 -0.49787533 -0.25889160 0.69734170
1778656541.968756 -186078.45303888 -86579.90768674 -8835981.79889201 -0.46747384 -0.45794051 -0.22859988 0.72076404
1778656542.035474 -186087.84319699 -86596.47948470 -8837036.63813191 -0.47620705 -0.48557373 -0.27520983 0.67948845
1778656542.102193 -186076.96678032 -86595.82101146 -8838091.22800337 -0.44473848 -0.47190021 -0.21928861 0.72899272
1778656542.168910 -186103.29210821 -86616.40824537 -8839156.10294450 -0.43502692 -0.51318223 -0.26051028 0.69248103
1778656542.235626 -186108.22629093 -86621.95018460 -8840220.35281330 -0.46938690 -0.46845695 -0.23521347 0.71056221
1778656542.302343 -186095.44628419 -86624.91694883 -8841270.22547085 -0.45650785 -0.51020018 -0.28087039 0.67261296
1778656542.369059 -186095.48563067 -86630.81061913 -8842328.52730216 -0.45228083 -0.47671760 -0.22369510 0.71982142
1778656542.435776 -186096.16059472 -86638.34997042 -8843380.67963224 -0.48720926 -0.48841413 -0.28176235 0.66684987
1778656542.502492 -186072.36765166 -86633.79326597 -8844430.81507053 -0.40193212 -0.52279852 -0.22559389 0.71710506
1778656542.569209 -186049.75183161 -86622.29842231 -8845480.82274005 -0.46275686 -0.49140353 -0.24938291 0.69439674
1778656542.635925 -186045.49515506 -86626.14486086 -8846532.38011649 -0.46178167 -0.47339563 -0.21997192 0.71712386
1778656542.702641 -186057.98925855 -86646.30559643 -8847589.15728001 -0.46823348 -0.50120132 -0.26884438 0.67622286
1778656542.769358 -186081.17589477 -86661.62689982 -8848660.05737782 -0.40453915 -0.53132724 -0.23284053 0.70698284
1778656542.836074 -186095.02982397 -86668.88172609 -8849723.20090041 -0.46623448 -0.50434829 -0.26635031 0.67625123
1778656542.902791 -186087.50638991 -86672.58723073 -8850779.37306713 -0.45100600 -0.49380296 -0.22576135 0.70836717
1778656542.969507 -186089.83438596 -86679.04138111 -8851834.19362841 -0.47738153 -0.50168610 -0.27327284 0.66763754
1778656543.036224 -186082.24323008 -86682.64996593 -8852890.23489044 -0.46011472 -0.49467493 -0.23274926 0.69958483
1778656543.102940 -186078.51013786 -86688.30037086 -8853943.44500720 -0.44486896 -0.51638174 -0.24880314 0.68814134
1778656543.169658 -186069.76778674 -86691.12813810 -8854997.01348895 -0.43126290 -0.51732669 -0.23010657 0.70245027
1778656543.236377 -186065.15973860 -86694.88115003 -8856050.92712239 -0.45685684 -0.50739420 -0.24332251 0.68893186
1778656543.303095 -186057.77911458 -86696.58972041 -8857105.23633217 -0.45064813 -0.50117048 -0.22210102 0.70456763
1778656543.369814 -186053.70185967 -86701.39551319 -8858159.17685689 -0.42325530 -0.52353886 -0.22437264 0.70457004
1778656543.436532 -186047.99590331 -86703.09668228 -8859214.27903672 -0.45380489 -0.49435369 -0.20974972 0.71111223
1778656543.503251 -186038.43838127 -86703.65611641 -8860266.78879382 -0.44130380 -0.52275704 -0.24255140 0.68785526
1778656543.569970 -186035.15879412 -86706.73081868 -8861322.57695817 -0.43795322 -0.50080285 -0.19794256 0.71986959
1778656543.636689 -186035.97268376 -86715.08047069 -8862377.38038170 -0.45625832 -0.51588389 -0.24527574 0.68229904
1778656543.703408 -186029.75501978 -86715.39476625 -8863433.91300978 -0.43420911 -0.50681598 -0.19880437 0.71768854
1778656543.770127 -186027.62670281 -86721.43113949 -8864488.20439777 -0.44274696 -0.52267534 -0.23460774 0.68974258
1778656543.836845 -186022.47314302 -86722.13276575 -8865544.85397583 -0.43803878 -0.50637969 -0.19783018 0.71593635
1778656543.903564 -186011.68059226 -86720.45358681 -8866596.88938675 -0.44129167 -0.52511025 -0.23316109 0.68931618
1778656543.970283 -186003.18324650 -86716.74880605 -8867651.29388158 -0.44489762 -0.50323715 -0.19617239 0.71437726
1778656544.037002 -185995.91498922 -86718.02705275 -8868705.46040957 -0.47578858 -0.51206733 -0.25212177 0.66921363
1778656544.103721 -185988.00901607 -86712.25277088 -8869760.39958902 -0.43968772 -0.50991777 -0.19708591 0.71261190
1778656544.170438 -185982.28008948 -86714.98414001 -8870815.53317883 -0.46768218 -0.51540991 -0.24226016 0.67597043
1778656544.237154 -185977.06210762 -86712.11331372 -8871871.37697238 -0.45384179 -0.50694446 -0.20428035 0.70377871
1778656544.303870 -185976.27271005 -86721.59462685 -8872927.03388580 -0.44936764 -0.52638816 -0.23336043 0.68302793
1778656544.370586 -185971.68675181 -86720.23444681 -8873982.93044695 -0.44999310 -0.50826349 -0.19701229 0.70736171
1778656544.437302 -185999.22460798 -86754.18103482 -8875047.50922607 -0.44198109 -0.53421515 -0.23203607 0.68222148
1778656544.504018 -186009.63244330 -86764.73532357 -8876112.95499440 -0.40615240 -0.55053088 -0.21157293 0.69799203
1778656544.570734 -186014.93680215 -86771.50123612 -8877174.47143652 -0.39462630 -0.55263355 -0.19868827 0.70667476
1778656544.637450 -186015.31191040 -86774.01141158 -8878233.58424479 -0.42648802 -0.53008745 -0.19403443 0.70672902
1778656544.704166 -186024.82446836 -86780.51006976 -8879294.51822573 -0.45503646 -0.53404371 -0.24070157 0.67067271
1778656544.770882 -186020.19272437 -86782.32421740 -8880353.58596159 -0.45224947 -0.52593393 -0.21313002 0.68806941
1778656544.837598 -186022.40681723 -86788.35470606 -8881409.52850227 -0.44190540 -0.54384973 -0.23743240 0.67273542
1778656544.904314 -186011.50306992 -86790.63267141 -8882462.65709246 -0.38332152 -0.56730463 -0.20055335 0.70071993
1778656544.971030 -186009.32028126 -86792.61674519 -8883518.49508388 -0.43727039 -0.54027229 -0.21282265 0.68673647
1778656545.037745 -186002.40993650 -86792.49148623 -8884572.99707364 -0.43341248 -0.53762377 -0.19810405 0.69560699
1778656545.104461 -186000.75437065 -86796.98193506 -8885628.57793877 -0.42203276 -0.55153265 -0.21222158 0.68750425
1778656545.171177 -185995.50822001 -86796.73840453 -8886685.08326473 -0.43517180 -0.53296450 -0.18378957 0.70199411
1778656545.237894 -185988.94906792 -86798.31366250 -8887738.23094412 -0.39814072 -0.56285708 -0.19936878 0.69636769
1778656545.304610 -185987.36965593 -86799.88724548 -8888796.07824173 -0.43459516 -0.53168679 -0.17449805 0.70568168
1778656545.371326 -185988.53590091 -86806.24105373 -8889852.41109544 -0.43991542 -0.54862665 -0.22139624 0.67562336
1778656545.438042 -185984.21791875 -86806.01127457 -8890910.52091670 -0.42464947 -0.54093455 -0.17611881 0.70430448
1778656545.504759 -185982.87897749 -86811.19091028 -8891965.76405671 -0.41424857 -0.55978714 -0.20368453 0.68814903
1778656545.571475 -185979.37745506 -86810.60658318 -8893023.88423284 -0.43094755 -0.53878207 -0.17360421 0.70275150
1778656545.638191 -185969.41152246 -86806.11239812 -8894077.36050063 -0.44067846 -0.54943809 -0.21342869 0.67702916
1778656545.704908 -185966.85066163 -86806.82565091 -8895134.15250301 -0.43168869 -0.54180984 -0.17594512 0.69937850
1778656545.771624 -185962.27762185 -86808.35449291 -8896189.39650062 -0.44198925 -0.55170418 -0.21489280 0.67386132
1778656545.838340 -185958.41020349 -86806.18462401 -8897246.28840581 -0.43155383 -0.54287469 -0.17264874 0.69945748
1778656545.905056 -185953.79321699 -86807.14679676 -8898301.75754935 -0.43531351 -0.55445857 -0.20627679 0.67862194
1778656545.971773 -185950.78492786 -86805.42214026 -8899359.27905211 -0.44147711 -0.54117023 -0.17631217 0.69364744
1778656546.038489 -185949.36618169 -86810.87566739 -8900415.57529625 -0.42828050 -0.55995276 -0.20406999 0.67925265
1778656546.105205 -185947.13048441 -86809.99586014 -8901473.58620463 -0.43634055 -0.54396612 -0.16968473 0.69635830
1778656546.171922 -185963.52665549 -86832.01117546 -8902536.84719547 -0.42665109 -0.56398300 -0.20424478 0.67688706
1778656546.238638 -185965.41059564 -86837.69504866 -8903597.92705419 -0.37687405 -0.57869009 -0.16497762 0.70417761
1778656546.305355 -185964.87227374 -86840.76048448 -8904655.20793341 -0.38461014 -0.57649051 -0.16743746 0.70121211
1778656546.372071 -185968.23164058 -86841.56122474 -8905717.79653050 -0.44368108 -0.54997923 -0.17837466 0.68472800
1778656546.438788 -185972.09052539 -86847.54193139 -8906776.89816798 -0.42104089 -0.57060962 -0.20187359 0.67555628
1778656546.505504 -185969.08751609 -86846.93438492 -8907836.86066575 -0.43896864 -0.55496716 -0.17798612 0.68384130
1778656546.572221 -185969.46020385 -86851.86458753 -8908892.70135555 -0.41429353 -0.57437121 -0.19544230 0.67842530
1778656546.638937 -185965.74937213 -86853.48404311 -8909949.14970967 -0.39998035 -0.58078355 -0.18712734 0.68387832
1778656546.705654 -185962.54180319 -86854.03355266 -8911005.67600428 -0.39462037 -0.57809986 -0.16609862 0.69461253
1778656546.772371 -185959.43086095 -86852.03912170 -8912062.78845416 -0.44185974 -0.55723686 -0.17110427 0.68188737
1778656546.839087 -185956.08890663 -86853.71611672 -8913118.20847638 -0.39421514 -0.58228617 -0.17323370 0.68958489
1778656546.905804 -185955.34450020 -86854.31238775 -8914177.34789448 -0.43277243 -0.56071614 -0.15996819 0.68754317
1778656546.972520 -185955.93847777 -86859.58231304 -8915234.38521554 -0.40398866 -0.58371895 -0.18747126 0.67891080
1778656547.039237 -185953.49736294 -86857.95429118 -8916293.73038207 -0.42344978 -0.56530755 -0.15261859 0.69124903
1778656547.105953 -185953.41262616 -86861.82155267 -8917350.61280822 -0.41534895 -0.57952185 -0.18482658 0.67637180
1778656547.172669 -185952.24769879 -86861.56955737 -8918410.44140757 -0.42525264 -0.56831630 -0.15727170 0.68661663
1778656547.239386 -185950.47982103 -86864.80527561 -8919466.05978042 -0.39200237 -0.58772926 -0.16577187 0.68806115
1778656547.306102 -185949.16499887 -86863.46688346 -8920525.92555836 -0.43191613 -0.56682543 -0.15535120 0.68412236
1778656547.372818 -185946.49047857 -86865.37716471 -8921581.50574128 -0.40064266 -0.58920237 -0.17933030 0.67835586
1778656547.439534 -185943.82231042 -86862.32304087 -8922640.20782902 -0.42417931 -0.56976654 -0.14553405 0.68866381
1778656547.506250 -185941.00956103 -86863.33019621 -8923695.86590409 -0.40041603 -0.58758563 -0.16613097 0.68323541
1778656547.572966 -185939.44789343 -86861.45579894 -8924755.25800322 -0.43341395 -0.56952381 -0.15143661 0.68180784
1778656547.639682 -185935.34572396 -86859.31481557 -8925810.97783036 -0.39400990 -0.58980870 -0.15663382 0.68727560
1778656547.706398 -185936.09551288 -86861.15752700 -8926871.36016250 -0.43907417 -0.56949165 -0.15287839 0.67788002
1778656547.773114 -185936.32534968 -86866.33876133 -8927928.60465508 -0.39865346 -0.59323579 -0.16859741 0.67876478
1778656547.839830 -185935.28009116 -86864.19406868 -8928988.57380622 -0.42779964 -0.57404384 -0.14252679 0.68348171
1778656547.906546 -185941.12939439 -86875.00953130 -8930048.33760869 -0.39637210 -0.59480211 -0.16222593 0.68028109
1778656547.973262 -185941.10795252 -86873.15781170 -8931111.26114415 -0.43002474 -0.57673475 -0.14713899 0.67882683
1778656548.039978 -185940.34470565 -86877.77442160 -8932165.66135661 -0.37114096 -0.60203543 -0.14050125 0.69286877
1778656548.106694 -185940.53214617 -86874.92878336 -8933228.96478999 -0.43916992 -0.57494563 -0.14737471 0.67442420
1778656548.173410 -185941.44845799 -86880.66198792 -8934284.96853480 -0.38415587 -0.60293108 -0.15710443 0.68133441
1778656548.240126 -185939.85866253 -86876.28032723 -8935347.18481537 -0.43054964 -0.57928158 -0.14027816 0.67777717
1778656548.306843 -185940.92215577 -86880.33336733 -8936404.11242281 -0.40570826 -0.59628122 -0.16206959 0.67348568
1778656548.373559 -185939.67357085 -86877.50058836 -8937465.69332812 -0.42944416 -0.58297764 -0.14409406 0.67450106
1778656548.440275 -185939.00741474 -86881.01472459 -8938520.48429974 -0.38413384 -0.60247038 -0.14122852 0.68521905
1778656548.506991 -185938.33733888 -86881.76739864 -8939579.26739085 -0.37869779 -0.60665648 -0.13445718 0.68591338
1778656548.573708 -185939.52580552 -86883.11593878 -8940639.51469367 -0.38959159 -0.60314733 -0.13219123 0.68334265
1778656548.640424 -185940.07437060 -86880.46893324 -8941700.99108446 -0.42779976 -0.59076236 -0.14046466 0.66951988
1778656548.707140 -185939.80880617 -86883.70238748 -8942757.05839825 -0.37269440 -0.61082617 -0.12964204 0.68642786
1778656548.773856 -185940.16369112 -86881.04583399 -8943819.94761591 -0.43229378 -0.58979331 -0.13399178 0.66881398
1778656548.840573 -185939.87338612 -86882.79705930 -8944877.16684149 -0.40366148 -0.60610226 -0.15826430 0.66682072
1778656548.907289 -185940.27967778 -86881.65724838 -8945938.66299571 -0.41696126 -0.59613764 -0.12621385 0.67441329
1778656548.974005 -185940.18422234 -86884.85163102 -8946994.72287457 -0.38166931 -0.61274377 -0.13799041 0.67810932
1778656549.040721 -185939.16850941 -86884.48557955 -8948051.93484722 -0.36089824 -0.61229381 -0.09714119 0.69671539
1778656549.107438 -185939.49616265 -86883.85998356 -8949111.58494124 -0.40482658 -0.60543252 -0.13364172 0.67209136
1778656549.174154 -185939.94614678 -86881.73056811 -8950172.67131747 -0.42023139 -0.60047394 -0.13100801 0.66758785
1778656549.240870 -185940.60757293 -86884.71255333 -8951230.92209413 -0.37872513 -0.61579221 -0.12879807 0.67880652
1778656549.307586 -185940.67637239 -86882.12736879 -8952292.16447197 -0.42088986 -0.60037726 -0.12057857 0.66922319
1778656549.374302 -185940.60369896 -86884.05966440 -8953348.87849481 -0.36501688 -0.62045618 -0.11891976 0.68385298
1778656549.441019 -185941.53751663 -86885.99329326 -8954409.05133332 -0.37625531 -0.61601443 -0.10998910 0.68327195
1778656549.507735 -185941.73317099 -86887.05153597 -8955466.85117695 -0.35558825 -0.62405846 -0.11007780 0.68701595
1778656549.574451 -185942.52390392 -86883.75068514 -8956528.03484661 -0.40853809 -0.60736965 -0.10967019 0.67243676
1778656549.641167 -185943.10559282 -86885.40074969 -8957585.97750813 -0.36002510 -0.62413444 -0.11012372 0.68462463
1778656549.707883 -185943.79713147 -86882.83951159 -8958648.47151186 -0.41984413 -0.60605542 -0.11250081 0.66616162
1778656549.774599 -185944.71856320 -86885.52012859 -8959706.75266195 -0.37265650 -0.62494912 -0.12800987 0.67392819
1778656549.841316 -185945.32071119 -86882.68079052 -8960768.53085066 -0.41030472 -0.60983241 -0.10440070 0.66996639
1778656549.908031 -185946.44780040 -86885.23010459 -8961827.02315854 -0.38285570 -0.62361878 -0.13013310 0.66901906
1778656549.974748 -185946.94051413 -86882.27813535 -8962888.74330948 -0.40796227 -0.61269141 -0.10482054 0.66872168
1778656550.041464 -185947.73380911 -86885.21221093 -8963945.56541229 -0.36390026 -0.62831490 -0.10937843 0.67884707
1778656550.108180 -185948.30197398 -86887.83078354 -8965002.70868841 -0.32280951 -0.63353115 -0.06655414 0.70000203
1778656550.174896 -185948.95324163 -86887.08018161 -8966062.77509274 -0.36551909 -0.62820735 -0.09907103 0.67965893
1778656550.241612 -185950.21598186 -86882.73269304 -8967124.34983749 -0.39245998 -0.62029542 -0.09711234 0.67214429
1778656550.308328 -185951.21960595 -86884.46885270 -8968182.62542887 -0.34772438 -0.63355886 -0.09130654 0.68509419
1778656550.375044 -185952.25817469 -86880.17777518 -8969246.56727719 -0.41598696 -0.61601320 -0.10332097 0.66091404
1778656550.441760 -185953.15077145 -86882.38744961 -8970304.09179445 -0.36175358 -0.63431292 -0.11054124 0.67421221
1778656550.508476 -185954.52969579 -86878.17293251 -8971367.89918940 -0.40895619 -0.61903072 -0.09627944 0.66354056
1778656550.575192 -185956.63960982 -86883.37714441 -8972425.03998537 -0.34501560 -0.63980734 -0.10365764 0.67887105
1778656550.641908 -185957.44483452 -86877.75641697 -8973488.64953582 -0.40842241 -0.61997697 -0.08898493 0.66400405
1778656550.708624 -185959.41882126 -86881.70175100 -8974544.87478688 -0.34338187 -0.63969678 -0.09147922 0.68154858
1778656550.775340 -185960.41033423 -86877.26516741 -8975609.16497231 -0.40916499 -0.62195179 -0.09095920 0.66142755
1778656550.842056 -185962.82717691 -86880.99928048 -8976667.83329874 -0.36035778 -0.63900395 -0.10716766 0.67106730
1778656550.908772 -185964.38094570 -86884.78188674 -8977726.49469037 -0.32491401 -0.64390584 -0.06778645 0.68936285
1778656550.975488 -185965.85068872 -86883.44546356 -8978785.32229866 -0.34210714 -0.63896752 -0.06275221 0.68610887
1778656551.042204 -185966.77882633 -86876.20745349 -8979849.11324062 -0.41170000 -0.62693018 -0.10054749 0.65372155
1778656551.108920 -185967.58400253 -86874.49028954 -8980908.47468022 -0.37083045 -0.63952755 -0.10656741 0.66493058
1778656551.175636 -185969.87667065 -86875.11990388 -8981968.14869137 -0.35627759 -0.64053519 -0.07728199 0.67587606
1778656551.242352 -185972.02452943 -86874.44604342 -8983027.32853913 -0.35601532 -0.64082522 -0.07413148 0.67609219
1778656551.309068 -185974.31413998 -86871.49163235 -8984090.00710250 -0.39285207 -0.63420313 -0.08744328 0.66015703
1778656551.375784 -185976.29668862 -86872.19785430 -8985150.90085838 -0.37238234 -0.64168835 -0.10168737 0.66274213
1778656551.442499 -185978.58695581 -86873.49514667 -8986210.66118857 -0.34395989 -0.64633782 -0.07327875 0.67717741
1778656551.509216 -185980.82047991 -86872.32866790 -8987270.90489792 -0.35610071 -0.64352206 -0.06802038 0.67412527
1778656551.575931 -185983.13713558 -86870.60890951 -8988331.45433129 -0.36314654 -0.64278861 -0.06941201 0.67091681
1778656551.642648 -185984.78915060 -86870.17588468 -8989392.80305141 -0.36248310 -0.64600846 -0.08617943 0.66622232
1778656551.709363 -185987.16092447 -86870.92571982 -8990453.02489438 -0.33866590 -0.65048665 -0.06925209 0.67629629
1778656551.776079 -185989.57990166 -86869.33873709 -8991514.11182329 -0.35584195 -0.64719830 -0.06724058 0.67081262
1778656551.842795 -185992.18642378 -86867.15423088 -8992575.36468717 -0.36770597 -0.64581202 -0.07141683 0.66529601
1778656551.909511 -185994.39149085 -86868.60051627 -8993635.06211125 -0.33128039 -0.65417048 -0.06617522 0.67670904
1778656551.976227 -185996.51077160 -86863.62765676 -8994699.60983403 -0.39930154 -0.64144523 -0.07756604 0.65045354
1778656552.042943 -185999.26626705 -86865.72027735 -8995758.71150036 -0.34141205 -0.65551907 -0.08388814 0.66835271
1778656552.109659 -186001.73058566 -86862.21820300 -8996822.67092015 -0.38863706 -0.64476207 -0.06895677 0.65459000
1778656552.176376 -186004.91513657 -86866.47394389 -8997880.51515339 -0.32221400 -0.65964654 -0.06907221 0.67548028
1778656552.243094 -186006.77877890 -86860.44548287 -8998945.37778618 -0.39116767 -0.64554140 -0.06478708 0.65273792
1778656552.309812 -186010.36649430 -86866.12597436 -9000002.98214024 -0.31312998 -0.66295173 -0.06670229 0.67675359
1778656552.376530 -186012.45710986 -86861.49555433 -9001068.00738872 -0.38110338 -0.64868341 -0.05704872 0.65628918
1778656552.443249 -186015.05515653 -86860.54018694 -9002129.59364556 -0.38058644 -0.64958779 -0.05584011 0.65579840
1778656552.509967 -186017.66500559 -86857.73275483 -9003192.81986100 -0.39093602 -0.65146109 -0.09620736 0.64304869
1778656552.576685 -186023.15888272 -86867.71173196 -9004251.95851755 -0.31514350 -0.66569350 -0.06370278 0.67340826
1778656552.643404 -186024.44643811 -86860.86343382 -9005315.30363900 -0.37409229 -0.65399413 -0.05845105 0.65492756
1778656552.710122 -186029.00568461 -86867.74200891 -9006373.56775320 -0.31182730 -0.66840132 -0.06900995 0.67174477
1778656552.776840 -186030.71153813 -86862.37541979 -9007437.53721524 -0.36133430 -0.65734156 -0.04898066 0.65950019
1778656552.843559 -186034.72983230 -86866.81679879 -9008496.06354612 -0.31182781 -0.66941108 -0.06298031 0.67133129
1778656552.910277 -186036.39647106 -86859.30168087 -9009561.03335542 -0.36417318 -0.65826228 -0.04738732 0.65713248
1778656552.976996 -186039.67876278 -86854.09368382 -9010616.25134649 -0.31212142 -0.66753994 -0.04041879 0.67478661
1778656553.043714 -186040.97054378 -86843.47239768 -9011686.21851639 -0.39894825 -0.65371018 -0.06000846 0.64023611
1778656553.110433 -186045.61684301 -86849.84053261 -9012743.49208782 -0.32031393 -0.67001918 -0.06396079 0.66662006
1778656553.177150 -186049.84715437 -86850.20923060 -9013802.99642576 -0.31676200 -0.66673682 -0.02059401 0.67431427
1778656553.243865 -186053.84810833 -86847.50941588 -9014861.95898334 -0.32123751 -0.66792308 -0.03184644 0.67057515
1778656553.310581 -186056.71191211 -86836.21329695 -9015931.79175701 -0.40419610 -0.65737392 -0.06546700 0.63261292
1778656553.377296 -186061.73753896 -86843.07556000 -9016988.31390805 -0.30461470 -0.67401408 -0.05008199 0.67112346
1778656553.444012 -186065.01609763 -86834.24540729 -9018056.58382825 -0.39496512 -0.65897205 -0.04317136 0.63866629
1778656553.510728 -186068.51274461 -86836.57514109 -9019114.05538302 -0.33056278 -0.67197329 -0.06672874 0.65933863
1778656553.577443 -186072.22287395 -86835.43093020 -9020176.12158365 -0.32659307 -0.67456084 -0.06228926 0.65910901
1778656553.644159 -186077.07577825 -86844.23001173 -9021237.82903917 -0.29044112 -0.67717262 -0.01366502 0.67593969
1778656553.710874 -186080.29088535 -86836.40212414 -9022303.59762992 -0.37966982 -0.66822832 -0.04791804 0.63798558
1778656553.777590 -186085.26607714 -86837.71850578 -9023363.36136179 -0.31164599 -0.67836716 -0.04786687 0.66362906
1778656553.844305 -186088.49299426 -86833.67066961 -9024429.35638501 -0.36844371 -0.67077099 -0.03747432 0.64258166
1778656553.911021 -186093.15264967 -86838.15015244 -9025488.66841247 -0.30545563 -0.68083091 -0.05005454 0.66382277
1778656553.977736 -186097.23237102 -86841.32386147 -9026549.93468893 -0.29044882 -0.68086870 -0.01116282 0.67225939
1778656554.044452 -186101.45685075 -86836.74670106 -9027611.21937647 -0.30852077 -0.67982736 -0.01828946 0.66506781
1778656554.111167 -186104.79479045 -86831.08447772 -9028677.50793361 -0.36479333 -0.67564454 -0.04791686 0.63885386
1778656554.177883 -186110.36498004 -86836.61148881 -9029737.21703847 -0.28436404 -0.68557321 -0.03502919 0.66925289
1778656554.244599 -186113.76107912 -86829.82805339 -9030803.60337366 -0.35851603 -0.67680476 -0.02514580 0.64247121
1778656554.311316 -186118.49426280 -86832.13654828 -9031863.85746139 -0.31001809 -0.68472528 -0.05151198 0.65756109
1778656554.378031 -186123.12566419 -86836.11655940 -9032925.00713933 -0.28032093 -0.68668862 -0.01016955 0.67065304
1778656554.444748 -186127.25082495 -86837.07618662 -9033985.94344312 -0.27943574 -0.68815532 -0.01733668 0.66937087
1778656554.511464 -186131.79600265 -86829.38403449 -9035051.91384617 -0.33986817 -0.68282327 -0.02141597 0.64636163
1778656554.578180 -186136.70057957 -86831.36839393 -9036113.02773164 -0.29385754 -0.68922172 -0.03842178 0.66116936
1778656554.644896 -186141.00678747 -86825.17654690 -9037179.75437997 -0.34750682 -0.68365598 -0.02095286 0.64141600
1778656554.711612 -186145.94655595 -86827.52857670 -9038240.50430326 -0.30707516 -0.68953686 -0.04681677 0.65425680
1778656554.778329 -186150.36543282 -86822.34719548 -9039306.69110969 -0.34427489 -0.68568233 -0.02128432 0.64098481
1778656554.845045 -186156.15425269 -86827.87299205 -9040365.92925123 -0.28903380 -0.69216488 -0.03154432 0.66058474
1778656554.911761 -186159.66091548 -86820.67483150 -9041433.01871641 -0.34348053 -0.68723136 -0.01814695 0.63984754
1778656554.978477 -186164.97346489 -86824.41865206 -9042493.15991429 -0.30041172 -0.69314496 -0.04376263 0.65374896
1778656555.045193 -186169.73941912 -86823.37935142 -9043556.45841892 -0.29986862 -0.69404389 -0.04256698 0.65312322
1778656555.111909 -186175.94278530 -86832.63796277 -9044616.59556088 -0.25429576 -0.69739534 -0.00542853 0.67003279
1778656555.178626 -186179.36851640 -86822.00799957 -9045683.57584881 -0.33044259 -0.69253096 -0.01521031 0.64107504
1778656555.245342 -186185.08823615 -86822.14408660 -9046744.42943218 -0.28746683 -0.69716130 -0.03138853 0.65600587
1778656555.312058 -186190.07461114 -86815.86096616 -9047812.06728790 -0.33345791 -0.69358246 -0.01124552 0.63845339
1778656555.378774 -186198.44248727 -86814.08740574 -9048870.39513161 -0.28974481 -0.69742000 -0.01269473 0.65535649
1778656555.445490 -186203.40778000 -86822.72157032 -9049931.83129883 -0.25626786 -0.69827478 0.02109241 0.66805256
1778656555.512207 -186207.06555664 -86821.86214468 -9050995.45299364 -0.27350540 -0.70011911 -0.00351227 0.65955720
1778656555.578923 -186212.11498032 -86814.67807523 -9052063.10901659 -0.32757057 -0.69804203 -0.01435097 0.63657591
1778656555.645639 -186217.97774568 -86816.29866448 -9053124.90197598 -0.28617068 -0.70131853 -0.03076832 0.65215946
1778656555.712355 -186223.56609224 -86811.96774525 -9054191.78470382 -0.32205950 -0.69951700 -0.00401734 0.63791654
1778656555.779071 -186229.51617733 -86815.37399530 -9055252.20718583 -0.27993106 -0.70284691 -0.02237924 0.65356254
1778656555.845787 -186234.45005361 -86809.37714323 -9056319.78500279 -0.32209734 -0.70113857 -0.00288903 0.63612079
1778656555.912503 -186240.12197014 -86812.56659764 -9057380.13192044 -0.28123822 -0.70446520 -0.02983620 0.65095595
1778656555.979219 -186245.87696157 -86816.91192566 -9058442.49779133 -0.26020633 -0.70587586 0.00368530 0.65880069
1778656556.045936 -186252.02982552 -86819.28519213 -9059504.20500704 -0.25521966 -0.70675058 0.00061574 0.65982283
1778656556.112652 -186256.42681451 -86810.19898847 -9060572.61400630 -0.31252489 -0.70570904 -0.00717233 0.63580775
1778656556.179368 -186262.67019494 -86809.76659619 -9061635.25783356 -0.28680724 -0.70730583 -0.02756667 0.64552316
1778656556.246084 -186268.73368299 -86805.89828168 -9062702.59431911 -0.31028162 -0.70712670 -0.00197714 0.63536858
1778656556.312800 -186274.84620796 -86807.27909178 -9063763.71778877 -0.27946392 -0.70911768 -0.02119621 0.64699517
1778656556.379516 -186282.96661477 -86813.18306235 -9064825.04719246 -0.24177455 -0.70908386 0.03469597 0.66146907
1778656556.446232 -186287.19045484 -86809.17255270 -9065889.61733960 -0.27341202 -0.71081476 -0.00103527 0.64806417
1778656556.512948 -186293.33711832 -86803.73032469 -9066957.14122767 -0.30490287 -0.71097383 -0.00230421 0.63367590
1778656556.579664 -186299.73942799 -86805.35038493 -9068019.28483815 -0.27137025 -0.71213055 -0.01535363 0.64729632
1778656556.646380 -186305.94974574 -86801.13428479 -9069087.09578341 -0.30427235 -0.71243938 0.00682783 0.63229886
1778656556.713096 -186312.05337918 -86799.72090142 -9070151.55396818 -0.30384756 -0.71315517 0.00773168 0.63168552
1778656556.779812 -186317.64704172 -86793.52563744 -9071217.28504474 -0.31875954 -0.71351126 -0.01907282 0.62364274
1778656556.846528 -186324.22785087 -86798.23815031 -9072279.14658848 -0.27913458 -0.71483445 -0.02030037 0.64084591
1778656556.913244 -186331.06921661 -86802.85332934 -9073341.14774440 -0.25297335 -0.71629486 0.00430593 0.65031348
1778656556.979960 -186337.59474745 -86804.23398199 -9074403.73318589 -0.25259204 -0.71687862 0.00068095 0.64983217
1778656557.046676 -186342.77537417 -86796.35049782 -9075472.85608985 -0.29908910 -0.71786980 0.00124792 0.62865499
1778656557.113392 -186349.80445038 -86795.93551052 -9076535.66189031 -0.27470208 -0.71790594 -0.01677914 0.63942810
1778656557.180109 -186356.97165553 -86792.39759816 -9077603.97733796 -0.29562393 -0.71928896 0.01083942 0.62857967
1778656557.246826 -186363.65656227 -86793.72800571 -9078665.30271659 -0.26643783 -0.71947426 -0.00864229 0.64132128
1778656557.313544 -186370.61589852 -86789.44142115 -9079734.31005374 -0.29564596 -0.72080757 0.01566574 0.62672522
1778656557.380262 -186378.93872485 -86795.47692708 -9080793.51313865 -0.24336279 -0.72071124 0.01398150 0.64896408
1778656557.446980 -186385.52378973 -86786.30247368 -9081864.59637234 -0.29796426 -0.72212830 0.02451270 0.62381660
1778656557.513698 -186389.56274556 -86784.51616807 -9082926.83343182 -0.28353670 -0.72137168 -0.02784265 0.63123262
1778656557.580415 -186397.91340623 -86783.93578600 -9083995.69483557 -0.28923041 -0.72366823 0.01792738 0.62636146
1778656557.647133 -186404.00464642 -86783.18259658 -9085057.20227236 -0.28273018 -0.72236166 -0.02997249 0.63036412
1778656557.713851 -186409.99659368 -86781.42222003 -9086126.17177988 -0.29260786 -0.72517620 0.00674761 0.62326126
1778656557.780569 -186418.56495931 -86781.84568255 -9087187.02832039 -0.28228176 -0.72319258 -0.03086492 0.62956879
1778656557.847287 -186423.20765275 -86778.74200709 -9088256.73288983 -0.29372168 -0.72659102 0.00265908 0.62111673
1778656557.914005 -186430.25891209 -86774.66558230 -9089319.29098097 -0.29394147 -0.72488021 -0.03701209 0.62191414
1778656557.980723 -186436.97714935 -86775.11851513 -9090388.28978150 -0.29307070 -0.72796830 0.00189919 0.61981297
1778656558.047441 -186445.11252954 -86774.99738464 -9091449.68357028 -0.27710570 -0.72711171 -0.02136912 0.62774545
1778656558.114158 -186451.08842061 -86772.50999664 -9092519.45940681 -0.29151102 -0.72961714 0.00763147 0.61856441
1778656558.180876 -186462.79983644 -86782.90309330 -9093577.21372024 -0.22812476 -0.72854852 0.02612210 0.64536330
1778656558.247593 -186471.29019246 -86770.73189892 -9094651.38205374 -0.28816501 -0.73091154 0.03951591 0.61738784
1778656558.314311 -186475.79211270 -86766.02559568 -9095713.41431229 -0.26980074 -0.73047742 -0.00296812 0.62737667
1778656558.381029 -186487.12974851 -86775.96879085 -9096776.98675916 -0.23745962 -0.73080272 0.04306684 0.63850259
1778656558.447746 -186494.75343795 -86762.35027738 -9097849.25850693 -0.29431208 -0.73340447 0.02915826 0.61208503
1778656558.514463 -186503.42578065 -86768.33403148 -9098908.65345777 -0.24227119 -0.73174653 0.02315800 0.63664385
1778656558.581181 -186511.01783295 -86761.25711016 -9099981.63723434 -0.28580034 -0.73457581 0.03879485 0.61417546
1778656558.647898 -186515.57198809 -86758.37729945 -9101043.49073933 -0.26433467 -0.73347693 0.00423418 0.62619553
1778656558.714616 -186526.23403561 -86768.74988278 -9102106.36096505 -0.22801912 -0.73339182 0.04546857 0.63880852
1778656558.781333 -186534.07285058 -86767.78763142 -9103172.25090274 -0.22736311 -0.73418185 0.04658486 0.63805398
1778656558.848051 -186542.44980530 -86756.97086380 -9104244.33475108 -0.28720239 -0.73852182 0.03505722 0.60899203
1778656558.914768 -186547.52352262 -86752.54588087 -9105308.63266639 -0.27346235 -0.73663100 -0.00018922 0.61854108
1778656558.981486 -186558.94083751 -86753.81994780 -9106377.96967932 -0.27543421 -0.73930011 0.03526313 0.61345567
1778656559.048203 -186563.83762440 -86752.29652335 -9107440.27649898 -0.26122643 -0.73718592 0.00336582 0.62314231
1778656559.114921 -186572.86340622 -86749.95458590 -9108511.17123773 -0.27923054 -0.74096817 0.03265886 0.60986054
1778656559.181639 -186581.31339364 -86751.35678508 -9109572.99427838 -0.25267108 -0.73860451 0.01872689 0.62471594
1778656559.248358 -186590.54719048 -86746.65082470 -9110644.80795474 -0.27883242 -0.74241717 0.03787422 0.60797597
1778656559.315077 -186593.88724203 -86740.06762393 -9111708.86286006 -0.28351061 -0.74029117 -0.00952853 0.60950794
1778656559.381795 -186603.43969932 -86743.81895648 -9112773.34784237 -0.25966787 -0.74031808 0.00607747 0.62005225
1778656559.448514 -186611.44067471 -86742.92070003 -9113838.65141486 -0.25990024 -0.74112058 0.00812213 0.61897188
1778656559.515234 -186618.26707403 -86737.00467048 -9114910.54026543 -0.28689633 -0.74525719 0.02042331 0.60155225
1778656559.581952 -186627.41299332 -86734.99279682 -9115975.43184786 -0.26967276 -0.74341785 0.00665360 0.61201490
1778656559.648671 -186643.70250492 -86744.82288703 -9117040.26864045 -0.22742948 -0.74256910 0.05866672 0.62723614
1778656559.715390 -186651.17763323 -86745.32689943 -9118104.37192081 -0.22098111 -0.74250429 0.05505472 0.62993945
1778656559.782109 -186659.16230640 -86736.80774319 -9119176.65583381 -0.27016963 -0.74828224 0.04583621 0.60413666
1778656559.848829 -186661.12396873 -86726.19719931 -9120242.67676631 -0.30285963 -0.74722710 -0.01781827 0.59127846
1778656559.915548 -186674.71370939 -86733.61573019 -9121308.67504967 -0.23858149 -0.74542290 0.03133886 0.62164415
1778656559.982267 -186681.78375714 -86732.13752039 -9122373.63162133 -0.24203624 -0.74590019 0.02434839 0.62004720
1778656560.048986 -186692.16500493 -86728.51533040 -9123445.25709650 -0.26560515 -0.75083813 0.04326600 0.60317830
1778656560.115706 -186698.74702837 -86723.46981550 -9124510.81060944 -0.26359338 -0.74895921 0.01125170 0.60782566
1778656560.182424 -186709.04917134 -86726.36277585 -9125576.95636981 -0.24025521 -0.74860632 0.03358961 0.61703950
1778656560.249142 -186717.83709143 -86725.75354333 -9126642.97155788 -0.23515468 -0.74876169 0.03506415 0.61873154
1778656560.315859 -186726.89393581 -86720.31805733 -9127714.75673300 -0.26803744 -0.75416235 0.04088394 0.59809997
1778656560.382577 -186733.91232792 -86715.52243616 -9128780.46943854 -0.26296626 -0.75182235 0.01174452 0.60454443
1778656560.449294 -186744.44252856 -86718.27649942 -9129847.02030580 -0.24168603 -0.75158578 0.03435201 0.61280226
1778656560.516012 -186754.22568835 -86713.32918973 -9130918.37091751 -0.26870635 -0.75651793 0.04176696 0.59475460
1778656560.582730 -186760.37862200 -86709.65277379 -9131981.92166517 -0.25551204 -0.75221327 0.00857351 0.60730165
1778656560.649447 -186771.78195783 -86709.67814180 -9133054.38566827 -0.26447231 -0.75760701 0.04591163 0.59496061
1778656560.716165 -186775.86727629 -86700.06741430 -9134119.42596667 -0.27838249 -0.75532870 -0.00343090 0.59327057
1778656560.782882 -186789.32239576 -86704.06547911 -9135190.74534204 -0.26446281 -0.75868698 0.04052708 0.59397900
1778656560.849600 -186793.75938036 -86694.93024300 -9136255.88197349 -0.28126293 -0.75732797 -0.00039688 0.58936012
1778656560.916318 -186804.98000405 -86698.06336575 -9137321.14945502 -0.25301948 -0.75525387 0.01042850 0.60453617
1778656560.983035 -186811.53791476 -86691.23818558 -9138389.45285576 -0.27248030 -0.75817411 0.00233808 0.59238588
1778656561.049753 -186822.26105553 -86691.76975969 -9139462.15647452 -0.27081112 -0.76200793 0.03235117 0.58733181
1778656561.116471 -186831.24719801 -86688.50544894 -9140527.09980092 -0.26113603 -0.75901955 0.01359878 0.59624858
1778656561.183188 -186843.27305974 -86689.25943992 -9141599.41053132 -0.26278858 -0.76304805 0.04302447 0.58893865
1778656561.249904 -186852.61379398 -86686.98430264 -9142667.52175676 -0.26217470 -0.76377129 0.04423650 0.58818447
1778656561.316620 -186869.06732929 -86687.51480444 -9143736.26731859 -0.25529971 -0.76364581 0.04807972 0.59106301
1778656561.383337 -186869.75169076 -86678.40874717 -9144801.07944320 -0.25937582 -0.76174589 0.01505019 0.59349884
1778656561.450053 -186881.03263958 -86681.44700488 -9145868.92782246 -0.24400081 -0.76219581 0.03602041 0.59851790
1778656561.516769 -186889.27399574 -86677.07101600 -9146936.09386241 -0.25020262 -0.76264293 0.02523490 0.59593423
1778656561.583485 -186895.78434425 -86670.25742925 -9148008.71638234 -0.27793453 -0.76859837 0.02812934 0.57551514
1778656561.650202 -186906.37409009 -86667.67417637 -9149075.46206055 -0.26234539 -0.76516677 0.01623816 0.58773382
1778656561.716918 -186918.43199857 -86670.61894708 -9150142.86876590 -0.24182211 -0.76443001 0.03515326 0.59660127
1778656561.783634 -186931.94535561 -86674.77744551 -9151209.30597747 -0.21671564 -0.76254607 0.05353011 0.60720042
1778656561.850350 -186939.25330428 -86666.71373692 -9152281.71813438 -0.25227251 -0.76928623 0.04710994 0.58509652
1778656561.917067 -186946.98044249 -86660.99059840 -9153349.30455162 -0.25412633 -0.76777387 0.02482521 0.58764513
1778656561.983783 -186961.45623796 -86663.56010510 -9154421.44014535 -0.24792293 -0.77079762 0.05704625 0.58408130
1778656562.050499 -186968.53501642 -86658.65379463 -9155486.75368417 -0.24286717 -0.76781126 0.03294171 0.59194278
1778656562.117215 -186978.40566168 -86656.16594506 -9156555.99196626 -0.24226087 -0.76856756 0.03416590 0.59113980
1778656562.183932 -186986.11633083 -86651.32527055 -9157624.95111941 -0.25167252 -0.77085066 0.03071814 0.58438565
1778656562.250648 -186995.80340385 -86648.39913683 -9158696.74169040 -0.26046742 -0.77459567 0.04124363 0.57485409
1778656562.317364 -187007.82587816 -86648.18212966 -9159763.60811239 -0.24089549 -0.77082493 0.03799179 0.58851925
1778656562.384081 -187017.95151636 -86647.48862281 -9160830.75743072 -0.23078473 -0.76966837 0.04067598 0.59388086
1778656562.450797 -187027.00371305 -86643.18820651 -9161900.73174766 -0.23859194 -0.77224248 0.04028533 0.58744576
1778656562.517514 -187043.69131016 -86646.29553063 -9162974.04896198 -0.23599401 -0.77535154 0.06943557 0.58164896
1778656562.584230 -187049.97630616 -86639.75534771 -9164040.18612700 -0.23473277 -0.77268790 0.04136496 0.58833909
1778656562.650946 -187062.31971844 -86639.45053331 -9165113.59664894 -0.24195679 -0.77767320 0.06548067 0.57653585
1778656562.717663 -187072.81206228 -86637.14437497 -9166182.94499559 -0.24131930 -0.77836356 0.06665647 0.57573612
1778656562.784379 -187081.12155471 -86630.05757752 -9167253.47354659 -0.25289384 -0.77999983 0.05214387 0.57002280
1778656562.851095 -187087.52295809 -86623.05856346 -9168320.68939651 -0.25348837 -0.77815569 0.03158168 0.57377693
1778656562.917812 -187102.56604949 -86627.05445520 -9169393.36130680 -0.24317080 -0.78022845 0.06145417 0.57300516
1778656562.984528 -187108.20574459 -86617.26824700 -9170459.70721522 -0.25239288 -0.77917089 0.03306394 0.57279782
1778656563.051244 -187119.90522840 -86617.65644601 -9171527.62137466 -0.23736622 -0.77701119 0.03755764 0.58180780
1778656563.117961 -187127.94499819 -86611.18983909 -9172598.28116961 -0.25053741 -0.78074822 0.03568403 0.57130541
1778656563.184677 -187141.00115623 -86612.91757450 -9173671.99968014 -0.24580277 -0.78315264 0.05799806 0.56823337
1778656563.251394 -187150.99930680 -86608.50148623 -9174738.67540410 -0.23840454 -0.77994306 0.04187479 0.57714695
1778656563.318110 -187164.74761805 -86610.23623528 -9175813.11448456 -0.23918134 -0.78397652 0.06735198 0.56889086
1778656563.384826 -187178.11417065 -86611.71618904 -9176876.81789220 -0.21190603 -0.77703927 0.05724051 0.58994011
1778656563.451543 -187194.15271574 -86614.51126742 -9177953.37854507 -0.22362641 -0.78352777 0.08697164 0.57315914
1778656563.518259 -187193.30853503 -86595.37121201 -9179020.82970344 -0.24632244 -0.78445089 0.04212129 0.56761594
1778656563.584976 -187215.46893493 -86606.62368764 -9180094.75877658 -0.22448017 -0.78420086 0.07737015 0.57328136
1778656563.651692 -187218.41271545 -86594.99736919 -9181160.37544222 -0.23175828 -0.78303909 0.04888921 0.57510671
1778656563.718408 -187228.12811594 -86590.91046652 -9182229.67235334 -0.23228081 -0.78344642 0.04703605 0.57449538
1778656563.785125 -187237.06324073 -86585.69838546 -9183301.29739202 -0.24193433 -0.78694260 0.04917636 0.56548281
1778656563.851841 -187247.42240328 -86583.38947389 -9184375.57286599 -0.24916651 -0.79094685 0.06241911 0.55535842
1778656563.918558 -187261.57215041 -86583.43626057 -9185442.74842313 -0.22720697 -0.78493941 0.05349144 0.57392141
1778656563.985274 -187281.31563021 -86594.88328771 -9186510.80972633 -0.18998109 -0.77976891 0.08145418 0.59095926
1778656564.051991 -187291.88491036 -86590.13759723 -9187582.84511448 -0.20451270 -0.78432210 0.08191981 0.57991597
1778656564.118707 -187303.11841211 -86584.76493431 -9188657.58365764 -0.22577262 -0.79061831 0.08359041 0.56299383
1778656564.185423 -187311.42179816 -86578.86977241 -9189725.06458611 -0.21812870 -0.78654223 0.06210460 0.57438159
1778656564.252138 -187322.76445071 -86576.14819977 -9190796.27224123 -0.21748791 -0.78724340 0.06330635 0.57353216
1778656564.318854 -187331.83005064 -86571.24937139 -9191867.35532166 -0.22459048 -0.79014445 0.06474929 0.56660250
1778656564.385570 -187346.15926508 -86571.21619654 -9192942.30881658 -0.23030964 -0.79473003 0.08534870 0.55504706
1778656564.452285 -187357.52359563 -86568.13782477 -9194009.00703260 -0.21326855 -0.78815853 0.06469144 0.57370522
1778656564.519001 -187368.05906412 -86566.18920949 -9195079.05096574 -0.20786941 -0.78807328 0.07075847 0.57508613
1778656564.585716 -187377.54263971 -86560.31431779 -9196151.74400281 -0.22220841 -0.79289565 0.07026073 0.56303050
1778656564.652431 -187389.38797546 -86557.22357817 -9197226.02680576 -0.23167734 -0.79723484 0.07852724 0.55188377
1778656564.719147 -187401.57616992 -86554.80653985 -9198293.86907078 -0.21493136 -0.79121282 0.06502817 0.56882169
1778656564.785862 -187413.79361439 -86554.21176405 -9199364.26088831 -0.20613115 -0.79044182 0.07336413 0.57212707
1778656564.852578 -187423.25683068 -86548.15060909 -9200437.15017643 -0.22099534 -0.79562452 0.07364799 0.55921254
1778656564.919293 -187439.33685513 -86549.52778583 -9201511.44860804 -0.21791674 -0.79706960 0.08790122 0.55629644
1778656564.986009 -187450.09022644 -86545.94092260 -9202579.07991945 -0.20514636 -0.79209081 0.07347325 0.57018313
1778656565.052724 -187460.54848585 -86542.72564785 -9203650.20568169 -0.20520393 -0.79327756 0.07773626 0.56794289
1778656565.119439 -187470.70079732 -86537.42243616 -9204723.37371386 -0.21667854 -0.79762869 0.07864613 0.55736315
1778656565.186155 -187482.54086031 -86534.36934251 -9205798.11754397 -0.22631768 -0.80240974 0.08885205 0.54499929
1778656565.252870 -187495.22198298 -86531.23038167 -9206866.31214879 -0.21016327 -0.79574379 0.07054927 0.56360094
1778656565.319586 -187510.99828414 -86534.17960391 -9207942.23428983 -0.21126002 -0.80032802 0.09990604 0.55214404
1778656565.386301 -187517.99044358 -86523.89338436 -9209009.99769023 -0.21309464 -0.79797516 0.07201343 0.55914255
1778656565.453016 -187534.41313317 -86527.70251426 -9210086.70748395 -0.21219794 -0.80186673 0.09946159 0.54962640
1778656565.519732 -187539.62005885 -86514.79971036 -9211156.24706130 -0.22442011 -0.80344147 0.07653384 0.54613185
1778656565.586447 -187557.32123031 -86519.51527181 -9212231.58847731 -0.21539529 -0.80364337 0.09492461 0.54658167
1778656565.653162 -187563.84585556 -86508.41990801 -9213300.28235780 -0.22041960 -0.80346131 0.07695829 0.54767011
1778656565.719878 -187576.52283357 -86507.11518765 -9214371.67970822 -0.21336448 -0.80213482 0.07961080 0.55201219
1778656565.786593 -187587.22069795 -86502.12955819 -9215444.27447245 -0.21748758 -0.80449261 0.08093571 0.54675425
1778656565.853308 -187602.14045594 -86503.86542126 -9216520.20129360 -0.21587312 -0.80650394 0.09667456 0.54185258
1778656565.920024 -187613.93748025 -86498.71656111 -9217589.02321125 -0.20811396 -0.80276610 0.08156445 0.55281317
1778656565.986739 -187635.52157912 -86509.14096205 -9218660.25845698 -0.18112338 -0.79721259 0.10010717 0.56711989
1778656566.053454 -187646.84478786 -86504.04931782 -9219733.25506632 -0.18905981 -0.80065600 0.09979883 0.55968434
1778656566.120169 -187655.13025044 -86495.75366402 -9220808.89594967 -0.20964139 -0.80796312 0.10098443 0.54133929
1778656566.186885 -187666.59337914 -86490.63470919 -9221878.90117334 -0.20174340 -0.80387193 0.08515524 0.55302631
1778656566.253600 -187679.78602281 -86489.75833747 -9222951.49598084 -0.19608850 -0.80373014 0.09416062 0.55380587
1778656566.320315 -187691.25496097 -86484.72646665 -9224024.25697196 -0.19989633 -0.80551498 0.09107636 0.55035640
1778656566.387031 -187704.69397177 -86483.48048662 -9225099.57378537 -0.20420589 -0.80905446 0.10416018 0.54118527
1778656566.453746 -187716.61934324 -86478.46150833 -9226170.12155320 -0.19860524 -0.80608108 0.09029671 0.55012340
1778656566.520462 -187730.28476628 -86477.68228050 -9227242.56278909 -0.19128758 -0.80502872 0.09687460 0.55313031
1778656566.587177 -187741.22990920 -86472.16281131 -9228316.13326135 -0.19847528 -0.80833217 0.09687700 0.54573025
1778656566.653892 -187755.13018662 -86470.84119605 -9229391.06327131 -0.20014828 -0.81049048 0.10548973 0.54029415
1778656566.720608 -187767.25495575 -86465.84731789 -9230461.76247855 -0.19393264 -0.80734395 0.09217041 0.54962760
1778656566.787323 -187780.67484670 -86464.67930555 -9231534.90344452 -0.18919590 -0.80732487 0.10029892 0.54988325
1778656566.854038 -187792.04258996 -86459.40212093 -9232608.87451954 -0.19610263 -0.81063961 0.10070549 0.54246252
1778656566.920753 -187805.67534834 -86457.55257823 -9233684.50149534 -0.20023166 -0.81377060 0.11004117 0.53439277
1778656566.987469 -187818.27572069 -86453.09265475 -9234755.38997718 -0.19278115 -0.81017143 0.09766071 0.54490372
1778656567.054184 -187832.43361379 -86452.25957687 -9235827.78524751 -0.18357560 -0.80794196 0.10139033 0.55068121
1778656567.120899 -187843.08831323 -86446.48245349 -9236903.04120942 -0.19524581 -0.81378808 0.10762649 0.53669785
1778656567.187615 -187858.13978260 -86445.60882266 -9237977.40902946 -0.19225096 -0.81357630 0.11061035 0.53749281
1778656567.254331 -187870.33503822 -86441.08415877 -9239049.35838323 -0.18822994 -0.81194692 0.10429428 0.54261809
1778656567.321047 -187887.19768752 -86443.15243414 -9240126.62504287 -0.18937433 -0.81519426 0.12219095 0.53354011
1778656567.387764 -187895.39932391 -86432.61167009 -9241196.60240764 -0.18987518 -0.81343152 0.10188313 0.54027439
1778656567.454480 -187913.70035637 -86437.38988178 -9242274.88650526 -0.18784710 -0.81616256 0.12434518 0.53210000
1778656567.521196 -187920.18642611 -86424.28328619 -9243345.49420227 -0.19428666 -0.81693552 0.10636186 0.53249996
1778656567.587912 -187934.58063898 -86423.01625777 -9244418.83095478 -0.18672430 -0.81479902 0.10631465 0.53845500
1778656567.654628 -187947.67997099 -86419.74604802 -9245491.97197308 -0.18448938 -0.81472779 0.10761986 0.53907352
1778656567.721344 -187962.24506778 -86420.09622778 -9246570.37224324 -0.18973031 -0.81956746 0.12606535 0.52575576
1778656567.788061 -187973.33824534 -86411.51806196 -9247641.44568182 -0.18836118 -0.81757677 0.10784144 0.53334652
1778656567.854777 -187990.39966667 -86415.06838551 -9248719.62861381 -0.18715471 -0.82012303 0.12768464 0.52542169
1778656567.921493 -188003.87963561 -86412.07142477 -9249793.52897028 -0.18644705 -0.82068823 0.12889150 0.52449529
1778656567.988209 -188017.75082193 -86407.05270692 -9250863.82072046 -0.17669267 -0.81547783 0.11104770 0.53985556
1778656568.054925 -188030.18374121 -86403.37070213 -9251937.91496364 -0.17538305 -0.81631314 0.11555160 0.53807199
1778656568.121641 -188044.64960499 -86402.80884255 -9253016.60393661 -0.18360433 -0.82212998 0.13422917 0.52189490
1778656568.188358 -188055.26911458 -86393.49117064 -9254087.82785148 -0.18221897 -0.82000501 0.11349409 0.53057245
1778656568.255075 -188073.10911099 -86397.70233053 -9255166.30236999 -0.18054969 -0.82239695 0.13513451 0.52230617
1778656568.321791 -188082.75825459 -86387.33066004 -9256236.68012993 -0.17865362 -0.81998407 0.11545942 0.53139264
1778656568.388508 -188100.86180502 -86392.14546383 -9257316.18857654 -0.17868688 -0.82328504 0.13819485 0.52074459
1778656568.455225 -188108.27018819 -86379.24281253 -9258388.17431430 -0.18397497 -0.82441142 0.12422261 0.52064168
1778656568.521942 -188124.85611726 -86379.05513372 -9259461.84403767 -0.17395046 -0.82068778 0.11951580 0.53096966
1778656568.588659 -188137.44281989 -86374.74951479 -9260535.77931573 -0.17345160 -0.82133956 0.12324595 0.52926960
1778656568.655376 -188149.52911137 -86371.83091171 -9261614.89647668 -0.18352826 -0.82800960 0.14141550 0.51060664
1778656568.722093 -188163.92924197 -86366.59456084 -9262687.78204418 -0.17834977 -0.82500542 0.12528080 0.52140400
1778656568.788810 -188177.62044966 -86363.03208760 -9263763.11524116 -0.17763908 -0.82557870 0.12649291 0.52044569
1778656568.855527 -188201.05516466 -86371.18551803 -9264836.04299369 -0.15540776 -0.81727009 0.12711122 0.54014884
1778656568.922244 -188210.21199305 -86364.01788902 -9265915.19790285 -0.17429471 -0.82762421 0.14689140 0.51291563
1778656568.988961 -188222.07146297 -86355.90716808 -9266988.62941067 -0.17384375 -0.82640778 0.12851839 0.51991494
1778656569.055677 -188237.87827585 -86355.11343860 -9268063.47755956 -0.16597648 -0.82394016 0.13048933 0.52587731
1778656569.122395 -188252.42439898 -86352.55301466 -9269137.74922422 -0.16143980 -0.82256570 0.13053374 0.52941837
1778656569.189111 -188269.56967331 -86354.20106945 -9270216.83388827 -0.16535139 -0.82694117 0.14992450 0.51609095
1778656569.255826 -188284.12919407 -86351.52887972 -9271291.97088619 -0.16461570 -0.82746077 0.15108053 0.51515534
1778656569.322542 -188293.60722489 -86340.64518071 -9272365.42743014 -0.16726317 -0.82743940 0.13366367 0.51913495
1778656569.389257 -188310.31712739 -86340.78674489 -9273440.70334144 -0.15853430 -0.82441142 0.13476363 0.52635677
1778656569.455973 -188324.74747969 -86337.65812622 -9274516.21298317 -0.15781588 -0.82496724 0.13593424 0.52539993
1778656569.522688 -188337.59546560 -86332.69602555 -9275592.32771798 -0.16095392 -0.82745931 0.13964082 0.51952418
1778656569.589404 -188355.15256002 -86333.99068792 -9276672.51987848 -0.16657473 -0.83202329 0.15615264 0.50557537
1778656569.656119 -188364.81325671 -86323.63607171 -9277744.73791033 -0.16478831 -0.83034284 0.14005580 0.51357565
1778656569.722835 -188381.09931054 -86322.23083555 -9278819.65779151 -0.15640686 -0.82688714 0.13533866 0.52295124
1778656569.789550 -188393.76423392 -86317.46055887 -9279896.63792791 -0.16091843 -0.83073244 0.14431269 0.51299389
1778656569.856265 -188407.76776740 -86316.30207007 -9280976.09135063 0.16711730 0.83547867 -0.16345006 -0.49732411
1778656569.922981 -188422.58539035 -86310.31261712 -9282049.27019070 -0.16084290 -0.83155401 0.14264673 0.51215174
1778656569.989696 -188439.17796319 -86309.52372029 -9283124.65534423 -0.15324118 -0.82889474 0.14260752 0.51876175
1778656570.056411 -188453.82571407 -86306.12523028 -9284200.86007564 -0.15280631 -0.82934795 0.14351689 0.51791420
1778656570.123127 -188470.43611644 -86307.09235246 -9285280.92327842 -0.15786120 -0.83413666 0.16364857 0.50250872
1778656570.189842 -188484.62548486 -86301.03670967 -9286354.36583288 -0.15294742 -0.83077893 0.14510486 0.51512914
1778656570.256558 -188498.73667581 -86297.39368718 -9287430.21173543 -0.14902755 -0.82989093 0.14694515 0.51718368
1778656570.323274 -188512.58561781 -86293.02170449 -9288507.75414550 -0.15251421 -0.83287284 0.15137446 0.51004708
1778656570.389990 -188531.42773835 -86296.13931892 -9289587.28271475 -0.15294253 -0.83494253 0.16744049 0.50144116
1778656570.456706 -188541.56370477 -86285.42725901 -9290661.06967150 -0.15345903 -0.83451528 0.15241145 0.50675963
1778656570.523421 -188558.74017680 -86285.25340705 -9291737.71536848 -0.14652850 -0.83202530 0.15284408 0.51273969
1778656570.590137 -188572.12743731 -86280.42957271 -9292815.20087826 -0.15033464 -0.83525123 0.15894500 0.50447137
1778656570.656853 -188587.59897488 -86279.72604681 -9293894.41423215 0.15363019 0.83837870 -0.17395155 -0.49321374
1778656570.723568 -188602.47212311 -86272.95181375 -9294968.10636894 -0.14730524 -0.83412632 0.14942114 0.51010564
1778656570.790284 -188618.59553208 -86272.31875599 -9296045.20729478 -0.14207220 -0.83319354 0.15792644 0.51055192
1778656570.857000 -188632.10835893 -86267.28401883 -9297123.34510863 -0.14728898 -0.83701978 0.16350854 0.50096787
1778656570.923716 -188648.01621692 -86266.46209553 -9298202.57552693 0.14966230 0.83954188 -0.17512864 -0.49203718
1778656570.990431 -188662.98540785 -86260.38487195 -9299276.64459368 -0.14330184 -0.83552386 0.15533656 0.50718342
1778656571.057147 -188682.05638855 -86265.04686089 -9300358.19696697 0.14417239 0.83883836 -0.18061012 -0.49289403
1778656571.123863 -188691.79261302 -86252.70527906 -9301431.72264536 -0.14388216 -0.83790124 0.16369443 0.50042339
1778656571.190578 -188707.70081617 -86250.31880915 -9302509.67947134 -0.14180182 -0.83794713 0.16430754 0.50073933
1778656571.257294 -188722.92629920 -86246.88878908 -9303586.54539438 -0.13972597 -0.83747654 0.16415164 0.50215927
1778656571.324010 -188737.00877868 -86245.95116734 -9304667.88993816 0.14611895 0.84294743 -0.18931735 -0.48192098
1778656571.390726 -188753.05519870 -86239.75380447 -9305742.16770617 0.14025687 0.83905110 -0.16495812 -0.49910928
1778656571.457442 -188769.79666923 -86237.57362563 -9306819.69429097 -0.13643212 -0.83821156 0.16386328 0.50193274
1778656571.524158 -188786.71629985 -86236.92815683 -9307897.28487729 -0.13274960 -0.83734165 0.16842797 0.50286033
1778656571.590874 -188802.33121975 -86236.35223008 -9308978.80355598 0.13984517 0.84294610 -0.18898095 -0.48391260
1778656571.657590 -188815.86632963 -86228.11366706 -9310053.46996081 0.13595236 0.84024368 -0.16938651 -0.49680552
1778656571.724305 -188832.34146002 -86226.35938134 -9311131.86094081 0.13298570 0.84007912 -0.17299172 -0.49664449
1778656571.791021 -188848.00134670 -86223.17401909 -9312209.31161466 0.13103467 0.83962391 -0.17270931 -0.49802921
1778656571.857737 -188863.45301338 -86222.05336802 -9313290.02977857 0.13523698 0.84368440 -0.19061946 -0.48329267
1778656571.924453 -188879.06457310 -86215.96293872 -9314365.33487708 0.13060409 0.84055795 -0.17082288 -0.49721670
1778656571.991169 -188898.41074470 -86220.70196486 -9315447.89254700 0.13196623 0.84386266 -0.19572990 -0.48184078
1778656572.057885 -188907.84710620 -86206.89443709 -9316522.92901613 0.13372409 0.84457182 -0.17984148 -0.48628526
1778656572.124600 -188922.58637926 -86201.62254079 -9317600.62887129 0.13030267 0.84317186 -0.17775762 -0.49039235
1778656572.191316 -188941.48621884 -86203.08038110 -9318679.03873048 0.12549767 0.84141542 -0.17792307 -0.49458447
1778656572.258033 -188957.83289788 -86204.57807971 -9319761.49842483 0.13069635 0.84641468 -0.20451603 -0.47399773
1778656572.324749 -188970.38980370 -86193.21897184 -9320836.87235507 0.13026515 0.84586195 -0.18261648 -0.48394191
1778656572.391465 -188990.00662092 -86193.89579334 -9321914.25149411 0.12172945 0.84138860 -0.17498591 -0.49661564
1778656572.458181 -189006.02353043 -86191.31265241 -9322992.97773426 0.12028246 0.84201764 -0.18060646 -0.49388231
1778656572.524897 -189027.38410615 -86197.77559476 -9324076.04872641 0.12286759 0.84550574 -0.20292736 -0.47837651
1778656572.591613 -189036.21775267 -86182.97092900 -9325151.61829505 0.12547018 0.84671978 -0.18690181 -0.48206904
1778656572.658329 -189056.50472381 -86183.78222280 -9326229.60251228 0.11695328 0.84187157 -0.17509834 -0.49690518
1778656572.725045 -189071.10531439 -86180.29936512 -9327308.71405691 0.11674619 0.84361763 -0.18753763 -0.48939683
1778656572.791761 -189084.84803672 -86178.47679160 -9328391.32125805 0.12480342 0.84978845 -0.21723763 -0.46377959
1778656572.858477 -189100.82958932 -86175.54743781 -9329470.14551733 0.12400932 0.85016058 -0.21842032 -0.46275397
1778656572.925193 -189118.71350793 -86168.51161261 -9330546.23369063 0.11858254 0.84606550 -0.17971077 -0.48766319
1778656572.991909 -189136.13224503 -86168.42289737 -9331625.61944641 0.11294849 0.84468162 -0.18971567 -0.48761005
1778656573.058625 -189150.84018366 -86167.32841022 -9332708.11299359 0.11932166 0.85010902 -0.21749897 -0.46451178
1778656573.125341 -189166.56080078 -86159.82602403 -9333785.36967270 0.11822582 0.84942989 -0.19549166 -0.47568323
1778656573.192057 -189185.27518687 -86158.16625139 -9334863.61007657 0.11165066 0.84589604 -0.18529662 -0.48750301
1778656573.258774 -189201.39251212 -86156.02881007 -9335943.12970989 0.10934329 0.84609554 -0.19453410 -0.48406908
1778656573.325491 -189219.75463251 -86158.66532813 -9337026.33937989 0.11366356 0.85031801 -0.21778954 -0.46541122
1778656573.392207 -189231.98693795 -86146.82513806 -9338102.94730144 0.11396149 0.85042406 -0.19815649 -0.47384143
1778656573.458924 -189251.39764313 -86146.19539421 -9339181.93182949 0.10759349 0.84693511 -0.18878123 -0.48526922
1778656573.525641 -189267.03925959 -86143.20400879 -9340261.72386242 0.10644998 0.84784727 -0.19855714 -0.47999840
1778656573.592357 -189282.29647495 -86143.09843005 -9341345.17471892 0.11231983 0.85287843 -0.22828096 -0.45592811
1778656573.659074 -189298.25136964 -86134.25831709 -9342422.34912819 0.11106258 0.85204583 -0.19927995 -0.47113746
1778656573.725791 -189317.30465807 -86133.10227408 -9343501.42853161 0.10488010 0.84879559 -0.19196568 -0.48134747
1778656573.792507 -189333.57397447 -86131.04898840 -9344581.51959673 0.10251451 0.84895653 -0.20228823 -0.47732909
1778656573.859224 -189348.73934635 -86130.52371099 -9345665.03268381 0.10842201 0.85399613 -0.23134052 -0.45322935
1778656573.925941 -189365.35586552 -86122.99625058 -9346742.73203636 0.10691486 0.85304554 -0.20582201 -0.46746104
1778656573.992657 -189384.30235785 -86121.54842802 -9347821.92287011 0.10072197 0.84978638 -0.19783565 -0.47809963
1778656574.059374 -189400.54112406 -86118.86611775 -9348902.29240957 0.09921836 0.85028567 -0.20630026 -0.47393058
1778656574.126091 -189415.93369233 -86118.77913333 -9349985.91705723 0.10406095 0.85460174 -0.23620297 -0.45059442
1778656574.192807 -189432.09376968 -86110.32817249 -9351063.90310762 0.10314296 0.85424401 -0.21017263 -0.46417256
1778656574.259524 -189451.36316586 -86109.39036490 -9352143.52260932 0.09713379 0.85109311 -0.20324926 -0.47423126
1778656574.326241 -189467.92706605 -86106.94264723 -9353224.18384959 0.09545999 0.85141220 -0.21127450 -0.47047609
1778656574.392958 -189483.66749280 -86107.04585266 -9354308.02354776 0.10020002 0.85552578 -0.24035752 -0.44750851
1778656574.459675 -189500.33682760 -86098.69349220 -9355386.03070358 0.09864403 0.85476450 -0.21189255 -0.46340970
1778656574.526391 -189519.57424273 -86097.46263190 -9356466.19342796 0.09380672 0.85237248 -0.20565650 -0.47155790
1778656574.593108 -189535.88335888 -86095.10124373 -9357547.06983856 0.09147764 0.85238407 -0.21612603 -0.46729304
1778656574.659825 -189551.84059838 -86094.88621666 -9358630.84634818 0.09574305 0.85615560 -0.24240539 -0.44617316
1778656574.726542 -189568.05103011 -86086.93242365 -9359709.77319493 0.09542955 0.85633588 -0.22132966 -0.45672228
1778656574.793258 -189587.50331857 -86085.10059476 -9360789.87158124 0.09059673 0.85365048 -0.20986501 -0.46800616
1778656574.859975 -189604.30469449 -86083.20223507 -9361871.20973761 0.08840019 0.85379700 -0.22081573 -0.46309448
1778656574.926692 -189620.39998645 -86083.51833848 -9362955.25507513 0.09230457 0.85717833 -0.24893859 -0.44131026
1778656574.993409 -189639.02459090 -86076.39759631 -9364034.30934165 0.09138916 0.85677662 -0.21677131 -0.45890309
1778656575.060126 -189653.30253735 -86070.61797512 -9365114.12278484 0.08889293 0.85643177 -0.22357067 -0.45676999
1778656575.126843 -189673.69041324 -86071.61772973 -9366196.32256647 0.08551715 0.85517764 -0.22243274 -0.46030609
1778656575.193560 -189689.43296902 -86072.00574882 -9367280.55797864 0.08783809 0.85760696 -0.25405992 -0.43846133
1778656575.260277 -189711.84199479 -86068.67626519 -9368359.82433829 0.08690877 0.85712566 -0.21544701 -0.45974456
1778656575.326994 -189724.86969119 -86061.36343744 -9369440.52812186 0.08295412 0.85621616 -0.22521864 -0.45748123
1778656575.393711 -189743.71183564 -86060.88055677 -9370522.35457825 0.08016486 0.85521911 -0.22693240 -0.45899407
1778656575.460428 -189759.41699113 -86060.86741516 -9371607.08287355 0.08433792 0.85876579 -0.25828156 -0.43439506
1778656575.527146 -189776.34918286 -86053.04290813 -9372686.78708114 0.08368834 0.85916532 -0.23535752 -0.44658489
1778656575.593863 -189796.58416589 -86051.35877116 -9373767.45726506 0.07895687 0.85649651 -0.22090404 -0.45976184
1778656575.660580 -189810.24741838 -86044.72046176 -9374849.02992080 0.07675672 0.85671085 -0.23725592 -0.45151362
1778656575.727298 -189828.55633144 -86048.50714107 -9375934.58519353 0.08029800 0.85937704 -0.26419029 -0.43037986
1778656575.794015 -189845.94121784 -86041.39094672 -9377014.65122220 0.08023034 0.86022845 -0.24243729 -0.44135504
1778656575.860732 -189866.37328831 -86040.03730985 -9378095.38469389 0.07449579 0.85701983 -0.22767319 -0.45621520
1778656575.927449 -189884.07539320 -86037.00661788 -9379177.22049904 0.07252144 0.85676593 -0.22902518 -0.45633348
1778656575.994167 -189899.98031377 -86038.83844944 -9380263.05552323 0.07565118 0.85957651 -0.26945076 -0.42755281
1778656576.060884 -189916.74815873 -86029.30256181 -9381343.02145239 0.07625658 0.86106093 -0.24127386 -0.44107362
1778656576.127601 -189937.47667270 -86029.75639315 -9382424.51246976 0.06988912 0.85763028 -0.23446886 -0.45233856
1778656576.194319 -189954.96925512 -86026.24329608 -9383506.68878398 0.06893028 0.85797564 -0.23580296 -0.45113566
1778656576.261036 -189971.52952855 -86028.07758568 -9384592.46256639 0.07144055 0.86028777 -0.27129452 -0.42567651
1778656576.327753 -189988.35504240 -86019.21364022 -9385672.73902249 0.07151488 0.86145206 -0.24703389 -0.43790435
1778656576.394470 -190008.60240641 -86018.77700989 -9386754.77104337 0.06656656 0.85897461 -0.24048592 -0.44709957
1778656576.461187 -190027.09434734 -86016.38277545 -9387836.94289613 0.06432419 0.85836247 -0.23941594 -0.44917288
1778656576.527905 -190041.70496872 -86015.92448059 -9388922.50953139 0.06666249 0.86034067 -0.27931906 -0.42113051
1778656576.594622 -190060.33261970 -86009.47382598 -9390003.94244898 0.06765052 0.86219946 -0.25403391 -0.43301532
1778656576.661339 -190080.25657016 -86008.02209116 -9391086.06390800 0.06324338 0.86015242 -0.24560081 -0.44251365
1778656576.728056 -190098.50357691 -86005.43818527 -9392168.65966837 0.06109298 0.85966383 -0.24614272 -0.44346310
1778656576.794773 -190114.06567155 -86005.01371403 -9393253.95412820 0.06251085 0.86100989 -0.27897856 -0.42062492
1778656576.861491 -190129.11177736 -85994.73809636 -9394335.58281256 0.06190100 0.86194672 -0.26647902 -0.42685484
1778656576.928208 -190153.15171870 -85998.02756896 -9395418.61743293 0.05949386 0.86096478 -0.24693851 -0.44070569
1778656576.994925 -190171.09904711 -85995.25624575 -9396501.11283242 0.05683411 0.86019772 -0.24995645 -0.44085319
1778656577.061643 -190186.73399231 -85995.00407820 -9397586.75165536 0.05827488 0.86140564 -0.28344061 -0.41742758
1778656577.128360 -190201.36962058 -85982.98025275 -9398668.58319627 0.05901154 0.86343413 -0.26718040 -0.42380866
1778656577.195077 -190225.99712489 -85987.42093194 -9399751.93313463 0.05561903 0.86177223 -0.24928986 -0.43830323
1778656577.261794 -190243.08530522 -85984.61065188 -9400834.63789649 0.05207127 0.86048628 -0.25892269 -0.43567303
1778656577.328510 -190259.59876186 -85985.05289510 -9401920.25244571 0.05274260 0.86090447 -0.28881315 -0.41551014
1778656577.395227 -190277.84746896 -85982.89650139 -9403003.54828781 0.05187841 0.86108843 -0.28981728 -0.41453744
1778656577.461943 -190297.49084741 -85975.69920894 -9404085.62450534 0.05271639 0.86298692 -0.25609197 -0.43230946
1778656577.528660 -190317.11975404 -85976.04250361 -9405169.68008614 0.04855894 0.86120123 -0.26228084 -0.43264678
1778656577.595376 -190332.83463216 -85975.38600480 -9406255.16569137 0.04901452 0.86138935 -0.29356875 -0.41161068
1778656577.662093 -190351.37413872 -85968.21611159 -9407338.04974151 0.05138547 0.86462706 -0.26974955 -0.42073122
1778656577.728810 -190371.82630898 -85968.00099666 -9408421.55793712 0.04685351 0.86251039 -0.26555253 -0.42820839
1778656577.795526 -190390.40054046 -85965.59011092 -9409505.21695060 0.04478098 0.86196034 -0.26663983 -0.42886157
1778656577.862243 -190406.59817556 -85965.00391068 -9410591.27948542 0.04607380 0.86264236 -0.29543748 -0.40797311
1778656577.928959 -190422.56030172 -85955.01293107 -9411673.88210670 0.04499172 0.86365329 -0.28079878 -0.41621003
1778656577.995676 -190446.60658767 -85958.90274041 -9412758.25240760 0.04294257 0.86314883 -0.26631003 -0.42685947
1778656578.062392 -190464.20841758 -85955.98022907 -9413841.90472242 0.04010484 0.86220051 -0.27343574 -0.42454067
1778656578.129109 -190480.43133146 -85956.51630774 -9414928.37781094 0.04089738 0.86193929 -0.30664755 -0.40169060
1778656578.195826 -190500.47614931 -85950.20816843 -9416011.30401731 0.04198791 0.86495467 -0.27651191 -0.41669126
1778656578.262544 -190519.20028532 -85947.83057962 -9417096.09125021 0.04113345 0.86518689 -0.27758459 -0.41557969
1778656578.329262 -190535.56790431 -85942.97761332 -9418179.85049973 0.03597386 0.86250604 -0.28638704 -0.41565812
1778656578.395979 -190555.45011674 -85946.63310230 -9419266.99002589 0.03818057 0.86366802 -0.30447672 -0.39989214
1778656578.462697 -190574.29624909 -85941.09119270 -9420349.93582015 0.03684327 0.86456957 -0.28755168 -0.41045835
1778656578.529415 -190595.00172578 -85940.58481429 -9421434.17254008 0.03283657 0.86296851 -0.28088755 -0.41869952
1778656578.596133 -190613.70194662 -85937.78905294 -9422518.89214431 0.03187077 0.86321416 -0.28144007 -0.41789599
1778656578.662851 -190630.20342280 -85936.80210105 -9423605.78000292 0.03409916 0.86426996 -0.30741973 -0.39669611
1778656578.729568 -190650.56323785 -85932.16688433 -9424689.35906947 0.03326203 0.86575922 -0.28384618 -0.41083568
1778656578.796286 -190671.36454083 -85933.62002240 -9425774.16980069 0.02813453 0.86304503 -0.28667741 -0.41494311
1778656578.863004 -190689.38774693 -85930.72604653 -9426858.79843445 0.02583615 0.86224131 -0.29142907 -0.41345074
1778656578.929722 -190708.47915771 -85928.78960726 -9427943.94160378 0.02497628 0.86245336 -0.29248209 -0.41231616
1778656578.996440 -190726.80314966 -85924.26985569 -9429029.56337153 0.02735466 0.86506537 -0.28905503 -0.40909757
1778656579.063158 -190746.59639041 -85923.35676563 -9430114.74614170 0.02504565 0.86428932 -0.28933817 -0.41068249
1778656579.129876 -190762.74422500 -85918.70661233 -9431199.33073172 0.02016384 0.86138098 -0.30283496 -0.40731710
1778656579.196593 -190782.77171074 -85921.02682027 -9432287.27501829 0.02456025 0.86410988 -0.31454817 -0.39213563
1778656579.263310 -190802.32335891 -85915.65582709 -9433371.23175581 0.02418041 0.86591454 -0.29559085 -0.40278204
1778656579.330028 -190823.13467227 -85915.84961521 -9434456.58567202 0.02028692 0.86423333 -0.29335389 -0.40820667
1778656579.396745 -190842.68635114 -85915.20138539 -9435541.67236883 0.01666877 0.86243847 -0.29711485 -0.40944450
1778656579.463462 -190860.38583071 -85914.93573443 -9436629.52389701 0.02015210 0.86415744 -0.31837442 -0.38918318
1778656579.530180 -190879.17542970 -85907.91144005 -9437713.57087987 0.01920023 0.86577952 -0.29867498 -0.40106162
1778656579.596897 -190898.40972185 -85905.83308040 -9438799.78694746 0.01832568 0.86596612 -0.29972133 -0.39991745
1778656579.663614 -190919.81167587 -85908.03067289 -9439885.20667701 0.01321204 0.86314330 -0.30166811 -0.40472883
1778656579.730331 -190935.97429545 -85904.19054737 -9440972.53505041 0.01635593 0.86487956 -0.32019896 -0.38624922
1778656579.797049 -190953.67158660 -85897.26679445 -9442057.10168818 0.01236439 0.86387391 -0.31087155 -0.39614123
1778656579.863766 -190977.33719563 -85900.77165888 -9443143.92904007 0.01282359 0.86542705 -0.30063586 -0.40061161
1778656579.930483 -190996.33406705 -85899.18518353 -9444229.14183402 0.00872336 0.86328506 -0.30551362 -0.40165189
1778656579.997200 -191014.92203013 -85899.87279969 -9445317.54063934 0.01201869 0.86484614 -0.32474359 -0.38267259
1778656580.063918 -191034.28602609 -85893.80445080 -9446402.15754567 0.01052539 0.86614134 -0.30637971 -0.39474025
1778656580.130635 -191054.94250484 -85893.75900273 -9447488.69631943 0.00785674 0.86512792 -0.30620962 -0.39714936
1778656580.197352 -191071.07767914 -85888.52674174 -9448574.39501091 0.00371411 0.86244638 -0.31986782 -0.39224612
1778656580.264069 -191091.78654573 -85892.86804509 -9449663.34619233 0.00683343 0.86356079 -0.33536964 -0.37648806
1778656580.330786 -191111.33275078 -85886.10842493 -9450748.02974324 0.00638199 0.86620359 -0.31307073 -0.38940638
1778656580.397502 -191132.94680539 -85887.92054000 -9451834.46717616 0.00153277 0.86371258 -0.31263073 -0.39529769
1778656580.464219 -191152.10415861 -85885.52141266 -9452921.14139786 0.00115168 0.86415343 -0.31507392 -0.39238496
1778656580.530936 -191171.35456268 -85887.89957856 -9454009.63449539 0.00260205 0.86389247 -0.33579627 -0.37539831
1778656580.597653 -191190.66871857 -85880.86899219 -9455094.57105794 0.00082100 0.86551366 -0.31492569 -0.38949614
1778656580.664369 -191212.01294082 -85882.27194890 -9456181.64774702 -0.00249831 0.86394950 -0.31591033 -0.39215517
1778656580.731086 -191230.47092966 -85879.58653968 -9457268.48712574 -0.00372928 0.86351627 -0.32268252 -0.38755869
1778656580.797803 -191248.10288744 -85879.99820585 -9458356.97026535 -0.00271005 0.86228853 -0.34738823 -0.36847328
1778656580.864520 -191268.95316716 -85875.46947090 -9459442.85328875 -0.00360407 0.86501602 -0.32504726 -0.38220227
1778656580.931236 -191290.32844976 -85876.02686218 -9460529.73244298 -0.00709370 0.86361832 -0.32184824 -0.38797781
1778656580.997953 -191306.74902112 -85870.66266465 -9461616.42732802 -0.01066773 0.86110778 -0.33512038 -0.38219617
1778656581.064670 -191327.90832932 -85875.31071752 -9462705.91098014 -0.00754746 0.86213480 -0.34857994 -0.36763929
1778656581.131387 -191347.67207765 -85870.58976913 -9463791.56054948 -0.00969195 0.86322370 -0.33448940 -0.37797851
1778656581.198103 -191369.11629857 -85870.46585709 -9464878.81794343 -0.01192248 0.86315236 -0.32782289 -0.38387238
1778656581.264819 -191388.86138810 -85868.97844548 -9465966.22694134 -0.01344311 0.86276513 -0.33012923 -0.38271438
1778656581.331535 -191408.00273017 -85870.51771398 -9467055.71895681 -0.00990282 0.86362752 -0.34932052 -0.36335191
1778656581.398252 -191427.65403764 -85865.31642352 -9468141.46683011 -0.01407272 0.86344644 -0.33464821 -0.37719064
1778656581.464968 -191448.92995108 -85865.77003933 -9469229.10587457 -0.01659754 0.86273740 -0.33245017 -0.38063839
1778656581.531684 -191468.36632667 -85864.63194987 -9470316.83765255 -0.01825081 0.86181221 -0.33886232 -0.37698668
1778656581.598400 -191486.41372431 -85864.49429722 -9471405.86293489 -0.01648719 0.86115081 -0.35919330 -0.35934332
1778656581.665117 -191507.89011325 -85860.99916076 -9472492.52700740 -0.01836159 0.86350978 -0.33750580 -0.37430407
1778656581.731833 -191528.73846269 -85861.42912402 -9473580.64143587 -0.02046185 0.86264843 -0.33950545 -0.37437288
1778656581.798549 -191545.86169254 -85857.12403469 -9474667.72304897 -0.02590511 0.85855126 -0.35149744 -0.37238180
1778656581.865265 -191566.92762412 -85860.45928855 -9475757.94624387 -0.02096212 0.86105683 -0.36128559 -0.35723164
1778656581.931982 -191587.29305474 -85857.20049902 -9476844.68457374 -0.02344817 0.86179757 -0.34988691 -0.36651642
1778656581.998698 -191608.79963397 -85857.56091723 -9477932.71604345 -0.02606360 0.86136890 -0.34533802 -0.37162609
1778656582.065414 -191625.83810220 -85852.64040201 -9479020.28084546 -0.03016878 0.85813921 -0.35677129 -0.36796900
1778656582.132130 -191647.33446552 -85857.18331555 -9480110.65717926 -0.02613720 0.85972070 -0.36735949 -0.35389854
1778656582.198846 -191667.67279515 -85852.25048244 -9481197.89644364 -0.02647112 0.86275440 -0.35073066 -0.36323840
1778656582.265562 -191686.51597143 -85851.44157610 -9482285.54783813 -0.03449903 0.85670369 -0.36198131 -0.36583894
1778656582.332278 -191706.22681059 -85848.89868125 -9483374.11861347 -0.03486094 0.85741381 -0.36119371 -0.36491832
1778656582.398995 -191727.48771546 -85852.09862974 -9484464.44289836 -0.02940924 0.86041925 -0.36924450 -0.34996044
1778656582.465711 -191748.37529813 -85848.04448729 -9485551.94320120 -0.03105353 0.86274510 -0.35204878 -0.36161889
1778656582.532427 -191769.89418640 -85850.48823882 -9486640.49434615 -0.03581130 0.85968758 -0.35624309 -0.36434281
1778656582.599143 -191789.79445730 -85848.40072015 -9487729.03843093 -0.03639575 0.86010385 -0.35629498 -0.36325005
1778656582.665859 -191808.21911682 -85849.91586713 -9488818.96599522 -0.03632045 0.85715385 -0.37999096 -0.34579615
1778656582.732575 -191829.38101799 -85845.68231182 -9489907.09836171 -0.03682544 0.86084668 -0.36052856 -0.35721988
1778656582.799292 -191850.99220904 -85848.00285404 -9490995.88196820 -0.04098205 0.85835067 -0.36339420 -0.35986005
1778656582.866008 -191868.33625653 -85843.13357712 -9492084.08541983 -0.04505870 0.85504917 -0.37351182 -0.35686069
1778656582.932724 -191889.49057998 -85845.82643783 -9493175.61407211 -0.03757785 0.85944132 -0.38000896 -0.33991429
1778656582.999440 -191907.87412961 -85839.69468808 -9494262.85049363 -0.04470901 0.85641185 -0.37572730 -0.35126748
1778656583.066156 -191932.45937420 -85845.31145396 -9495352.76879297 -0.04443600 0.85864777 -0.36608147 -0.35599692
1778656583.132872 -191952.02494565 -85843.43764281 -9496441.45892342 -0.04691802 0.85716516 -0.37024292 -0.35494613
1778656583.199589 -191970.82850264 -85842.91866290 -9497531.99343533 -0.04343842 0.85777110 -0.38433696 -0.33856600
1778656583.266306 -191992.59557275 -85841.15716215 -9498620.71112861 -0.04609900 0.85933408 -0.36972639 -0.35031732
1778656583.333023 -192013.90139497 -85841.85425486 -9499710.02947524 -0.04896522 0.85822807 -0.36958380 -0.35278152
1778656583.399740 -192034.20838900 -85842.63388972 -9500799.35944944 -0.05248851 0.85533916 -0.37746085 -0.35094613
1778656583.466458 -192052.68814636 -85840.19704432 -9501890.20743969 -0.04719431 0.85789259 -0.38737892 -0.33426122
1778656583.533175 -192072.02805140 -85835.76357869 -9502978.60330531 -0.05426217 0.85510414 -0.38239007 -0.34587622
1778656583.599892 -192096.37751525 -85840.93788106 -9504069.08651455 -0.05340787 0.85773734 -0.37367157 -0.34900403
1778656583.666609 -192113.78592686 -85838.22587546 -9505157.42275072 -0.06175081 0.84989366 -0.39161509 -0.34713863
1778656583.733327 -192135.11329366 -85839.59747505 -9506249.48516851 -0.05292710 0.85617405 -0.39261708 -0.33168742
1778656583.800044 -192157.08698756 -85838.37189165 -9507338.15012375 -0.05724419 0.85668381 -0.37883127 -0.34540240
1778656583.866761 -192178.22827657 -85838.74708015 -9508428.21128125 -0.05919480 0.85607849 -0.37941391 -0.34593449
1778656583.933479 -192198.90688958 -85839.70922682 -9509518.19642615 -0.06191969 0.85395724 -0.38527737 -0.34421554
1778656584.000196 -192217.69775511 -85838.40121340 -9510609.12346858 -0.05875158 0.85444674 -0.39724799 -0.32964079
1778656584.066913 -192240.31347178 -85837.85035206 -9511698.77356962 -0.06134655 0.85648402 -0.38129578 -0.34246935
1778656584.133631 -192261.48360727 -85838.30909587 -9512788.89672040 -0.06389846 0.85532985 -0.38223926 -0.34383279
1778656584.200347 -192281.75381449 -85838.49570303 -9513879.27517548 -0.06545728 0.85375574 -0.38914171 -0.33968399
1778656584.267064 -192301.27162269 -85839.38223676 -9514970.23730661 -0.06481062 0.85210509 -0.40288267 -0.32772253
1778656584.333781 -192323.16052190 -85836.12470528 -9516060.23502343 -0.06467650 0.85676430 -0.38379676 -0.33833701
1778656584.400497 -192344.60301835 -85839.02810972 -9517150.87825469 -0.06824645 0.85363114 -0.39112204 -0.33716441
1778656584.467214 -192365.14850854 -85839.10068106 -9518241.04965560 -0.07116170 0.85159187 -0.39512726 -0.33704858
1778656584.533930 -192384.42908854 -85839.38932000 -9519332.53929645 -0.06866176 0.85111287 -0.40864357 -0.32233969
1778656584.600647 -192406.67320168 -85836.97432029 -9520422.60886498 -0.07024326 0.85469466 -0.38984708 -0.33553268
1778656584.667364 -192428.43544263 -85839.79587144 -9521513.41522710 -0.07374730 0.85208639 -0.39440567 -0.33608673
1778656584.734080 -192446.16389902 -85836.92396733 -9522603.15577921 -0.08022699 0.84524633 -0.41034282 -0.33277776
1778656584.800797 -192467.85187568 -85840.80349010 -9523696.03361959 -0.07328001 0.84899836 -0.41638007 -0.31695342
1778656584.867513 -192486.94837011 -85836.47012510 -9524785.71741751 -0.07788232 0.84741001 -0.41430203 -0.32277615
1778656584.934230 -192511.65154986 -85839.36708558 -9525877.20615693 -0.07738313 0.85239234 -0.39536908 -0.33335032
1778656585.000946 -192529.68177676 -85837.84833093 -9526967.20833798 -0.08416245 0.84474140 -0.41379280 -0.32879198
1778656585.067663 -192551.27163476 -85841.00834553 -9528060.27975034 -0.07739374 0.84861441 -0.41886388 -0.31371457
1778656585.134379 -192570.45296068 -85837.04697514 -9529150.16497040 -0.08226346 0.84660618 -0.41770703 -0.31939244
1778656585.201096 -192595.00596025 -85841.49695739 -9530241.79839651 -0.08396840 0.84882394 -0.40514480 -0.32909714
